start,end,duration_min,peak_time,peak_co2,start_co2,end_co2,rise_time_min,rise_rate_ppm_min,est_people_heuristic,est_people_mass,est_people_band,device_id
2025-07-17 23:35:47,2025-07-18 02:12:46,156.98333333333332,2025-07-17 23:58:17,485.0,456.0,485.0,22.5,1.288888888888889,1.8,0.0,10-30% cap,P2
2025-07-18 02:24:46,2025-07-18 05:56:16,211.5,2025-07-18 05:00:46,513.0,486.0,512.0,156.0,0.17307692307692307,0.2,0.0,~0-10% cap,P2
2025-07-18 06:06:46,2025-07-18 06:13:46,7.0,2025-07-18 06:13:16,510.0,509.0,510.0,6.5,0.15384615384615385,0.2,0.0,~0-10% cap,P2
2025-07-18 06:41:20,2025-07-18 07:48:51,67.51666666666667,2025-07-18 07:48:51,561.0,427.0,561.0,67.51666666666667,1.984695137003209,2.7,0.0,10-30% cap,P2
2025-07-18 09:55:44,2025-07-18 11:14:16,78.53333333333333,2025-07-18 11:11:16,840.0,564.0,764.0,75.53333333333333,3.654015887025596,5.0,0.1,30-60% cap,P2
2025-07-18 11:50:17,2025-07-18 11:59:47,9.5,2025-07-18 11:59:18,649.0,618.0,649.0,9.016666666666667,3.43807763401109,4.7,0.1,30-60% cap,P2
2025-07-18 12:21:18,2025-07-18 19:11:51,410.55,2025-07-18 18:21:52,808.0,622.0,749.0,360.56666666666666,0.5158546731995932,0.7,0.0,~0-10% cap,P2
2025-07-18 19:49:21,2025-07-18 19:54:51,5.5,2025-07-18 19:50:21,705.0,704.0,702.0,1.0,1.0,1.4,0.0,10-30% cap,P2
2025-07-18 23:00:20,2025-07-18 23:07:50,7.5,2025-07-18 23:01:51,510.0,509.0,508.0,1.5166666666666666,0.6593406593406593,0.9,0.0,~0-10% cap,P2
2025-07-19 00:41:50,2025-07-19 00:50:20,8.5,2025-07-19 00:41:50,470.0,470.0,467.0,0.0,0.0,0.0,0.0,~0-10% cap,P2
2025-07-19 01:06:20,2025-07-19 01:13:20,7.0,2025-07-19 01:06:20,463.0,463.0,462.0,0.0,0.0,0.0,0.0,~0-10% cap,P2
2025-07-19 01:27:20,2025-07-19 01:33:20,6.0,2025-07-19 01:27:20,458.0,458.0,457.0,0.0,0.0,0.0,0.0,~0-10% cap,P2
2025-07-19 01:50:20,2025-07-19 02:21:50,31.5,2025-07-19 01:50:20,452.0,452.0,449.0,0.0,0.0,0.0,0.0,~0-10% cap,P2
2025-07-19 02:39:50,2025-07-19 02:50:50,11.0,2025-07-19 02:39:50,445.0,445.0,444.0,0.0,0.0,0.0,0.0,~0-10% cap,P2
2025-07-19 03:12:50,2025-07-19 03:22:49,9.983333333333333,2025-07-19 03:12:50,440.0,440.0,437.0,0.0,0.0,0.0,0.0,~0-10% cap,P2
2025-07-19 03:40:19,2025-07-19 04:05:19,25.0,2025-07-19 03:45:20,436.0,435.0,434.0,5.016666666666667,0.19933554817275748,0.3,0.0,~0-10% cap,P2
2025-07-19 04:18:49,2025-07-19 04:33:49,15.0,2025-07-19 04:23:50,433.0,431.0,431.0,5.016666666666667,0.39867109634551495,0.5,0.0,~0-10% cap,P2
2025-07-19 04:44:19,2025-07-19 04:57:49,13.5,2025-07-19 04:57:19,432.0,430.0,432.0,13.0,0.15384615384615385,0.2,0.0,~0-10% cap,P2
2025-07-19 05:28:49,2025-07-19 05:38:49,10.0,2025-07-19 05:28:49,429.0,429.0,429.0,0.0,0.0,0.0,0.0,~0-10% cap,P2
2025-07-19 05:51:49,2025-07-19 06:01:49,10.0,2025-07-19 05:52:49,427.0,426.0,426.0,1.0,1.0,1.4,0.0,10-30% cap,P2
2025-07-19 06:28:49,2025-07-19 07:21:49,53.0,2025-07-19 06:35:19,423.0,422.0,416.0,6.5,0.15384615384615385,0.2,0.0,~0-10% cap,P2
2025-07-19 07:32:19,2025-07-19 07:39:49,7.5,2025-07-19 07:39:49,414.0,413.0,414.0,7.5,0.13333333333333333,0.2,0.0,~0-10% cap,P2
2025-07-19 16:38:47,2025-07-19 18:25:47,107.0,2025-07-19 18:08:17,417.0,413.0,417.0,89.5,0.0446927374301676,0.1,0.0,~0-10% cap,P2
2025-07-19 18:47:17,2025-07-19 19:14:17,27.0,2025-07-19 18:47:17,417.0,417.0,417.0,0.0,0.0,0.0,0.0,~0-10% cap,P2
2025-07-19 19:24:47,2025-07-19 19:49:47,25.0,2025-07-19 19:43:46,418.0,417.0,417.0,18.983333333333334,0.05267778753292361,0.1,0.0,~0-10% cap,P2
2025-07-19 20:03:46,2025-07-19 20:32:16,28.5,2025-07-19 20:12:16,418.0,416.0,418.0,8.5,0.23529411764705882,0.3,0.0,~0-10% cap,P2
2025-07-19 20:44:46,2025-07-19 21:00:47,16.016666666666666,2025-07-19 20:44:46,419.0,419.0,418.0,0.0,0.0,0.0,0.0,~0-10% cap,P2
2025-07-19 21:18:46,2025-07-19 21:38:16,19.5,2025-07-19 21:31:16,419.0,418.0,418.0,12.5,0.08,0.1,0.0,~0-10% cap,P2
2025-07-19 21:49:16,2025-07-19 22:01:46,12.5,2025-07-19 21:56:16,419.0,418.0,419.0,7.0,0.14285714285714285,0.2,0.0,~0-10% cap,P2
2025-07-19 22:24:16,2025-07-19 23:02:46,38.5,2025-07-19 23:02:16,420.0,418.0,420.0,38.0,0.05263157894736842,0.1,0.0,~0-10% cap,P2
2025-07-19 23:18:16,2025-07-19 23:48:16,30.0,2025-07-19 23:24:46,421.0,419.0,420.0,6.5,0.3076923076923077,0.4,0.0,~0-10% cap,P2
2025-07-20 00:16:46,2025-07-20 00:30:16,13.5,2025-07-20 00:20:16,419.0,418.0,419.0,3.5,0.2857142857142857,0.4,0.0,~0-10% cap,P2
2025-07-20 00:43:16,2025-07-20 01:08:16,25.0,2025-07-20 00:52:46,418.0,417.0,418.0,9.5,0.10526315789473684,0.1,0.0,~0-10% cap,P2
2025-07-20 02:02:15,2025-07-20 02:18:15,16.0,2025-07-20 02:09:15,417.0,415.0,416.0,7.0,0.2857142857142857,0.4,0.0,~0-10% cap,P2
2025-07-20 02:37:15,2025-07-20 03:02:46,25.516666666666666,2025-07-20 03:02:15,417.0,416.0,417.0,25.0,0.04,0.1,0.0,~0-10% cap,P2
2025-07-20 03:17:15,2025-07-20 03:25:45,8.5,2025-07-20 03:17:45,417.0,416.0,416.0,0.5,2.0,2.8,0.0,10-30% cap,P2
2025-07-20 03:43:45,2025-07-20 03:54:45,11.0,2025-07-20 03:54:15,417.0,416.0,417.0,10.5,0.09523809523809523,0.1,0.0,~0-10% cap,P2
2025-07-20 04:07:15,2025-07-20 04:24:45,17.5,2025-07-20 04:08:15,417.0,416.0,416.0,1.0,1.0,1.4,0.0,10-30% cap,P2
2025-07-20 04:35:15,2025-07-20 04:44:15,9.0,2025-07-20 04:35:15,416.0,416.0,416.0,0.0,0.0,0.0,0.0,~0-10% cap,P2
2025-07-20 04:59:15,2025-07-20 05:55:15,56.0,2025-07-20 05:54:45,417.0,415.0,417.0,55.5,0.036036036036036036,0.0,0.0,~0-10% cap,P2
2025-07-20 06:11:15,2025-07-20 06:32:45,21.5,2025-07-20 06:11:45,417.0,416.0,416.0,0.5,2.0,2.8,0.0,10-30% cap,P2
2025-07-20 06:46:45,2025-07-20 06:56:14,9.483333333333333,2025-07-20 06:46:45,415.0,415.0,415.0,0.0,0.0,0.0,0.0,~0-10% cap,P2
2025-07-20 07:10:14,2025-07-20 07:31:44,21.5,2025-07-20 07:16:44,414.0,413.0,413.0,6.5,0.15384615384615385,0.2,0.0,~0-10% cap,P2
2025-07-20 07:44:44,2025-07-20 07:49:45,5.016666666666667,2025-07-20 07:44:44,412.0,412.0,411.0,0.0,0.0,0.0,0.0,~0-10% cap,P2
2025-07-20 16:44:13,2025-07-20 18:16:12,91.98333333333333,2025-07-20 18:10:12,418.0,411.0,418.0,85.98333333333333,0.0814111261872456,0.1,0.0,~0-10% cap,P2
2025-07-20 18:28:14,2025-07-20 19:07:44,39.5,2025-07-20 18:47:44,420.0,418.0,420.0,19.5,0.10256410256410256,0.1,0.0,~0-10% cap,P2
2025-07-20 19:57:56,2025-07-20 20:25:06,27.166666666666668,2025-07-20 20:12:09,422.0,419.0,421.0,14.216666666666667,0.21101992966002345,0.3,0.0,~0-10% cap,P2
2025-07-21 08:32:28,2025-07-21 09:14:53,42.416666666666664,2025-07-21 09:14:22,498.0,469.0,498.0,41.9,0.6921241050119332,1.0,0.0,~0-10% cap,P2
2025-07-21 09:26:22,2025-07-21 10:33:52,67.5,2025-07-21 10:33:21,617.0,495.0,617.0,66.98333333333333,1.8213485941776562,2.5,0.0,10-30% cap,P2
2025-07-21 10:47:21,2025-07-21 11:10:22,23.016666666666666,2025-07-21 11:09:51,590.0,569.0,590.0,22.5,0.9333333333333333,1.3,0.0,~0-10% cap,P2
2025-07-21 11:36:21,2025-07-21 11:48:21,12.0,2025-07-21 11:48:21,552.0,511.0,552.0,12.0,3.4166666666666665,4.7,0.1,30-60% cap,P2
2025-07-21 12:07:21,2025-07-21 16:29:20,261.98333333333335,2025-07-21 15:54:50,1360.0,507.0,747.0,227.48333333333332,3.7497252545974065,5.2,0.1,30-60% cap,P2
2025-07-21 16:51:20,2025-07-21 17:01:52,10.533333333333333,2025-07-21 16:59:50,735.0,693.0,730.0,8.5,4.9411764705882355,6.8,0.1,30-60% cap,P2
2025-07-21 17:19:20,2025-07-21 18:46:20,87.0,2025-07-21 17:19:20,715.0,715.0,681.0,0.0,0.0,0.0,0.0,~0-10% cap,P2
2025-07-22 00:01:49,2025-07-22 00:26:19,24.5,2025-07-22 00:01:49,426.0,426.0,421.0,0.0,0.0,0.0,0.0,~0-10% cap,P2
2025-07-22 07:31:18,2025-07-22 07:41:48,10.5,2025-07-22 07:31:18,410.0,410.0,410.0,0.0,0.0,0.0,0.0,~0-10% cap,P2
2025-07-22 08:13:48,2025-07-22 08:26:47,12.983333333333333,2025-07-22 08:26:47,418.0,409.0,418.0,12.983333333333333,0.693196405648267,1.0,0.0,~0-10% cap,P2
2025-07-22 08:54:17,2025-07-22 09:11:47,17.5,2025-07-22 09:11:47,453.0,411.0,453.0,17.5,2.4,3.3,0.0,10-30% cap,P2
2025-07-22 09:25:17,2025-07-22 10:55:17,90.0,2025-07-22 10:45:47,1001.0,424.0,754.0,80.5,7.167701863354037,8.0,0.1,60-90% cap,P2
2025-07-22 11:11:47,2025-07-22 11:53:17,41.5,2025-07-22 11:36:47,688.0,668.0,684.0,25.0,0.8,1.1,0.0,~0-10% cap,P2
2025-07-22 12:25:17,2025-07-22 18:10:46,345.48333333333335,2025-07-22 14:42:17,1356.0,599.0,748.0,137.0,5.525547445255475,7.6,0.1,60-90% cap,P2
2025-07-22 19:30:45,2025-07-22 19:41:15,10.5,2025-07-22 19:35:15,599.0,591.0,599.0,4.5,1.7777777777777777,2.4,0.0,10-30% cap,P2
2025-07-22 20:01:15,2025-07-22 20:22:15,21.0,2025-07-22 20:02:45,585.0,584.0,577.0,1.5,0.6666666666666666,0.9,0.0,~0-10% cap,P2
2025-07-22 20:54:15,2025-07-22 21:00:45,6.5,2025-07-22 21:00:15,537.0,526.0,537.0,6.0,1.8333333333333333,2.5,0.0,10-30% cap,P2
2025-07-22 23:42:45,2025-07-22 23:58:45,16.0,2025-07-22 23:42:45,442.0,442.0,437.0,0.0,0.0,0.0,0.0,~0-10% cap,P2
2025-07-23 00:39:15,2025-07-23 01:13:14,33.983333333333334,2025-07-23 00:39:15,426.0,426.0,419.0,0.0,0.0,0.0,0.0,~0-10% cap,P2
2025-07-23 01:31:44,2025-07-23 02:10:44,39.0,2025-07-23 01:31:44,416.0,416.0,411.0,0.0,0.0,0.0,0.0,~0-10% cap,P2
2025-07-23 08:41:13,2025-07-23 10:04:43,83.5,2025-07-23 09:54:13,644.0,412.0,638.0,73.0,3.1780821917808217,4.4,0.1,30-60% cap,P2
2025-07-23 10:54:13,2025-07-23 11:02:13,8.0,2025-07-23 10:56:13,538.0,531.0,538.0,2.0,3.5,4.8,0.1,30-60% cap,P2
2025-07-23 11:42:13,2025-07-23 13:03:53,81.66666666666667,2025-07-23 13:03:23,674.0,515.0,674.0,81.16666666666667,1.9589322381930183,2.7,0.0,10-30% cap,P2
2025-07-23 13:20:25,2025-07-23 13:42:24,21.983333333333334,2025-07-23 13:40:54,720.0,660.0,706.0,20.483333333333334,2.9292107404393817,4.0,0.1,30-60% cap,P2
2025-07-23 14:18:24,2025-07-23 14:24:24,6.0,2025-07-23 14:23:54,647.0,622.0,647.0,5.5,4.545454545454546,6.3,0.1,30-60% cap,P2
2025-07-23 14:37:24,2025-07-23 14:59:24,22.0,2025-07-23 14:43:54,647.0,644.0,633.0,6.5,0.46153846153846156,0.6,0.0,~0-10% cap,P2
2025-07-23 15:20:55,2025-07-23 16:52:24,91.48333333333333,2025-07-23 16:49:24,731.0,622.0,730.0,88.48333333333333,1.2318704087398757,1.7,0.0,10-30% cap,P2
2025-07-23 17:03:54,2025-07-23 17:48:24,44.5,2025-07-23 17:46:24,749.0,724.0,746.0,42.5,0.5882352941176471,0.8,0.0,~0-10% cap,P2
2025-07-23 18:03:24,2025-07-23 18:14:54,11.5,2025-07-23 18:13:24,732.0,725.0,731.0,10.0,0.7,1.0,0.0,~0-10% cap,P2
2025-07-23 18:44:54,2025-07-23 18:55:53,10.983333333333333,2025-07-23 18:45:53,676.0,674.0,674.0,0.9833333333333333,2.0338983050847457,2.8,0.0,10-30% cap,P2
2025-07-23 20:07:54,2025-07-23 20:17:23,9.483333333333333,2025-07-23 20:13:53,597.0,593.0,597.0,5.983333333333333,0.6685236768802229,0.9,0.0,~0-10% cap,P2
2025-07-23 20:52:53,2025-07-23 21:11:23,18.5,2025-07-23 21:11:23,573.0,562.0,573.0,18.5,0.5945945945945946,0.8,0.0,~0-10% cap,P2
2025-07-23 22:58:53,2025-07-23 23:06:53,8.0,2025-07-23 22:58:53,501.0,501.0,497.0,0.0,0.0,0.0,0.0,~0-10% cap,P2
2025-07-23 23:35:53,2025-07-23 23:49:23,13.5,2025-07-23 23:35:53,487.0,487.0,483.0,0.0,0.0,0.0,0.0,~0-10% cap,P2
2025-07-24 00:17:23,2025-07-24 00:31:52,14.483333333333333,2025-07-24 00:17:23,474.0,474.0,471.0,0.0,0.0,0.0,0.0,~0-10% cap,P2
2025-07-24 01:40:23,2025-07-24 02:06:52,26.483333333333334,2025-07-24 01:40:23,457.0,457.0,455.0,0.0,0.0,0.0,0.0,~0-10% cap,P2
2025-07-24 02:30:22,2025-07-24 04:37:22,127.0,2025-07-24 02:30:22,452.0,452.0,441.0,0.0,0.0,0.0,0.0,~0-10% cap,P2
2025-07-24 04:52:22,2025-07-24 05:34:21,41.983333333333334,2025-07-24 04:53:22,441.0,439.0,439.0,1.0,2.0,2.8,0.0,10-30% cap,P2
2025-07-24 05:45:51,2025-07-24 06:19:21,33.5,2025-07-24 05:45:51,439.0,439.0,438.0,0.0,0.0,0.0,0.0,~0-10% cap,P2
2025-07-24 06:47:51,2025-07-24 07:26:21,38.5,2025-07-24 06:47:51,434.0,434.0,432.0,0.0,0.0,0.0,0.0,~0-10% cap,P2
2025-07-24 07:42:21,2025-07-24 08:07:21,25.0,2025-07-24 08:06:51,450.0,428.0,450.0,24.5,0.8979591836734694,1.2,0.0,~0-10% cap,P2
2025-07-24 08:19:21,2025-07-24 10:49:28,150.11666666666667,2025-07-24 10:42:58,1006.0,418.0,751.0,143.61666666666667,4.094232331437855,5.6,0.1,30-60% cap,P2
2025-07-24 11:00:58,2025-07-24 11:58:28,57.5,2025-07-24 11:24:58,692.0,644.0,685.0,24.0,2.0,2.8,0.0,10-30% cap,P2
2025-07-24 12:21:28,2025-07-24 18:29:57,368.48333333333335,2025-07-24 14:04:28,1151.0,602.0,700.0,103.0,5.330097087378641,7.3,0.1,60-90% cap,P2
2025-07-24 18:51:27,2025-07-24 19:13:57,22.5,2025-07-24 19:11:57,689.0,666.0,687.0,20.5,1.1219512195121952,1.5,0.0,10-30% cap,P2
2025-07-24 19:40:57,2025-07-24 19:52:27,11.5,2025-07-24 19:43:27,647.0,643.0,642.0,2.5,1.6,2.2,0.0,10-30% cap,P2
2025-07-24 20:19:56,2025-07-24 20:25:26,5.5,2025-07-24 20:25:26,613.0,609.0,613.0,5.5,0.7272727272727273,1.0,0.0,~0-10% cap,P2
2025-07-25 00:25:26,2025-07-25 00:33:56,8.5,2025-07-25 00:25:26,445.0,445.0,443.0,0.0,0.0,0.0,0.0,~0-10% cap,P2
2025-07-25 01:21:56,2025-07-25 01:28:26,6.5,2025-07-25 01:21:56,430.0,430.0,429.0,0.0,0.0,0.0,0.0,~0-10% cap,P2
2025-07-25 02:33:55,2025-07-25 02:44:55,11.0,2025-07-25 02:33:55,417.0,417.0,416.0,0.0,0.0,0.0,0.0,~0-10% cap,P2
2025-07-25 02:58:25,2025-07-25 03:05:25,7.0,2025-07-25 03:05:25,414.0,413.0,414.0,7.0,0.14285714285714285,0.2,0.0,~0-10% cap,P2
2025-07-25 08:43:54,2025-07-25 10:16:54,93.0,2025-07-25 10:16:24,672.0,411.0,672.0,92.5,2.8216216216216217,3.9,0.0,30-60% cap,P2
2025-07-25 10:29:24,2025-07-25 11:54:54,85.5,2025-07-25 11:37:24,627.0,594.0,622.0,68.0,0.4852941176470588,0.7,0.0,~0-10% cap,P2
2025-07-25 12:20:24,2025-07-25 13:22:23,61.983333333333334,2025-07-25 13:21:53,665.0,523.0,665.0,61.483333333333334,2.309568988885877,3.2,0.0,10-30% cap,P2
2025-07-25 13:34:53,2025-07-25 14:38:23,63.5,2025-07-25 14:36:53,747.0,650.0,745.0,62.0,1.564516129032258,2.2,0.0,10-30% cap,P2
2025-07-25 14:49:53,2025-07-25 15:14:53,25.0,2025-07-25 15:06:54,668.0,643.0,668.0,17.016666666666666,1.4691478942213516,2.0,0.0,10-30% cap,P2
2025-07-25 15:31:23,2025-07-25 16:03:23,32.0,2025-07-25 16:00:23,693.0,617.0,692.0,29.0,2.6206896551724137,3.6,0.0,30-60% cap,P2
2025-07-25 16:15:23,2025-07-25 17:53:53,98.5,2025-07-25 16:15:23,690.0,690.0,684.0,0.0,0.0,0.0,0.0,~0-10% cap,P2
2025-07-25 18:13:22,2025-07-25 18:18:52,5.5,2025-07-25 18:18:23,657.0,650.0,657.0,5.016666666666667,1.3953488372093024,1.9,0.0,10-30% cap,P2
2025-07-25 18:33:22,2025-07-25 19:01:53,28.516666666666666,2025-07-25 18:33:22,644.0,644.0,620.0,0.0,0.0,0.0,0.0,~0-10% cap,P2
2025-07-25 19:26:22,2025-07-25 19:33:52,7.5,2025-07-25 19:26:22,606.0,606.0,600.0,0.0,0.0,0.0,0.0,~0-10% cap,P2
2025-07-25 19:52:52,2025-07-25 19:58:22,5.5,2025-07-25 19:52:52,575.0,575.0,573.0,0.0,0.0,0.0,0.0,~0-10% cap,P2
2025-07-25 20:30:52,2025-07-25 20:46:52,16.0,2025-07-25 20:40:22,532.0,527.0,529.0,9.5,0.5263157894736842,0.7,0.0,~0-10% cap,P2
2025-07-25 22:59:22,2025-07-25 23:08:22,9.0,2025-07-25 22:59:22,454.0,454.0,451.0,0.0,0.0,0.0,0.0,~0-10% cap,P2
2025-07-26 00:59:51,2025-07-26 01:12:21,12.5,2025-07-26 00:59:51,423.0,423.0,421.0,0.0,0.0,0.0,0.0,~0-10% cap,P2
2025-07-26 01:23:21,2025-07-26 01:28:51,5.5,2025-07-26 01:28:21,420.0,418.0,420.0,5.0,0.4,0.6,0.0,~0-10% cap,P2
2025-07-26 01:56:51,2025-07-26 02:07:51,11.0,2025-07-26 01:57:21,415.0,414.0,413.0,0.5,2.0,2.8,0.0,10-30% cap,P2
2025-07-26 02:29:21,2025-07-26 02:39:51,10.5,2025-07-26 02:29:21,412.0,412.0,411.0,0.0,0.0,0.0,0.0,~0-10% cap,P2
2025-07-26 18:35:48,2025-07-26 18:42:18,6.5,2025-07-26 18:35:48,413.0,413.0,412.0,0.0,0.0,0.0,0.0,~0-10% cap,P2
2025-07-26 18:58:18,2025-07-26 19:06:48,8.5,2025-07-26 19:06:48,413.0,412.0,413.0,8.5,0.11764705882352941,0.2,0.0,~0-10% cap,P2
2025-07-26 19:18:48,2025-07-26 19:44:48,26.0,2025-07-26 19:19:18,413.0,412.0,412.0,0.5,2.0,2.8,0.0,10-30% cap,P2
2025-07-26 19:59:48,2025-07-26 20:09:48,10.0,2025-07-26 20:00:18,414.0,413.0,414.0,0.5,2.0,2.8,0.0,10-30% cap,P2
2025-07-26 20:21:18,2025-07-26 20:52:48,31.5,2025-07-26 20:23:48,414.0,413.0,414.0,2.5,0.4,0.6,0.0,~0-10% cap,P2
2025-07-26 21:09:18,2025-07-26 21:19:48,10.5,2025-07-26 21:09:18,414.0,414.0,414.0,0.0,0.0,0.0,0.0,~0-10% cap,P2
2025-07-26 21:36:48,2025-07-26 21:56:18,19.5,2025-07-26 21:41:48,415.0,414.0,415.0,5.0,0.2,0.3,0.0,~0-10% cap,P2
2025-07-26 22:24:17,2025-07-26 23:50:47,86.5,2025-07-26 22:24:17,415.0,415.0,414.0,0.0,0.0,0.0,0.0,~0-10% cap,P2
2025-07-27 00:25:25,2025-07-27 00:35:32,10.116666666666667,2025-07-27 00:25:25,414.0,414.0,414.0,0.0,0.0,0.0,0.0,~0-10% cap,P2
2025-07-27 00:52:02,2025-07-27 01:40:32,48.5,2025-07-27 00:52:02,414.0,414.0,413.0,0.0,0.0,0.0,0.0,~0-10% cap,P2
2025-07-27 01:52:32,2025-07-27 02:24:32,32.0,2025-07-27 01:52:32,413.0,413.0,413.0,0.0,0.0,0.0,0.0,~0-10% cap,P2
2025-07-27 02:36:32,2025-07-27 03:45:02,68.5,2025-07-27 02:38:32,413.0,412.0,413.0,2.0,0.5,0.7,0.0,~0-10% cap,P2
2025-07-27 03:56:01,2025-07-27 04:36:31,40.5,2025-07-27 03:59:02,412.0,411.0,412.0,3.0166666666666666,0.3314917127071823,0.5,0.0,~0-10% cap,P2
2025-07-27 16:28:29,2025-07-27 18:24:59,116.5,2025-07-27 18:24:29,416.0,411.0,416.0,116.0,0.04310344827586207,0.1,0.0,~0-10% cap,P2
2025-07-27 18:47:29,2025-07-27 18:59:29,12.0,2025-07-27 18:58:59,416.0,415.0,416.0,11.5,0.08695652173913043,0.1,0.0,~0-10% cap,P2
2025-07-27 19:15:59,2025-07-27 19:38:59,23.0,2025-07-27 19:27:29,417.0,416.0,417.0,11.5,0.08695652173913043,0.1,0.0,~0-10% cap,P2
2025-07-27 19:52:29,2025-07-27 20:18:58,26.483333333333334,2025-07-27 20:18:28,418.0,416.0,418.0,25.983333333333334,0.07697241821680564,0.1,0.0,~0-10% cap,P2
2025-07-27 20:41:58,2025-07-27 21:00:28,18.5,2025-07-27 20:50:28,420.0,418.0,419.0,8.5,0.23529411764705882,0.3,0.0,~0-10% cap,P2
2025-07-27 21:11:28,2025-07-27 21:23:29,12.016666666666667,2025-07-27 21:22:58,420.0,419.0,420.0,11.5,0.08695652173913043,0.1,0.0,~0-10% cap,P2
2025-07-27 21:37:58,2025-07-27 21:52:28,14.5,2025-07-27 21:42:28,419.0,418.0,419.0,4.5,0.2222222222222222,0.3,0.0,~0-10% cap,P2
2025-07-27 22:09:58,2025-07-27 22:55:58,46.0,2025-07-27 22:13:58,419.0,417.0,418.0,4.0,0.5,0.7,0.0,~0-10% cap,P2
2025-07-27 23:07:28,2025-07-27 23:47:58,40.5,2025-07-27 23:47:28,419.0,417.0,419.0,40.0,0.05,0.1,0.0,~0-10% cap,P2
2025-07-28 00:00:58,2025-07-28 00:26:28,25.5,2025-07-28 00:03:28,419.0,418.0,419.0,2.5,0.4,0.6,0.0,~0-10% cap,P2
2025-07-28 00:39:28,2025-07-28 03:15:27,155.98333333333332,2025-07-28 00:53:28,418.0,417.0,414.0,14.0,0.07142857142857142,0.1,0.0,~0-10% cap,P2
2025-07-28 03:31:57,2025-07-28 04:50:27,78.5,2025-07-28 03:38:27,414.0,413.0,412.0,6.5,0.15384615384615385,0.2,0.0,~0-10% cap,P2
2025-07-28 05:03:57,2025-07-28 05:41:27,37.5,2025-07-28 05:08:57,412.0,411.0,412.0,5.0,0.2,0.3,0.0,~0-10% cap,P2
2025-07-28 06:07:57,2025-07-28 06:46:57,39.0,2025-07-28 06:46:27,435.0,412.0,435.0,38.5,0.5974025974025974,0.8,0.0,~0-10% cap,P2
2025-07-28 07:05:26,2025-07-28 07:13:27,8.016666666666667,2025-07-28 07:13:27,462.0,427.0,462.0,8.016666666666667,4.365904365904365,6.0,0.1,30-60% cap,P2
2025-07-28 07:30:27,2025-07-28 07:36:26,5.983333333333333,2025-07-28 07:35:57,475.0,448.0,475.0,5.5,4.909090909090909,6.8,0.1,30-60% cap,P2
2025-07-28 07:52:56,2025-07-28 08:01:56,9.0,2025-07-28 08:01:26,466.0,445.0,466.0,8.5,2.4705882352941178,3.4,0.0,10-30% cap,P2
2025-07-28 08:15:26,2025-07-28 09:46:56,91.5,2025-07-28 09:36:56,564.0,411.0,558.0,81.5,1.8773006134969326,2.6,0.0,10-30% cap,P2
2025-07-28 10:16:26,2025-07-28 11:24:26,68.0,2025-07-28 11:24:26,648.0,522.0,648.0,68.0,1.8529411764705883,2.6,0.0,10-30% cap,P2
2025-07-28 11:35:26,2025-07-28 11:55:56,20.5,2025-07-28 11:55:26,660.0,612.0,660.0,20.0,2.4,3.3,0.0,10-30% cap,P2
2025-07-28 12:19:26,2025-07-28 12:45:25,25.983333333333334,2025-07-28 12:44:56,643.0,568.0,643.0,25.5,2.9411764705882355,4.1,0.1,30-60% cap,P2
2025-07-28 13:03:25,2025-07-28 18:53:25,350.0,2025-07-28 15:28:55,1295.0,586.0,680.0,145.5,4.8728522336769755,6.7,0.1,30-60% cap,P2
2025-07-28 19:11:54,2025-07-28 19:27:24,15.5,2025-07-28 19:26:54,629.0,548.0,629.0,15.0,5.4,7.4,0.1,60-90% cap,P2
2025-07-28 19:59:54,2025-07-28 20:13:24,13.5,2025-07-28 20:12:54,575.0,501.0,575.0,13.0,5.6923076923076925,7.8,0.1,60-90% cap,P2
2025-07-28 20:33:24,2025-07-28 20:49:54,16.5,2025-07-28 20:42:54,528.0,489.0,528.0,9.5,4.105263157894737,5.7,0.1,30-60% cap,P2
2025-07-28 21:06:54,2025-07-28 21:33:24,26.5,2025-07-28 21:24:54,494.0,462.0,492.0,18.0,1.7777777777777777,2.4,0.0,10-30% cap,P2
2025-07-29 08:42:52,2025-07-29 09:46:22,63.5,2025-07-29 09:46:22,574.0,412.0,574.0,63.5,2.5511811023622046,3.5,0.0,30-60% cap,P2
2025-07-29 09:59:52,2025-07-29 10:21:51,21.983333333333334,2025-07-29 10:21:21,601.0,512.0,601.0,21.483333333333334,4.142746314972847,5.7,0.1,30-60% cap,P2
2025-07-29 10:41:21,2025-07-29 11:08:21,27.0,2025-07-29 11:07:51,645.0,511.0,645.0,26.5,5.056603773584905,7.0,0.1,60-90% cap,P2
2025-07-29 11:22:51,2025-07-29 11:38:51,16.0,2025-07-29 11:38:21,673.0,526.0,673.0,15.5,9.483870967741936,8.0,0.2,>=90% cap,P2
2025-07-29 11:50:51,2025-07-29 11:59:51,9.0,2025-07-29 11:59:21,619.0,544.0,619.0,8.5,8.823529411764707,8.0,0.2,>=90% cap,P2
2025-07-29 12:32:21,2025-07-29 14:46:21,134.0,2025-07-29 14:38:51,1034.0,520.0,754.0,126.5,4.063241106719367,5.6,0.1,30-60% cap,P2
2025-07-29 15:01:51,2025-07-29 15:30:21,28.5,2025-07-29 15:27:51,725.0,626.0,721.0,26.0,3.8076923076923075,5.2,0.1,30-60% cap,P2
2025-07-29 15:46:51,2025-07-29 16:53:20,66.48333333333333,2025-07-29 16:26:50,765.0,578.0,658.0,39.983333333333334,4.676948728636932,6.4,0.1,30-60% cap,P2
2025-07-29 17:04:50,2025-07-29 17:26:50,22.0,2025-07-29 17:24:50,688.0,635.0,684.0,20.0,2.65,3.7,0.0,30-60% cap,P2
2025-07-29 17:55:20,2025-07-29 18:18:50,23.5,2025-07-29 18:18:50,643.0,528.0,643.0,23.5,4.8936170212765955,6.7,0.1,30-60% cap,P2
2025-07-29 18:34:50,2025-07-29 18:48:50,14.0,2025-07-29 18:48:20,607.0,544.0,607.0,13.5,4.666666666666667,6.4,0.1,30-60% cap,P2
2025-07-29 19:11:50,2025-07-29 19:32:50,21.0,2025-07-29 19:32:20,579.0,506.0,579.0,20.5,3.5609756097560976,4.9,0.1,30-60% cap,P2
2025-07-29 19:48:50,2025-07-29 20:14:50,26.0,2025-07-29 20:14:20,566.0,535.0,566.0,25.5,1.2156862745098038,1.7,0.0,10-30% cap,P2
2025-07-29 20:36:20,2025-07-29 20:59:20,23.0,2025-07-29 20:54:50,542.0,496.0,541.0,18.5,2.4864864864864864,3.4,0.0,10-30% cap,P2
2025-07-30 00:29:49,2025-07-30 00:39:49,10.0,2025-07-30 00:29:49,426.0,426.0,425.0,0.0,0.0,0.0,0.0,~0-10% cap,P2
2025-07-30 00:50:49,2025-07-30 01:03:49,13.0,2025-07-30 00:50:49,422.0,422.0,421.0,0.0,0.0,0.0,0.0,~0-10% cap,P2
2025-07-30 01:26:19,2025-07-30 01:38:49,12.5,2025-07-30 01:26:19,418.0,418.0,417.0,0.0,0.0,0.0,0.0,~0-10% cap,P2
2025-07-30 02:11:19,2025-07-30 02:16:19,5.0,2025-07-30 02:11:19,413.0,413.0,413.0,0.0,0.0,0.0,0.0,~0-10% cap,P2
2025-07-30 02:33:19,2025-07-30 02:40:19,7.0,2025-07-30 02:33:19,412.0,412.0,411.0,0.0,0.0,0.0,0.0,~0-10% cap,P2
2025-07-30 08:12:48,2025-07-30 08:32:17,19.483333333333334,2025-07-30 08:32:17,425.0,409.0,425.0,19.483333333333334,0.8212147134302823,1.1,0.0,~0-10% cap,P2
2025-07-30 08:46:47,2025-07-30 09:07:47,21.0,2025-07-30 09:07:17,458.0,411.0,458.0,20.5,2.292682926829268,3.2,0.0,10-30% cap,P2
2025-07-30 09:18:17,2025-07-30 09:30:18,12.016666666666667,2025-07-30 09:30:18,456.0,442.0,456.0,12.016666666666667,1.1650485436893203,1.6,0.0,10-30% cap,P2
2025-07-30 09:41:47,2025-07-30 10:06:47,25.0,2025-07-30 10:06:17,524.0,443.0,523.0,24.5,3.306122448979592,4.6,0.1,30-60% cap,P2
2025-07-30 10:30:47,2025-07-30 12:21:17,110.5,2025-07-30 12:02:17,524.0,450.0,493.0,91.5,0.8087431693989071,1.1,0.0,~0-10% cap,P2
2025-07-30 12:39:20,2025-07-30 13:13:20,34.0,2025-07-30 13:13:20,670.0,472.0,670.0,34.0,5.823529411764706,8.0,0.1,60-90% cap,P2
2025-07-30 13:32:50,2025-07-30 16:07:49,154.98333333333332,2025-07-30 15:01:19,841.0,577.0,658.0,88.48333333333333,2.983612733094745,4.1,0.1,30-60% cap,P2
2025-07-30 16:34:49,2025-07-30 16:58:49,24.0,2025-07-30 16:51:19,613.0,558.0,612.0,16.5,3.3333333333333335,4.6,0.1,30-60% cap,P2
2025-07-30 17:27:49,2025-07-30 19:00:19,92.5,2025-07-30 18:43:49,737.0,562.0,670.0,76.0,2.3026315789473686,3.2,0.0,10-30% cap,P2
2025-07-30 19:27:49,2025-07-30 19:48:48,20.983333333333334,2025-07-30 19:48:48,628.0,552.0,628.0,20.983333333333334,3.621922160444797,5.0,0.1,30-60% cap,P2
2025-07-30 20:12:48,2025-07-30 20:29:18,16.5,2025-07-30 20:29:18,600.0,534.0,600.0,16.5,4.0,5.5,0.1,30-60% cap,P2
2025-07-30 20:45:49,2025-07-30 20:52:49,7.0,2025-07-30 20:52:49,580.0,554.0,580.0,7.0,3.7142857142857144,5.1,0.1,30-60% cap,P2
2025-07-31 01:47:47,2025-07-31 02:06:17,18.5,2025-07-31 01:47:47,444.0,444.0,442.0,0.0,0.0,0.0,0.0,~0-10% cap,P2
2025-07-31 02:22:17,2025-07-31 02:34:47,12.5,2025-07-31 02:22:47,441.0,440.0,439.0,0.5,2.0,2.8,0.0,10-30% cap,P2
2025-07-31 03:11:47,2025-07-31 03:18:17,6.5,2025-07-31 03:11:47,435.0,435.0,435.0,0.0,0.0,0.0,0.0,~0-10% cap,P2
2025-07-31 03:31:17,2025-07-31 03:39:47,8.5,2025-07-31 03:31:48,433.0,432.0,433.0,0.5166666666666667,1.9354838709677418,2.7,0.0,10-30% cap,P2
2025-07-31 03:53:17,2025-07-31 04:21:17,28.0,2025-07-31 03:57:17,433.0,432.0,431.0,4.0,0.25,0.3,0.0,~0-10% cap,P2
2025-07-31 04:33:47,2025-07-31 04:41:47,8.0,2025-07-31 04:33:47,429.0,429.0,429.0,0.0,0.0,0.0,0.0,~0-10% cap,P2
2025-07-31 04:52:47,2025-07-31 05:03:17,10.5,2025-07-31 04:57:17,429.0,428.0,428.0,4.5,0.2222222222222222,0.3,0.0,~0-10% cap,P2
2025-07-31 05:29:17,2025-07-31 05:44:47,15.5,2025-07-31 05:44:17,428.0,427.0,428.0,15.0,0.06666666666666667,0.1,0.0,~0-10% cap,P2
2025-07-31 05:58:17,2025-07-31 06:51:46,53.483333333333334,2025-07-31 05:58:17,425.0,425.0,424.0,0.0,0.0,0.0,0.0,~0-10% cap,P2
2025-07-31 07:21:16,2025-07-31 07:30:16,9.0,2025-07-31 07:24:16,423.0,422.0,421.0,3.0,0.3333333333333333,0.5,0.0,~0-10% cap,P2
2025-07-31 07:56:16,2025-07-31 08:02:46,6.5,2025-07-31 07:56:16,409.0,409.0,409.0,0.0,0.0,0.0,0.0,~0-10% cap,P2
2025-07-31 08:27:16,2025-07-31 08:43:46,16.5,2025-07-31 08:43:16,455.0,413.0,455.0,16.0,2.625,3.6,0.0,30-60% cap,P2
2025-07-31 08:54:16,2025-07-31 09:24:16,30.0,2025-07-31 09:24:16,530.0,433.0,530.0,30.0,3.2333333333333334,4.5,0.1,30-60% cap,P2
2025-07-31 09:37:16,2025-07-31 10:49:16,72.0,2025-07-31 10:47:46,695.0,506.0,687.0,70.5,2.6808510638297873,3.7,0.0,30-60% cap,P2
2025-07-31 11:03:46,2025-07-31 11:21:16,17.5,2025-07-31 11:15:48,683.0,641.0,676.0,12.033333333333333,3.490304709141274,4.8,0.1,30-60% cap,P2
2025-07-31 11:33:16,2025-07-31 18:14:14,400.96666666666664,2025-07-31 15:06:45,1169.0,647.0,741.0,213.48333333333332,2.4451557498633774,3.4,0.0,10-30% cap,P2
2025-07-31 18:25:44,2025-07-31 18:44:44,19.0,2025-07-31 18:43:14,743.0,660.0,742.0,17.5,4.742857142857143,6.5,0.1,30-60% cap,P2
2025-07-31 18:58:44,2025-07-31 19:17:44,19.0,2025-07-31 19:15:44,738.0,675.0,736.0,17.0,3.7058823529411766,5.1,0.1,30-60% cap,P2
2025-07-31 19:28:14,2025-07-31 19:51:44,23.5,2025-07-31 19:49:14,702.0,655.0,701.0,21.0,2.238095238095238,3.1,0.0,10-30% cap,P2
2025-07-31 20:05:14,2025-07-31 20:12:44,7.5,2025-07-31 20:12:14,667.0,637.0,667.0,7.0,4.285714285714286,5.9,0.1,30-60% cap,P2
2025-07-31 20:26:44,2025-07-31 20:44:14,17.5,2025-07-31 20:26:44,664.0,664.0,642.0,0.0,0.0,0.0,0.0,~0-10% cap,P2
2025-08-01 02:11:13,2025-08-01 02:29:43,18.5,2025-08-01 02:11:13,461.0,461.0,460.0,0.0,0.0,0.0,0.0,~0-10% cap,P2
2025-08-01 03:27:43,2025-08-01 04:02:13,34.5,2025-08-01 03:27:43,452.0,452.0,448.0,0.0,0.0,0.0,0.0,~0-10% cap,P2
2025-08-01 04:39:12,2025-08-01 04:45:46,6.566666666666666,2025-08-01 04:39:12,446.0,446.0,446.0,0.0,0.0,0.0,0.0,~0-10% cap,P2
2025-08-01 04:59:12,2025-08-01 06:22:42,83.5,2025-08-01 04:59:12,445.0,445.0,440.0,0.0,0.0,0.0,0.0,~0-10% cap,P2
2025-08-01 06:36:42,2025-08-01 07:03:42,27.0,2025-08-01 06:36:42,440.0,440.0,438.0,0.0,0.0,0.0,0.0,~0-10% cap,P2
2025-08-01 07:23:12,2025-08-01 07:38:42,15.5,2025-08-01 07:38:12,440.0,437.0,440.0,15.0,0.2,0.3,0.0,~0-10% cap,P2
2025-08-01 08:21:42,2025-08-01 09:06:42,45.0,2025-08-01 09:06:12,469.0,411.0,469.0,44.5,1.303370786516854,1.8,0.0,10-30% cap,P2
2025-08-01 09:18:12,2025-08-01 11:45:41,147.48333333333332,2025-08-01 11:28:11,1232.0,461.0,741.0,129.98333333333332,5.93152968329273,8.0,0.1,60-90% cap,P2
2025-08-01 12:03:41,2025-08-01 12:11:12,7.516666666666667,2025-08-01 12:11:12,668.0,605.0,668.0,7.516666666666667,8.381374722838137,8.0,0.1,>=90% cap,P2
2025-08-01 12:24:41,2025-08-01 16:34:10,249.48333333333332,2025-08-01 15:31:40,1135.0,596.0,727.0,186.98333333333332,2.882609858276139,4.0,0.0,30-60% cap,P2
2025-08-01 16:47:10,2025-08-01 18:10:10,83.0,2025-08-01 17:39:40,952.0,703.0,750.0,52.5,4.742857142857143,6.5,0.1,30-60% cap,P2
2025-08-01 18:39:10,2025-08-01 18:53:10,14.0,2025-08-01 18:52:40,644.0,621.0,644.0,13.5,1.7037037037037037,2.3,0.0,10-30% cap,P2
2025-08-01 19:03:40,2025-08-01 19:33:40,30.0,2025-08-01 19:18:10,627.0,602.0,607.0,14.5,1.7241379310344827,2.4,0.0,10-30% cap,P2
2025-08-01 20:12:10,2025-08-01 20:24:10,12.0,2025-08-01 20:15:40,558.0,552.0,558.0,3.5,1.7142857142857142,2.4,0.0,10-30% cap,P2
2025-08-01 20:36:10,2025-08-01 21:02:10,26.0,2025-08-01 20:39:40,538.0,534.0,532.0,3.5,1.1428571428571428,1.6,0.0,10-30% cap,P2
2025-08-01 23:36:39,2025-08-01 23:47:09,10.5,2025-08-01 23:36:39,459.0,459.0,457.0,0.0,0.0,0.0,0.0,~0-10% cap,P2
2025-08-02 01:19:09,2025-08-02 01:28:09,9.0,2025-08-02 01:19:09,439.0,439.0,437.0,0.0,0.0,0.0,0.0,~0-10% cap,P2
2025-08-02 01:43:39,2025-08-02 02:04:39,21.0,2025-08-02 01:43:39,436.0,436.0,433.0,0.0,0.0,0.0,0.0,~0-10% cap,P2
2025-08-02 02:18:09,2025-08-02 02:25:08,6.983333333333333,2025-08-02 02:18:09,431.0,431.0,431.0,0.0,0.0,0.0,0.0,~0-10% cap,P2
2025-08-02 02:38:09,2025-08-02 03:07:08,28.983333333333334,2025-08-02 02:38:09,431.0,431.0,428.0,0.0,0.0,0.0,0.0,~0-10% cap,P2
2025-08-02 03:32:38,2025-08-02 03:43:08,10.5,2025-08-02 03:39:38,425.0,424.0,425.0,7.0,0.14285714285714285,0.2,0.0,~0-10% cap,P2
2025-08-02 03:59:38,2025-08-02 04:17:38,18.0,2025-08-02 03:59:38,423.0,423.0,423.0,0.0,0.0,0.0,0.0,~0-10% cap,P2
2025-08-02 05:07:38,2025-08-02 05:12:38,5.0,2025-08-02 05:12:08,421.0,420.0,421.0,4.5,0.2222222222222222,0.3,0.0,~0-10% cap,P2
2025-08-02 05:25:08,2025-08-02 05:40:38,15.5,2025-08-02 05:25:08,421.0,421.0,420.0,0.0,0.0,0.0,0.0,~0-10% cap,P2
2025-08-02 05:54:08,2025-08-02 06:57:08,63.0,2025-08-02 05:54:08,420.0,420.0,420.0,0.0,0.0,0.0,0.0,~0-10% cap,P2
2025-08-02 07:15:38,2025-08-02 07:28:38,13.0,2025-08-02 07:28:08,419.0,418.0,419.0,12.5,0.08,0.1,0.0,~0-10% cap,P2
2025-08-02 08:57:37,2025-08-02 09:16:07,18.5,2025-08-02 09:15:37,420.0,417.0,420.0,18.0,0.16666666666666666,0.2,0.0,~0-10% cap,P2
2025-08-02 09:33:07,2025-08-02 10:11:07,38.0,2025-08-02 09:40:37,419.0,418.0,419.0,7.5,0.13333333333333333,0.2,0.0,~0-10% cap,P2
2025-08-02 10:46:37,2025-08-02 10:58:37,12.0,2025-08-02 10:46:37,418.0,418.0,418.0,0.0,0.0,0.0,0.0,~0-10% cap,P2
2025-08-02 11:10:37,2025-08-02 11:56:37,46.0,2025-08-02 11:37:37,419.0,416.0,416.0,27.0,0.1111111111111111,0.2,0.0,~0-10% cap,P2
2025-08-02 12:37:07,2025-08-02 12:42:37,5.5,2025-08-02 12:37:07,413.0,413.0,412.0,0.0,0.0,0.0,0.0,~0-10% cap,P2
2025-08-02 19:37:05,2025-08-02 20:00:35,23.5,2025-08-02 19:50:05,413.0,411.0,412.0,13.0,0.15384615384615385,0.2,0.0,~0-10% cap,P2
2025-08-02 20:16:05,2025-08-02 20:27:05,11.0,2025-08-02 20:16:35,413.0,412.0,412.0,0.5,2.0,2.8,0.0,10-30% cap,P2
2025-08-02 20:37:35,2025-08-02 20:49:05,11.5,2025-08-02 20:38:05,413.0,412.0,412.0,0.5,2.0,2.8,0.0,10-30% cap,P2
2025-08-02 21:02:35,2025-08-02 21:48:05,45.5,2025-08-02 21:12:05,413.0,412.0,412.0,9.5,0.10526315789473684,0.1,0.0,~0-10% cap,P2
2025-08-02 22:04:05,2025-08-02 22:35:35,31.5,2025-08-02 22:04:05,412.0,412.0,411.0,0.0,0.0,0.0,0.0,~0-10% cap,P2
2025-08-02 23:31:05,2025-08-03 00:24:05,53.0,2025-08-03 00:23:35,413.0,412.0,413.0,52.5,0.01904761904761905,0.0,0.0,~0-10% cap,P2
2025-08-03 00:34:34,2025-08-03 00:51:35,17.016666666666666,2025-08-03 00:34:34,414.0,414.0,414.0,0.0,0.0,0.0,0.0,~0-10% cap,P2
2025-08-03 01:18:04,2025-08-03 01:24:04,6.0,2025-08-03 01:18:04,412.0,412.0,412.0,0.0,0.0,0.0,0.0,~0-10% cap,P2
2025-08-03 02:05:34,2025-08-03 02:12:34,7.0,2025-08-03 02:05:34,412.0,412.0,412.0,0.0,0.0,0.0,0.0,~0-10% cap,P2
2025-08-03 03:16:39,2025-08-03 03:22:09,5.5,2025-08-03 03:16:39,413.0,413.0,413.0,0.0,0.0,0.0,0.0,~0-10% cap,P2
2025-08-03 03:38:39,2025-08-03 04:33:09,54.5,2025-08-03 04:07:09,415.0,412.0,415.0,28.5,0.10526315789473684,0.1,0.0,~0-10% cap,P2
2025-08-03 05:01:09,2025-08-03 05:07:39,6.5,2025-08-03 05:01:09,415.0,415.0,415.0,0.0,0.0,0.0,0.0,~0-10% cap,P2
2025-08-03 05:20:09,2025-08-03 05:52:08,31.983333333333334,2025-08-03 05:24:39,416.0,415.0,416.0,4.5,0.2222222222222222,0.3,0.0,~0-10% cap,P2
2025-08-03 06:21:38,2025-08-03 06:48:39,27.016666666666666,2025-08-03 06:31:38,417.0,416.0,417.0,10.0,0.1,0.1,0.0,~0-10% cap,P2
2025-08-03 07:00:08,2025-08-03 07:09:08,9.0,2025-08-03 07:01:08,417.0,416.0,416.0,1.0,1.0,1.4,0.0,10-30% cap,P2
2025-08-03 07:40:08,2025-08-03 07:51:08,11.0,2025-08-03 07:40:08,417.0,417.0,416.0,0.0,0.0,0.0,0.0,~0-10% cap,P2
2025-08-03 13:48:07,2025-08-03 14:01:07,13.0,2025-08-03 13:48:07,409.0,409.0,409.0,0.0,0.0,0.0,0.0,~0-10% cap,P2
2025-08-03 16:33:07,2025-08-03 17:02:37,29.5,2025-08-03 16:52:37,417.0,413.0,417.0,19.5,0.20512820512820512,0.3,0.0,~0-10% cap,P2
2025-08-03 17:13:36,2025-08-03 17:25:06,11.5,2025-08-03 17:24:36,419.0,417.0,419.0,11.0,0.18181818181818182,0.3,0.0,~0-10% cap,P2
2025-08-03 17:41:36,2025-08-03 18:22:36,41.0,2025-08-03 18:22:06,422.0,420.0,422.0,40.5,0.04938271604938271,0.1,0.0,~0-10% cap,P2
2025-08-03 19:09:36,2025-08-03 20:42:36,93.0,2025-08-03 20:42:36,433.0,424.0,433.0,93.0,0.0967741935483871,0.1,0.0,~0-10% cap,P2
2025-08-03 20:56:06,2025-08-03 22:21:36,85.5,2025-08-03 22:21:36,442.0,434.0,442.0,85.5,0.0935672514619883,0.1,0.0,~0-10% cap,P2
2025-08-03 22:35:05,2025-08-03 22:46:05,11.0,2025-08-03 22:41:06,443.0,441.0,443.0,6.016666666666667,0.33240997229916897,0.5,0.0,~0-10% cap,P2
2025-08-03 23:14:35,2025-08-03 23:56:05,41.5,2025-08-03 23:30:05,445.0,443.0,445.0,15.5,0.12903225806451613,0.2,0.0,~0-10% cap,P2
2025-08-04 00:07:35,2025-08-04 00:13:05,5.5,2025-08-04 00:08:06,446.0,445.0,446.0,0.5166666666666667,1.9354838709677418,2.7,0.0,10-30% cap,P2
2025-08-04 01:00:05,2025-08-04 01:50:35,50.5,2025-08-04 01:41:05,449.0,447.0,449.0,41.0,0.04878048780487805,0.1,0.0,~0-10% cap,P2
2025-08-04 02:07:35,2025-08-04 03:47:05,99.5,2025-08-04 03:36:05,454.0,449.0,454.0,88.5,0.05649717514124294,0.1,0.0,~0-10% cap,P2
2025-08-04 05:24:34,2025-08-04 05:48:34,24.0,2025-08-04 05:44:05,454.0,452.0,454.0,19.516666666666666,0.10247651579846286,0.1,0.0,~0-10% cap,P2
2025-08-04 06:00:34,2025-08-04 06:13:34,13.0,2025-08-04 06:13:34,482.0,453.0,482.0,13.0,2.230769230769231,3.1,0.0,10-30% cap,P2
2025-08-04 06:30:04,2025-08-04 06:41:04,11.0,2025-08-04 06:30:04,469.0,469.0,469.0,0.0,0.0,0.0,0.0,~0-10% cap,P2
2025-08-04 06:55:04,2025-08-04 07:31:04,36.0,2025-08-04 07:21:04,493.0,469.0,485.0,26.0,0.9230769230769231,1.3,0.0,~0-10% cap,P2
2025-08-04 08:13:04,2025-08-04 08:29:04,16.0,2025-08-04 08:29:04,490.0,478.0,490.0,16.0,0.75,1.0,0.0,~0-10% cap,P2
2025-08-04 08:43:04,2025-08-04 09:16:34,33.5,2025-08-04 09:16:34,528.0,480.0,528.0,33.5,1.4328358208955223,2.0,0.0,10-30% cap,P2
2025-08-04 09:27:34,2025-08-04 10:28:33,60.983333333333334,2025-08-04 10:28:33,678.0,526.0,678.0,60.983333333333334,2.492484285323859,3.4,0.0,10-30% cap,P2
2025-08-04 10:41:33,2025-08-04 10:56:03,14.5,2025-08-04 10:50:33,646.0,610.0,638.0,9.0,4.0,5.5,0.1,30-60% cap,P2
2025-08-04 11:06:33,2025-08-04 12:15:33,69.0,2025-08-04 11:56:34,741.0,630.0,724.0,50.016666666666666,2.2192602465844717,3.1,0.0,10-30% cap,P2
2025-08-04 12:28:33,2025-08-04 12:48:33,20.0,2025-08-04 12:47:03,750.0,657.0,745.0,18.5,5.027027027027027,6.9,0.1,60-90% cap,P2
2025-08-04 12:59:03,2025-08-04 17:29:02,269.98333333333335,2025-08-04 14:53:33,1102.0,648.0,748.0,114.5,3.965065502183406,5.5,0.1,30-60% cap,P2
2025-08-04 17:43:32,2025-08-04 18:22:32,39.0,2025-08-04 17:58:32,711.0,688.0,705.0,15.0,1.5333333333333334,2.1,0.0,10-30% cap,P2
2025-08-04 18:34:02,2025-08-04 18:44:02,10.0,2025-08-04 18:42:32,696.0,641.0,695.0,8.5,6.470588235294118,8.0,0.1,60-90% cap,P2
2025-08-04 19:00:32,2025-08-04 19:08:32,8.0,2025-08-04 19:08:32,661.0,627.0,661.0,8.0,4.25,5.9,0.1,30-60% cap,P2
2025-08-04 20:18:02,2025-08-04 20:26:02,8.0,2025-08-04 20:25:32,576.0,569.0,576.0,7.5,0.9333333333333333,1.3,0.0,~0-10% cap,P2
2025-08-05 00:23:01,2025-08-05 00:29:01,6.0,2025-08-05 00:23:31,454.0,453.0,453.0,0.5,2.0,2.8,0.0,10-30% cap,P2
2025-08-05 01:01:01,2025-08-05 01:06:31,5.5,2025-08-05 01:01:01,446.0,446.0,446.0,0.0,0.0,0.0,0.0,~0-10% cap,P2
2025-08-05 02:31:31,2025-08-05 02:40:30,8.983333333333333,2025-08-05 02:31:31,434.0,434.0,433.0,0.0,0.0,0.0,0.0,~0-10% cap,P2
2025-08-05 03:09:00,2025-08-05 03:15:30,6.5,2025-08-05 03:10:00,433.0,432.0,433.0,1.0,1.0,1.4,0.0,10-30% cap,P2
2025-08-05 04:10:30,2025-08-05 04:24:00,13.5,2025-08-05 04:20:00,432.0,431.0,432.0,9.5,0.10526315789473684,0.1,0.0,~0-10% cap,P2
2025-08-05 04:36:30,2025-08-05 05:02:30,26.0,2025-08-05 05:02:00,434.0,433.0,434.0,25.5,0.0392156862745098,0.1,0.0,~0-10% cap,P2
2025-08-05 05:20:30,2025-08-05 05:38:30,18.0,2025-08-05 05:38:00,435.0,433.0,435.0,17.5,0.11428571428571428,0.2,0.0,~0-10% cap,P2
2025-08-05 05:50:00,2025-08-05 06:08:30,18.5,2025-08-05 06:08:00,437.0,435.0,437.0,18.0,0.1111111111111111,0.2,0.0,~0-10% cap,P2
2025-08-05 07:04:00,2025-08-05 07:13:00,9.0,2025-08-05 07:04:00,436.0,436.0,436.0,0.0,0.0,0.0,0.0,~0-10% cap,P2
2025-08-05 08:22:59,2025-08-05 08:42:00,19.016666666666666,2025-08-05 08:42:00,449.0,411.0,449.0,19.016666666666666,1.9982471516213849,2.8,0.0,10-30% cap,P2
2025-08-05 08:57:59,2025-08-05 12:03:29,185.5,2025-08-05 11:51:59,1051.0,415.0,758.0,174.0,3.6551724137931036,5.0,0.1,30-60% cap,P2
2025-08-05 12:15:59,2025-08-05 15:46:58,210.98333333333332,2025-08-05 14:32:28,957.0,569.0,709.0,136.48333333333332,2.842837953352058,3.9,0.0,30-60% cap,P2
2025-08-05 16:00:28,2025-08-05 16:35:58,35.5,2025-08-05 16:33:58,724.0,651.0,713.0,33.5,2.1791044776119404,3.0,0.0,10-30% cap,P2
2025-08-05 16:46:58,2025-08-05 18:14:58,88.0,2025-08-05 18:11:58,764.0,696.0,753.0,85.0,0.8,1.1,0.0,~0-10% cap,P2
2025-08-05 18:25:58,2025-08-05 18:33:28,7.5,2025-08-05 18:32:58,678.0,666.0,678.0,7.0,1.7142857142857142,2.4,0.0,10-30% cap,P2
2025-08-05 18:47:58,2025-08-05 18:52:58,5.0,2025-08-05 18:52:58,655.0,643.0,655.0,5.0,2.4,3.3,0.0,10-30% cap,P2
2025-08-05 19:08:57,2025-08-05 19:20:27,11.5,2025-08-05 19:19:57,648.0,627.0,648.0,11.0,1.9090909090909092,2.6,0.0,10-30% cap,P2
2025-08-05 19:32:28,2025-08-05 19:38:27,5.983333333333333,2025-08-05 19:37:57,636.0,631.0,636.0,5.483333333333333,0.9118541033434651,1.3,0.0,~0-10% cap,P2
2025-08-05 19:53:57,2025-08-05 20:01:27,7.5,2025-08-05 20:00:57,613.0,607.0,613.0,7.0,0.8571428571428571,1.2,0.0,~0-10% cap,P2
2025-08-06 00:42:56,2025-08-06 00:49:26,6.5,2025-08-06 00:42:56,451.0,451.0,449.0,0.0,0.0,0.0,0.0,~0-10% cap,P2
2025-08-06 01:45:26,2025-08-06 01:55:56,10.5,2025-08-06 01:45:26,440.0,440.0,439.0,0.0,0.0,0.0,0.0,~0-10% cap,P2
2025-08-06 02:42:26,2025-08-06 02:56:26,14.0,2025-08-06 02:42:26,432.0,432.0,431.0,0.0,0.0,0.0,0.0,~0-10% cap,P2
2025-08-06 03:26:26,2025-08-06 03:34:56,8.5,2025-08-06 03:26:26,428.0,428.0,428.0,0.0,0.0,0.0,0.0,~0-10% cap,P2
2025-08-06 04:29:56,2025-08-06 04:51:56,22.0,2025-08-06 04:29:56,424.0,424.0,423.0,0.0,0.0,0.0,0.0,~0-10% cap,P2
2025-08-06 05:22:26,2025-08-06 05:51:25,28.983333333333334,2025-08-06 05:27:26,423.0,422.0,422.0,5.0,0.2,0.3,0.0,~0-10% cap,P2
2025-08-06 06:55:55,2025-08-06 07:28:25,32.5,2025-08-06 06:55:55,420.0,420.0,419.0,0.0,0.0,0.0,0.0,~0-10% cap,P2
2025-08-06 08:29:55,2025-08-06 09:03:25,33.5,2025-08-06 09:02:55,469.0,413.0,469.0,33.0,1.696969696969697,2.3,0.0,10-30% cap,P2
2025-08-06 09:21:25,2025-08-06 11:46:24,144.98333333333332,2025-08-06 11:44:55,724.0,460.0,723.0,143.5,1.8397212543554007,2.5,0.0,10-30% cap,P2
2025-08-06 12:08:24,2025-08-06 15:39:54,211.5,2025-08-06 15:26:24,1063.0,646.0,752.0,198.0,2.106060606060606,2.9,0.0,10-30% cap,P2
2025-08-06 16:05:54,2025-08-06 16:14:24,8.5,2025-08-06 16:09:24,648.0,641.0,648.0,3.5,2.0,2.8,0.0,10-30% cap,P2
2025-08-06 16:47:54,2025-08-06 18:38:23,110.48333333333333,2025-08-06 17:54:53,766.0,629.0,724.0,66.98333333333333,2.045284896740483,2.8,0.0,10-30% cap,P2
2025-08-06 18:53:53,2025-08-06 19:21:53,28.0,2025-08-06 18:56:53,701.0,696.0,690.0,3.0,1.6666666666666667,2.3,0.0,10-30% cap,P2
2025-08-07 01:33:52,2025-08-07 01:42:22,8.5,2025-08-07 01:33:52,446.0,446.0,445.0,0.0,0.0,0.0,0.0,~0-10% cap,P2
2025-08-07 01:56:52,2025-08-07 02:04:52,8.0,2025-08-07 01:56:52,442.0,442.0,441.0,0.0,0.0,0.0,0.0,~0-10% cap,P2
2025-08-07 03:15:52,2025-08-07 03:29:22,13.5,2025-08-07 03:18:52,434.0,433.0,434.0,3.0,0.3333333333333333,0.5,0.0,~0-10% cap,P2
2025-08-07 03:51:22,2025-08-07 04:01:52,10.5,2025-08-07 03:51:22,432.0,432.0,431.0,0.0,0.0,0.0,0.0,~0-10% cap,P2
2025-08-07 04:30:21,2025-08-07 04:50:22,20.016666666666666,2025-08-07 04:30:21,429.0,429.0,428.0,0.0,0.0,0.0,0.0,~0-10% cap,P2
2025-08-07 05:04:51,2025-08-07 05:18:22,13.516666666666667,2025-08-07 05:04:51,429.0,429.0,428.0,0.0,0.0,0.0,0.0,~0-10% cap,P2
2025-08-07 05:41:21,2025-08-07 05:47:21,6.0,2025-08-07 05:41:21,426.0,426.0,425.0,0.0,0.0,0.0,0.0,~0-10% cap,P2
2025-08-07 05:57:51,2025-08-07 07:30:51,93.0,2025-08-07 07:30:51,427.0,425.0,427.0,93.0,0.021505376344086023,0.0,0.0,~0-10% cap,P2
2025-08-07 07:41:51,2025-08-07 10:50:50,188.98333333333332,2025-08-07 10:50:20,661.0,427.0,661.0,188.48333333333332,1.2414890794942082,1.7,0.0,10-30% cap,P2
2025-08-07 11:02:51,2025-08-07 11:12:50,9.983333333333333,2025-08-07 11:12:20,675.0,626.0,675.0,9.483333333333333,5.166959578207382,7.1,0.1,60-90% cap,P2
2025-08-07 11:23:51,2025-08-07 11:55:20,31.483333333333334,2025-08-07 11:34:21,677.0,621.0,659.0,10.5,5.333333333333333,7.3,0.1,60-90% cap,P2
2025-08-07 12:06:20,2025-08-07 13:50:50,104.5,2025-08-07 13:27:50,728.0,602.0,708.0,81.5,1.5460122699386503,2.1,0.0,10-30% cap,P2
2025-08-07 14:02:50,2025-08-07 18:19:19,256.48333333333335,2025-08-07 14:19:20,709.0,627.0,646.0,16.5,4.96969696969697,6.8,0.1,30-60% cap,P2
2025-08-07 19:40:19,2025-08-07 19:51:19,11.0,2025-08-07 19:50:49,590.0,584.0,590.0,10.5,0.5714285714285714,0.8,0.0,~0-10% cap,P2
2025-08-07 21:07:18,2025-08-07 21:24:48,17.5,2025-08-07 21:07:48,508.0,506.0,502.0,0.5,4.0,5.5,0.1,30-60% cap,P2
2025-08-08 00:43:48,2025-08-08 00:52:18,8.5,2025-08-08 00:43:48,424.0,424.0,422.0,0.0,0.0,0.0,0.0,~0-10% cap,P2
2025-08-08 01:04:18,2025-08-08 01:11:18,7.0,2025-08-08 01:04:18,419.0,419.0,417.0,0.0,0.0,0.0,0.0,~0-10% cap,P2
2025-08-08 01:38:18,2025-08-08 01:47:18,9.0,2025-08-08 01:38:18,411.0,411.0,411.0,0.0,0.0,0.0,0.0,~0-10% cap,P2
2025-08-08 07:54:46,2025-08-08 08:32:46,38.0,2025-08-08 08:32:46,445.0,412.0,445.0,38.0,0.868421052631579,1.2,0.0,~0-10% cap,P2
2025-08-08 08:47:16,2025-08-08 13:12:45,265.48333333333335,2025-08-08 13:12:15,678.0,438.0,678.0,264.98333333333335,0.9057173407132524,1.2,0.0,~0-10% cap,P2
2025-08-08 13:58:15,2025-08-08 15:08:15,70.0,2025-08-08 15:00:15,903.0,663.0,756.0,62.0,3.870967741935484,5.3,0.1,30-60% cap,P2
2025-08-08 16:03:45,2025-08-08 17:27:45,84.0,2025-08-08 17:26:15,689.0,656.0,688.0,82.5,0.4,0.6,0.0,~0-10% cap,P2
2025-08-08 17:46:15,2025-08-08 18:03:45,17.5,2025-08-08 18:02:15,684.0,679.0,683.0,16.0,0.3125,0.4,0.0,~0-10% cap,P2
2025-08-08 18:22:15,2025-08-08 18:48:44,26.483333333333334,2025-08-08 18:25:45,680.0,678.0,671.0,3.5,0.5714285714285714,0.8,0.0,~0-10% cap,P2
2025-08-09 01:25:13,2025-08-09 01:37:43,12.5,2025-08-09 01:25:13,414.0,414.0,413.0,0.0,0.0,0.0,0.0,~0-10% cap,P2
2025-08-09 09:26:12,2025-08-09 09:50:42,24.5,2025-08-09 09:45:42,431.0,411.0,430.0,19.5,1.0256410256410255,1.4,0.0,10-30% cap,P2
2025-08-09 10:04:42,2025-08-09 10:24:42,20.0,2025-08-09 10:24:12,434.0,419.0,434.0,19.5,0.7692307692307693,1.1,0.0,~0-10% cap,P2
2025-08-09 10:44:12,2025-08-09 11:08:11,23.983333333333334,2025-08-09 11:07:41,421.0,414.0,421.0,23.483333333333334,0.298083747338538,0.4,0.0,~0-10% cap,P2
2025-08-09 11:22:42,2025-08-09 11:28:12,5.5,2025-08-09 11:28:12,419.0,414.0,419.0,5.5,0.9090909090909091,1.3,0.0,~0-10% cap,P2
2025-08-09 19:36:40,2025-08-09 20:05:10,28.5,2025-08-09 19:53:10,413.0,411.0,413.0,16.5,0.12121212121212122,0.2,0.0,~0-10% cap,P2
2025-08-09 20:15:40,2025-08-09 20:20:40,5.0,2025-08-09 20:20:10,413.0,412.0,413.0,4.5,0.2222222222222222,0.3,0.0,~0-10% cap,P2
2025-08-09 20:31:10,2025-08-09 20:50:40,19.5,2025-08-09 20:47:10,415.0,413.0,415.0,16.0,0.125,0.2,0.0,~0-10% cap,P2
2025-08-09 21:13:10,2025-08-09 21:30:40,17.5,2025-08-09 21:13:10,416.0,416.0,416.0,0.0,0.0,0.0,0.0,~0-10% cap,P2
2025-08-09 21:45:10,2025-08-09 21:50:40,5.5,2025-08-09 21:50:10,417.0,416.0,417.0,5.0,0.2,0.3,0.0,~0-10% cap,P2
2025-08-09 22:24:40,2025-08-09 22:50:39,25.983333333333334,2025-08-09 22:33:39,420.0,419.0,420.0,8.983333333333333,0.11131725417439704,0.2,0.0,~0-10% cap,P2
2025-08-09 23:07:39,2025-08-09 23:37:39,30.0,2025-08-09 23:36:09,423.0,421.0,423.0,28.5,0.07017543859649122,0.1,0.0,~0-10% cap,P2
2025-08-10 00:19:39,2025-08-10 01:35:09,75.5,2025-08-10 01:19:39,425.0,422.0,425.0,60.0,0.05,0.1,0.0,~0-10% cap,P2
2025-08-10 01:57:39,2025-08-10 02:38:09,40.5,2025-08-10 02:06:09,426.0,424.0,426.0,8.5,0.23529411764705882,0.3,0.0,~0-10% cap,P2
2025-08-10 02:54:09,2025-08-10 03:04:39,10.5,2025-08-10 03:04:09,428.0,427.0,428.0,10.0,0.1,0.1,0.0,~0-10% cap,P2
2025-08-10 03:15:09,2025-08-10 03:22:09,7.0,2025-08-10 03:21:39,428.0,427.0,428.0,6.5,0.15384615384615385,0.2,0.0,~0-10% cap,P2
2025-08-10 03:34:09,2025-08-10 03:54:09,20.0,2025-08-10 03:48:09,430.0,427.0,430.0,14.0,0.21428571428571427,0.3,0.0,~0-10% cap,P2
2025-08-10 04:38:38,2025-08-10 04:56:08,17.5,2025-08-10 04:38:38,431.0,431.0,431.0,0.0,0.0,0.0,0.0,~0-10% cap,P2
2025-08-10 05:09:08,2025-08-10 05:19:38,10.5,2025-08-10 05:19:08,432.0,431.0,432.0,10.0,0.1,0.1,0.0,~0-10% cap,P2
2025-08-10 05:31:08,2025-08-10 06:24:39,53.516666666666666,2025-08-10 05:31:08,432.0,432.0,432.0,0.0,0.0,0.0,0.0,~0-10% cap,P2
2025-08-10 06:36:08,2025-08-10 06:50:08,14.0,2025-08-10 06:36:08,432.0,432.0,432.0,0.0,0.0,0.0,0.0,~0-10% cap,P2
2025-08-10 07:03:08,2025-08-10 07:10:08,7.0,2025-08-10 07:03:08,432.0,432.0,432.0,0.0,0.0,0.0,0.0,~0-10% cap,P2
2025-08-10 07:29:38,2025-08-10 07:41:38,12.0,2025-08-10 07:37:38,432.0,431.0,432.0,8.0,0.125,0.2,0.0,~0-10% cap,P2
2025-08-10 07:56:08,2025-08-10 08:01:38,5.5,2025-08-10 08:01:08,433.0,432.0,433.0,5.0,0.2,0.3,0.0,~0-10% cap,P2
2025-08-10 08:15:38,2025-08-10 09:21:08,65.5,2025-08-10 08:41:08,434.0,433.0,433.0,25.5,0.0392156862745098,0.1,0.0,~0-10% cap,P2
2025-08-10 09:37:37,2025-08-10 09:45:07,7.5,2025-08-10 09:37:37,432.0,432.0,430.0,0.0,0.0,0.0,0.0,~0-10% cap,P2
2025-08-10 14:03:07,2025-08-10 14:15:07,12.0,2025-08-10 14:03:07,410.0,410.0,410.0,0.0,0.0,0.0,0.0,~0-10% cap,P2
2025-08-10 16:56:06,2025-08-10 17:48:36,52.5,2025-08-10 17:30:36,429.0,411.0,429.0,34.5,0.5217391304347826,0.7,0.0,~0-10% cap,P2
2025-08-10 18:45:06,2025-08-10 20:01:06,76.0,2025-08-10 20:00:36,440.0,434.0,440.0,75.5,0.07947019867549669,0.1,0.0,~0-10% cap,P2
2025-08-10 20:19:06,2025-08-10 21:16:05,56.983333333333334,2025-08-10 21:07:35,443.0,440.0,443.0,48.483333333333334,0.061876933654176694,0.1,0.0,~0-10% cap,P2
2025-08-10 21:44:35,2025-08-10 21:50:06,5.516666666666667,2025-08-10 21:49:35,444.0,443.0,444.0,5.0,0.2,0.3,0.0,~0-10% cap,P2
2025-08-10 22:40:05,2025-08-10 22:48:35,8.5,2025-08-10 22:40:05,446.0,446.0,445.0,0.0,0.0,0.0,0.0,~0-10% cap,P2
2025-08-10 23:00:35,2025-08-10 23:49:05,48.5,2025-08-10 23:42:05,448.0,446.0,447.0,41.5,0.04819277108433735,0.1,0.0,~0-10% cap,P2
2025-08-11 00:03:05,2025-08-11 00:10:05,7.0,2025-08-11 00:03:05,448.0,448.0,448.0,0.0,0.0,0.0,0.0,~0-10% cap,P2
2025-08-11 00:34:35,2025-08-11 00:58:05,23.5,2025-08-11 00:42:05,449.0,448.0,449.0,7.5,0.13333333333333333,0.2,0.0,~0-10% cap,P2
2025-08-11 01:08:35,2025-08-11 01:28:05,19.5,2025-08-11 01:15:05,450.0,449.0,449.0,6.5,0.15384615384615385,0.2,0.0,~0-10% cap,P2
2025-08-11 01:39:05,2025-08-11 01:56:05,17.0,2025-08-11 01:55:35,452.0,450.0,452.0,16.5,0.12121212121212122,0.2,0.0,~0-10% cap,P2
2025-08-11 02:09:35,2025-08-11 02:20:05,10.5,2025-08-11 02:10:34,453.0,452.0,452.0,0.9833333333333333,1.0169491525423728,1.4,0.0,10-30% cap,P2
2025-08-11 02:42:34,2025-08-11 03:49:34,67.0,2025-08-11 03:43:35,459.0,454.0,457.0,61.016666666666666,0.08194482381862879,0.1,0.0,~0-10% cap,P2
2025-08-11 04:16:34,2025-08-11 04:37:04,20.5,2025-08-11 04:37:04,460.0,458.0,460.0,20.5,0.0975609756097561,0.1,0.0,~0-10% cap,P2
2025-08-11 04:50:04,2025-08-11 05:35:04,45.0,2025-08-11 05:33:04,461.0,458.0,461.0,43.0,0.06976744186046512,0.1,0.0,~0-10% cap,P2
2025-08-11 06:09:04,2025-08-11 06:49:34,40.5,2025-08-11 06:49:04,482.0,460.0,482.0,40.0,0.55,0.8,0.0,~0-10% cap,P2
2025-08-11 08:22:33,2025-08-11 10:18:33,116.0,2025-08-11 10:13:03,809.0,411.0,744.0,110.5,3.6018099547511313,5.0,0.1,30-60% cap,P2
2025-08-11 10:32:03,2025-08-11 16:09:32,337.48333333333335,2025-08-11 14:58:02,1411.0,684.0,733.0,265.98333333333335,2.733253963280907,3.8,0.0,30-60% cap,P2
2025-08-11 16:25:02,2025-08-11 18:34:32,129.5,2025-08-11 18:04:32,772.0,619.0,748.0,99.5,1.5376884422110553,2.1,0.0,10-30% cap,P2
2025-08-11 18:45:32,2025-08-11 19:30:01,44.483333333333334,2025-08-11 19:07:02,722.0,680.0,706.0,21.5,1.9534883720930232,2.7,0.0,10-30% cap,P2
2025-08-11 19:42:31,2025-08-11 19:53:01,10.5,2025-08-11 19:51:31,681.0,644.0,680.0,9.0,4.111111111111111,5.7,0.1,30-60% cap,P2
2025-08-11 20:04:31,2025-08-11 20:18:01,13.5,2025-08-11 20:17:31,664.0,625.0,664.0,13.0,3.0,4.1,0.1,30-60% cap,P2
2025-08-11 20:29:01,2025-08-11 20:36:01,7.0,2025-08-11 20:36:01,640.0,614.0,640.0,7.0,3.7142857142857144,5.1,0.1,30-60% cap,P2
2025-08-11 20:52:31,2025-08-11 20:58:31,6.0,2025-08-11 20:58:01,609.0,589.0,609.0,5.5,3.6363636363636362,5.0,0.1,30-60% cap,P2
2025-08-11 21:15:01,2025-08-11 21:25:31,10.5,2025-08-11 21:25:01,591.0,570.0,591.0,10.0,2.1,2.9,0.0,10-30% cap,P2
2025-08-12 01:43:00,2025-08-12 01:54:00,11.0,2025-08-12 01:43:00,459.0,459.0,457.0,0.0,0.0,0.0,0.0,~0-10% cap,P2
2025-08-12 02:04:30,2025-08-12 02:14:01,9.516666666666667,2025-08-12 02:13:30,457.0,456.0,457.0,9.0,0.1111111111111111,0.2,0.0,~0-10% cap,P2
2025-08-12 02:43:30,2025-08-12 02:50:00,6.5,2025-08-12 02:49:30,454.0,453.0,454.0,6.0,0.16666666666666666,0.2,0.0,~0-10% cap,P2
2025-08-12 03:20:30,2025-08-12 03:49:30,29.0,2025-08-12 03:49:00,453.0,452.0,453.0,28.5,0.03508771929824561,0.0,0.0,~0-10% cap,P2
2025-08-12 04:04:30,2025-08-12 05:16:30,72.0,2025-08-12 04:48:00,454.0,452.0,454.0,43.5,0.04597701149425287,0.1,0.0,~0-10% cap,P2
2025-08-12 05:29:30,2025-08-12 05:37:30,8.0,2025-08-12 05:37:00,455.0,454.0,455.0,7.5,0.13333333333333333,0.2,0.0,~0-10% cap,P2
2025-08-12 05:49:30,2025-08-12 06:06:59,17.483333333333334,2025-08-12 06:06:29,457.0,456.0,457.0,16.983333333333334,0.05888125613346418,0.1,0.0,~0-10% cap,P2
2025-08-12 06:30:29,2025-08-12 06:45:59,15.5,2025-08-12 06:45:29,458.0,457.0,458.0,15.0,0.06666666666666667,0.1,0.0,~0-10% cap,P2
2025-08-12 07:33:29,2025-08-12 08:01:29,28.0,2025-08-12 08:01:29,472.0,456.0,472.0,28.0,0.5714285714285714,0.8,0.0,~0-10% cap,P2
2025-08-12 08:16:59,2025-08-12 08:59:29,42.5,2025-08-12 08:58:59,544.0,450.0,544.0,42.0,2.238095238095238,3.1,0.0,10-30% cap,P2
2025-08-12 09:15:29,2025-08-12 11:11:29,116.0,2025-08-12 10:58:29,807.0,526.0,746.0,103.0,2.7281553398058254,3.8,0.0,30-60% cap,P2
2025-08-12 11:23:59,2025-08-12 17:45:27,381.46666666666664,2025-08-12 14:09:58,1108.0,734.0,729.0,165.98333333333332,2.2532382769354355,3.1,0.0,10-30% cap,P2
2025-08-12 18:00:27,2025-08-12 18:20:27,20.0,2025-08-12 18:18:27,726.0,713.0,723.0,18.0,0.7222222222222222,1.0,0.0,~0-10% cap,P2
2025-08-12 19:08:57,2025-08-12 19:18:58,10.016666666666667,2025-08-12 19:08:57,620.0,620.0,618.0,0.0,0.0,0.0,0.0,~0-10% cap,P2
2025-08-12 21:08:27,2025-08-12 21:17:27,9.0,2025-08-12 21:08:57,495.0,494.0,495.0,0.5,2.0,2.8,0.0,10-30% cap,P2
2025-08-13 00:26:26,2025-08-13 00:31:57,5.516666666666667,2025-08-13 00:26:26,419.0,419.0,418.0,0.0,0.0,0.0,0.0,~0-10% cap,P2
2025-08-13 04:53:25,2025-08-13 04:59:25,6.0,2025-08-13 04:53:25,410.0,410.0,410.0,0.0,0.0,0.0,0.0,~0-10% cap,P2
2025-08-13 08:13:55,2025-08-13 08:23:25,9.5,2025-08-13 08:22:55,409.0,408.0,409.0,9.0,0.1111111111111111,0.2,0.0,~0-10% cap,P2
2025-08-13 08:44:25,2025-08-13 09:45:24,60.983333333333334,2025-08-13 09:44:54,553.0,410.0,553.0,60.483333333333334,2.3642876825571784,3.3,0.0,10-30% cap,P2
2025-08-13 10:24:54,2025-08-13 12:29:54,125.0,2025-08-13 12:10:55,1145.0,473.0,750.0,106.01666666666667,6.338626002200912,8.0,0.1,60-90% cap,P2
2025-08-13 12:40:24,2025-08-13 15:38:53,178.48333333333332,2025-08-13 14:22:54,1048.0,624.0,686.0,102.5,4.136585365853659,5.7,0.1,30-60% cap,P2
2025-08-13 15:52:53,2025-08-13 15:59:53,7.0,2025-08-13 15:58:23,683.0,655.0,679.0,5.5,5.090909090909091,7.0,0.1,60-90% cap,P2
2025-08-13 16:29:53,2025-08-13 18:53:23,143.5,2025-08-13 17:50:23,813.0,603.0,749.0,80.5,2.608695652173913,3.6,0.0,30-60% cap,P2
2025-08-13 19:04:53,2025-08-13 19:14:23,9.5,2025-08-13 19:10:53,709.0,695.0,708.0,6.0,2.3333333333333335,3.2,0.0,10-30% cap,P2
2025-08-13 19:27:53,2025-08-13 19:34:53,7.0,2025-08-13 19:34:23,676.0,655.0,676.0,6.5,3.230769230769231,4.5,0.1,30-60% cap,P2
2025-08-13 21:28:22,2025-08-13 21:34:52,6.5,2025-08-13 21:34:52,536.0,534.0,536.0,6.5,0.3076923076923077,0.4,0.0,~0-10% cap,P2
2025-08-14 00:36:22,2025-08-14 00:49:52,13.5,2025-08-14 00:36:22,451.0,451.0,448.0,0.0,0.0,0.0,0.0,~0-10% cap,P2
2025-08-14 01:18:52,2025-08-14 01:25:22,6.5,2025-08-14 01:18:52,443.0,443.0,442.0,0.0,0.0,0.0,0.0,~0-10% cap,P2
2025-08-14 02:17:22,2025-08-14 02:32:51,15.483333333333333,2025-08-14 02:17:22,434.0,434.0,432.0,0.0,0.0,0.0,0.0,~0-10% cap,P2
2025-08-14 03:20:51,2025-08-14 03:37:21,16.5,2025-08-14 03:20:51,427.0,427.0,426.0,0.0,0.0,0.0,0.0,~0-10% cap,P2
2025-08-14 03:57:51,2025-08-14 04:08:51,11.0,2025-08-14 03:57:51,424.0,424.0,423.0,0.0,0.0,0.0,0.0,~0-10% cap,P2
2025-08-14 04:36:51,2025-08-14 05:09:51,33.0,2025-08-14 04:37:22,424.0,423.0,424.0,0.5166666666666667,1.9354838709677418,2.7,0.0,10-30% cap,P2
2025-08-14 05:22:51,2025-08-14 05:39:51,17.0,2025-08-14 05:22:51,423.0,423.0,422.0,0.0,0.0,0.0,0.0,~0-10% cap,P2
2025-08-14 06:22:21,2025-08-14 06:50:21,28.0,2025-08-14 06:22:21,422.0,422.0,421.0,0.0,0.0,0.0,0.0,~0-10% cap,P2
2025-08-14 07:03:21,2025-08-14 07:21:21,18.0,2025-08-14 07:14:21,421.0,420.0,421.0,11.0,0.09090909090909091,0.1,0.0,~0-10% cap,P2
2025-08-14 07:35:20,2025-08-14 07:45:21,10.016666666666667,2025-08-14 07:39:21,423.0,421.0,423.0,4.016666666666667,0.4979253112033195,0.7,0.0,~0-10% cap,P2
2025-08-14 08:25:50,2025-08-14 09:00:20,34.5,2025-08-14 08:59:51,468.0,413.0,468.0,34.016666666666666,1.6168544830965215,2.2,0.0,10-30% cap,P2
2025-08-14 09:23:50,2025-08-14 11:43:50,140.0,2025-08-14 11:41:50,730.0,443.0,729.0,138.0,2.079710144927536,2.9,0.0,10-30% cap,P2
2025-08-14 12:13:20,2025-08-14 13:54:19,100.98333333333333,2025-08-14 13:49:19,744.0,693.0,743.0,95.98333333333333,0.5313422469178677,0.7,0.0,~0-10% cap,P2
2025-08-14 14:28:49,2025-08-14 14:39:19,10.5,2025-08-14 14:28:49,693.0,693.0,689.0,0.0,0.0,0.0,0.0,~0-10% cap,P2
2025-08-14 15:11:19,2025-08-14 17:01:49,110.5,2025-08-14 16:36:49,721.0,657.0,701.0,85.5,0.7485380116959064,1.0,0.0,~0-10% cap,P2
2025-08-14 17:13:19,2025-08-14 17:40:19,27.0,2025-08-14 17:31:49,714.0,679.0,704.0,18.5,1.8918918918918919,2.6,0.0,10-30% cap,P2
2025-08-14 18:01:19,2025-08-14 18:42:19,41.0,2025-08-14 18:40:49,692.0,676.0,690.0,39.5,0.4050632911392405,0.6,0.0,~0-10% cap,P2
2025-08-14 20:11:18,2025-08-14 20:24:18,13.0,2025-08-14 20:24:18,530.0,528.0,530.0,13.0,0.15384615384615385,0.2,0.0,~0-10% cap,P2
2025-08-15 01:48:17,2025-08-15 02:06:18,18.016666666666666,2025-08-15 01:48:17,414.0,414.0,413.0,0.0,0.0,0.0,0.0,~0-10% cap,P2
2025-08-15 08:20:16,2025-08-15 09:07:16,47.0,2025-08-15 08:59:46,449.0,411.0,447.0,39.5,0.9620253164556962,1.3,0.0,~0-10% cap,P2
2025-08-15 09:23:16,2025-08-15 10:07:46,44.5,2025-08-15 10:07:16,554.0,433.0,554.0,44.0,2.75,3.8,0.0,30-60% cap,P2
2025-08-15 10:18:16,2025-08-15 10:30:16,12.0,2025-08-15 10:29:46,576.0,527.0,576.0,11.5,4.260869565217392,5.9,0.1,30-60% cap,P2
2025-08-15 10:40:46,2025-08-15 10:51:16,10.5,2025-08-15 10:51:16,590.0,536.0,590.0,10.5,5.142857142857143,7.1,0.1,60-90% cap,P2
2025-08-15 11:04:46,2025-08-15 12:17:15,72.48333333333333,2025-08-15 12:16:45,623.0,542.0,623.0,71.98333333333333,1.1252604769622598,1.6,0.0,10-30% cap,P2
2025-08-15 12:46:46,2025-08-15 13:41:45,54.983333333333334,2025-08-15 13:20:15,651.0,560.0,621.0,33.483333333333334,2.7177700348432055,3.7,0.0,30-60% cap,P2
2025-08-15 13:54:15,2025-08-15 14:26:15,32.0,2025-08-15 14:05:45,624.0,535.0,615.0,11.5,7.739130434782608,8.0,0.1,60-90% cap,P2
2025-08-15 14:37:45,2025-08-15 14:47:15,9.5,2025-08-15 14:46:45,612.0,554.0,612.0,9.0,6.444444444444445,8.0,0.1,60-90% cap,P2
2025-08-15 15:40:15,2025-08-15 15:58:45,18.5,2025-08-15 15:58:45,482.0,465.0,482.0,18.5,0.918918918918919,1.3,0.0,~0-10% cap,P2
2025-08-15 16:10:15,2025-08-15 17:10:44,60.483333333333334,2025-08-15 17:10:14,580.0,461.0,580.0,59.983333333333334,1.9838844123367603,2.7,0.0,10-30% cap,P2
2025-08-15 17:21:14,2025-08-15 17:45:14,24.0,2025-08-15 17:44:44,586.0,542.0,586.0,23.5,1.872340425531915,2.6,0.0,10-30% cap,P2
2025-08-15 18:03:14,2025-08-15 18:10:14,7.0,2025-08-15 18:10:14,556.0,541.0,556.0,7.0,2.142857142857143,3.0,0.0,10-30% cap,P2
2025-08-15 18:21:14,2025-08-15 18:34:14,13.0,2025-08-15 18:33:44,579.0,528.0,579.0,12.5,4.08,5.6,0.1,30-60% cap,P2
2025-08-15 18:49:44,2025-08-15 19:01:15,11.516666666666667,2025-08-15 19:00:44,584.0,533.0,584.0,11.0,4.636363636363637,6.4,0.1,30-60% cap,P2
2025-08-15 19:15:14,2025-08-15 19:26:14,11.0,2025-08-15 19:25:44,555.0,504.0,555.0,10.5,4.857142857142857,6.7,0.1,30-60% cap,P2
2025-08-15 19:39:44,2025-08-15 19:49:14,9.5,2025-08-15 19:48:44,525.0,499.0,525.0,9.0,2.888888888888889,4.0,0.0,30-60% cap,P2
2025-08-15 20:02:44,2025-08-15 20:11:14,8.5,2025-08-15 20:10:44,497.0,482.0,497.0,8.0,1.875,2.6,0.0,10-30% cap,P2
2025-08-15 20:22:14,2025-08-15 20:31:44,9.5,2025-08-15 20:31:14,483.0,456.0,483.0,9.0,3.0,4.1,0.1,30-60% cap,P2
2025-08-15 20:47:44,2025-08-15 21:00:14,12.5,2025-08-15 20:59:44,468.0,457.0,468.0,12.0,0.9166666666666666,1.3,0.0,~0-10% cap,P2
2025-08-15 22:26:13,2025-08-15 22:44:13,18.0,2025-08-15 22:26:13,436.0,436.0,431.0,0.0,0.0,0.0,0.0,~0-10% cap,P2
2025-08-15 23:19:13,2025-08-15 23:27:14,8.016666666666667,2025-08-15 23:19:13,423.0,423.0,421.0,0.0,0.0,0.0,0.0,~0-10% cap,P2
2025-08-16 00:00:13,2025-08-16 00:07:43,7.5,2025-08-16 00:00:13,415.0,415.0,415.0,0.0,0.0,0.0,0.0,~0-10% cap,P2
2025-08-16 18:45:40,2025-08-16 19:28:10,42.5,2025-08-16 19:02:10,414.0,411.0,414.0,16.5,0.18181818181818182,0.3,0.0,~0-10% cap,P2
2025-08-16 19:44:40,2025-08-16 20:01:40,17.0,2025-08-16 19:53:40,415.0,414.0,414.0,9.0,0.1111111111111111,0.2,0.0,~0-10% cap,P2
2025-08-16 20:15:40,2025-08-16 20:29:39,13.983333333333333,2025-08-16 20:15:40,414.0,414.0,413.0,0.0,0.0,0.0,0.0,~0-10% cap,P2
2025-08-16 20:40:09,2025-08-16 20:56:09,16.0,2025-08-16 20:40:09,413.0,413.0,413.0,0.0,0.0,0.0,0.0,~0-10% cap,P2
2025-08-16 21:08:09,2025-08-16 21:18:09,10.0,2025-08-16 21:08:09,411.0,411.0,411.0,0.0,0.0,0.0,0.0,~0-10% cap,P2
2025-08-16 21:35:39,2025-08-16 21:45:09,9.5,2025-08-16 21:35:39,411.0,411.0,411.0,0.0,0.0,0.0,0.0,~0-10% cap,P2
2025-08-17 06:30:38,2025-08-17 06:57:08,26.5,2025-08-17 06:38:08,413.0,412.0,412.0,7.5,0.13333333333333333,0.2,0.0,~0-10% cap,P2
2025-08-17 07:08:38,2025-08-17 07:22:08,13.5,2025-08-17 07:22:08,414.0,413.0,414.0,13.5,0.07407407407407407,0.1,0.0,~0-10% cap,P2
2025-08-17 07:55:37,2025-08-17 09:08:37,73.0,2025-08-17 07:55:37,414.0,414.0,413.0,0.0,0.0,0.0,0.0,~0-10% cap,P2
2025-08-17 19:25:35,2025-08-17 19:32:35,7.0,2025-08-17 19:25:35,418.0,418.0,418.0,0.0,0.0,0.0,0.0,~0-10% cap,P2
2025-08-17 19:59:05,2025-08-17 20:12:35,13.5,2025-08-17 20:06:05,419.0,418.0,419.0,7.0,0.14285714285714285,0.2,0.0,~0-10% cap,P2
2025-08-17 20:24:05,2025-08-17 20:37:05,13.0,2025-08-17 20:24:35,420.0,419.0,420.0,0.5,2.0,2.8,0.0,10-30% cap,P2
2025-08-17 20:54:05,2025-08-17 20:59:05,5.0,2025-08-17 20:54:05,421.0,421.0,421.0,0.0,0.0,0.0,0.0,~0-10% cap,P2
2025-08-17 21:10:35,2025-08-17 21:57:05,46.5,2025-08-17 21:22:35,423.0,422.0,423.0,12.0,0.08333333333333333,0.1,0.0,~0-10% cap,P2
2025-08-17 22:21:35,2025-08-17 22:45:35,24.0,2025-08-17 22:22:35,425.0,424.0,424.0,1.0,1.0,1.4,0.0,10-30% cap,P2
2025-08-17 22:58:05,2025-08-17 23:24:35,26.5,2025-08-17 23:09:35,425.0,424.0,425.0,11.5,0.08695652173913043,0.1,0.0,~0-10% cap,P2
2025-08-17 23:41:05,2025-08-18 00:00:35,19.5,2025-08-17 23:49:35,426.0,425.0,426.0,8.5,0.11764705882352941,0.2,0.0,~0-10% cap,P2
2025-08-18 00:30:35,2025-08-18 00:39:34,8.983333333333333,2025-08-18 00:30:35,425.0,425.0,425.0,0.0,0.0,0.0,0.0,~0-10% cap,P2
2025-08-18 00:53:34,2025-08-18 01:10:04,16.5,2025-08-18 00:53:34,425.0,425.0,424.0,0.0,0.0,0.0,0.0,~0-10% cap,P2
2025-08-18 01:47:04,2025-08-18 02:06:34,19.5,2025-08-18 01:47:04,423.0,423.0,423.0,0.0,0.0,0.0,0.0,~0-10% cap,P2
2025-08-18 02:23:34,2025-08-18 02:49:04,25.5,2025-08-18 02:23:34,422.0,422.0,422.0,0.0,0.0,0.0,0.0,~0-10% cap,P2
2025-08-18 03:00:04,2025-08-18 03:15:34,15.5,2025-08-18 03:00:04,421.0,421.0,421.0,0.0,0.0,0.0,0.0,~0-10% cap,P2
2025-08-18 03:27:34,2025-08-18 04:47:04,79.5,2025-08-18 03:27:34,422.0,422.0,421.0,0.0,0.0,0.0,0.0,~0-10% cap,P2
2025-08-18 05:04:34,2025-08-18 05:38:04,33.5,2025-08-18 05:15:04,422.0,421.0,421.0,10.5,0.09523809523809523,0.1,0.0,~0-10% cap,P2
2025-08-18 06:04:34,2025-08-18 06:19:33,14.983333333333333,2025-08-18 06:19:03,453.0,422.0,453.0,14.483333333333333,2.140391254315305,2.9,0.0,10-30% cap,P2
2025-08-18 07:56:03,2025-08-18 08:08:33,12.5,2025-08-18 08:08:03,433.0,410.0,433.0,12.0,1.9166666666666667,2.6,0.0,10-30% cap,P2
2025-08-18 08:50:03,2025-08-18 21:18:01,747.9666666666667,2025-08-18 15:37:32,1483.0,411.0,748.0,407.48333333333335,2.6307824450897788,3.6,0.0,30-60% cap,P2
2025-08-19 03:36:00,2025-08-19 03:48:30,12.5,2025-08-19 03:36:00,491.0,491.0,488.0,0.0,0.0,0.0,0.0,~0-10% cap,P2
2025-08-19 06:01:29,2025-08-19 06:08:29,7.0,2025-08-19 06:01:29,471.0,471.0,470.0,0.0,0.0,0.0,0.0,~0-10% cap,P2
2025-08-19 06:25:29,2025-08-19 06:40:29,15.0,2025-08-19 06:25:29,469.0,469.0,468.0,0.0,0.0,0.0,0.0,~0-10% cap,P2
2025-08-19 07:39:59,2025-08-19 07:59:29,19.5,2025-08-19 07:59:29,504.0,466.0,504.0,19.5,1.9487179487179487,2.7,0.0,10-30% cap,P2
2025-08-19 08:27:59,2025-08-19 08:59:29,31.5,2025-08-19 08:58:59,558.0,481.0,558.0,31.0,2.4838709677419355,3.4,0.0,10-30% cap,P2
2025-08-19 09:22:59,2025-08-19 19:58:57,635.9666666666667,2025-08-19 14:45:28,1986.0,534.0,750.0,322.48333333333335,4.502558271745309,6.2,0.1,30-60% cap,P2
2025-08-20 01:09:56,2025-08-20 01:15:26,5.5,2025-08-20 01:09:56,477.0,477.0,475.0,0.0,0.0,0.0,0.0,~0-10% cap,P2
2025-08-20 05:18:25,2025-08-20 05:33:55,15.5,2025-08-20 05:18:25,420.0,420.0,418.0,0.0,0.0,0.0,0.0,~0-10% cap,P2
2025-08-20 08:27:54,2025-08-20 09:03:54,36.0,2025-08-20 09:03:24,481.0,411.0,481.0,35.5,1.971830985915493,2.7,0.0,10-30% cap,P2
2025-08-20 09:21:54,2025-08-20 11:33:25,131.51666666666668,2025-08-20 11:27:25,812.0,473.0,752.0,125.51666666666667,2.7008365422918605,3.7,0.0,30-60% cap,P2
2025-08-20 12:20:55,2025-08-20 12:42:25,21.5,2025-08-20 12:41:55,626.0,617.0,626.0,21.0,0.42857142857142855,0.6,0.0,~0-10% cap,P2
2025-08-20 13:09:25,2025-08-20 19:56:23,406.96666666666664,2025-08-20 16:06:24,1118.0,614.0,749.0,176.98333333333332,2.8477257745550433,3.9,0.0,30-60% cap,P2
2025-08-21 01:59:22,2025-08-21 02:25:52,26.5,2025-08-21 01:59:22,467.0,467.0,458.0,0.0,0.0,0.0,0.0,~0-10% cap,P2
2025-08-21 04:13:52,2025-08-21 04:20:22,6.5,2025-08-21 04:13:52,437.0,437.0,436.0,0.0,0.0,0.0,0.0,~0-10% cap,P2
2025-08-21 05:30:51,2025-08-21 05:39:22,8.516666666666667,2025-08-21 05:30:51,426.0,426.0,425.0,0.0,0.0,0.0,0.0,~0-10% cap,P2
2025-08-21 05:54:51,2025-08-21 06:17:52,23.016666666666666,2025-08-21 05:54:51,424.0,424.0,422.0,0.0,0.0,0.0,0.0,~0-10% cap,P2
2025-08-21 06:40:51,2025-08-21 06:47:21,6.5,2025-08-21 06:40:51,419.0,419.0,418.0,0.0,0.0,0.0,0.0,~0-10% cap,P2
2025-08-21 07:37:51,2025-08-21 08:59:51,82.0,2025-08-21 08:59:51,521.0,415.0,521.0,82.0,1.2926829268292683,1.8,0.0,10-30% cap,P2
2025-08-21 09:21:51,2025-08-21 16:35:19,433.46666666666664,2025-08-21 14:05:20,1228.0,497.0,751.0,283.48333333333335,2.578634840378623,3.6,0.0,30-60% cap,P2
2025-08-21 16:53:19,2025-08-21 18:55:49,122.5,2025-08-21 17:41:49,817.0,710.0,749.0,48.5,2.2061855670103094,3.0,0.0,10-30% cap,P2
2025-08-22 02:54:48,2025-08-22 03:03:18,8.5,2025-08-22 02:54:48,446.0,446.0,443.0,0.0,0.0,0.0,0.0,~0-10% cap,P2
2025-08-22 03:14:18,2025-08-22 03:27:18,13.0,2025-08-22 03:14:18,441.0,441.0,440.0,0.0,0.0,0.0,0.0,~0-10% cap,P2
2025-08-22 05:27:47,2025-08-22 05:55:17,27.5,2025-08-22 05:36:17,425.0,424.0,422.0,8.5,0.11764705882352941,0.2,0.0,~0-10% cap,P2
2025-08-22 06:33:47,2025-08-22 06:38:47,5.0,2025-08-22 06:33:47,420.0,420.0,420.0,0.0,0.0,0.0,0.0,~0-10% cap,P2
2025-08-22 07:14:47,2025-08-22 07:36:17,21.5,2025-08-22 07:14:47,418.0,418.0,416.0,0.0,0.0,0.0,0.0,~0-10% cap,P2
2025-08-22 07:57:47,2025-08-22 11:29:16,211.48333333333332,2025-08-22 11:26:46,760.0,415.0,750.0,208.98333333333332,1.650849350027913,2.3,0.0,10-30% cap,P2
2025-08-22 11:39:46,2025-08-22 20:40:44,540.9666666666667,2025-08-22 15:38:15,929.0,740.0,751.0,238.48333333333332,0.7925082116150675,1.1,0.0,~0-10% cap,P2
2025-08-23 05:39:13,2025-08-23 05:46:43,7.5,2025-08-23 05:39:13,412.0,412.0,411.0,0.0,0.0,0.0,0.0,~0-10% cap,P2
2025-08-24 15:58:37,2025-08-24 16:08:37,10.0,2025-08-24 15:58:37,409.0,409.0,409.0,0.0,0.0,0.0,0.0,~0-10% cap,P2
2025-08-24 18:52:06,2025-08-24 19:16:06,24.0,2025-08-24 19:02:06,427.0,426.0,427.0,10.0,0.1,0.1,0.0,~0-10% cap,P2
2025-08-24 19:43:06,2025-08-24 20:04:06,21.0,2025-08-24 19:48:06,427.0,426.0,427.0,5.0,0.2,0.3,0.0,~0-10% cap,P2
2025-08-24 20:15:06,2025-08-24 20:23:06,8.0,2025-08-24 20:22:36,428.0,427.0,428.0,7.5,0.13333333333333333,0.2,0.0,~0-10% cap,P2
2025-08-24 20:44:36,2025-08-24 20:51:06,6.5,2025-08-24 20:44:36,429.0,429.0,429.0,0.0,0.0,0.0,0.0,~0-10% cap,P2
2025-08-24 21:02:06,2025-08-24 21:40:36,38.5,2025-08-24 21:05:06,430.0,429.0,430.0,3.0,0.3333333333333333,0.5,0.0,~0-10% cap,P2
2025-08-24 21:56:36,2025-08-24 22:04:06,7.5,2025-08-24 22:03:36,431.0,430.0,431.0,7.0,0.14285714285714285,0.2,0.0,~0-10% cap,P2
2025-08-24 22:57:35,2025-08-24 23:28:05,30.5,2025-08-24 22:57:35,431.0,431.0,430.0,0.0,0.0,0.0,0.0,~0-10% cap,P2
2025-08-24 23:41:35,2025-08-24 23:51:35,10.0,2025-08-24 23:41:35,431.0,431.0,431.0,0.0,0.0,0.0,0.0,~0-10% cap,P2
2025-08-25 00:02:05,2025-08-25 01:15:05,73.0,2025-08-25 01:06:35,433.0,431.0,433.0,64.5,0.031007751937984496,0.0,0.0,~0-10% cap,P2
2025-08-25 01:41:35,2025-08-25 04:18:04,156.48333333333332,2025-08-25 02:22:05,436.0,433.0,436.0,40.5,0.07407407407407407,0.1,0.0,~0-10% cap,P2
2025-08-25 04:29:05,2025-08-25 04:35:04,5.983333333333333,2025-08-25 04:29:05,436.0,436.0,436.0,0.0,0.0,0.0,0.0,~0-10% cap,P2
2025-08-25 05:28:34,2025-08-25 05:45:04,16.5,2025-08-25 05:45:04,439.0,437.0,439.0,16.5,0.12121212121212122,0.2,0.0,~0-10% cap,P2
2025-08-25 05:57:34,2025-08-25 06:13:34,16.0,2025-08-25 06:06:04,439.0,438.0,439.0,8.5,0.11764705882352941,0.2,0.0,~0-10% cap,P2
2025-08-25 06:30:34,2025-08-25 06:35:34,5.0,2025-08-25 06:35:04,444.0,421.0,444.0,4.5,5.111111111111111,7.0,0.1,60-90% cap,P2
2025-08-25 08:01:04,2025-08-25 20:57:01,775.95,2025-08-25 14:31:33,1447.0,413.0,751.0,390.48333333333335,2.6480003414571684,3.6,0.0,30-60% cap,P2
2025-08-26 02:02:01,2025-08-26 02:12:31,10.5,2025-08-26 02:02:31,521.0,520.0,518.0,0.5,2.0,2.8,0.0,10-30% cap,P2
2025-08-26 04:46:30,2025-08-26 04:52:30,6.0,2025-08-26 04:46:30,481.0,481.0,479.0,0.0,0.0,0.0,0.0,~0-10% cap,P2
2025-08-26 05:04:00,2025-08-26 05:16:00,12.0,2025-08-26 05:04:00,479.0,479.0,479.0,0.0,0.0,0.0,0.0,~0-10% cap,P2
2025-08-26 05:39:30,2025-08-26 05:47:00,7.5,2025-08-26 05:39:30,476.0,476.0,476.0,0.0,0.0,0.0,0.0,~0-10% cap,P2
2025-08-26 05:58:30,2025-08-26 06:03:30,5.0,2025-08-26 05:58:30,476.0,476.0,475.0,0.0,0.0,0.0,0.0,~0-10% cap,P2
2025-08-26 06:20:00,2025-08-26 06:27:30,7.5,2025-08-26 06:20:00,473.0,473.0,473.0,0.0,0.0,0.0,0.0,~0-10% cap,P2
2025-08-26 06:58:00,2025-08-26 07:09:30,11.5,2025-08-26 06:58:00,469.0,469.0,469.0,0.0,0.0,0.0,0.0,~0-10% cap,P2
2025-08-26 07:30:00,2025-08-26 19:56:27,746.45,2025-08-26 14:53:28,1903.0,468.0,749.0,443.46666666666664,3.2358689116055324,4.5,0.1,30-60% cap,P2
2025-08-27 08:00:29,2025-08-27 08:36:29,36.0,2025-08-27 08:35:59,456.0,413.0,456.0,35.5,1.2112676056338028,1.7,0.0,10-30% cap,P2
2025-08-28 09:01:54,2025-08-28 14:16:23,314.48333333333335,2025-08-28 10:57:54,1344.0,449.0,673.0,116.0,7.7155172413793105,8.0,0.1,60-90% cap,P2
2025-08-28 14:29:53,2025-08-28 16:11:23,101.5,2025-08-28 14:47:23,682.0,621.0,649.0,17.5,3.4857142857142858,4.8,0.1,30-60% cap,P2
2025-08-28 16:42:23,2025-08-28 16:49:53,7.5,2025-08-28 16:44:23,619.0,614.0,615.0,2.0,2.5,3.4,0.0,30-60% cap,P2
2025-08-28 17:02:23,2025-08-28 17:29:52,27.483333333333334,2025-08-28 17:18:22,598.0,579.0,587.0,15.983333333333333,1.18873826903024,1.6,0.0,10-30% cap,P2
2025-08-28 17:41:22,2025-08-28 18:00:22,19.0,2025-08-28 17:59:52,582.0,567.0,582.0,18.5,0.8108108108108109,1.1,0.0,~0-10% cap,P2
2025-08-28 19:16:52,2025-08-28 19:25:52,9.0,2025-08-28 19:16:52,555.0,555.0,550.0,0.0,0.0,0.0,0.0,~0-10% cap,P2
2025-08-28 20:19:52,2025-08-28 20:38:52,19.0,2025-08-28 20:23:52,514.0,513.0,514.0,4.0,0.25,0.3,0.0,~0-10% cap,P2
2025-08-29 00:15:51,2025-08-29 00:25:52,10.016666666666667,2025-08-29 00:15:51,439.0,439.0,437.0,0.0,0.0,0.0,0.0,~0-10% cap,P2
2025-08-29 01:34:21,2025-08-29 02:01:21,27.0,2025-08-29 01:34:51,430.0,429.0,427.0,0.5,2.0,2.8,0.0,10-30% cap,P2
2025-08-29 02:39:21,2025-08-29 02:46:21,7.0,2025-08-29 02:39:21,426.0,426.0,425.0,0.0,0.0,0.0,0.0,~0-10% cap,P2
2025-08-29 02:58:51,2025-08-29 03:09:51,11.0,2025-08-29 02:58:51,425.0,425.0,424.0,0.0,0.0,0.0,0.0,~0-10% cap,P2
2025-08-29 03:53:52,2025-08-29 04:05:29,11.616666666666667,2025-08-29 03:53:52,424.0,424.0,424.0,0.0,0.0,0.0,0.0,~0-10% cap,P2
2025-08-29 04:20:28,2025-08-29 04:40:52,20.4,2025-08-29 04:20:28,423.0,423.0,423.0,0.0,0.0,0.0,0.0,~0-10% cap,P2
2025-08-29 05:09:45,2025-08-29 05:15:09,5.4,2025-08-29 05:09:45,423.0,423.0,423.0,0.0,0.0,0.0,0.0,~0-10% cap,P2
2025-08-29 11:27:00,2025-08-29 12:19:09,52.15,2025-08-29 12:19:09,447.0,445.0,447.0,52.15,0.038350910834132314,0.1,0.0,~0-10% cap,P2
2025-08-29 17:41:00,2025-08-29 17:50:34,9.566666666666666,2025-08-29 17:41:01,1148.0,601.0,757.0,0.016666666666666666,37080.0,8.0,8.0,>=90% cap,P2
2025-08-29 23:09:03,2025-08-29 23:18:03,9.0,2025-08-29 23:09:03,424.0,424.0,424.0,0.0,0.0,0.0,0.0,~0-10% cap,P2
2025-08-30 00:22:33,2025-08-30 00:35:33,13.0,2025-08-30 00:22:33,412.0,412.0,412.0,0.0,0.0,0.0,0.0,~0-10% cap,P2
2025-08-30 08:08:02,2025-08-30 08:33:31,25.483333333333334,2025-08-30 08:08:02,410.0,410.0,410.0,0.0,0.0,0.0,0.0,~0-10% cap,P2
2025-08-30 18:04:00,2025-08-30 18:31:30,27.5,2025-08-30 18:04:00,409.0,409.0,409.0,0.0,0.0,0.0,0.0,~0-10% cap,P2
2025-08-30 19:28:59,2025-08-30 20:21:29,52.5,2025-08-30 19:38:29,420.0,418.0,420.0,9.5,0.21052631578947367,0.3,0.0,~0-10% cap,P2
2025-08-30 20:33:29,2025-08-30 22:05:59,92.5,2025-08-30 21:16:29,422.0,420.0,422.0,43.0,0.046511627906976744,0.1,0.0,~0-10% cap,P2
2025-08-30 22:18:59,2025-08-30 22:43:59,25.0,2025-08-30 22:30:29,423.0,422.0,422.0,11.5,0.08695652173913043,0.1,0.0,~0-10% cap,P2
2025-08-30 23:20:59,2025-08-31 00:23:29,62.5,2025-08-31 00:04:29,424.0,422.0,424.0,43.5,0.04597701149425287,0.1,0.0,~0-10% cap,P2
2025-08-31 00:37:28,2025-08-31 01:32:58,55.5,2025-08-31 00:54:58,425.0,423.0,424.0,17.5,0.11428571428571428,0.2,0.0,~0-10% cap,P2
2025-08-31 01:53:58,2025-08-31 02:14:58,21.0,2025-08-31 01:56:58,424.0,423.0,424.0,3.0,0.3333333333333333,0.5,0.0,~0-10% cap,P2
2025-08-31 02:26:58,2025-08-31 02:51:58,25.0,2025-08-31 02:41:58,426.0,424.0,424.0,15.0,0.13333333333333333,0.2,0.0,~0-10% cap,P2
2025-08-31 03:09:58,2025-08-31 03:20:58,11.0,2025-08-31 03:20:28,426.0,425.0,426.0,10.5,0.09523809523809523,0.1,0.0,~0-10% cap,P2
2025-08-31 03:47:58,2025-08-31 03:52:58,5.0,2025-08-31 03:47:58,425.0,425.0,425.0,0.0,0.0,0.0,0.0,~0-10% cap,P2
2025-08-31 04:17:28,2025-08-31 04:40:28,23.0,2025-08-31 04:34:58,428.0,426.0,428.0,17.5,0.11428571428571428,0.2,0.0,~0-10% cap,P2
2025-08-31 05:00:28,2025-08-31 05:15:58,15.5,2025-08-31 05:00:28,428.0,428.0,428.0,0.0,0.0,0.0,0.0,~0-10% cap,P2
2025-08-31 05:28:58,2025-08-31 06:06:27,37.483333333333334,2025-08-31 05:51:28,430.0,428.0,430.0,22.5,0.08888888888888889,0.1,0.0,~0-10% cap,P2
2025-08-31 06:21:57,2025-08-31 06:26:57,5.0,2025-08-31 06:26:57,431.0,430.0,431.0,5.0,0.2,0.3,0.0,~0-10% cap,P2
2025-08-31 06:45:57,2025-08-31 07:19:27,33.5,2025-08-31 07:19:27,435.0,431.0,435.0,33.5,0.11940298507462686,0.2,0.0,~0-10% cap,P2
2025-08-31 07:30:27,2025-08-31 07:43:57,13.5,2025-08-31 07:43:27,435.0,434.0,435.0,13.0,0.07692307692307693,0.1,0.0,~0-10% cap,P2
2025-08-31 08:16:57,2025-08-31 08:22:57,6.0,2025-08-31 08:22:27,437.0,436.0,437.0,5.5,0.18181818181818182,0.3,0.0,~0-10% cap,P2
2025-08-31 08:39:27,2025-08-31 09:25:27,46.0,2025-08-31 09:06:27,441.0,438.0,440.0,27.0,0.1111111111111111,0.2,0.0,~0-10% cap,P2
2025-08-31 09:39:27,2025-08-31 09:45:27,6.0,2025-08-31 09:39:27,438.0,438.0,437.0,0.0,0.0,0.0,0.0,~0-10% cap,P2
2025-08-31 11:39:56,2025-08-31 11:44:57,5.016666666666667,2025-08-31 11:39:56,416.0,416.0,415.0,0.0,0.0,0.0,0.0,~0-10% cap,P2
2025-08-31 16:09:26,2025-08-31 16:48:26,39.0,2025-08-31 16:44:56,413.0,411.0,413.0,35.5,0.056338028169014086,0.1,0.0,~0-10% cap,P2
2025-08-31 17:04:56,2025-08-31 17:22:56,18.0,2025-08-31 17:22:26,415.0,413.0,415.0,17.5,0.11428571428571428,0.2,0.0,~0-10% cap,P2
2025-08-31 17:34:25,2025-08-31 17:54:55,20.5,2025-08-31 17:44:25,416.0,414.0,416.0,10.0,0.2,0.3,0.0,~0-10% cap,P2
2025-08-31 18:29:55,2025-08-31 18:45:25,15.5,2025-08-31 18:44:55,419.0,417.0,419.0,15.0,0.13333333333333333,0.2,0.0,~0-10% cap,P2
2025-08-31 18:56:25,2025-08-31 19:05:25,9.0,2025-08-31 18:57:55,419.0,418.0,419.0,1.5,0.6666666666666666,0.9,0.0,~0-10% cap,P2
2025-08-31 19:16:25,2025-08-31 19:36:25,20.0,2025-08-31 19:35:55,424.0,418.0,424.0,19.5,0.3076923076923077,0.4,0.0,~0-10% cap,P2
2025-08-31 20:24:25,2025-08-31 20:47:25,23.0,2025-08-31 20:32:55,429.0,428.0,429.0,8.5,0.11764705882352941,0.2,0.0,~0-10% cap,P2
2025-08-31 21:16:25,2025-08-31 22:51:25,95.0,2025-08-31 22:50:55,440.0,431.0,440.0,94.5,0.09523809523809523,0.1,0.0,~0-10% cap,P2
2025-08-31 23:31:54,2025-08-31 23:42:54,11.0,2025-08-31 23:31:54,439.0,439.0,439.0,0.0,0.0,0.0,0.0,~0-10% cap,P2
2025-08-31 23:54:54,2025-09-01 00:05:54,11.0,2025-08-31 23:54:54,440.0,440.0,439.0,0.0,0.0,0.0,0.0,~0-10% cap,P2
2025-09-01 00:16:54,2025-09-01 00:21:54,5.0,2025-09-01 00:16:54,439.0,439.0,438.0,0.0,0.0,0.0,0.0,~0-10% cap,P2
2025-09-01 01:08:24,2025-09-01 01:33:54,25.5,2025-09-01 01:11:54,439.0,438.0,438.0,3.5,0.2857142857142857,0.4,0.0,~0-10% cap,P2
2025-09-01 01:46:54,2025-09-01 02:11:54,25.0,2025-09-01 01:54:54,438.0,437.0,438.0,8.0,0.125,0.2,0.0,~0-10% cap,P2
2025-09-01 02:31:24,2025-09-01 03:00:54,29.5,2025-09-01 03:00:24,439.0,438.0,439.0,29.0,0.034482758620689655,0.0,0.0,~0-10% cap,P2
2025-09-01 03:11:24,2025-09-01 03:16:24,5.0,2025-09-01 03:11:24,439.0,439.0,439.0,0.0,0.0,0.0,0.0,~0-10% cap,P2
2025-09-01 03:43:54,2025-09-01 03:59:54,16.0,2025-09-01 03:56:24,438.0,437.0,438.0,12.5,0.08,0.1,0.0,~0-10% cap,P2
2025-09-01 04:26:24,2025-09-01 04:48:24,22.0,2025-09-01 04:47:53,440.0,438.0,440.0,21.483333333333334,0.09309542280837858,0.1,0.0,~0-10% cap,P2
2025-09-01 05:11:23,2025-09-01 06:07:53,56.5,2025-09-01 06:02:23,443.0,440.0,443.0,51.0,0.058823529411764705,0.1,0.0,~0-10% cap,P2
2025-09-01 06:24:23,2025-09-01 06:31:23,7.0,2025-09-01 06:25:23,447.0,444.0,447.0,1.0,3.0,4.1,0.1,30-60% cap,P2
2025-09-01 07:56:53,2025-09-01 10:46:23,169.5,2025-09-01 10:45:53,680.0,410.0,680.0,169.0,1.5976331360946745,2.2,0.0,10-30% cap,P2
2025-09-01 10:59:53,2025-09-01 12:02:24,62.516666666666666,2025-09-01 11:50:53,718.0,657.0,679.0,51.0,1.196078431372549,1.6,0.0,10-30% cap,P2
2025-09-01 12:31:23,2025-09-01 13:22:23,51.0,2025-09-01 13:20:53,768.0,622.0,758.0,49.5,2.9494949494949494,4.1,0.1,30-60% cap,P2
2025-09-01 13:32:53,2025-09-01 16:12:22,159.48333333333332,2025-09-01 15:37:53,1269.0,686.0,751.0,125.0,4.664,6.4,0.1,30-60% cap,P2
2025-09-01 16:43:52,2025-09-01 17:26:22,42.5,2025-09-01 17:24:22,681.0,650.0,680.0,40.5,0.7654320987654321,1.1,0.0,~0-10% cap,P2
2025-09-01 19:29:52,2025-09-01 20:11:22,41.5,2025-09-01 19:45:52,624.0,593.0,622.0,16.0,1.9375,2.7,0.0,10-30% cap,P2
2025-09-02 00:05:51,2025-09-02 00:24:21,18.5,2025-09-02 00:05:51,482.0,482.0,480.0,0.0,0.0,0.0,0.0,~0-10% cap,P2
2025-09-02 00:55:21,2025-09-02 01:04:51,9.5,2025-09-02 00:55:21,475.0,475.0,474.0,0.0,0.0,0.0,0.0,~0-10% cap,P2
2025-09-02 01:23:21,2025-09-02 01:33:51,10.5,2025-09-02 01:23:21,472.0,472.0,472.0,0.0,0.0,0.0,0.0,~0-10% cap,P2
2025-09-02 01:46:51,2025-09-02 01:54:21,7.5,2025-09-02 01:46:51,470.0,470.0,470.0,0.0,0.0,0.0,0.0,~0-10% cap,P2
2025-09-02 02:05:51,2025-09-02 02:39:51,34.0,2025-09-02 02:05:51,468.0,468.0,468.0,0.0,0.0,0.0,0.0,~0-10% cap,P2
2025-09-02 02:55:51,2025-09-02 03:25:20,29.483333333333334,2025-09-02 03:09:21,468.0,467.0,466.0,13.5,0.07407407407407407,0.1,0.0,~0-10% cap,P2
2025-09-02 03:38:50,2025-09-02 04:10:50,32.0,2025-09-02 03:38:50,466.0,466.0,465.0,0.0,0.0,0.0,0.0,~0-10% cap,P2
2025-09-02 04:31:20,2025-09-02 04:44:50,13.5,2025-09-02 04:34:50,466.0,465.0,465.0,3.5,0.2857142857142857,0.4,0.0,~0-10% cap,P2
2025-09-02 04:55:20,2025-09-02 05:44:20,49.0,2025-09-02 05:18:20,466.0,465.0,465.0,23.0,0.043478260869565216,0.1,0.0,~0-10% cap,P2
2025-09-02 06:02:20,2025-09-02 06:57:20,55.0,2025-09-02 06:23:50,467.0,466.0,465.0,21.5,0.046511627906976744,0.1,0.0,~0-10% cap,P2
2025-09-02 07:21:20,2025-09-02 07:43:50,22.5,2025-09-02 07:43:20,470.0,462.0,470.0,22.0,0.36363636363636365,0.5,0.0,~0-10% cap,P2
2025-09-02 08:00:50,2025-09-02 10:46:49,165.98333333333332,2025-09-02 10:32:19,733.0,454.0,729.0,151.48333333333332,1.841786775222797,2.5,0.0,10-30% cap,P2
2025-09-02 10:59:19,2025-09-02 12:11:19,72.0,2025-09-02 11:11:19,706.0,683.0,689.0,12.0,1.9166666666666667,2.6,0.0,10-30% cap,P2
2025-09-02 12:25:19,2025-09-02 18:05:48,340.48333333333335,2025-09-02 14:40:48,1488.0,677.0,750.0,135.48333333333332,5.985976134825933,8.0,0.1,60-90% cap,P2
2025-09-02 18:42:48,2025-09-02 19:03:18,20.5,2025-09-02 18:44:18,720.0,719.0,716.0,1.5,0.6666666666666666,0.9,0.0,~0-10% cap,P2
2025-09-03 01:58:19,2025-09-03 02:16:49,18.5,2025-09-03 01:58:19,425.0,425.0,424.0,0.0,0.0,0.0,0.0,~0-10% cap,P2
2025-09-03 13:13:33,2025-09-04 10:00:07,1246.5666666666666,2025-09-04 09:59:36,568.0,475.0,568.0,1246.05,0.07463584928373661,0.1,0.0,~0-10% cap,P2
2025-09-04 10:11:07,2025-09-04 10:41:06,29.983333333333334,2025-09-04 10:40:36,592.0,566.0,592.0,29.483333333333334,0.8818541548897681,1.2,0.0,~0-10% cap,P2
2025-09-04 10:53:36,2025-09-04 11:32:36,39.0,2025-09-04 11:32:06,630.0,567.0,630.0,38.5,1.6363636363636365,2.3,0.0,10-30% cap,P2
2025-09-04 12:32:06,2025-09-04 13:30:06,58.0,2025-09-04 13:25:06,669.0,503.0,668.0,53.0,3.1320754716981134,4.3,0.1,30-60% cap,P2
2025-09-04 14:28:36,2025-09-04 14:40:36,12.0,2025-09-04 14:40:36,445.0,437.0,445.0,12.0,0.6666666666666666,0.9,0.0,~0-10% cap,P2
2025-09-04 14:59:06,2025-09-04 16:38:35,99.48333333333333,2025-09-04 16:26:05,606.0,424.0,603.0,86.98333333333333,2.092354857252347,2.9,0.0,10-30% cap,P2
2025-09-04 18:16:35,2025-09-04 18:43:35,27.0,2025-09-04 18:43:35,588.0,500.0,588.0,27.0,3.259259259259259,4.5,0.1,30-60% cap,P2
2025-09-04 19:01:35,2025-09-04 19:11:35,10.0,2025-09-04 19:11:05,549.0,548.0,549.0,9.5,0.10526315789473684,0.1,0.0,~0-10% cap,P2
2025-09-04 19:52:35,2025-09-04 19:59:35,7.0,2025-09-04 19:59:35,553.0,525.0,553.0,7.0,4.0,5.5,0.1,30-60% cap,P2
2025-09-04 20:22:35,2025-09-04 20:32:05,9.5,2025-09-04 20:31:35,533.0,530.0,533.0,9.0,0.3333333333333333,0.5,0.0,~0-10% cap,P2
2025-09-04 21:31:34,2025-09-04 21:39:04,7.5,2025-09-04 21:31:34,480.0,480.0,480.0,0.0,0.0,0.0,0.0,~0-10% cap,P2
2025-09-05 01:17:34,2025-09-05 01:26:34,9.0,2025-09-05 01:17:34,417.0,417.0,417.0,0.0,0.0,0.0,0.0,~0-10% cap,P2
2025-09-05 01:43:04,2025-09-05 01:59:34,16.5,2025-09-05 01:43:04,416.0,416.0,415.0,0.0,0.0,0.0,0.0,~0-10% cap,P2
2025-09-05 08:25:03,2025-09-05 08:48:32,23.483333333333334,2025-09-05 08:48:02,419.0,413.0,419.0,22.983333333333334,0.2610587382160986,0.4,0.0,~0-10% cap,P2
2025-09-05 09:25:33,2025-09-05 10:11:09,45.6,2025-09-05 10:10:39,565.0,415.0,565.0,45.1,3.325942350332594,4.6,0.1,30-60% cap,P2
2025-09-05 10:28:39,2025-09-05 11:35:09,66.5,2025-09-05 11:34:39,651.0,511.0,651.0,66.0,2.121212121212121,2.9,0.0,10-30% cap,P2
2025-09-05 11:49:39,2025-09-05 12:04:09,14.5,2025-09-05 11:58:09,598.0,588.0,590.0,8.5,1.1764705882352942,1.6,0.0,10-30% cap,P2
2025-09-05 12:28:39,2025-09-05 13:27:38,58.983333333333334,2025-09-05 13:26:08,730.0,565.0,718.0,57.483333333333334,2.870397216584517,4.0,0.0,30-60% cap,P2
2025-09-05 13:46:38,2025-09-05 15:40:08,113.5,2025-09-05 15:33:38,940.0,612.0,751.0,107.0,3.0654205607476634,4.2,0.1,30-60% cap,P2
2025-09-05 16:14:08,2025-09-05 16:43:38,29.5,2025-09-05 16:43:38,602.0,533.0,602.0,29.5,2.3389830508474576,3.2,0.0,10-30% cap,P2
2025-09-05 16:54:08,2025-09-05 17:32:43,38.583333333333336,2025-09-05 17:09:38,600.0,570.0,577.0,15.5,1.935483870967742,2.7,0.0,10-30% cap,P2
2025-09-05 18:01:43,2025-09-05 18:10:13,8.5,2025-09-05 18:10:13,561.0,552.0,561.0,8.5,1.0588235294117647,1.5,0.0,10-30% cap,P2
2025-09-05 18:42:43,2025-09-05 18:53:12,10.483333333333333,2025-09-05 18:45:42,535.0,534.0,533.0,2.9833333333333334,0.33519553072625696,0.5,0.0,~0-10% cap,P2
2025-09-05 19:50:12,2025-09-05 20:02:42,12.5,2025-09-05 19:50:12,487.0,487.0,483.0,0.0,0.0,0.0,0.0,~0-10% cap,P2
2025-09-05 23:19:42,2025-09-05 23:52:12,32.5,2025-09-05 23:19:42,425.0,425.0,418.0,0.0,0.0,0.0,0.0,~0-10% cap,P2
2025-09-07 03:53:54,2025-09-07 04:34:02,40.13333333333333,2025-09-07 04:33:32,449.0,432.0,449.0,39.63333333333333,0.4541631623212784,0.6,0.0,~0-10% cap,P2
2025-09-07 04:59:32,2025-09-07 05:23:33,24.016666666666666,2025-09-07 05:18:02,452.0,450.0,452.0,18.5,0.10810810810810811,0.1,0.0,~0-10% cap,P2
2025-09-07 05:42:02,2025-09-07 06:06:32,24.5,2025-09-07 05:54:02,454.0,452.0,454.0,12.0,0.16666666666666666,0.2,0.0,~0-10% cap,P2
2025-09-07 06:21:32,2025-09-07 07:28:32,67.0,2025-09-07 06:37:32,456.0,455.0,456.0,16.0,0.0625,0.1,0.0,~0-10% cap,P2
2025-09-07 07:51:32,2025-09-07 08:40:02,48.5,2025-09-07 07:52:02,456.0,455.0,456.0,0.5,2.0,2.8,0.0,10-30% cap,P2
2025-09-07 08:56:32,2025-09-07 09:08:02,11.5,2025-09-07 08:56:32,455.0,455.0,454.0,0.0,0.0,0.0,0.0,~0-10% cap,P2
2025-09-07 09:19:02,2025-09-07 09:51:01,31.983333333333334,2025-09-07 09:19:02,454.0,454.0,454.0,0.0,0.0,0.0,0.0,~0-10% cap,P2
2025-09-07 11:11:01,2025-09-07 11:19:31,8.5,2025-09-07 11:11:01,442.0,442.0,441.0,0.0,0.0,0.0,0.0,~0-10% cap,P2
2025-09-07 12:05:01,2025-09-07 12:16:32,11.516666666666667,2025-09-07 12:05:01,431.0,431.0,429.0,0.0,0.0,0.0,0.0,~0-10% cap,P2
2025-09-07 12:49:31,2025-09-07 13:07:31,18.0,2025-09-07 12:51:31,423.0,422.0,421.0,2.0,0.5,0.7,0.0,~0-10% cap,P2
2025-09-07 13:18:31,2025-09-07 14:08:01,49.5,2025-09-07 14:07:31,423.0,420.0,423.0,49.0,0.061224489795918366,0.1,0.0,~0-10% cap,P2
2025-09-07 14:24:31,2025-09-07 15:28:30,63.983333333333334,2025-09-07 15:23:00,434.0,424.0,434.0,58.483333333333334,0.17098888572242804,0.2,0.0,~0-10% cap,P2
2025-09-07 15:51:30,2025-09-07 16:09:00,17.5,2025-09-07 16:04:01,436.0,435.0,435.0,12.516666666666667,0.07989347536617843,0.1,0.0,~0-10% cap,P2
2025-09-07 16:47:30,2025-09-07 16:56:31,9.016666666666667,2025-09-07 16:47:30,436.0,436.0,436.0,0.0,0.0,0.0,0.0,~0-10% cap,P2
2025-09-07 17:07:30,2025-09-07 17:42:30,35.0,2025-09-07 17:19:30,437.0,436.0,436.0,12.0,0.08333333333333333,0.1,0.0,~0-10% cap,P2
2025-09-07 18:39:00,2025-09-07 18:59:00,20.0,2025-09-07 18:44:30,434.0,433.0,433.0,5.5,0.18181818181818182,0.3,0.0,~0-10% cap,P2
2025-09-07 19:12:00,2025-09-07 19:43:00,31.0,2025-09-07 19:31:00,435.0,433.0,435.0,19.0,0.10526315789473684,0.1,0.0,~0-10% cap,P2
2025-09-07 19:55:00,2025-09-07 21:30:29,95.48333333333333,2025-09-07 19:55:00,435.0,435.0,427.0,0.0,0.0,0.0,0.0,~0-10% cap,P2
2025-09-07 21:43:59,2025-09-07 21:55:29,11.5,2025-09-07 21:43:59,426.0,426.0,426.0,0.0,0.0,0.0,0.0,~0-10% cap,P2
2025-09-07 22:33:59,2025-09-07 22:41:59,8.0,2025-09-07 22:33:59,425.0,425.0,424.0,0.0,0.0,0.0,0.0,~0-10% cap,P2
2025-09-07 23:04:59,2025-09-07 23:34:29,29.5,2025-09-07 23:05:59,426.0,425.0,425.0,1.0,1.0,1.4,0.0,10-30% cap,P2
2025-09-07 23:57:29,2025-09-08 00:03:59,6.5,2025-09-08 00:03:29,424.0,423.0,424.0,6.0,0.16666666666666666,0.2,0.0,~0-10% cap,P2
2025-09-08 00:16:59,2025-09-08 01:04:29,47.5,2025-09-08 00:16:59,423.0,423.0,422.0,0.0,0.0,0.0,0.0,~0-10% cap,P2
2025-09-08 01:15:29,2025-09-08 01:33:59,18.5,2025-09-08 01:15:29,421.0,421.0,421.0,0.0,0.0,0.0,0.0,~0-10% cap,P2
2025-09-08 02:03:59,2025-09-08 02:24:58,20.983333333333334,2025-09-08 02:03:59,421.0,421.0,421.0,0.0,0.0,0.0,0.0,~0-10% cap,P2
2025-09-08 02:50:58,2025-09-08 02:59:58,9.0,2025-09-08 02:50:58,421.0,421.0,421.0,0.0,0.0,0.0,0.0,~0-10% cap,P2
2025-09-08 03:13:28,2025-09-08 03:20:58,7.5,2025-09-08 03:16:28,422.0,421.0,422.0,3.0,0.3333333333333333,0.5,0.0,~0-10% cap,P2
2025-09-08 03:41:58,2025-09-08 03:55:58,14.0,2025-09-08 03:47:29,423.0,421.0,422.0,5.516666666666667,0.36253776435045315,0.5,0.0,~0-10% cap,P2
2025-09-08 04:07:28,2025-09-08 04:49:28,42.0,2025-09-08 04:47:58,424.0,422.0,424.0,40.5,0.04938271604938271,0.1,0.0,~0-10% cap,P2
2025-09-08 05:08:28,2025-09-08 05:22:28,14.0,2025-09-08 05:21:58,426.0,424.0,426.0,13.5,0.14814814814814814,0.2,0.0,~0-10% cap,P2
2025-09-08 05:35:28,2025-09-08 06:19:58,44.5,2025-09-08 06:19:58,446.0,425.0,446.0,44.5,0.47191011235955055,0.7,0.0,~0-10% cap,P2
2025-09-08 07:59:27,2025-09-08 08:14:28,15.016666666666667,2025-09-08 08:14:28,422.0,410.0,422.0,15.016666666666667,0.7991120976692563,1.1,0.0,~0-10% cap,P2
2025-09-09 08:55:01,2025-09-09 11:59:01,184.0,2025-09-09 11:43:31,733.0,505.0,710.0,168.5,1.3531157270029674,1.9,0.0,10-30% cap,P2
2025-09-09 12:28:31,2025-09-09 12:37:31,9.0,2025-09-09 12:37:01,659.0,600.0,659.0,8.5,6.9411764705882355,8.0,0.1,60-90% cap,P2
2025-09-09 13:00:01,2025-09-09 16:59:00,238.98333333333332,2025-09-09 14:38:00,1295.0,601.0,754.0,97.98333333333333,7.082837217213812,8.0,0.1,60-90% cap,P2
2025-09-09 17:18:00,2025-09-09 18:35:59,77.98333333333333,2025-09-09 18:10:30,726.0,696.0,720.0,52.5,0.5714285714285714,0.8,0.0,~0-10% cap,P2
2025-09-10 00:13:58,2025-09-10 00:19:59,6.016666666666667,2025-09-10 00:13:58,473.0,473.0,472.0,0.0,0.0,0.0,0.0,~0-10% cap,P2
2025-09-10 01:05:58,2025-09-10 01:12:58,7.0,2025-09-10 01:07:28,460.0,459.0,460.0,1.5,0.6666666666666666,0.9,0.0,~0-10% cap,P2
2025-09-10 01:27:28,2025-09-10 01:46:58,19.5,2025-09-10 01:28:28,458.0,457.0,454.0,1.0,1.0,1.4,0.0,10-30% cap,P2
2025-09-10 02:38:58,2025-09-10 03:58:58,80.0,2025-09-10 02:38:58,449.0,449.0,446.0,0.0,0.0,0.0,0.0,~0-10% cap,P2
2025-09-10 04:14:28,2025-09-10 04:36:58,22.5,2025-09-10 04:25:28,447.0,446.0,446.0,11.0,0.09090909090909091,0.1,0.0,~0-10% cap,P2
2025-09-10 04:49:58,2025-09-10 05:20:58,31.0,2025-09-10 04:52:58,445.0,444.0,444.0,3.0,0.3333333333333333,0.5,0.0,~0-10% cap,P2
2025-09-10 05:32:28,2025-09-10 05:52:57,20.483333333333334,2025-09-10 05:32:28,444.0,444.0,444.0,0.0,0.0,0.0,0.0,~0-10% cap,P2
2025-09-10 06:27:27,2025-09-10 06:51:27,24.0,2025-09-10 06:27:27,441.0,441.0,440.0,0.0,0.0,0.0,0.0,~0-10% cap,P2
2025-09-10 07:11:27,2025-09-10 07:21:28,10.016666666666667,2025-09-10 07:11:27,440.0,440.0,439.0,0.0,0.0,0.0,0.0,~0-10% cap,P2
2025-09-10 07:47:57,2025-09-10 11:12:57,205.0,2025-09-10 11:02:27,754.0,438.0,728.0,194.5,1.6246786632390746,2.2,0.0,10-30% cap,P2
2025-09-10 11:47:27,2025-09-10 11:56:26,8.983333333333333,2025-09-10 11:55:56,619.0,593.0,619.0,8.483333333333333,3.06483300589391,4.2,0.1,30-60% cap,P2
2025-09-10 12:26:26,2025-09-10 16:06:56,220.5,2025-09-10 14:08:26,968.0,501.0,680.0,102.0,4.578431372549019,6.3,0.1,30-60% cap,P2
2025-09-10 16:17:26,2025-09-10 16:43:56,26.5,2025-09-10 16:41:26,709.0,656.0,708.0,24.0,2.2083333333333335,3.0,0.0,10-30% cap,P2
2025-09-10 18:24:55,2025-09-10 18:39:25,14.5,2025-09-10 18:38:55,478.0,452.0,478.0,14.0,1.8571428571428572,2.6,0.0,10-30% cap,P2
2025-09-10 18:58:55,2025-09-10 19:10:55,12.0,2025-09-10 19:10:25,458.0,434.0,458.0,11.5,2.0869565217391304,2.9,0.0,10-30% cap,P2
2025-09-10 19:26:55,2025-09-10 19:42:25,15.5,2025-09-10 19:41:55,442.0,424.0,442.0,15.0,1.2,1.7,0.0,10-30% cap,P2
2025-09-10 19:55:25,2025-09-10 20:46:55,51.5,2025-09-10 20:15:55,433.0,416.0,426.0,20.5,0.8292682926829268,1.1,0.0,~0-10% cap,P2
2025-09-10 21:03:25,2025-09-10 21:14:55,11.5,2025-09-10 21:11:25,419.0,411.0,419.0,8.0,1.0,1.4,0.0,10-30% cap,P2
2025-09-10 21:38:25,2025-09-10 21:47:25,9.0,2025-09-10 21:46:55,415.0,411.0,415.0,8.5,0.47058823529411764,0.6,0.0,~0-10% cap,P2
2025-09-11 08:37:23,2025-09-11 11:46:22,188.98333333333332,2025-09-11 11:15:22,1168.0,412.0,648.0,157.98333333333332,4.785314906635722,6.6,0.1,30-60% cap,P2
2025-09-11 11:58:22,2025-09-11 12:15:52,17.5,2025-09-11 12:04:22,598.0,584.0,591.0,6.0,2.3333333333333335,3.2,0.0,10-30% cap,P2
2025-09-11 12:34:52,2025-09-11 15:18:21,163.48333333333332,2025-09-11 14:54:22,982.0,563.0,752.0,139.5,3.003584229390681,4.1,0.1,30-60% cap,P2
2025-09-11 15:30:21,2025-09-11 15:47:21,17.0,2025-09-11 15:45:21,739.0,723.0,736.0,15.0,1.0666666666666667,1.5,0.0,10-30% cap,P2
2025-09-11 15:57:51,2025-09-11 16:28:21,30.5,2025-09-11 16:25:22,707.0,686.0,706.0,27.516666666666666,0.7631738340399759,1.1,0.0,~0-10% cap,P2
2025-09-11 16:46:22,2025-09-11 17:19:51,33.483333333333334,2025-09-11 16:47:21,627.0,624.0,610.0,0.9833333333333333,3.050847457627119,4.2,0.1,30-60% cap,P2
2025-09-11 17:30:51,2025-09-11 17:44:51,14.0,2025-09-11 17:30:51,591.0,591.0,580.0,0.0,0.0,0.0,0.0,~0-10% cap,P2
2025-09-11 17:55:21,2025-09-11 18:48:21,53.0,2025-09-11 18:32:51,611.0,572.0,606.0,37.5,1.04,1.4,0.0,10-30% cap,P2
2025-09-11 23:40:20,2025-09-11 23:50:20,10.0,2025-09-11 23:40:20,435.0,435.0,435.0,0.0,0.0,0.0,0.0,~0-10% cap,P2
2025-09-12 00:09:50,2025-09-12 00:18:20,8.5,2025-09-12 00:09:50,433.0,433.0,433.0,0.0,0.0,0.0,0.0,~0-10% cap,P2
2025-09-12 00:52:50,2025-09-12 01:40:50,48.0,2025-09-12 00:52:50,428.0,428.0,422.0,0.0,0.0,0.0,0.0,~0-10% cap,P2
2025-09-12 02:18:49,2025-09-12 02:26:19,7.5,2025-09-12 02:18:49,419.0,419.0,419.0,0.0,0.0,0.0,0.0,~0-10% cap,P2
2025-09-12 02:47:19,2025-09-12 03:41:49,54.5,2025-09-12 02:47:19,418.0,418.0,417.0,0.0,0.0,0.0,0.0,~0-10% cap,P2
2025-09-12 04:33:19,2025-09-12 04:49:19,16.0,2025-09-12 04:43:19,413.0,412.0,413.0,10.0,0.1,0.1,0.0,~0-10% cap,P2
2025-09-12 04:59:49,2025-09-12 05:44:49,45.0,2025-09-12 05:02:49,412.0,411.0,412.0,3.0,0.3333333333333333,0.5,0.0,~0-10% cap,P2
2025-09-12 08:00:48,2025-09-12 09:44:48,104.0,2025-09-12 09:44:48,651.0,409.0,651.0,104.0,2.326923076923077,3.2,0.0,10-30% cap,P2
2025-09-12 09:57:48,2025-09-12 10:55:18,57.5,2025-09-12 10:49:48,842.0,628.0,751.0,52.0,4.115384615384615,5.7,0.1,30-60% cap,P2
2025-09-12 11:20:18,2025-09-12 11:46:18,26.0,2025-09-12 11:43:48,766.0,686.0,746.0,23.5,3.404255319148936,4.7,0.1,30-60% cap,P2
2025-09-12 12:29:48,2025-09-12 18:02:17,332.48333333333335,2025-09-12 15:40:17,795.0,641.0,745.0,190.48333333333332,0.8084696823869105,1.1,0.0,~0-10% cap,P2
2025-09-12 18:28:16,2025-09-12 18:44:46,16.5,2025-09-12 18:28:16,728.0,728.0,715.0,0.0,0.0,0.0,0.0,~0-10% cap,P2
2025-09-12 19:20:16,2025-09-12 19:25:46,5.5,2025-09-12 19:24:16,690.0,686.0,689.0,4.0,1.0,1.4,0.0,10-30% cap,P2
2025-09-13 00:48:15,2025-09-13 01:03:45,15.5,2025-09-13 00:48:15,454.0,454.0,451.0,0.0,0.0,0.0,0.0,~0-10% cap,P2
2025-09-13 02:17:15,2025-09-13 02:46:45,29.5,2025-09-13 02:17:15,438.0,438.0,436.0,0.0,0.0,0.0,0.0,~0-10% cap,P2
2025-09-13 03:06:45,2025-09-13 03:12:15,5.5,2025-09-13 03:06:45,435.0,435.0,435.0,0.0,0.0,0.0,0.0,~0-10% cap,P2
2025-09-13 03:47:45,2025-09-13 04:35:15,47.5,2025-09-13 03:52:45,431.0,430.0,430.0,5.0,0.2,0.3,0.0,~0-10% cap,P2
2025-09-13 05:15:14,2025-09-13 05:26:14,11.0,2025-09-13 05:25:44,429.0,427.0,429.0,10.5,0.19047619047619047,0.3,0.0,~0-10% cap,P2
2025-09-13 05:49:14,2025-09-13 07:00:14,71.0,2025-09-13 05:56:44,428.0,427.0,424.0,7.5,0.13333333333333333,0.2,0.0,~0-10% cap,P2
2025-09-13 07:14:44,2025-09-13 07:27:14,12.5,2025-09-13 07:14:44,424.0,424.0,423.0,0.0,0.0,0.0,0.0,~0-10% cap,P2
2025-09-13 07:57:14,2025-09-13 08:43:14,46.0,2025-09-13 08:32:14,422.0,419.0,421.0,35.0,0.08571428571428572,0.1,0.0,~0-10% cap,P2
2025-09-13 08:53:44,2025-09-13 08:59:14,5.5,2025-09-13 08:53:44,422.0,422.0,422.0,0.0,0.0,0.0,0.0,~0-10% cap,P2
2025-09-13 09:13:14,2025-09-13 09:25:14,12.0,2025-09-13 09:20:44,425.0,421.0,425.0,7.5,0.5333333333333333,0.7,0.0,~0-10% cap,P2
2025-09-13 10:02:14,2025-09-13 10:08:44,6.5,2025-09-13 10:02:14,412.0,412.0,411.0,0.0,0.0,0.0,0.0,~0-10% cap,P2
2025-09-13 10:21:14,2025-09-13 11:08:13,46.983333333333334,2025-09-13 11:02:44,416.0,411.0,416.0,41.5,0.12048192771084337,0.2,0.0,~0-10% cap,P2
2025-09-13 11:19:13,2025-09-13 11:24:43,5.5,2025-09-13 11:24:13,417.0,416.0,417.0,5.0,0.2,0.3,0.0,~0-10% cap,P2
2025-09-13 11:35:43,2025-09-13 11:51:13,15.5,2025-09-13 11:45:13,418.0,417.0,417.0,9.5,0.10526315789473684,0.1,0.0,~0-10% cap,P2
2025-09-13 12:07:13,2025-09-13 12:12:44,5.516666666666667,2025-09-13 12:07:13,416.0,416.0,415.0,0.0,0.0,0.0,0.0,~0-10% cap,P2
2025-09-13 12:25:13,2025-09-13 13:53:13,88.0,2025-09-13 12:52:13,418.0,415.0,411.0,27.0,0.1111111111111111,0.2,0.0,~0-10% cap,P2
2025-09-13 14:55:13,2025-09-13 15:53:13,58.0,2025-09-13 15:53:13,425.0,411.0,425.0,58.0,0.2413793103448276,0.3,0.0,~0-10% cap,P2
2025-09-13 16:05:43,2025-09-13 16:44:42,38.983333333333334,2025-09-13 16:44:12,430.0,425.0,430.0,38.483333333333334,0.12992637505413598,0.2,0.0,~0-10% cap,P2
2025-09-13 17:18:12,2025-09-13 17:25:12,7.0,2025-09-13 17:18:12,431.0,431.0,431.0,0.0,0.0,0.0,0.0,~0-10% cap,P2
2025-09-13 18:26:42,2025-09-13 18:32:13,5.516666666666667,2025-09-13 18:27:42,429.0,428.0,429.0,1.0,1.0,1.4,0.0,10-30% cap,P2
2025-09-13 20:30:12,2025-09-13 20:52:12,22.0,2025-09-13 20:30:12,416.0,416.0,414.0,0.0,0.0,0.0,0.0,~0-10% cap,P2
2025-09-13 21:07:12,2025-09-13 21:23:42,16.5,2025-09-13 21:07:12,413.0,413.0,411.0,0.0,0.0,0.0,0.0,~0-10% cap,P2
2025-09-13 21:39:12,2025-09-13 21:48:42,9.5,2025-09-13 21:48:12,412.0,411.0,412.0,9.0,0.1111111111111111,0.2,0.0,~0-10% cap,P2
2025-09-14 02:47:41,2025-09-14 03:28:41,41.0,2025-09-14 03:18:40,413.0,411.0,413.0,30.983333333333334,0.064550833781603,0.1,0.0,~0-10% cap,P2
2025-09-14 03:53:40,2025-09-14 04:14:40,21.0,2025-09-14 04:14:10,415.0,413.0,415.0,20.5,0.0975609756097561,0.1,0.0,~0-10% cap,P2
2025-09-14 04:25:10,2025-09-14 05:32:10,67.0,2025-09-14 05:04:10,417.0,415.0,417.0,39.0,0.05128205128205128,0.1,0.0,~0-10% cap,P2
2025-09-14 05:47:10,2025-09-14 06:35:10,48.0,2025-09-14 06:34:40,419.0,417.0,419.0,47.5,0.042105263157894736,0.1,0.0,~0-10% cap,P2
2025-09-14 06:46:10,2025-09-14 08:18:40,92.5,2025-09-14 08:18:40,433.0,419.0,433.0,92.5,0.15135135135135136,0.2,0.0,~0-10% cap,P2
2025-09-14 08:31:40,2025-09-14 09:13:09,41.483333333333334,2025-09-14 09:12:39,441.0,434.0,441.0,40.983333333333334,0.17080113867425784,0.2,0.0,~0-10% cap,P2
2025-09-14 09:29:09,2025-09-14 09:51:39,22.5,2025-09-14 09:36:09,441.0,440.0,441.0,7.0,0.14285714285714285,0.2,0.0,~0-10% cap,P2
2025-09-14 10:19:39,2025-09-14 10:41:40,22.016666666666666,2025-09-14 10:26:39,437.0,436.0,436.0,7.0,0.14285714285714285,0.2,0.0,~0-10% cap,P2
2025-09-14 21:21:37,2025-09-14 21:32:07,10.5,2025-09-14 21:21:37,410.0,410.0,410.0,0.0,0.0,0.0,0.0,~0-10% cap,P2
2025-09-15 06:32:06,2025-09-15 06:47:06,15.0,2025-09-15 06:39:36,439.0,412.0,436.0,7.5,3.6,5.0,0.1,30-60% cap,P2
2025-09-15 08:02:05,2025-09-15 10:31:05,149.0,2025-09-15 10:29:35,731.0,410.0,728.0,147.5,2.176271186440678,3.0,0.0,10-30% cap,P2
2025-09-15 10:42:35,2025-09-15 11:28:35,46.0,2025-09-15 11:22:05,765.0,722.0,751.0,39.5,1.0886075949367089,1.5,0.0,10-30% cap,P2
2025-09-15 11:58:35,2025-09-15 12:19:35,21.0,2025-09-15 12:16:35,704.0,644.0,703.0,18.0,3.3333333333333335,4.6,0.1,30-60% cap,P2
2025-09-15 12:30:35,2025-09-15 12:42:05,11.5,2025-09-15 12:36:35,697.0,675.0,696.0,6.0,3.6666666666666665,5.1,0.1,30-60% cap,P2
2025-09-15 12:59:05,2025-09-15 13:18:34,19.483333333333334,2025-09-15 13:17:04,698.0,659.0,696.0,17.983333333333334,2.1686746987951806,3.0,0.0,10-30% cap,P2
2025-09-15 13:31:04,2025-09-15 17:17:04,226.0,2025-09-15 15:16:34,1196.0,673.0,740.0,105.5,4.957345971563981,6.8,0.1,30-60% cap,P2
2025-09-15 17:27:34,2025-09-15 18:37:33,69.98333333333333,2025-09-15 18:33:04,719.0,696.0,718.0,65.5,0.3511450381679389,0.5,0.0,~0-10% cap,P2
2025-09-15 18:55:03,2025-09-15 19:00:03,5.0,2025-09-15 18:58:33,714.0,711.0,713.0,3.5,0.8571428571428571,1.2,0.0,~0-10% cap,P2
2025-09-15 23:00:03,2025-09-15 23:08:03,8.0,2025-09-15 23:00:03,467.0,467.0,463.0,0.0,0.0,0.0,0.0,~0-10% cap,P2
2025-09-15 23:43:33,2025-09-15 23:58:03,14.5,2025-09-15 23:43:33,454.0,454.0,452.0,0.0,0.0,0.0,0.0,~0-10% cap,P2
2025-09-16 01:06:32,2025-09-16 01:22:02,15.5,2025-09-16 01:06:32,439.0,439.0,437.0,0.0,0.0,0.0,0.0,~0-10% cap,P2
2025-09-16 01:44:32,2025-09-16 01:53:32,9.0,2025-09-16 01:44:32,432.0,432.0,432.0,0.0,0.0,0.0,0.0,~0-10% cap,P2
2025-09-16 02:06:32,2025-09-16 02:28:02,21.5,2025-09-16 02:06:32,429.0,429.0,428.0,0.0,0.0,0.0,0.0,~0-10% cap,P2
2025-09-16 03:15:02,2025-09-16 03:35:02,20.0,2025-09-16 03:15:02,424.0,424.0,424.0,0.0,0.0,0.0,0.0,~0-10% cap,P2
2025-09-16 03:47:32,2025-09-16 04:30:02,42.5,2025-09-16 03:47:32,423.0,423.0,423.0,0.0,0.0,0.0,0.0,~0-10% cap,P2
2025-09-16 04:47:32,2025-09-16 05:14:32,27.0,2025-09-16 05:07:02,425.0,423.0,424.0,19.5,0.10256410256410256,0.1,0.0,~0-10% cap,P2
2025-09-16 06:08:01,2025-09-16 06:18:01,10.0,2025-09-16 06:18:01,428.0,425.0,428.0,10.0,0.3,0.4,0.0,~0-10% cap,P2
2025-09-16 06:52:31,2025-09-16 07:16:32,24.016666666666666,2025-09-16 06:52:31,429.0,429.0,428.0,0.0,0.0,0.0,0.0,~0-10% cap,P2
2025-09-16 07:29:01,2025-09-16 09:30:01,121.0,2025-09-16 09:30:01,644.0,426.0,644.0,121.0,1.8016528925619835,2.5,0.0,10-30% cap,P2
2025-09-16 10:11:31,2025-09-16 12:02:00,110.48333333333333,2025-09-16 11:46:01,686.0,546.0,631.0,94.5,1.4814814814814814,2.0,0.0,10-30% cap,P2
2025-09-16 12:16:00,2025-09-16 12:27:30,11.5,2025-09-16 12:27:00,653.0,579.0,653.0,11.0,6.7272727272727275,8.0,0.1,60-90% cap,P2
2025-09-16 12:59:00,2025-09-16 15:04:30,125.5,2025-09-16 13:59:30,790.0,595.0,729.0,60.5,3.2231404958677685,4.4,0.1,30-60% cap,P2
2025-09-16 15:18:00,2025-09-16 15:41:30,23.5,2025-09-16 15:36:30,723.0,686.0,722.0,18.5,2.0,2.8,0.0,10-30% cap,P2
2025-09-16 15:57:30,2025-09-16 16:58:59,61.483333333333334,2025-09-16 16:50:59,797.0,700.0,749.0,53.483333333333334,1.8136491118728575,2.5,0.0,10-30% cap,P2
2025-09-16 17:09:59,2025-09-16 17:45:29,35.5,2025-09-16 17:19:59,717.0,704.0,707.0,10.0,1.3,1.8,0.0,10-30% cap,P2
2025-09-16 18:04:29,2025-09-16 18:20:29,16.0,2025-09-16 18:18:29,712.0,689.0,710.0,14.0,1.6428571428571428,2.3,0.0,10-30% cap,P2
2025-09-16 18:40:29,2025-09-16 19:19:29,39.0,2025-09-16 18:44:59,706.0,699.0,687.0,4.5,1.5555555555555556,2.1,0.0,10-30% cap,P2
2025-09-16 21:30:59,2025-09-16 21:36:59,6.0,2025-09-16 21:30:59,511.0,511.0,510.0,0.0,0.0,0.0,0.0,~0-10% cap,P2
2025-09-17 00:28:28,2025-09-17 00:33:58,5.5,2025-09-17 00:28:28,425.0,425.0,424.0,0.0,0.0,0.0,0.0,~0-10% cap,P2
2025-09-17 00:58:58,2025-09-17 01:04:58,6.0,2025-09-17 00:58:58,420.0,420.0,420.0,0.0,0.0,0.0,0.0,~0-10% cap,P2
2025-09-17 01:20:28,2025-09-17 01:26:28,6.0,2025-09-17 01:25:58,418.0,417.0,418.0,5.5,0.18181818181818182,0.3,0.0,~0-10% cap,P2
2025-09-17 02:09:28,2025-09-17 02:14:28,5.0,2025-09-17 02:09:28,415.0,415.0,415.0,0.0,0.0,0.0,0.0,~0-10% cap,P2
2025-09-17 03:04:28,2025-09-17 03:52:57,48.483333333333334,2025-09-17 03:52:27,414.0,413.0,414.0,47.983333333333334,0.02084056964223689,0.0,0.0,~0-10% cap,P2
2025-09-17 04:11:57,2025-09-17 04:20:57,9.0,2025-09-17 04:11:57,413.0,413.0,413.0,0.0,0.0,0.0,0.0,~0-10% cap,P2
2025-09-17 04:32:27,2025-09-17 05:02:57,30.5,2025-09-17 04:37:28,413.0,412.0,412.0,5.016666666666667,0.19933554817275748,0.3,0.0,~0-10% cap,P2
2025-09-17 05:17:27,2025-09-17 06:12:57,55.5,2025-09-17 05:55:27,413.0,412.0,412.0,38.0,0.02631578947368421,0.0,0.0,~0-10% cap,P2
2025-09-17 06:26:57,2025-09-17 08:35:57,129.0,2025-09-17 08:35:27,481.0,412.0,481.0,128.5,0.5369649805447471,0.7,0.0,~0-10% cap,P2
2025-09-17 08:58:27,2025-09-17 09:57:26,58.983333333333334,2025-09-17 09:56:56,558.0,443.0,558.0,58.483333333333334,1.9663721858079224,2.7,0.0,10-30% cap,P2
2025-09-17 10:28:26,2025-09-17 11:11:56,43.5,2025-09-17 11:11:26,643.0,514.0,643.0,43.0,3.0,4.1,0.1,30-60% cap,P2
2025-09-17 11:22:56,2025-09-17 11:56:56,34.0,2025-09-17 11:40:57,668.0,587.0,664.0,18.016666666666666,4.495837187789085,6.2,0.1,30-60% cap,P2
2025-09-17 12:28:26,2025-09-17 13:26:26,58.0,2025-09-17 13:23:56,727.0,579.0,726.0,55.5,2.6666666666666665,3.7,0.0,30-60% cap,P2
2025-09-17 13:37:26,2025-09-17 13:50:56,13.5,2025-09-17 13:37:26,696.0,696.0,673.0,0.0,0.0,0.0,0.0,~0-10% cap,P2
2025-09-17 14:14:56,2025-09-17 14:56:26,41.5,2025-09-17 14:54:26,738.0,526.0,736.0,39.5,5.367088607594937,7.4,0.1,60-90% cap,P2
2025-09-17 15:22:25,2025-09-17 15:43:55,21.5,2025-09-17 15:41:25,693.0,665.0,692.0,19.0,1.4736842105263157,2.0,0.0,10-30% cap,P2
2025-09-17 15:55:25,2025-09-17 16:08:56,13.516666666666667,2025-09-17 16:06:55,701.0,674.0,698.0,11.5,2.347826086956522,3.2,0.0,10-30% cap,P2
2025-09-17 16:20:55,2025-09-17 18:51:55,151.0,2025-09-17 17:58:25,795.0,681.0,731.0,97.5,1.1692307692307693,1.6,0.0,10-30% cap,P2
2025-09-17 19:18:55,2025-09-17 19:23:55,5.0,2025-09-17 19:21:25,688.0,687.0,687.0,2.5,0.4,0.6,0.0,~0-10% cap,P2
2025-09-17 19:50:55,2025-09-17 20:00:55,10.0,2025-09-17 19:57:25,666.0,657.0,666.0,6.5,1.3846153846153846,1.9,0.0,10-30% cap,P2
2025-09-18 07:48:22,2025-09-18 07:58:22,10.0,2025-09-18 07:57:52,409.0,408.0,409.0,9.5,0.10526315789473684,0.1,0.0,~0-10% cap,P2
2025-09-18 08:50:22,2025-09-18 10:30:52,100.5,2025-09-18 10:29:22,752.0,411.0,750.0,99.0,3.4444444444444446,4.7,0.1,30-60% cap,P2
2025-09-18 10:48:22,2025-09-18 11:41:52,53.5,2025-09-18 11:35:22,843.0,644.0,750.0,47.0,4.23404255319149,5.8,0.1,30-60% cap,P2
2025-09-18 12:30:52,2025-09-18 15:00:51,149.98333333333332,2025-09-18 14:20:51,769.0,586.0,739.0,109.98333333333333,1.6638884679496893,2.3,0.0,10-30% cap,P2
2025-09-18 15:14:21,2025-09-18 17:39:51,145.5,2025-09-18 17:29:21,1058.0,685.0,751.0,135.0,2.762962962962963,3.8,0.0,30-60% cap,P2
2025-09-18 20:04:50,2025-09-18 20:25:20,20.5,2025-09-18 20:09:50,570.0,559.0,567.0,5.0,2.2,3.0,0.0,10-30% cap,P2
2025-09-19 00:47:49,2025-09-19 01:09:19,21.5,2025-09-19 00:47:49,427.0,427.0,426.0,0.0,0.0,0.0,0.0,~0-10% cap,P2
2025-09-19 02:36:19,2025-09-19 03:12:19,36.0,2025-09-19 02:38:19,422.0,421.0,421.0,2.0,0.5,0.7,0.0,~0-10% cap,P2
2025-09-19 03:36:19,2025-09-19 03:46:19,10.0,2025-09-19 03:36:19,421.0,421.0,421.0,0.0,0.0,0.0,0.0,~0-10% cap,P2
2025-09-19 04:08:49,2025-09-19 04:18:19,9.5,2025-09-19 04:08:49,420.0,420.0,420.0,0.0,0.0,0.0,0.0,~0-10% cap,P2
2025-09-19 05:56:18,2025-09-19 06:03:18,7.0,2025-09-19 05:56:18,420.0,420.0,420.0,0.0,0.0,0.0,0.0,~0-10% cap,P2
2025-09-19 06:14:48,2025-09-19 06:45:18,30.5,2025-09-19 06:14:48,420.0,420.0,419.0,0.0,0.0,0.0,0.0,~0-10% cap,P2
2025-09-19 06:55:48,2025-09-19 07:26:48,31.0,2025-09-19 06:57:18,419.0,418.0,419.0,1.5,0.6666666666666666,0.9,0.0,~0-10% cap,P2
2025-09-19 07:37:18,2025-09-19 09:33:48,116.5,2025-09-19 09:28:48,548.0,419.0,543.0,111.5,1.15695067264574,1.6,0.0,10-30% cap,P2
2025-09-19 10:08:48,2025-09-19 10:14:18,5.5,2025-09-19 10:14:18,485.0,482.0,485.0,5.5,0.5454545454545454,0.8,0.0,~0-10% cap,P2
2025-09-19 10:27:18,2025-09-19 12:07:47,100.48333333333333,2025-09-19 11:52:17,640.0,465.0,638.0,84.98333333333333,2.0592272994704843,2.8,0.0,10-30% cap,P2
2025-09-19 12:31:17,2025-09-19 15:00:17,149.0,2025-09-19 14:58:17,709.0,627.0,708.0,147.0,0.5578231292517006,0.8,0.0,~0-10% cap,P2
2025-09-19 15:11:17,2025-09-19 16:34:16,82.98333333333333,2025-09-19 16:18:46,711.0,700.0,706.0,67.48333333333333,0.16300321066930107,0.2,0.0,~0-10% cap,P2
2025-09-19 18:45:46,2025-09-19 18:56:16,10.5,2025-09-19 18:55:46,623.0,621.0,623.0,10.0,0.2,0.3,0.0,~0-10% cap,P2
2025-09-19 21:11:16,2025-09-19 21:16:16,5.0,2025-09-19 21:15:46,505.0,502.0,505.0,4.5,0.6666666666666666,0.9,0.0,~0-10% cap,P2
2025-09-20 00:00:45,2025-09-20 00:11:15,10.5,2025-09-20 00:00:45,443.0,443.0,442.0,0.0,0.0,0.0,0.0,~0-10% cap,P2
2025-09-20 00:26:15,2025-09-20 00:43:45,17.5,2025-09-20 00:26:15,438.0,438.0,435.0,0.0,0.0,0.0,0.0,~0-10% cap,P2
2025-09-20 00:59:45,2025-09-20 01:16:45,17.0,2025-09-20 00:59:45,433.0,433.0,431.0,0.0,0.0,0.0,0.0,~0-10% cap,P2
2025-09-20 01:32:45,2025-09-20 01:41:45,9.0,2025-09-20 01:32:45,429.0,429.0,429.0,0.0,0.0,0.0,0.0,~0-10% cap,P2
2025-09-20 02:24:45,2025-09-20 02:35:15,10.5,2025-09-20 02:24:45,425.0,425.0,424.0,0.0,0.0,0.0,0.0,~0-10% cap,P2
2025-09-20 03:40:44,2025-09-20 04:05:44,25.0,2025-09-20 03:40:44,422.0,422.0,422.0,0.0,0.0,0.0,0.0,~0-10% cap,P2
2025-09-20 04:32:14,2025-09-20 04:58:44,26.5,2025-09-20 04:58:14,425.0,423.0,425.0,26.0,0.07692307692307693,0.1,0.0,~0-10% cap,P2
2025-09-20 05:23:44,2025-09-20 05:52:14,28.5,2025-09-20 05:51:44,429.0,426.0,429.0,28.0,0.10714285714285714,0.1,0.0,~0-10% cap,P2
2025-09-20 06:13:44,2025-09-20 06:27:14,13.5,2025-09-20 06:13:44,430.0,430.0,430.0,0.0,0.0,0.0,0.0,~0-10% cap,P2
2025-09-20 06:45:14,2025-09-20 06:56:44,11.5,2025-09-20 06:45:14,430.0,430.0,430.0,0.0,0.0,0.0,0.0,~0-10% cap,P2
2025-09-20 07:07:14,2025-09-20 07:21:14,14.0,2025-09-20 07:08:14,431.0,430.0,431.0,1.0,1.0,1.4,0.0,10-30% cap,P2
2025-09-20 07:52:44,2025-09-20 08:39:44,47.0,2025-09-20 08:39:13,476.0,433.0,476.0,46.483333333333334,0.9250627465041233,1.3,0.0,~0-10% cap,P2
2025-09-20 08:50:13,2025-09-20 10:27:13,97.0,2025-09-20 10:26:43,545.0,470.0,545.0,96.5,0.7772020725388601,1.1,0.0,~0-10% cap,P2
