device_id,metric,start,end
P1,absolute_humidity,2025-07-20 13:35:13,2025-07-20 13:36:13
P1,absolute_humidity,2025-07-20 13:37:44,2025-07-20 13:38:14
P1,absolute_humidity,2025-07-20 14:00:47,2025-07-20 14:01:47
P1,absolute_humidity,2025-07-20 14:02:47,2025-07-20 14:05:18
P1,absolute_humidity,2025-07-20 14:06:18,2025-07-20 14:06:48
P1,absolute_humidity,2025-07-20 14:12:19,2025-07-20 14:12:49
P1,absolute_humidity,2025-07-20 14:13:49,2025-07-20 14:15:19
P1,absolute_humidity,2025-07-20 14:17:50,2025-07-20 14:18:50
P1,absolute_humidity,2025-07-20 14:28:21,2025-07-20 14:31:22
P1,absolute_humidity,2025-07-20 14:45:24,2025-07-20 14:46:25
P1,absolute_humidity,2025-07-20 14:47:55,2025-07-20 14:48:25
P1,absolute_humidity,2025-07-20 15:01:58,2025-07-20 15:02:28
P1,absolute_humidity,2025-07-20 15:04:28,2025-07-20 15:06:29
P1,absolute_humidity,2025-07-20 15:07:00,2025-07-20 15:07:31
P1,absolute_humidity,2025-07-20 15:09:31,2025-07-20 15:10:01
P1,absolute_humidity,2025-07-20 15:11:01,2025-07-20 15:11:31
P1,absolute_humidity,2025-07-20 15:12:31,2025-07-20 15:13:02
P1,absolute_humidity,2025-07-20 15:15:02,2025-07-20 15:15:32
P1,absolute_humidity,2025-07-20 15:22:03,2025-07-20 15:22:33
P1,absolute_humidity,2025-07-20 15:25:04,2025-07-20 15:29:04
P1,absolute_humidity,2025-07-20 15:30:34,2025-07-20 15:31:34
P1,absolute_humidity,2025-07-20 15:35:05,2025-07-20 15:36:35
P1,absolute_humidity,2025-07-20 15:43:36,2025-07-20 15:44:06
P1,absolute_humidity,2025-07-20 15:46:07,2025-07-20 15:46:37
P1,absolute_humidity,2025-07-20 15:54:38,2025-07-20 15:55:08
P1,absolute_humidity,2025-07-20 15:56:38,2025-07-20 15:58:39
P1,absolute_humidity,2025-07-20 15:59:09,2025-07-20 16:01:09
P1,absolute_humidity,2025-07-20 16:06:12,2025-07-20 16:08:42
P1,absolute_humidity,2025-07-20 16:09:43,2025-07-20 16:10:13
P1,absolute_humidity,2025-07-20 16:13:14,2025-07-20 16:13:44
P1,absolute_humidity,2025-07-20 16:17:15,2025-07-20 16:18:15
P1,absolute_humidity,2025-07-20 16:19:45,2025-07-20 16:20:45
P1,absolute_humidity,2025-07-20 16:22:46,2025-07-20 16:23:16
P1,absolute_humidity,2025-07-20 16:24:46,2025-07-20 16:25:16
P1,absolute_humidity,2025-07-20 16:25:46,2025-07-20 16:26:47
P1,absolute_humidity,2025-07-20 16:27:17,2025-07-20 16:27:48
P1,absolute_humidity,2025-07-20 16:28:18,2025-07-20 16:28:48
P1,absolute_humidity,2025-07-20 16:30:18,2025-07-20 16:31:18
P1,absolute_humidity,2025-07-20 16:31:48,2025-07-20 16:33:49
P1,absolute_humidity,2025-07-20 16:34:19,2025-07-20 16:35:49
P1,absolute_humidity,2025-07-20 16:36:49,2025-07-20 16:40:22
P1,absolute_humidity,2025-07-20 16:45:53,2025-07-20 16:46:23
P1,absolute_humidity,2025-07-20 16:47:23,2025-07-20 16:48:24
P1,absolute_humidity,2025-07-20 16:49:24,2025-07-20 16:50:24
P1,absolute_humidity,2025-07-20 16:50:54,2025-07-20 16:51:24
P1,absolute_humidity,2025-07-20 16:53:24,2025-07-20 16:53:54
P1,absolute_humidity,2025-07-20 16:58:25,2025-07-20 16:58:55
P1,absolute_humidity,2025-07-20 17:02:59,2025-07-20 17:03:29
P1,absolute_humidity,2025-07-20 17:03:59,2025-07-20 17:04:59
P1,absolute_humidity,2025-07-20 17:21:34,2025-07-20 17:22:04
P1,absolute_humidity,2025-07-20 17:40:38,2025-07-20 17:41:08
P1,absolute_humidity,2025-07-20 17:55:41,2025-07-20 17:56:11
P1,absolute_humidity,2025-07-20 17:57:42,2025-07-20 17:58:13
P1,absolute_humidity,2025-07-27 08:37:47,2025-07-27 08:38:18
P1,absolute_humidity,2025-07-27 08:47:19,2025-07-27 08:47:49
P1,absolute_humidity,2025-07-27 08:55:50,2025-07-27 08:56:20
P1,absolute_humidity,2025-07-27 09:09:52,2025-07-27 09:10:22
P1,absolute_humidity,2025-07-27 09:35:56,2025-07-27 09:37:56
P1,absolute_humidity,2025-07-27 09:38:56,2025-07-27 09:39:26
P1,absolute_humidity,2025-07-27 09:55:59,2025-07-27 09:56:29
P1,absolute_humidity,2025-07-27 09:56:59,2025-07-27 09:58:29
P1,absolute_humidity,2025-07-27 10:00:59,2025-07-27 10:01:29
P1,absolute_humidity,2025-07-27 10:13:01,2025-07-27 10:14:01
P1,absolute_humidity,2025-07-27 10:18:32,2025-07-27 10:20:32
P1,absolute_humidity,2025-07-27 10:47:06,2025-07-27 10:48:06
P1,absolute_humidity,2025-07-27 10:58:07,2025-07-27 10:58:37
P1,absolute_humidity,2025-07-27 10:59:07,2025-07-27 11:00:08
P1,absolute_humidity,2025-07-27 11:02:38,2025-07-27 11:03:08
P1,absolute_humidity,2025-07-27 11:03:38,2025-07-27 11:04:38
P1,absolute_humidity,2025-07-27 11:07:39,2025-07-27 11:08:39
P1,absolute_humidity,2025-07-27 11:11:09,2025-07-27 11:11:39
P1,absolute_humidity,2025-07-27 11:33:42,2025-07-27 11:34:12
P1,absolute_humidity,2025-07-27 11:38:43,2025-07-27 11:39:13
P1,absolute_humidity,2025-07-27 11:40:43,2025-07-27 11:41:13
P1,absolute_humidity,2025-07-27 11:42:14,2025-07-27 11:42:44
P1,absolute_humidity,2025-07-27 11:43:14,2025-07-27 11:44:14
P1,absolute_humidity,2025-07-27 11:49:45,2025-07-27 11:51:15
P1,absolute_humidity,2025-07-27 11:51:45,2025-07-27 11:54:45
P1,absolute_humidity,2025-07-27 11:55:15,2025-07-27 11:57:16
P1,absolute_humidity,2025-07-27 11:57:46,2025-07-27 11:58:16
P1,absolute_humidity,2025-07-27 11:58:46,2025-07-27 11:59:46
P1,absolute_humidity,2025-07-27 12:01:16,2025-07-27 12:07:47
P1,absolute_humidity,2025-07-27 12:08:17,2025-07-27 12:08:47
P1,absolute_humidity,2025-07-27 12:09:17,2025-07-27 12:09:47
P1,absolute_humidity,2025-07-27 12:12:48,2025-07-27 12:13:18
P1,absolute_humidity,2025-07-27 12:16:18,2025-07-27 12:16:48
P1,absolute_humidity,2025-07-27 12:26:20,2025-07-27 12:26:50
P1,absolute_humidity,2025-07-27 12:27:20,2025-07-27 12:27:50
P1,absolute_humidity,2025-07-27 12:28:20,2025-07-27 12:28:50
P1,absolute_humidity,2025-07-27 12:29:50,2025-07-27 12:33:51
P1,absolute_humidity,2025-07-27 12:35:21,2025-07-27 12:35:51
P1,absolute_humidity,2025-07-27 12:36:21,2025-07-27 12:36:51
P1,absolute_humidity,2025-07-27 12:37:21,2025-07-27 12:37:51
P1,absolute_humidity,2025-07-27 12:38:22,2025-07-27 12:41:52
P1,absolute_humidity,2025-07-27 12:42:22,2025-07-27 12:42:52
P1,absolute_humidity,2025-07-27 12:44:22,2025-07-27 12:44:52
P1,absolute_humidity,2025-07-27 12:45:23,2025-07-27 12:45:53
P1,absolute_humidity,2025-07-27 12:46:53,2025-07-27 12:48:23
P1,absolute_humidity,2025-07-27 12:48:53,2025-07-27 12:49:53
P1,absolute_humidity,2025-07-27 12:52:54,2025-07-27 12:55:24
P1,absolute_humidity,2025-07-27 12:56:24,2025-07-27 12:57:24
P1,absolute_humidity,2025-07-27 12:58:24,2025-07-27 13:00:25
P1,absolute_humidity,2025-07-27 13:00:55,2025-07-27 13:04:25
P1,absolute_humidity,2025-07-27 13:04:55,2025-07-27 13:10:56
P1,absolute_humidity,2025-07-27 13:11:26,2025-07-27 13:12:56
P1,absolute_humidity,2025-07-27 13:13:26,2025-07-27 13:13:57
P1,absolute_humidity,2025-07-27 13:17:27,2025-07-27 13:19:57
P1,absolute_humidity,2025-07-27 13:23:58,2025-07-27 13:24:28
P1,absolute_humidity,2025-07-27 13:27:59,2025-07-27 13:28:29
P1,absolute_humidity,2025-07-27 13:29:29,2025-07-27 13:31:59
P1,absolute_humidity,2025-07-27 13:35:00,2025-07-27 13:37:00
P1,absolute_humidity,2025-07-27 13:37:30,2025-07-27 13:44:01
P1,absolute_humidity,2025-07-27 13:45:31,2025-07-27 13:46:01
P1,absolute_humidity,2025-07-27 13:46:31,2025-07-27 13:48:31
P1,absolute_humidity,2025-07-27 13:49:01,2025-07-27 13:52:02
P1,absolute_humidity,2025-07-27 13:55:02,2025-07-27 14:05:04
P1,absolute_humidity,2025-07-27 14:05:34,2025-07-27 14:15:35
P1,absolute_humidity,2025-07-27 14:16:05,2025-07-27 14:17:06
P1,absolute_humidity,2025-07-27 14:17:36,2025-07-27 14:21:06
P1,absolute_humidity,2025-07-27 14:24:37,2025-07-27 14:32:08
P1,absolute_humidity,2025-07-27 14:32:38,2025-07-27 14:34:38
P1,absolute_humidity,2025-07-27 14:36:08,2025-07-27 14:36:38
P1,absolute_humidity,2025-07-27 14:38:08,2025-07-27 14:42:39
P1,absolute_humidity,2025-07-27 14:43:09,2025-07-27 14:43:39
P1,absolute_humidity,2025-07-27 14:44:39,2025-07-27 14:50:10
P1,absolute_humidity,2025-07-27 14:51:10,2025-07-27 14:51:40
P1,absolute_humidity,2025-07-27 14:52:41,2025-07-27 14:55:11
P1,absolute_humidity,2025-07-27 14:56:11,2025-07-27 14:57:11
P1,absolute_humidity,2025-07-27 14:58:11,2025-07-27 14:59:42
P1,absolute_humidity,2025-07-27 15:00:12,2025-07-27 15:00:42
P1,absolute_humidity,2025-07-27 15:02:12,2025-07-27 15:03:12
P1,absolute_humidity,2025-07-27 15:05:12,2025-07-27 15:05:42
P1,absolute_humidity,2025-07-27 15:06:12,2025-07-27 15:07:13
P1,absolute_humidity,2025-07-27 15:07:43,2025-07-27 15:08:43
P1,absolute_humidity,2025-07-27 15:10:43,2025-07-27 15:11:43
P1,absolute_humidity,2025-07-27 15:12:43,2025-07-27 15:13:13
P1,absolute_humidity,2025-07-27 15:18:14,2025-07-27 15:18:44
P1,absolute_humidity,2025-07-27 15:19:44,2025-07-27 15:20:14
P1,absolute_humidity,2025-07-27 15:20:45,2025-07-27 15:21:45
P1,absolute_humidity,2025-07-27 15:23:45,2025-07-27 15:25:15
P1,absolute_humidity,2025-07-27 15:26:15,2025-07-27 15:26:45
P1,absolute_humidity,2025-07-27 15:27:45,2025-07-27 15:30:16
P1,absolute_humidity,2025-07-27 15:30:46,2025-07-27 15:31:16
P1,absolute_humidity,2025-07-27 15:31:46,2025-07-27 15:32:16
P1,absolute_humidity,2025-07-27 15:36:47,2025-07-27 15:37:17
P1,absolute_humidity,2025-07-27 15:42:48,2025-07-27 15:43:18
P1,absolute_humidity,2025-07-28 06:55:27,2025-07-28 06:56:57
P1,absolute_humidity,2025-07-30 07:30:19,2025-07-30 07:32:19
P1,absolute_humidity,2025-08-04 06:55:31,2025-08-04 06:56:31
P1,absolute_humidity,2025-08-04 06:57:31,2025-08-04 06:59:02
P1,absolute_humidity,2025-08-04 06:59:32,2025-08-04 07:00:02
P1,absolute_humidity,2025-08-04 07:02:32,2025-08-04 07:05:02
P1,absolute_humidity,2025-08-04 07:11:03,2025-08-04 07:13:34
P1,absolute_humidity,2025-08-04 07:14:04,2025-08-04 07:14:34
P1,absolute_humidity,2025-08-04 07:22:05,2025-08-04 07:22:35
P1,absolute_humidity,2025-08-04 07:25:35,2025-08-04 07:32:36
P1,absolute_humidity,2025-08-04 07:33:36,2025-08-04 07:48:08
P1,absolute_humidity,2025-08-04 07:48:39,2025-08-04 07:51:39
P1,absolute_humidity,2025-08-09 05:25:16,2025-08-09 05:26:16
P1,absolute_humidity,2025-08-09 05:28:16,2025-08-09 05:29:16
P1,absolute_humidity,2025-08-09 05:29:46,2025-08-09 05:30:46
P1,absolute_humidity,2025-08-09 05:31:47,2025-08-09 05:33:17
P1,absolute_humidity,2025-08-09 05:34:47,2025-08-09 05:35:47
P1,absolute_humidity,2025-08-09 05:37:17,2025-08-09 05:38:17
P1,absolute_humidity,2025-08-09 05:39:18,2025-08-09 05:40:18
P1,absolute_humidity,2025-08-09 05:41:18,2025-08-09 05:44:18
P1,absolute_humidity,2025-08-09 05:45:18,2025-08-09 05:47:49
P1,absolute_humidity,2025-08-09 05:49:19,2025-08-09 05:54:50
P1,absolute_humidity,2025-08-09 05:55:50,2025-08-09 05:56:20
P1,absolute_humidity,2025-08-09 05:57:50,2025-08-09 05:58:50
P1,absolute_humidity,2025-08-09 05:59:21,2025-08-09 05:59:51
P1,absolute_humidity,2025-08-09 06:00:21,2025-08-09 06:00:51
P1,absolute_humidity,2025-08-09 06:02:21,2025-08-09 06:02:51
P1,absolute_humidity,2025-08-09 06:03:51,2025-08-09 06:04:21
P1,absolute_humidity,2025-08-09 06:05:21,2025-08-09 06:05:51
P1,absolute_humidity,2025-08-09 06:06:22,2025-08-09 06:06:52
P1,absolute_humidity,2025-08-09 06:07:22,2025-08-09 06:08:22
P1,absolute_humidity,2025-08-09 06:08:52,2025-08-09 06:10:52
P1,absolute_humidity,2025-08-09 06:11:22,2025-08-09 06:12:22
P1,absolute_humidity,2025-08-09 06:13:53,2025-08-09 06:14:23
P1,absolute_humidity,2025-08-09 06:14:53,2025-08-09 06:15:53
P1,absolute_humidity,2025-08-09 06:16:23,2025-08-09 06:17:23
P1,absolute_humidity,2025-08-09 06:18:23,2025-08-09 06:19:23
P1,absolute_humidity,2025-08-09 06:19:54,2025-08-09 06:20:54
P1,absolute_humidity,2025-08-09 06:22:24,2025-08-09 06:23:24
P1,absolute_humidity,2025-08-09 06:23:54,2025-08-09 06:24:24
P1,absolute_humidity,2025-08-09 06:24:54,2025-08-09 06:26:55
P1,absolute_humidity,2025-08-09 06:27:25,2025-08-09 06:28:25
P1,absolute_humidity,2025-08-09 06:36:56,2025-08-09 06:37:26
P1,absolute_humidity,2025-08-09 06:42:57,2025-08-09 06:43:27
P1,absolute_humidity,2025-08-09 06:43:57,2025-08-09 06:44:57
P1,absolute_humidity,2025-08-09 06:48:28,2025-08-09 06:48:58
P1,absolute_humidity,2025-08-09 06:56:29,2025-08-09 06:57:29
P1,absolute_humidity,2025-08-09 07:01:29,2025-08-09 07:01:59
P1,absolute_humidity,2025-08-09 07:15:31,2025-08-09 07:16:01
P1,absolute_humidity,2025-08-09 07:20:32,2025-08-09 07:21:02
P1,absolute_humidity,2025-08-09 07:27:03,2025-08-09 07:28:03
P1,absolute_humidity,2025-08-09 07:29:03,2025-08-09 07:29:33
P1,absolute_humidity,2025-08-09 07:33:04,2025-08-09 07:33:34
P1,absolute_humidity,2025-08-09 07:34:34,2025-08-09 07:35:34
P1,absolute_humidity,2025-08-09 07:36:04,2025-08-09 07:39:35
P1,absolute_humidity,2025-08-09 07:40:05,2025-08-09 07:50:06
P1,absolute_humidity,2025-08-09 07:50:36,2025-08-09 08:52:45
P1,absolute_humidity,2025-08-09 08:53:45,2025-08-09 08:55:16
P1,absolute_humidity,2025-08-09 08:56:16,2025-08-09 08:57:16
P1,absolute_humidity,2025-08-10 22:46:07,2025-08-10 22:47:07
P1,absolute_humidity,2025-08-10 23:03:39,2025-08-10 23:04:39
P1,absolute_humidity,2025-08-10 23:05:39,2025-08-10 23:06:09
P1,absolute_humidity,2025-08-10 23:10:10,2025-08-10 23:11:40
P1,absolute_humidity,2025-08-10 23:13:10,2025-08-10 23:13:41
P1,absolute_humidity,2025-08-10 23:14:41,2025-08-10 23:15:11
P1,absolute_humidity,2025-08-10 23:18:41,2025-08-10 23:19:41
P1,absolute_humidity,2025-08-10 23:22:12,2025-08-10 23:23:12
P1,absolute_humidity,2025-08-10 23:23:42,2025-08-10 23:25:42
P1,absolute_humidity,2025-08-10 23:26:42,2025-08-10 23:28:43
P1,absolute_humidity,2025-08-10 23:30:13,2025-08-10 23:30:43
P1,absolute_humidity,2025-08-10 23:32:13,2025-08-10 23:32:43
P1,absolute_humidity,2025-08-10 23:36:44,2025-08-10 23:38:14
P1,absolute_humidity,2025-08-10 23:41:14,2025-08-10 23:42:45
P1,absolute_humidity,2025-08-10 23:45:15,2025-08-10 23:45:45
P1,absolute_humidity,2025-08-10 23:46:15,2025-08-10 23:48:15
P1,absolute_humidity,2025-08-10 23:52:16,2025-08-10 23:52:46
P1,absolute_humidity,2025-08-10 23:53:46,2025-08-11 00:00:17
P1,absolute_humidity,2025-08-11 00:00:47,2025-08-11 00:02:17
P1,absolute_humidity,2025-08-11 00:02:47,2025-08-11 00:03:18
P1,absolute_humidity,2025-08-11 00:04:18,2025-08-11 00:05:48
P1,absolute_humidity,2025-08-11 00:07:18,2025-08-11 00:10:19
P1,absolute_humidity,2025-08-11 00:11:19,2025-08-11 00:11:49
P1,absolute_humidity,2025-08-11 00:15:49,2025-08-11 00:16:19
P1,absolute_humidity,2025-08-11 00:17:20,2025-08-11 00:17:50
P1,absolute_humidity,2025-08-11 00:18:20,2025-08-11 00:18:50
P1,absolute_humidity,2025-08-11 00:21:50,2025-08-11 00:22:20
P1,absolute_humidity,2025-08-11 01:00:26,2025-08-11 01:00:56
P1,absolute_humidity,2025-08-11 01:14:58,2025-08-11 01:15:28
P1,absolute_humidity,2025-08-11 01:32:00,2025-08-11 01:32:30
P1,absolute_humidity,2025-08-11 01:48:02,2025-08-11 01:48:32
P1,absolute_humidity,2025-08-11 01:49:02,2025-08-11 01:49:33
P1,absolute_humidity,2025-08-11 01:53:03,2025-08-11 01:54:03
P1,absolute_humidity,2025-08-11 01:56:34,2025-08-11 01:57:04
P1,absolute_humidity,2025-08-11 01:57:34,2025-08-11 01:58:04
P1,absolute_humidity,2025-08-11 02:01:04,2025-08-11 02:01:34
P1,absolute_humidity,2025-08-11 02:02:34,2025-08-11 02:03:04
P1,absolute_humidity,2025-08-11 03:07:13,2025-08-11 03:08:14
P1,absolute_humidity,2025-08-11 03:09:44,2025-08-11 03:10:14
P1,absolute_humidity,2025-08-11 03:11:14,2025-08-11 03:11:44
P1,absolute_humidity,2025-08-11 03:12:14,2025-08-11 03:13:14
P1,absolute_humidity,2025-08-11 03:13:44,2025-08-11 03:14:14
P1,absolute_humidity,2025-08-11 03:15:15,2025-08-11 03:16:15
P1,absolute_humidity,2025-08-11 03:16:45,2025-08-11 03:19:15
P1,absolute_humidity,2025-08-11 03:19:45,2025-08-11 03:24:16
P1,absolute_humidity,2025-08-11 03:24:46,2025-08-11 03:28:16
P1,absolute_humidity,2025-08-11 03:29:17,2025-08-11 03:36:48
P1,absolute_humidity,2025-08-11 03:37:18,2025-08-11 03:40:48
P1,absolute_humidity,2025-08-11 03:41:18,2025-08-11 04:04:52
P1,absolute_humidity,2025-08-11 04:05:22,2025-08-11 04:23:24
P1,absolute_humidity,2025-08-11 04:23:54,2025-08-11 04:37:56
P1,absolute_humidity,2025-08-11 04:38:26,2025-08-11 04:39:57
P1,absolute_humidity,2025-08-11 04:41:27,2025-08-11 04:42:57
P1,absolute_humidity,2025-08-11 04:43:27,2025-08-11 05:18:32
P1,absolute_humidity,2025-08-11 05:19:02,2025-08-11 06:22:41
P1,absolute_humidity,2025-08-11 06:23:11,2025-08-11 06:24:41
P1,absolute_humidity,2025-08-11 06:25:11,2025-08-11 07:03:17
P1,absolute_humidity,2025-08-16 18:24:20,2025-08-16 18:24:50
P1,absolute_humidity,2025-08-16 18:34:52,2025-08-16 18:35:22
P1,absolute_humidity,2025-08-16 18:37:52,2025-08-16 18:38:22
P1,absolute_humidity,2025-08-16 18:38:52,2025-08-16 18:39:22
P1,absolute_humidity,2025-08-16 18:40:22,2025-08-16 18:42:23
P1,absolute_humidity,2025-08-16 18:47:53,2025-08-16 18:48:24
P1,absolute_humidity,2025-08-16 18:48:54,2025-08-16 18:49:24
P1,absolute_humidity,2025-08-16 18:51:24,2025-08-16 18:51:54
P1,absolute_humidity,2025-08-16 18:52:54,2025-08-16 18:53:24
P1,absolute_humidity,2025-08-16 18:54:54,2025-08-16 18:55:25
P1,absolute_humidity,2025-08-16 18:56:25,2025-08-16 18:57:55
P1,absolute_humidity,2025-08-16 18:59:25,2025-08-16 19:00:55
P1,absolute_humidity,2025-08-16 19:01:25,2025-08-16 19:01:55
P1,absolute_humidity,2025-08-16 19:04:26,2025-08-16 19:05:56
P1,absolute_humidity,2025-08-16 19:06:26,2025-08-16 19:06:56
P1,absolute_humidity,2025-08-16 19:11:57,2025-08-16 19:12:27
P1,absolute_humidity,2025-08-16 19:13:27,2025-08-16 19:13:57
P1,absolute_humidity,2025-08-16 19:19:28,2025-08-16 19:19:58
P1,absolute_humidity,2025-08-16 19:21:58,2025-08-16 19:22:28
P1,absolute_humidity,2025-08-16 19:27:29,2025-08-16 19:27:59
P1,absolute_humidity,2025-08-16 19:28:29,2025-08-16 19:28:59
P1,absolute_humidity,2025-08-16 19:30:29,2025-08-16 19:31:30
P1,absolute_humidity,2025-08-16 19:32:00,2025-08-16 19:32:30
P1,absolute_humidity,2025-08-16 19:44:31,2025-08-16 19:45:02
P1,absolute_humidity,2025-08-16 19:46:32,2025-08-16 19:47:02
P1,absolute_humidity,2025-08-16 19:48:02,2025-08-16 19:49:32
P1,absolute_humidity,2025-08-16 19:59:03,2025-08-16 19:59:34
P1,absolute_humidity,2025-08-16 20:05:34,2025-08-16 20:06:04
P1,absolute_humidity,2025-08-16 20:09:05,2025-08-16 20:09:35
P1,absolute_humidity,2025-08-16 20:14:06,2025-08-16 20:14:36
P1,absolute_humidity,2025-08-16 20:17:06,2025-08-16 20:17:36
P1,absolute_humidity,2025-08-16 20:18:06,2025-08-16 20:19:06
P1,absolute_humidity,2025-08-16 20:19:36,2025-08-16 20:20:06
P1,absolute_humidity,2025-08-16 20:20:37,2025-08-16 20:21:07
P1,absolute_humidity,2025-08-16 20:21:37,2025-08-16 20:23:07
P1,absolute_humidity,2025-08-16 20:23:37,2025-08-16 20:24:07
P1,absolute_humidity,2025-08-16 20:25:07,2025-08-16 20:25:37
P1,absolute_humidity,2025-08-16 20:27:07,2025-08-16 20:33:38
P1,absolute_humidity,2025-08-16 20:34:08,2025-08-16 20:36:09
P1,absolute_humidity,2025-08-16 20:37:09,2025-08-16 20:37:39
P1,absolute_humidity,2025-08-16 20:38:39,2025-08-16 20:39:09
P1,absolute_humidity,2025-08-16 20:39:39,2025-08-16 20:40:39
P1,absolute_humidity,2025-08-16 20:43:10,2025-08-16 20:43:40
P1,absolute_humidity,2025-08-16 20:45:40,2025-08-16 20:48:10
P1,absolute_humidity,2025-08-16 20:48:41,2025-08-16 20:49:41
P1,absolute_humidity,2025-08-16 20:53:11,2025-08-16 20:53:41
P1,absolute_humidity,2025-08-16 20:55:42,2025-08-16 20:56:12
P1,absolute_humidity,2025-08-16 20:58:12,2025-08-16 20:58:42
P1,absolute_humidity,2025-08-16 21:00:12,2025-08-16 21:00:42
P1,absolute_humidity,2025-08-16 21:03:13,2025-08-16 21:05:13
P1,absolute_humidity,2025-08-16 21:05:43,2025-08-16 21:06:13
P1,absolute_humidity,2025-08-16 21:10:14,2025-08-16 21:10:44
P1,absolute_humidity,2025-08-16 21:11:14,2025-08-16 21:11:44
P1,absolute_humidity,2025-08-16 21:12:14,2025-08-16 21:15:44
P1,absolute_humidity,2025-08-16 21:17:15,2025-08-16 21:18:45
P1,absolute_humidity,2025-08-16 21:20:15,2025-08-16 21:21:45
P1,absolute_humidity,2025-08-16 21:24:16,2025-08-16 21:25:16
P1,absolute_humidity,2025-08-16 21:27:16,2025-08-16 21:28:16
P1,absolute_humidity,2025-08-16 21:28:46,2025-08-16 21:29:16
P1,absolute_humidity,2025-08-16 21:29:46,2025-08-16 21:33:17
P1,absolute_humidity,2025-08-16 21:34:47,2025-08-16 21:35:47
P1,absolute_humidity,2025-08-16 21:36:17,2025-08-16 21:37:47
P1,absolute_humidity,2025-08-16 21:39:48,2025-08-16 21:43:48
P1,absolute_humidity,2025-08-16 21:44:48,2025-08-16 21:45:49
P1,absolute_humidity,2025-08-16 21:46:19,2025-08-16 21:46:49
P1,absolute_humidity,2025-08-16 21:47:49,2025-08-16 21:49:19
P1,absolute_humidity,2025-08-16 21:49:49,2025-08-16 21:50:49
P1,absolute_humidity,2025-08-16 21:51:19,2025-08-16 21:52:20
P1,absolute_humidity,2025-08-16 21:53:50,2025-08-16 21:54:50
P1,absolute_humidity,2025-08-16 21:55:20,2025-08-16 21:56:20
P1,absolute_humidity,2025-08-16 21:56:50,2025-08-16 21:57:20
P1,absolute_humidity,2025-08-16 21:58:20,2025-08-16 21:58:50
P1,absolute_humidity,2025-08-16 21:59:20,2025-08-16 22:00:51
P1,absolute_humidity,2025-08-16 22:01:21,2025-08-16 22:02:51
P1,absolute_humidity,2025-08-16 22:03:21,2025-08-16 22:03:51
P1,absolute_humidity,2025-08-16 22:04:21,2025-08-16 22:05:21
P1,absolute_humidity,2025-08-16 22:06:21,2025-08-16 22:11:52
P1,absolute_humidity,2025-08-16 22:13:53,2025-08-16 22:14:53
P1,absolute_humidity,2025-08-16 22:16:53,2025-08-16 22:17:23
P1,absolute_humidity,2025-08-16 22:20:23,2025-08-16 22:20:54
P1,absolute_humidity,2025-08-16 22:21:24,2025-08-16 22:23:24
P1,absolute_humidity,2025-08-16 22:26:54,2025-08-16 22:28:25
P1,absolute_humidity,2025-08-16 22:28:55,2025-08-16 22:30:55
P1,absolute_humidity,2025-08-16 22:32:25,2025-08-16 22:33:25
P1,absolute_humidity,2025-08-16 22:33:55,2025-08-16 22:34:25
P1,absolute_humidity,2025-08-16 22:34:56,2025-08-16 22:37:26
P1,absolute_humidity,2025-08-16 22:39:26,2025-08-16 22:44:27
P1,absolute_humidity,2025-08-16 22:44:57,2025-08-16 22:45:27
P1,absolute_humidity,2025-08-16 22:45:57,2025-08-16 22:46:27
P1,absolute_humidity,2025-08-16 22:46:57,2025-08-16 22:48:58
P1,absolute_humidity,2025-08-16 22:49:28,2025-08-16 22:49:58
P1,absolute_humidity,2025-08-16 22:50:28,2025-08-16 22:52:58
P1,absolute_humidity,2025-08-16 22:53:28,2025-08-16 22:53:58
P1,absolute_humidity,2025-08-16 22:54:58,2025-08-16 22:55:28
P1,absolute_humidity,2025-08-16 22:55:59,2025-08-16 22:59:59
P1,absolute_humidity,2025-08-16 23:01:59,2025-08-16 23:02:29
P1,absolute_humidity,2025-08-16 23:03:00,2025-08-16 23:03:30
P1,absolute_humidity,2025-08-16 23:04:30,2025-08-16 23:05:00
P1,absolute_humidity,2025-08-16 23:07:00,2025-08-16 23:07:30
P1,absolute_humidity,2025-08-16 23:10:00,2025-08-16 23:11:31
P1,absolute_humidity,2025-08-16 23:12:01,2025-08-16 23:13:01
P1,absolute_humidity,2025-08-16 23:14:01,2025-08-16 23:15:01
P1,absolute_humidity,2025-08-16 23:15:31,2025-08-16 23:16:01
P1,absolute_humidity,2025-08-16 23:16:31,2025-08-16 23:17:01
P1,absolute_humidity,2025-08-16 23:18:02,2025-08-16 23:18:32
P1,absolute_humidity,2025-08-16 23:19:32,2025-08-16 23:20:32
P1,absolute_humidity,2025-08-16 23:21:32,2025-08-16 23:22:02
P1,absolute_humidity,2025-08-16 23:26:03,2025-08-16 23:26:33
P1,absolute_humidity,2025-08-16 23:28:03,2025-08-16 23:28:33
P1,absolute_humidity,2025-08-16 23:29:03,2025-08-16 23:30:03
P1,absolute_humidity,2025-08-16 23:31:03,2025-08-16 23:31:34
P1,absolute_humidity,2025-08-16 23:32:04,2025-08-16 23:34:34
P1,absolute_humidity,2025-08-16 23:35:34,2025-08-16 23:36:04
P1,absolute_humidity,2025-08-16 23:37:04,2025-08-16 23:38:35
P1,absolute_humidity,2025-08-16 23:41:35,2025-08-16 23:42:05
P1,absolute_humidity,2025-08-16 23:42:35,2025-08-16 23:43:05
P1,absolute_humidity,2025-08-16 23:43:35,2025-08-16 23:44:05
P1,absolute_humidity,2025-08-16 23:48:06,2025-08-16 23:49:36
P1,absolute_humidity,2025-08-16 23:50:36,2025-08-16 23:51:36
P1,absolute_humidity,2025-08-16 23:55:07,2025-08-16 23:56:07
P1,absolute_humidity,2025-08-16 23:56:37,2025-08-16 23:57:07
P1,absolute_humidity,2025-08-16 23:58:37,2025-08-16 23:59:37
P1,absolute_humidity,2025-08-17 00:00:38,2025-08-17 00:01:08
P1,absolute_humidity,2025-08-17 00:01:38,2025-08-17 00:02:08
P1,absolute_humidity,2025-08-17 00:03:38,2025-08-17 00:07:09
P1,absolute_humidity,2025-08-17 00:08:09,2025-08-17 00:08:39
P1,absolute_humidity,2025-08-17 00:10:09,2025-08-17 00:11:09
P1,absolute_humidity,2025-08-17 00:13:09,2025-08-17 00:16:40
P1,absolute_humidity,2025-08-17 00:17:10,2025-08-17 00:17:40
P1,absolute_humidity,2025-08-17 00:19:10,2025-08-17 00:19:40
P1,absolute_humidity,2025-08-17 00:20:40,2025-08-17 00:21:41
P1,absolute_humidity,2025-08-17 00:23:41,2025-08-17 00:24:11
P1,absolute_humidity,2025-08-17 00:25:41,2025-08-17 00:27:11
P1,absolute_humidity,2025-08-17 00:28:12,2025-08-17 00:31:12
P1,absolute_humidity,2025-08-17 00:31:42,2025-08-17 00:32:12
P1,absolute_humidity,2025-08-17 00:33:12,2025-08-17 00:36:13
P1,absolute_humidity,2025-08-17 00:38:13,2025-08-17 00:39:13
P1,absolute_humidity,2025-08-17 00:41:13,2025-08-17 00:47:44
P1,absolute_humidity,2025-08-17 00:48:14,2025-08-17 00:50:15
P1,absolute_humidity,2025-08-17 00:51:15,2025-08-17 00:52:15
P1,absolute_humidity,2025-08-17 00:52:45,2025-08-17 00:53:45
P1,absolute_humidity,2025-08-17 00:54:15,2025-08-17 00:56:46
P1,absolute_humidity,2025-08-17 00:57:16,2025-08-17 00:58:46
P1,absolute_humidity,2025-08-17 01:01:16,2025-08-17 01:02:16
P1,absolute_humidity,2025-08-17 01:03:16,2025-08-17 01:04:17
P1,absolute_humidity,2025-08-17 01:05:47,2025-08-17 01:06:47
P1,absolute_humidity,2025-08-17 01:07:17,2025-08-17 01:07:47
P1,absolute_humidity,2025-08-17 01:09:47,2025-08-17 01:10:17
P1,absolute_humidity,2025-08-17 01:10:48,2025-08-17 01:11:48
P1,absolute_humidity,2025-08-17 01:12:18,2025-08-17 01:17:49
P1,absolute_humidity,2025-08-17 01:19:19,2025-08-17 01:20:19
P1,absolute_humidity,2025-08-17 01:21:19,2025-08-17 01:22:19
P1,absolute_humidity,2025-08-17 01:22:49,2025-08-17 01:25:50
P1,absolute_humidity,2025-08-17 01:26:20,2025-08-17 01:26:50
P1,absolute_humidity,2025-08-17 01:27:50,2025-08-17 01:29:20
P1,absolute_humidity,2025-08-17 01:30:20,2025-08-17 01:32:21
P1,absolute_humidity,2025-08-17 01:35:21,2025-08-17 01:37:21
P1,absolute_humidity,2025-08-17 01:37:51,2025-08-17 01:38:21
P1,absolute_humidity,2025-08-17 01:38:51,2025-08-17 01:39:22
P1,absolute_humidity,2025-08-17 01:39:52,2025-08-17 01:41:22
P1,absolute_humidity,2025-08-17 01:41:52,2025-08-17 01:42:22
P1,absolute_humidity,2025-08-17 01:43:52,2025-08-17 01:44:22
P1,absolute_humidity,2025-08-17 01:44:52,2025-08-17 01:46:23
P1,absolute_humidity,2025-08-17 01:50:23,2025-08-17 01:51:23
P1,absolute_humidity,2025-08-17 01:51:53,2025-08-17 01:52:53
P1,absolute_humidity,2025-08-17 01:53:54,2025-08-17 01:55:24
P1,absolute_humidity,2025-08-17 01:56:54,2025-08-17 01:57:24
P1,absolute_humidity,2025-08-17 01:57:54,2025-08-17 01:58:24
P1,absolute_humidity,2025-08-17 01:58:54,2025-08-17 01:59:24
P1,absolute_humidity,2025-08-17 01:59:54,2025-08-17 02:00:55
P1,absolute_humidity,2025-08-17 02:05:55,2025-08-17 02:06:55
P1,absolute_humidity,2025-08-17 02:09:26,2025-08-17 02:09:56
P1,absolute_humidity,2025-08-17 02:13:26,2025-08-17 02:14:27
P1,absolute_humidity,2025-08-17 02:14:57,2025-08-17 02:17:27
P1,absolute_humidity,2025-08-17 02:21:58,2025-08-17 02:22:58
P1,absolute_humidity,2025-08-17 03:03:33,2025-08-17 03:04:04
P1,absolute_humidity,2025-08-17 23:32:57,2025-08-17 23:33:57
P1,absolute_humidity,2025-08-17 23:34:57,2025-08-17 23:35:28
P1,absolute_humidity,2025-08-17 23:40:28,2025-08-17 23:40:58
P1,absolute_humidity,2025-08-17 23:50:30,2025-08-17 23:52:30
P1,absolute_humidity,2025-08-17 23:53:00,2025-08-17 23:53:30
P1,absolute_humidity,2025-08-17 23:59:31,2025-08-18 00:00:01
P1,absolute_humidity,2025-08-18 00:08:32,2025-08-18 00:09:02
P1,absolute_humidity,2025-08-18 00:10:02,2025-08-18 00:11:03
P1,absolute_humidity,2025-08-18 00:15:33,2025-08-18 00:16:03
P1,absolute_humidity,2025-08-18 00:16:33,2025-08-18 00:17:03
P1,absolute_humidity,2025-08-18 00:18:34,2025-08-18 00:20:34
P1,absolute_humidity,2025-08-30 04:20:12,2025-08-30 04:20:42
P1,absolute_humidity,2025-08-30 04:37:14,2025-08-30 04:37:44
P1,absolute_humidity,2025-08-30 04:43:45,2025-08-30 04:44:15
P1,absolute_humidity,2025-08-30 04:46:15,2025-08-30 04:47:15
P1,absolute_humidity,2025-08-30 04:53:46,2025-08-30 04:54:16
P1,absolute_humidity,2025-08-30 04:56:17,2025-08-30 04:57:17
P1,absolute_humidity,2025-08-30 04:58:17,2025-08-30 05:00:17
P1,absolute_humidity,2025-08-30 05:00:47,2025-08-30 05:01:47
P1,absolute_humidity,2025-08-30 05:03:18,2025-08-30 05:06:18
P1,absolute_humidity,2025-08-30 05:07:48,2025-09-01 06:22:16
P1,absolute_humidity,2025-09-02 04:05:25,2025-09-02 04:05:55
P1,absolute_humidity,2025-09-02 04:07:25,2025-09-02 04:07:55
P1,absolute_humidity,2025-09-02 04:12:56,2025-09-02 04:13:56
P1,absolute_humidity,2025-09-02 04:18:26,2025-09-02 04:22:27
P1,absolute_humidity,2025-09-02 04:23:27,2025-09-02 04:23:57
P1,absolute_humidity,2025-09-02 04:25:57,2025-09-02 04:26:58
P1,absolute_humidity,2025-09-02 04:27:58,2025-09-02 04:28:28
P1,absolute_humidity,2025-09-02 04:28:58,2025-09-02 04:29:58
P1,absolute_humidity,2025-09-02 04:31:28,2025-09-02 04:32:58
P1,absolute_humidity,2025-09-02 04:34:29,2025-09-02 04:38:29
P1,absolute_humidity,2025-09-02 04:39:59,2025-09-02 04:41:00
P1,absolute_humidity,2025-09-02 04:41:30,2025-09-02 07:44:56
P1,absolute_humidity,2025-09-03 07:34:17,2025-09-03 07:36:15
P1,absolute_humidity,2025-09-03 07:43:06,2025-09-03 07:49:20
P1,absolute_humidity,2025-09-04 05:49:10,2025-09-04 06:07:49
P1,absolute_humidity,2025-09-04 06:15:42,2025-09-04 06:22:31
P1,absolute_humidity,2025-09-04 06:30:44,2025-09-04 06:33:20
P1,absolute_humidity,2025-09-04 06:48:41,2025-09-04 06:52:25
P1,absolute_humidity,2025-09-04 06:59:06,2025-09-04 07:07:23
P1,absolute_humidity,2025-09-04 07:16:48,2025-09-04 07:27:08
P1,absolute_humidity,2025-09-04 07:29:13,2025-09-04 07:40:39
P1,absolute_humidity,2025-09-06 10:23:35,2025-09-06 10:24:35
P1,absolute_humidity,2025-09-06 10:29:36,2025-09-06 10:30:06
P1,absolute_humidity,2025-09-06 10:31:36,2025-09-06 10:32:06
P1,absolute_humidity,2025-09-06 10:40:08,2025-09-06 10:40:38
P1,absolute_humidity,2025-09-06 10:43:38,2025-09-06 10:44:38
P1,absolute_humidity,2025-09-06 10:45:38,2025-09-06 10:46:08
P1,absolute_humidity,2025-09-06 10:49:09,2025-09-06 10:49:39
P1,absolute_humidity,2025-09-06 10:51:09,2025-09-06 11:05:41
P1,absolute_humidity,2025-09-06 11:06:41,2025-09-06 11:07:41
P1,absolute_humidity,2025-09-06 11:09:42,2025-09-06 11:16:43
P1,absolute_humidity,2025-09-06 11:18:43,2025-09-06 20:15:50
P1,absolute_humidity,2025-09-06 20:17:45,2025-09-06 20:19:32
P1,absolute_humidity,2025-09-06 20:21:56,2025-09-06 20:40:26
P1,absolute_humidity,2025-09-07 04:27:29,2025-09-07 04:27:59
P1,absolute_humidity,2025-09-07 04:30:59,2025-09-07 04:31:29
P1,absolute_humidity,2025-09-07 04:36:00,2025-09-07 04:36:30
P1,absolute_humidity,2025-09-07 04:43:31,2025-09-07 04:44:01
P1,absolute_humidity,2025-09-07 04:49:02,2025-09-07 04:50:02
P1,absolute_humidity,2025-09-07 04:54:03,2025-09-07 04:55:03
P1,absolute_humidity,2025-09-07 04:57:03,2025-09-07 04:58:03
P1,absolute_humidity,2025-09-07 05:01:04,2025-09-07 05:02:04
P1,absolute_humidity,2025-09-07 05:02:34,2025-09-07 05:03:34
P1,absolute_humidity,2025-09-07 05:17:36,2025-09-07 05:18:36
P1,absolute_humidity,2025-09-07 05:19:36,2025-09-07 05:20:06
P1,absolute_humidity,2025-09-07 05:32:08,2025-09-07 05:34:08
P1,absolute_humidity,2025-09-07 05:34:38,2025-09-07 05:35:08
P1,absolute_humidity,2025-09-07 05:36:39,2025-09-07 05:37:09
P1,absolute_humidity,2025-09-07 05:39:09,2025-09-07 05:46:10
P1,absolute_humidity,2025-09-07 05:46:40,2025-09-07 05:48:40
P1,absolute_humidity,2025-09-07 05:49:10,2025-09-07 05:52:11
P1,absolute_humidity,2025-09-07 05:53:11,2025-09-07 05:56:41
P1,absolute_humidity,2025-09-07 05:57:11,2025-09-07 05:57:42
P1,absolute_humidity,2025-09-07 05:58:12,2025-09-07 06:00:12
P1,absolute_humidity,2025-09-07 06:01:42,2025-09-07 06:06:43
P1,absolute_humidity,2025-09-07 06:07:13,2025-09-07 06:09:43
P1,absolute_humidity,2025-09-07 06:10:43,2025-09-07 06:13:14
P1,absolute_humidity,2025-09-07 06:14:14,2025-09-07 06:15:44
P1,absolute_humidity,2025-09-07 06:16:14,2025-09-07 06:17:14
P1,absolute_humidity,2025-09-07 06:18:14,2025-09-07 06:20:15
P1,absolute_humidity,2025-09-07 06:21:15,2025-09-08 06:23:39
P1,absolute_humidity,2025-09-13 08:26:27,2025-09-13 08:27:27
P1,absolute_humidity,2025-09-13 08:33:28,2025-09-13 08:33:58
P1,absolute_humidity,2025-09-13 09:02:02,2025-09-13 09:02:32
P1,absolute_humidity,2025-09-13 09:11:33,2025-09-13 09:13:03
P1,absolute_humidity,2025-09-13 09:14:33,2025-09-13 09:15:04
P1,absolute_humidity,2025-09-13 09:15:34,2025-09-13 09:16:34
P1,absolute_humidity,2025-09-13 09:19:34,2025-09-13 09:20:04
P1,absolute_humidity,2025-09-13 09:22:35,2025-09-13 09:23:05
P1,absolute_humidity,2025-09-13 09:25:05,2025-09-13 09:27:35
P1,absolute_humidity,2025-09-13 09:30:36,2025-09-13 09:31:06
P1,absolute_humidity,2025-09-13 09:35:06,2025-09-13 09:35:36
P1,absolute_humidity,2025-09-13 09:36:37,2025-09-13 09:37:07
P1,absolute_humidity,2025-09-13 09:38:37,2025-09-13 09:54:09
P1,absolute_humidity,2025-09-13 09:54:39,2025-09-13 09:56:39
P1,absolute_humidity,2025-09-13 09:57:09,2025-09-15 07:24:35
P1,absolute_humidity,2025-09-16 02:10:14,2025-09-16 02:11:14
P1,absolute_humidity,2025-09-16 02:12:14,2025-09-16 02:13:14
P1,absolute_humidity,2025-09-16 02:13:44,2025-09-16 08:02:33
P1,absolute_humidity,2025-09-17 03:30:48,2025-09-17 03:31:18
P1,absolute_humidity,2025-09-17 03:31:48,2025-09-17 03:33:49
P1,absolute_humidity,2025-09-17 03:34:19,2025-09-17 03:34:49
P1,absolute_humidity,2025-09-17 03:35:19,2025-09-17 08:06:27
P1,absolute_humidity,2025-09-17 08:06:57,2025-09-17 08:07:27
P1,absolute_humidity,2025-09-18 07:15:13,2025-09-18 07:15:43
P1,absolute_humidity,2025-09-18 07:18:14,2025-09-18 07:19:14
P2,absolute_humidity,2025-07-20 11:30:14,2025-07-20 11:30:44
P2,absolute_humidity,2025-07-20 11:33:44,2025-07-20 11:34:14
P2,absolute_humidity,2025-07-20 11:37:14,2025-07-20 11:37:44
P2,absolute_humidity,2025-07-20 11:40:44,2025-07-20 11:41:14
P2,absolute_humidity,2025-07-20 11:44:14,2025-07-20 11:44:44
P2,absolute_humidity,2025-07-20 11:47:44,2025-07-20 11:48:14
P2,absolute_humidity,2025-07-20 11:51:14,2025-07-20 11:51:44
P2,absolute_humidity,2025-07-20 11:54:44,2025-07-20 11:55:14
P2,absolute_humidity,2025-07-20 11:58:14,2025-07-20 11:58:44
P2,absolute_humidity,2025-07-20 12:00:14,2025-07-20 12:00:44
P2,absolute_humidity,2025-07-20 12:01:44,2025-07-20 12:02:14
P2,absolute_humidity,2025-07-20 12:05:14,2025-07-20 12:06:14
P2,absolute_humidity,2025-07-20 12:07:14,2025-07-20 12:07:44
P2,absolute_humidity,2025-07-20 12:08:44,2025-07-20 12:09:14
P2,absolute_humidity,2025-07-20 12:10:44,2025-07-20 12:11:14
P2,absolute_humidity,2025-07-20 12:12:14,2025-07-20 12:13:14
P2,absolute_humidity,2025-07-20 12:14:13,2025-07-20 12:14:44
P2,absolute_humidity,2025-07-20 12:15:44,2025-07-20 12:16:44
P2,absolute_humidity,2025-07-20 12:17:44,2025-07-20 12:18:14
P2,absolute_humidity,2025-07-20 12:19:14,2025-07-20 12:20:14
P2,absolute_humidity,2025-07-20 12:21:14,2025-07-20 12:21:44
P2,absolute_humidity,2025-07-20 12:22:44,2025-07-20 12:23:44
P2,absolute_humidity,2025-07-20 12:24:44,2025-07-20 12:25:13
P2,absolute_humidity,2025-07-20 12:26:14,2025-07-20 12:27:14
P2,absolute_humidity,2025-07-20 12:28:14,2025-07-20 12:28:44
P2,absolute_humidity,2025-07-20 12:29:44,2025-07-20 12:30:43
P2,absolute_humidity,2025-07-20 12:31:43,2025-07-20 12:32:14
P2,absolute_humidity,2025-07-20 12:33:14,2025-07-20 12:34:13
P2,absolute_humidity,2025-07-20 12:35:13,2025-07-20 12:35:43
P2,absolute_humidity,2025-07-20 12:36:44,2025-07-20 12:37:43
P2,absolute_humidity,2025-07-20 12:38:44,2025-07-20 12:39:14
P2,absolute_humidity,2025-07-20 12:40:14,2025-07-20 12:41:13
P2,absolute_humidity,2025-07-20 12:42:13,2025-07-20 12:43:13
P2,absolute_humidity,2025-07-20 12:43:44,2025-07-20 12:44:43
P2,absolute_humidity,2025-07-20 12:45:43,2025-07-20 12:46:43
P2,absolute_humidity,2025-07-20 12:47:14,2025-07-20 12:48:13
P2,absolute_humidity,2025-07-20 12:49:13,2025-07-20 12:50:13
P2,absolute_humidity,2025-07-20 12:50:44,2025-07-20 12:51:43
P2,absolute_humidity,2025-07-20 12:52:43,2025-07-20 12:53:43
P2,absolute_humidity,2025-07-20 12:54:14,2025-07-20 12:55:13
P2,absolute_humidity,2025-07-20 12:56:13,2025-07-20 12:56:43
P2,absolute_humidity,2025-07-20 12:57:44,2025-07-20 12:58:43
P2,absolute_humidity,2025-07-20 12:59:43,2025-07-20 13:00:13
P2,absolute_humidity,2025-07-20 13:01:14,2025-07-20 13:02:13
P2,absolute_humidity,2025-07-20 13:03:13,2025-07-20 13:03:43
P2,absolute_humidity,2025-07-20 13:04:44,2025-07-20 13:05:43
P2,absolute_humidity,2025-07-20 13:06:43,2025-07-20 13:07:13
P2,absolute_humidity,2025-07-20 13:08:14,2025-07-20 13:09:13
P2,absolute_humidity,2025-07-20 13:10:13,2025-07-20 13:11:13
P2,absolute_humidity,2025-07-20 13:11:44,2025-07-20 13:12:43
P2,absolute_humidity,2025-07-20 13:13:43,2025-07-20 13:14:43
P2,absolute_humidity,2025-07-20 13:15:14,2025-07-20 13:16:13
P2,absolute_humidity,2025-07-20 13:17:13,2025-07-20 13:18:13
P2,absolute_humidity,2025-07-20 13:18:44,2025-07-20 13:20:13
P2,absolute_humidity,2025-07-20 13:20:43,2025-07-20 13:21:43
P2,absolute_humidity,2025-07-20 13:22:14,2025-07-20 13:23:43
P2,absolute_humidity,2025-07-20 13:24:13,2025-07-20 13:25:13
P2,absolute_humidity,2025-07-20 13:25:44,2025-07-20 13:27:13
P2,absolute_humidity,2025-07-20 13:27:43,2025-07-20 13:28:43
P2,absolute_humidity,2025-07-20 13:29:14,2025-07-20 13:30:43
P2,absolute_humidity,2025-07-20 13:31:13,2025-07-20 13:32:13
P2,absolute_humidity,2025-07-20 13:32:44,2025-07-20 13:34:13
P2,absolute_humidity,2025-07-20 13:34:43,2025-07-20 13:35:43
P2,absolute_humidity,2025-07-20 13:36:14,2025-07-20 13:41:13
P2,absolute_humidity,2025-07-20 13:41:43,2025-07-20 13:44:43
P2,absolute_humidity,2025-07-20 13:45:13,2025-07-20 13:48:13
P2,absolute_humidity,2025-07-20 13:48:43,2025-07-20 17:10:43
P2,absolute_humidity,2025-07-20 17:11:13,2025-07-20 17:14:13
P2,absolute_humidity,2025-07-20 17:14:43,2025-07-20 17:16:13
P2,absolute_humidity,2025-07-20 17:16:43,2025-07-20 17:17:43
P2,absolute_humidity,2025-07-20 17:18:13,2025-07-20 17:19:13
P2,absolute_humidity,2025-07-20 17:20:13,2025-07-20 17:21:13
P2,absolute_humidity,2025-07-20 17:21:43,2025-07-20 17:22:43
P2,absolute_humidity,2025-07-20 17:23:43,2025-07-20 17:24:43
P2,absolute_humidity,2025-07-20 17:25:13,2025-07-20 17:26:13
P2,absolute_humidity,2025-07-20 17:27:13,2025-07-20 17:28:13
P2,absolute_humidity,2025-07-20 17:28:43,2025-07-20 17:29:43
P2,absolute_humidity,2025-07-20 17:30:43,2025-07-20 17:31:43
P2,absolute_humidity,2025-07-20 17:32:13,2025-07-20 17:33:13
P2,absolute_humidity,2025-07-20 17:34:13,2025-07-20 17:35:13
P2,absolute_humidity,2025-07-20 17:35:43,2025-07-20 17:36:43
P2,absolute_humidity,2025-07-20 17:37:43,2025-07-20 17:38:43
P2,absolute_humidity,2025-07-20 17:39:13,2025-07-20 17:40:13
P2,absolute_humidity,2025-07-20 17:41:13,2025-07-20 17:41:43
P2,absolute_humidity,2025-07-20 17:42:43,2025-07-20 17:43:42
P2,absolute_humidity,2025-07-20 17:44:43,2025-07-20 17:45:12
P2,absolute_humidity,2025-07-20 17:46:16,2025-07-20 17:47:13
P2,absolute_humidity,2025-07-20 17:48:13,2025-07-20 17:49:13
P2,absolute_humidity,2025-07-20 17:49:43,2025-07-20 17:50:43
P2,absolute_humidity,2025-07-20 17:51:43,2025-07-20 17:52:13
P2,absolute_humidity,2025-07-20 17:53:13,2025-07-20 17:54:12
P2,absolute_humidity,2025-07-20 17:55:12,2025-07-20 17:55:43
P2,absolute_humidity,2025-07-20 17:56:43,2025-07-20 17:57:43
P2,absolute_humidity,2025-07-20 17:58:42,2025-07-20 17:59:13
P2,absolute_humidity,2025-07-20 18:00:13,2025-07-20 18:01:12
P2,absolute_humidity,2025-07-20 18:02:13,2025-07-20 18:02:43
P2,absolute_humidity,2025-07-20 18:03:43,2025-07-20 18:04:42
P2,absolute_humidity,2025-07-20 18:05:42,2025-07-20 18:06:12
P2,absolute_humidity,2025-07-20 18:07:13,2025-07-20 18:07:42
P2,absolute_humidity,2025-07-20 18:09:13,2025-07-20 18:09:42
P2,absolute_humidity,2025-07-20 18:12:13,2025-07-20 18:12:42
P2,absolute_humidity,2025-07-20 18:14:12,2025-07-20 18:14:43
P2,absolute_humidity,2025-07-20 18:15:43,2025-07-20 18:16:12
P2,absolute_humidity,2025-07-20 18:17:51,2025-07-20 18:18:44
P2,absolute_humidity,2025-07-20 18:21:45,2025-07-20 18:22:14
P2,absolute_humidity,2025-07-20 18:25:15,2025-07-20 18:25:44
P2,absolute_humidity,2025-07-20 18:28:45,2025-07-20 18:29:14
P2,absolute_humidity,2025-07-20 18:32:15,2025-07-20 18:32:44
P2,absolute_humidity,2025-07-20 18:35:45,2025-07-20 18:36:14
P2,absolute_humidity,2025-07-20 18:39:15,2025-07-20 18:39:44
P2,absolute_humidity,2025-07-20 18:42:45,2025-07-20 18:43:14
P2,absolute_humidity,2025-07-20 18:46:15,2025-07-20 18:46:44
P2,absolute_humidity,2025-07-20 18:49:45,2025-07-20 18:50:14
P2,absolute_humidity,2025-07-20 18:53:15,2025-07-20 18:53:44
P2,absolute_humidity,2025-07-20 18:56:45,2025-07-20 18:57:14
P2,absolute_humidity,2025-07-20 19:01:45,2025-07-20 19:02:14
P2,absolute_humidity,2025-07-20 19:05:18,2025-07-20 19:05:44
P2,absolute_humidity,2025-07-20 19:08:45,2025-07-20 19:09:14
P2,absolute_humidity,2025-07-20 19:13:45,2025-07-20 19:14:14
P2,absolute_humidity,2025-07-20 19:19:17,2025-07-20 19:19:44
P2,absolute_humidity,2025-07-20 19:24:15,2025-07-20 19:24:44
P2,absolute_humidity,2025-07-20 19:27:45,2025-07-20 19:28:14
P2,absolute_humidity,2025-07-20 19:29:53,2025-07-20 19:30:38
P2,absolute_humidity,2025-07-20 19:32:29,2025-07-20 19:56:57
P2,absolute_humidity,2025-07-20 19:59:27,2025-07-20 19:59:56
P2,absolute_humidity,2025-07-20 20:05:39,2025-07-20 20:05:39
P2,absolute_humidity,2025-07-20 20:23:58,2025-07-20 23:17:37
P2,absolute_humidity,2025-07-20 23:32:04,2025-07-20 23:37:02
P2,absolute_humidity,2025-07-20 23:39:48,2025-07-20 23:43:42
P2,absolute_humidity,2025-07-20 23:47:28,2025-07-21 00:10:21
P2,absolute_humidity,2025-07-21 01:00:33,2025-07-21 01:04:07
P2,absolute_humidity,2025-07-26 10:26:50,2025-07-26 10:27:20
P2,absolute_humidity,2025-07-26 10:30:20,2025-07-26 10:30:50
P2,absolute_humidity,2025-07-26 10:40:50,2025-07-26 10:41:19
P2,absolute_humidity,2025-07-26 10:44:20,2025-07-26 10:44:50
P2,absolute_humidity,2025-07-26 10:47:50,2025-07-26 10:48:20
P2,absolute_humidity,2025-07-26 10:51:20,2025-07-26 10:51:49
P2,absolute_humidity,2025-07-26 10:54:50,2025-07-26 10:55:19
P2,absolute_humidity,2025-07-26 10:58:20,2025-07-26 10:58:49
P2,absolute_humidity,2025-07-26 11:01:50,2025-07-26 11:02:19
P2,absolute_humidity,2025-07-26 11:05:20,2025-07-26 11:05:49
P2,absolute_humidity,2025-07-26 11:08:50,2025-07-26 11:09:19
P2,absolute_humidity,2025-07-26 11:12:20,2025-07-26 11:12:49
P2,absolute_humidity,2025-07-26 11:15:50,2025-07-26 11:16:19
P2,absolute_humidity,2025-07-26 11:19:20,2025-07-26 11:19:49
P2,absolute_humidity,2025-07-26 11:22:50,2025-07-26 11:23:19
P2,absolute_humidity,2025-07-26 11:26:20,2025-07-26 11:26:49
P2,absolute_humidity,2025-07-26 11:29:50,2025-07-26 11:30:19
P2,absolute_humidity,2025-07-26 11:33:20,2025-07-26 11:33:49
P2,absolute_humidity,2025-07-26 11:36:51,2025-07-26 11:37:19
P2,absolute_humidity,2025-07-26 11:40:20,2025-07-26 11:40:51
P2,absolute_humidity,2025-07-26 11:43:50,2025-07-26 11:44:19
P2,absolute_humidity,2025-07-26 11:47:20,2025-07-26 11:47:49
P2,absolute_humidity,2025-07-26 11:50:50,2025-07-26 11:51:19
P2,absolute_humidity,2025-07-26 11:54:20,2025-07-26 11:54:49
P2,absolute_humidity,2025-07-26 11:57:50,2025-07-26 11:58:19
P2,absolute_humidity,2025-07-26 12:01:20,2025-07-26 12:01:49
P2,absolute_humidity,2025-07-26 12:04:50,2025-07-26 12:05:19
P2,absolute_humidity,2025-07-26 12:08:20,2025-07-26 12:08:49
P2,absolute_humidity,2025-07-26 12:11:50,2025-07-26 12:12:19
P2,absolute_humidity,2025-07-26 12:15:20,2025-07-26 12:15:49
P2,absolute_humidity,2025-07-26 12:18:50,2025-07-26 12:19:19
P2,absolute_humidity,2025-07-26 12:22:20,2025-07-26 12:22:49
P2,absolute_humidity,2025-07-26 12:25:50,2025-07-26 12:26:19
P2,absolute_humidity,2025-07-26 12:29:20,2025-07-26 12:29:49
P2,absolute_humidity,2025-07-26 12:32:50,2025-07-26 12:33:19
P2,absolute_humidity,2025-07-26 12:36:20,2025-07-26 12:36:49
P2,absolute_humidity,2025-07-26 12:39:50,2025-07-26 12:40:19
P2,absolute_humidity,2025-07-26 12:41:49,2025-07-26 12:42:19
P2,absolute_humidity,2025-07-26 12:43:20,2025-07-26 12:43:49
P2,absolute_humidity,2025-07-26 12:46:50,2025-07-26 12:47:19
P2,absolute_humidity,2025-07-26 12:50:20,2025-07-26 12:50:49
P2,absolute_humidity,2025-07-26 12:53:50,2025-07-26 12:54:19
P2,absolute_humidity,2025-07-26 12:57:20,2025-07-26 12:57:49
P2,absolute_humidity,2025-07-26 12:59:19,2025-07-26 12:59:49
P2,absolute_humidity,2025-07-26 13:00:49,2025-07-26 13:01:19
P2,absolute_humidity,2025-07-26 13:04:20,2025-07-26 13:04:49
P2,absolute_humidity,2025-07-26 13:06:19,2025-07-26 13:06:49
P2,absolute_humidity,2025-07-26 13:07:49,2025-07-26 13:08:19
P2,absolute_humidity,2025-07-26 13:09:49,2025-07-26 13:10:19
P2,absolute_humidity,2025-07-26 13:11:20,2025-07-26 13:12:19
P2,absolute_humidity,2025-07-26 13:13:19,2025-07-26 13:13:49
P2,absolute_humidity,2025-07-26 13:14:49,2025-07-26 13:15:49
P2,absolute_humidity,2025-07-26 13:16:49,2025-07-26 13:17:19
P2,absolute_humidity,2025-07-26 13:18:19,2025-07-26 13:19:19
P2,absolute_humidity,2025-07-26 13:20:19,2025-07-26 13:20:49
P2,absolute_humidity,2025-07-26 13:21:49,2025-07-26 13:22:49
P2,absolute_humidity,2025-07-26 13:23:49,2025-07-26 13:24:19
P2,absolute_humidity,2025-07-26 13:25:19,2025-07-26 13:25:49
P2,absolute_humidity,2025-07-26 13:27:19,2025-07-26 13:27:49
P2,absolute_humidity,2025-07-26 13:28:50,2025-07-26 13:29:49
P2,absolute_humidity,2025-07-26 13:30:49,2025-07-26 13:31:19
P2,absolute_humidity,2025-07-26 13:32:19,2025-07-26 13:33:19
P2,absolute_humidity,2025-07-26 13:34:19,2025-07-26 13:34:49
P2,absolute_humidity,2025-07-26 13:35:49,2025-07-26 13:36:19
P2,absolute_humidity,2025-07-26 13:37:49,2025-07-26 13:38:19
P2,absolute_humidity,2025-07-26 13:39:19,2025-07-26 13:39:49
P2,absolute_humidity,2025-07-26 13:41:19,2025-07-26 13:41:49
P2,absolute_humidity,2025-07-26 13:42:49,2025-07-26 13:43:19
P2,absolute_humidity,2025-07-26 13:46:19,2025-07-26 13:46:49
P2,absolute_humidity,2025-07-26 13:48:19,2025-07-26 13:48:49
P2,absolute_humidity,2025-07-26 13:49:49,2025-07-26 13:50:19
P2,absolute_humidity,2025-07-26 13:51:49,2025-07-26 13:52:19
P2,absolute_humidity,2025-07-26 13:53:19,2025-07-26 13:53:49
P2,absolute_humidity,2025-07-26 13:55:19,2025-07-26 13:55:49
P2,absolute_humidity,2025-07-26 13:56:49,2025-07-26 13:57:49
P2,absolute_humidity,2025-07-26 13:58:49,2025-07-26 13:59:19
P2,absolute_humidity,2025-07-26 14:00:19,2025-07-26 14:01:19
P2,absolute_humidity,2025-07-26 14:02:19,2025-07-26 14:02:49
P2,absolute_humidity,2025-07-26 14:03:49,2025-07-26 14:04:49
P2,absolute_humidity,2025-07-26 14:05:49,2025-07-26 14:06:19
P2,absolute_humidity,2025-07-26 14:07:19,2025-07-26 14:08:19
P2,absolute_humidity,2025-07-26 14:09:19,2025-07-26 14:09:49
P2,absolute_humidity,2025-07-26 14:10:49,2025-07-26 14:11:49
P2,absolute_humidity,2025-07-26 14:12:49,2025-07-26 14:13:19
P2,absolute_humidity,2025-07-26 14:14:19,2025-07-26 14:15:19
P2,absolute_humidity,2025-07-26 14:16:19,2025-07-26 14:16:49
P2,absolute_humidity,2025-07-26 14:17:49,2025-07-26 14:18:49
P2,absolute_humidity,2025-07-26 14:19:49,2025-07-26 14:20:19
P2,absolute_humidity,2025-07-26 14:21:19,2025-07-26 14:22:19
P2,absolute_humidity,2025-07-26 14:23:19,2025-07-26 14:23:49
P2,absolute_humidity,2025-07-26 14:24:49,2025-07-26 14:25:49
P2,absolute_humidity,2025-07-26 14:26:49,2025-07-26 14:27:49
P2,absolute_humidity,2025-07-26 14:28:19,2025-07-26 14:29:19
P2,absolute_humidity,2025-07-26 14:30:19,2025-07-26 14:30:49
P2,absolute_humidity,2025-07-26 14:31:49,2025-07-26 14:32:49
P2,absolute_humidity,2025-07-26 14:33:49,2025-07-26 14:34:19
P2,absolute_humidity,2025-07-26 14:35:19,2025-07-26 14:36:19
P2,absolute_humidity,2025-07-26 14:37:19,2025-07-26 14:37:49
P2,absolute_humidity,2025-07-26 14:38:49,2025-07-26 14:39:49
P2,absolute_humidity,2025-07-26 14:40:49,2025-07-26 14:41:49
P2,absolute_humidity,2025-07-26 14:42:19,2025-07-26 14:43:19
P2,absolute_humidity,2025-07-26 14:44:19,2025-07-26 14:45:19
P2,absolute_humidity,2025-07-26 14:45:49,2025-07-26 14:46:49
P2,absolute_humidity,2025-07-26 14:47:49,2025-07-26 14:48:49
P2,absolute_humidity,2025-07-26 14:49:19,2025-07-26 14:50:19
P2,absolute_humidity,2025-07-26 14:51:19,2025-07-26 14:52:19
P2,absolute_humidity,2025-07-26 14:52:49,2025-07-26 14:53:49
P2,absolute_humidity,2025-07-26 14:54:49,2025-07-26 14:55:49
P2,absolute_humidity,2025-07-26 14:56:19,2025-07-26 14:57:49
P2,absolute_humidity,2025-07-26 14:58:19,2025-07-26 14:59:19
P2,absolute_humidity,2025-07-26 14:59:49,2025-07-26 15:00:49
P2,absolute_humidity,2025-07-26 15:01:49,2025-07-26 15:02:49
P2,absolute_humidity,2025-07-26 15:03:19,2025-07-26 15:04:19
P2,absolute_humidity,2025-07-26 15:05:19,2025-07-26 15:06:19
P2,absolute_humidity,2025-07-26 15:06:49,2025-07-26 15:08:19
P2,absolute_humidity,2025-07-26 15:08:49,2025-07-26 15:09:49
P2,absolute_humidity,2025-07-26 15:10:19,2025-07-26 15:11:49
P2,absolute_humidity,2025-07-26 15:12:19,2025-07-26 15:13:19
P2,absolute_humidity,2025-07-26 15:13:49,2025-07-26 15:15:19
P2,absolute_humidity,2025-07-26 15:15:49,2025-07-26 15:16:49
P2,absolute_humidity,2025-07-26 15:17:19,2025-07-26 15:18:49
P2,absolute_humidity,2025-07-26 15:19:19,2025-07-26 15:20:19
P2,absolute_humidity,2025-07-26 15:20:49,2025-07-26 15:22:19
P2,absolute_humidity,2025-07-26 15:22:49,2025-07-26 15:23:49
P2,absolute_humidity,2025-07-26 15:24:19,2025-07-26 15:25:49
P2,absolute_humidity,2025-07-26 15:26:19,2025-07-26 15:27:20
P2,absolute_humidity,2025-07-26 15:27:49,2025-07-26 15:29:19
P2,absolute_humidity,2025-07-26 15:29:49,2025-07-26 15:30:50
P2,absolute_humidity,2025-07-26 15:31:19,2025-07-26 15:32:49
P2,absolute_humidity,2025-07-26 15:33:19,2025-07-26 15:34:20
P2,absolute_humidity,2025-07-26 15:34:49,2025-07-26 15:36:19
P2,absolute_humidity,2025-07-26 15:36:49,2025-07-26 15:37:49
P2,absolute_humidity,2025-07-26 15:38:19,2025-07-26 15:39:19
P2,absolute_humidity,2025-07-26 15:39:49,2025-07-26 15:40:49
P2,absolute_humidity,2025-07-26 15:41:19,2025-07-26 15:42:49
P2,absolute_humidity,2025-07-26 15:43:20,2025-07-26 15:44:19
P2,absolute_humidity,2025-07-26 15:44:49,2025-07-26 15:45:49
P2,absolute_humidity,2025-07-26 15:46:19,2025-07-26 15:47:49
P2,absolute_humidity,2025-07-26 15:48:19,2025-07-26 15:49:19
P2,absolute_humidity,2025-07-26 15:49:49,2025-07-26 15:51:19
P2,absolute_humidity,2025-07-26 15:51:49,2025-07-26 15:52:49
P2,absolute_humidity,2025-07-26 15:53:19,2025-07-26 15:54:48
P2,absolute_humidity,2025-07-26 15:55:19,2025-07-26 15:56:19
P2,absolute_humidity,2025-07-26 15:56:49,2025-07-26 15:58:18
P2,absolute_humidity,2025-07-26 15:58:49,2025-07-26 15:59:49
P2,absolute_humidity,2025-07-26 16:00:19,2025-07-26 16:01:49
P2,absolute_humidity,2025-07-26 16:02:19,2025-07-26 16:03:19
P2,absolute_humidity,2025-07-26 16:03:49,2025-07-26 16:05:18
P2,absolute_humidity,2025-07-26 16:05:49,2025-07-26 16:06:49
P2,absolute_humidity,2025-07-26 16:07:19,2025-07-26 16:08:48
P2,absolute_humidity,2025-07-26 16:09:19,2025-07-26 16:10:18
P2,absolute_humidity,2025-07-26 16:10:49,2025-07-26 16:12:18
P2,absolute_humidity,2025-07-26 16:12:49,2025-07-26 16:13:49
P2,absolute_humidity,2025-07-26 16:14:19,2025-07-26 16:15:19
P2,absolute_humidity,2025-07-26 16:15:49,2025-07-26 16:17:18
P2,absolute_humidity,2025-07-26 16:17:48,2025-07-26 16:18:48
P2,absolute_humidity,2025-07-26 16:19:19,2025-07-26 16:20:48
P2,absolute_humidity,2025-07-26 16:21:19,2025-07-26 16:22:18
P2,absolute_humidity,2025-07-26 16:22:49,2025-07-26 16:24:18
P2,absolute_humidity,2025-07-26 16:24:48,2025-07-26 16:25:48
P2,absolute_humidity,2025-07-26 16:26:20,2025-07-26 16:27:48
P2,absolute_humidity,2025-07-26 16:28:20,2025-07-26 16:28:48
P2,absolute_humidity,2025-07-26 16:29:18,2025-07-26 16:30:48
P2,absolute_humidity,2025-07-26 16:31:18,2025-07-26 16:32:18
P2,absolute_humidity,2025-07-26 16:32:50,2025-07-26 16:34:18
P2,absolute_humidity,2025-07-26 16:34:48,2025-07-26 16:35:48
P2,absolute_humidity,2025-07-26 16:36:19,2025-07-26 16:37:48
P2,absolute_humidity,2025-07-26 16:38:18,2025-07-26 16:39:18
P2,absolute_humidity,2025-07-26 16:39:49,2025-07-26 16:41:18
P2,absolute_humidity,2025-07-26 16:41:48,2025-07-26 16:42:48
P2,absolute_humidity,2025-07-26 16:43:19,2025-07-26 16:44:48
P2,absolute_humidity,2025-07-26 16:45:18,2025-07-26 16:46:18
P2,absolute_humidity,2025-07-26 16:46:49,2025-07-26 16:48:19
P2,absolute_humidity,2025-07-26 16:48:48,2025-07-26 16:49:48
P2,absolute_humidity,2025-07-26 16:50:19,2025-07-26 16:51:48
P2,absolute_humidity,2025-07-26 16:52:18,2025-07-26 16:53:18
P2,absolute_humidity,2025-07-26 16:53:49,2025-07-26 16:55:18
P2,absolute_humidity,2025-07-26 16:55:50,2025-07-26 16:56:48
P2,absolute_humidity,2025-07-26 16:57:20,2025-07-26 16:58:18
P2,absolute_humidity,2025-07-26 16:58:48,2025-07-26 16:59:48
P2,absolute_humidity,2025-07-26 17:00:19,2025-07-26 17:01:48
P2,absolute_humidity,2025-07-26 17:02:19,2025-07-26 17:03:19
P2,absolute_humidity,2025-07-26 17:03:48,2025-07-26 17:04:48
P2,absolute_humidity,2025-07-26 17:05:19,2025-07-26 17:06:48
P2,absolute_humidity,2025-07-26 17:07:18,2025-07-26 17:08:18
P2,absolute_humidity,2025-07-26 17:08:50,2025-07-26 17:10:18
P2,absolute_humidity,2025-07-26 17:10:48,2025-07-26 17:11:48
P2,absolute_humidity,2025-07-26 17:12:19,2025-07-26 17:13:18
P2,absolute_humidity,2025-07-26 17:14:18,2025-07-26 17:15:18
P2,absolute_humidity,2025-07-26 17:15:49,2025-07-26 17:16:48
P2,absolute_humidity,2025-07-26 17:17:48,2025-07-26 17:18:50
P2,absolute_humidity,2025-07-26 17:19:22,2025-07-26 17:20:18
P2,absolute_humidity,2025-07-26 17:21:18,2025-07-26 17:22:18
P2,absolute_humidity,2025-07-26 17:22:49,2025-07-26 17:23:48
P2,absolute_humidity,2025-07-26 17:24:48,2025-07-26 17:25:49
P2,absolute_humidity,2025-07-26 17:26:19,2025-07-26 17:27:18
P2,absolute_humidity,2025-07-26 17:28:18,2025-07-26 17:29:18
P2,absolute_humidity,2025-07-26 17:29:49,2025-07-26 17:30:48
P2,absolute_humidity,2025-07-26 17:31:48,2025-07-26 17:32:48
P2,absolute_humidity,2025-07-26 17:33:19,2025-07-26 17:34:18
P2,absolute_humidity,2025-07-26 17:35:18,2025-07-26 17:36:18
P2,absolute_humidity,2025-07-26 17:36:49,2025-07-26 17:37:48
P2,absolute_humidity,2025-07-26 17:38:48,2025-07-26 17:39:49
P2,absolute_humidity,2025-07-26 17:40:19,2025-07-26 17:41:18
P2,absolute_humidity,2025-07-26 17:42:18,2025-07-26 17:43:18
P2,absolute_humidity,2025-07-26 17:43:49,2025-07-26 17:45:19
P2,absolute_humidity,2025-07-26 17:45:48,2025-07-26 17:47:18
P2,absolute_humidity,2025-07-26 17:48:18,2025-07-26 17:48:48
P2,absolute_humidity,2025-07-26 17:49:49,2025-07-26 17:50:48
P2,absolute_humidity,2025-07-26 17:51:49,2025-07-26 17:52:18
P2,absolute_humidity,2025-07-26 17:53:18,2025-07-26 17:53:48
P2,absolute_humidity,2025-07-26 17:54:18,2025-07-26 17:55:18
P2,absolute_humidity,2025-07-26 17:55:49,2025-07-26 17:56:48
P2,absolute_humidity,2025-07-26 17:57:48,2025-07-26 17:58:18
P2,absolute_humidity,2025-07-26 17:59:22,2025-07-26 18:00:18
P2,absolute_humidity,2025-07-26 18:01:18,2025-07-26 18:01:48
P2,absolute_humidity,2025-07-26 18:02:49,2025-07-26 18:03:48
P2,absolute_humidity,2025-07-26 18:04:48,2025-07-26 18:05:18
P2,absolute_humidity,2025-07-26 18:06:19,2025-07-26 18:07:18
P2,absolute_humidity,2025-07-26 18:08:18,2025-07-26 18:08:48
P2,absolute_humidity,2025-07-26 18:09:49,2025-07-26 18:10:48
P2,absolute_humidity,2025-07-26 18:11:48,2025-07-26 18:12:18
P2,absolute_humidity,2025-07-26 18:13:19,2025-07-26 18:14:18
P2,absolute_humidity,2025-07-26 18:15:18,2025-07-26 18:15:48
P2,absolute_humidity,2025-07-26 18:16:49,2025-07-26 18:17:48
P2,absolute_humidity,2025-07-26 18:18:48,2025-07-26 18:19:18
P2,absolute_humidity,2025-07-26 18:20:19,2025-07-26 18:21:18
P2,absolute_humidity,2025-07-26 18:22:18,2025-07-26 18:22:48
P2,absolute_humidity,2025-07-26 18:23:49,2025-07-26 18:24:48
P2,absolute_humidity,2025-07-26 18:25:48,2025-07-26 18:26:18
P2,absolute_humidity,2025-07-26 18:27:19,2025-07-26 18:28:18
P2,absolute_humidity,2025-07-26 18:29:18,2025-07-26 18:29:48
P2,absolute_humidity,2025-07-26 18:30:49,2025-07-26 18:31:48
P2,absolute_humidity,2025-07-26 18:32:48,2025-07-26 18:33:18
P2,absolute_humidity,2025-07-26 18:34:18,2025-07-26 18:35:18
P2,absolute_humidity,2025-07-26 18:36:18,2025-07-26 18:36:48
P2,absolute_humidity,2025-07-26 18:37:49,2025-07-26 18:38:18
P2,absolute_humidity,2025-07-26 18:39:48,2025-07-26 18:40:18
P2,absolute_humidity,2025-07-26 18:41:18,2025-07-26 18:42:18
P2,absolute_humidity,2025-07-26 18:43:18,2025-07-26 18:43:48
P2,absolute_humidity,2025-07-26 18:44:49,2025-07-26 18:45:48
P2,absolute_humidity,2025-07-26 18:46:48,2025-07-26 18:47:18
P2,absolute_humidity,2025-07-26 18:48:18,2025-07-26 18:48:48
P2,absolute_humidity,2025-07-26 18:50:18,2025-07-26 18:50:48
P2,absolute_humidity,2025-07-26 18:51:48,2025-07-26 18:52:18
P2,absolute_humidity,2025-07-26 18:53:48,2025-07-26 18:54:18
P2,absolute_humidity,2025-07-26 18:55:18,2025-07-26 18:55:48
P2,absolute_humidity,2025-07-26 18:58:49,2025-07-26 18:59:18
P2,absolute_humidity,2025-07-26 19:02:18,2025-07-26 19:02:48
P2,absolute_humidity,2025-07-26 19:05:48,2025-07-26 19:06:18
P2,absolute_humidity,2025-07-26 19:09:19,2025-07-26 19:09:48
P2,absolute_humidity,2025-07-26 19:12:48,2025-07-26 19:13:18
P2,absolute_humidity,2025-07-26 19:16:18,2025-07-26 19:16:48
P2,absolute_humidity,2025-07-26 19:19:48,2025-07-26 19:20:18
P2,absolute_humidity,2025-07-26 19:23:18,2025-07-26 19:23:48
P2,absolute_humidity,2025-07-26 19:26:48,2025-07-26 19:27:18
P2,absolute_humidity,2025-07-26 19:30:18,2025-07-26 19:30:48
P2,absolute_humidity,2025-07-26 19:33:48,2025-07-26 19:34:18
P2,absolute_humidity,2025-07-26 19:37:18,2025-07-26 19:37:48
P2,absolute_humidity,2025-07-26 19:40:48,2025-07-26 19:41:18
P2,absolute_humidity,2025-07-26 19:44:18,2025-07-26 19:44:48
P2,absolute_humidity,2025-07-26 19:47:48,2025-07-26 19:48:18
P2,absolute_humidity,2025-07-26 19:51:18,2025-07-26 19:51:48
P2,absolute_humidity,2025-07-26 19:54:48,2025-07-26 19:55:18
P2,absolute_humidity,2025-07-26 19:58:18,2025-07-26 19:58:48
P2,absolute_humidity,2025-07-26 20:01:48,2025-07-26 20:02:18
P2,absolute_humidity,2025-07-26 20:05:18,2025-07-26 20:05:48
P2,absolute_humidity,2025-07-26 20:08:48,2025-07-26 20:09:18
P2,absolute_humidity,2025-07-26 20:12:18,2025-07-26 20:12:48
P2,absolute_humidity,2025-07-26 20:15:48,2025-07-26 20:16:18
P2,absolute_humidity,2025-07-26 20:19:18,2025-07-26 20:19:48
P2,absolute_humidity,2025-07-26 20:22:48,2025-07-26 20:23:18
P2,absolute_humidity,2025-07-26 20:26:18,2025-07-26 20:26:48
P2,absolute_humidity,2025-07-26 20:29:48,2025-07-26 20:30:18
P2,absolute_humidity,2025-07-26 20:33:18,2025-07-26 20:33:48
P2,absolute_humidity,2025-07-26 20:36:48,2025-07-26 20:37:18
P2,absolute_humidity,2025-07-26 20:40:21,2025-07-26 20:40:48
P2,absolute_humidity,2025-07-26 20:43:48,2025-07-26 20:44:18
P2,absolute_humidity,2025-07-26 20:47:18,2025-07-26 20:47:48
P2,absolute_humidity,2025-07-26 21:04:48,2025-07-26 21:05:18
P2,absolute_humidity,2025-07-26 21:11:48,2025-07-26 21:12:18
P2,absolute_humidity,2025-07-26 21:15:18,2025-07-26 21:15:48
P2,absolute_humidity,2025-07-26 21:29:18,2025-07-26 21:29:48
P2,absolute_humidity,2025-07-26 21:36:18,2025-07-26 21:36:48
P2,absolute_humidity,2025-07-27 00:25:30,2025-07-27 00:26:02
P2,absolute_humidity,2025-07-27 07:15:01,2025-07-27 07:15:31
P2,absolute_humidity,2025-07-27 07:18:31,2025-07-27 07:19:01
P2,absolute_humidity,2025-07-27 07:22:01,2025-07-27 07:22:31
P2,absolute_humidity,2025-07-27 07:25:31,2025-07-27 07:26:01
P2,absolute_humidity,2025-07-27 07:29:01,2025-07-27 07:29:31
P2,absolute_humidity,2025-07-27 07:32:31,2025-07-27 07:33:01
P2,absolute_humidity,2025-07-27 07:36:01,2025-07-27 07:36:31
P2,absolute_humidity,2025-07-27 07:39:31,2025-07-27 07:40:01
P2,absolute_humidity,2025-07-27 07:43:01,2025-07-27 07:43:31
P2,absolute_humidity,2025-07-27 07:46:31,2025-07-27 07:47:01
P2,absolute_humidity,2025-07-27 07:50:01,2025-07-27 07:50:31
P2,absolute_humidity,2025-07-27 07:53:31,2025-07-27 07:54:01
P2,absolute_humidity,2025-07-27 07:57:01,2025-07-27 07:57:31
P2,absolute_humidity,2025-07-27 08:00:31,2025-07-27 08:01:01
P2,absolute_humidity,2025-07-27 08:04:01,2025-07-27 08:04:31
P2,absolute_humidity,2025-07-27 08:07:31,2025-07-27 08:08:01
P2,absolute_humidity,2025-07-27 08:11:01,2025-07-27 08:11:31
P2,absolute_humidity,2025-07-27 08:14:31,2025-07-27 08:15:01
P2,absolute_humidity,2025-07-27 08:18:01,2025-07-27 08:18:31
P2,absolute_humidity,2025-07-27 08:21:31,2025-07-27 08:22:01
P2,absolute_humidity,2025-07-27 08:25:01,2025-07-27 08:25:31
P2,absolute_humidity,2025-07-27 08:28:31,2025-07-27 08:29:01
P2,absolute_humidity,2025-07-27 08:32:01,2025-07-27 08:32:31
P2,absolute_humidity,2025-07-27 08:35:31,2025-07-27 08:36:00
P2,absolute_humidity,2025-07-27 08:39:01,2025-07-27 08:39:31
P2,absolute_humidity,2025-07-27 08:42:31,2025-07-27 08:43:00
P2,absolute_humidity,2025-07-27 08:46:01,2025-07-27 08:46:30
P2,absolute_humidity,2025-07-27 08:48:00,2025-07-27 08:48:31
P2,absolute_humidity,2025-07-27 08:49:31,2025-07-27 08:50:01
P2,absolute_humidity,2025-07-27 08:51:31,2025-07-27 08:52:00
P2,absolute_humidity,2025-07-27 08:53:01,2025-07-27 08:53:31
P2,absolute_humidity,2025-07-27 08:55:00,2025-07-27 08:55:31
P2,absolute_humidity,2025-07-27 08:56:31,2025-07-27 08:57:01
P2,absolute_humidity,2025-07-27 08:58:30,2025-07-27 08:59:00
P2,absolute_humidity,2025-07-27 09:00:01,2025-07-27 09:00:30
P2,absolute_humidity,2025-07-27 09:02:00,2025-07-27 09:02:30
P2,absolute_humidity,2025-07-27 09:03:31,2025-07-27 09:04:00
P2,absolute_humidity,2025-07-27 09:05:30,2025-07-27 09:06:00
P2,absolute_humidity,2025-07-27 09:07:01,2025-07-27 09:07:30
P2,absolute_humidity,2025-07-27 09:09:00,2025-07-27 09:09:30
P2,absolute_humidity,2025-07-27 09:10:31,2025-07-27 09:11:00
P2,absolute_humidity,2025-07-27 09:12:30,2025-07-27 09:13:00
P2,absolute_humidity,2025-07-27 09:14:01,2025-07-27 09:15:00
P2,absolute_humidity,2025-07-27 09:16:00,2025-07-27 09:16:30
P2,absolute_humidity,2025-07-27 09:17:31,2025-07-27 09:18:30
P2,absolute_humidity,2025-07-27 09:19:31,2025-07-27 09:20:00
P2,absolute_humidity,2025-07-27 09:21:00,2025-07-27 09:21:30
P2,absolute_humidity,2025-07-27 09:22:31,2025-07-27 09:23:30
P2,absolute_humidity,2025-07-27 09:24:30,2025-07-27 09:25:00
P2,absolute_humidity,2025-07-27 09:26:01,2025-07-27 09:27:00
P2,absolute_humidity,2025-07-27 09:28:00,2025-07-27 09:28:30
P2,absolute_humidity,2025-07-27 09:29:31,2025-07-27 09:30:30
P2,absolute_humidity,2025-07-27 09:31:30,2025-07-27 09:32:00
P2,absolute_humidity,2025-07-27 09:33:01,2025-07-27 09:34:00
P2,absolute_humidity,2025-07-27 09:35:00,2025-07-27 09:35:30
P2,absolute_humidity,2025-07-27 09:36:31,2025-07-27 09:37:30
P2,absolute_humidity,2025-07-27 09:38:30,2025-07-27 09:39:30
P2,absolute_humidity,2025-07-27 09:40:01,2025-07-27 09:41:00
P2,absolute_humidity,2025-07-27 09:42:00,2025-07-27 09:42:30
P2,absolute_humidity,2025-07-27 09:43:31,2025-07-27 09:44:30
P2,absolute_humidity,2025-07-27 09:45:30,2025-07-27 09:46:30
P2,absolute_humidity,2025-07-27 09:47:01,2025-07-27 09:48:00
P2,absolute_humidity,2025-07-27 09:49:00,2025-07-27 09:49:30
P2,absolute_humidity,2025-07-27 09:50:31,2025-07-27 09:51:30
P2,absolute_humidity,2025-07-27 09:52:30,2025-07-27 09:53:00
P2,absolute_humidity,2025-07-27 09:54:01,2025-07-27 09:55:00
P2,absolute_humidity,2025-07-27 09:56:00,2025-07-27 09:56:30
P2,absolute_humidity,2025-07-27 09:57:31,2025-07-27 09:58:30
P2,absolute_humidity,2025-07-27 09:59:30,2025-07-27 10:00:30
P2,absolute_humidity,2025-07-27 10:01:01,2025-07-27 10:02:00
P2,absolute_humidity,2025-07-27 10:03:00,2025-07-27 10:04:00
P2,absolute_humidity,2025-07-27 10:04:31,2025-07-27 10:05:30
P2,absolute_humidity,2025-07-27 10:06:30,2025-07-27 10:07:30
P2,absolute_humidity,2025-07-27 10:08:01,2025-07-27 10:09:00
P2,absolute_humidity,2025-07-27 10:10:00,2025-07-27 10:11:00
P2,absolute_humidity,2025-07-27 10:11:31,2025-07-27 10:13:00
P2,absolute_humidity,2025-07-27 10:13:30,2025-07-27 10:14:30
P2,absolute_humidity,2025-07-27 10:15:01,2025-07-27 10:16:00
P2,absolute_humidity,2025-07-27 10:17:00,2025-07-27 10:18:00
P2,absolute_humidity,2025-07-27 10:18:31,2025-07-27 10:19:30
P2,absolute_humidity,2025-07-27 10:20:30,2025-07-27 10:21:30
P2,absolute_humidity,2025-07-27 10:22:01,2025-07-27 10:23:30
P2,absolute_humidity,2025-07-27 10:24:00,2025-07-27 10:25:00
P2,absolute_humidity,2025-07-27 10:25:31,2025-07-27 10:26:30
P2,absolute_humidity,2025-07-27 10:27:30,2025-07-27 10:28:30
P2,absolute_humidity,2025-07-27 10:29:01,2025-07-27 10:30:00
P2,absolute_humidity,2025-07-27 10:31:00,2025-07-27 10:32:00
P2,absolute_humidity,2025-07-27 10:32:31,2025-07-27 10:34:00
P2,absolute_humidity,2025-07-27 10:34:30,2025-07-27 10:35:30
P2,absolute_humidity,2025-07-27 10:36:01,2025-07-27 10:37:30
P2,absolute_humidity,2025-07-27 10:38:00,2025-07-27 10:39:00
P2,absolute_humidity,2025-07-27 10:39:31,2025-07-27 10:41:00
P2,absolute_humidity,2025-07-27 10:41:30,2025-07-27 10:42:30
P2,absolute_humidity,2025-07-27 10:43:01,2025-07-27 10:44:30
P2,absolute_humidity,2025-07-27 10:45:00,2025-07-27 10:46:00
P2,absolute_humidity,2025-07-27 10:46:31,2025-07-27 10:48:00
P2,absolute_humidity,2025-07-27 10:48:30,2025-07-27 10:49:30
P2,absolute_humidity,2025-07-27 10:50:01,2025-07-27 10:51:30
P2,absolute_humidity,2025-07-27 10:52:00,2025-07-27 10:53:00
P2,absolute_humidity,2025-07-27 10:53:31,2025-07-27 10:55:00
P2,absolute_humidity,2025-07-27 10:55:30,2025-07-27 10:56:30
P2,absolute_humidity,2025-07-27 10:57:01,2025-07-27 10:58:30
P2,absolute_humidity,2025-07-27 10:59:00,2025-07-27 11:00:00
P2,absolute_humidity,2025-07-27 11:00:31,2025-07-27 11:02:00
P2,absolute_humidity,2025-07-27 11:02:30,2025-07-27 11:03:30
P2,absolute_humidity,2025-07-27 11:04:01,2025-07-27 11:05:30
P2,absolute_humidity,2025-07-27 11:06:00,2025-07-27 11:07:00
P2,absolute_humidity,2025-07-27 11:07:31,2025-07-27 11:09:00
P2,absolute_humidity,2025-07-27 11:09:30,2025-07-27 11:10:30
P2,absolute_humidity,2025-07-27 11:11:01,2025-07-27 11:12:30
P2,absolute_humidity,2025-07-27 11:13:00,2025-07-27 11:14:00
P2,absolute_humidity,2025-07-27 11:14:31,2025-07-27 11:16:00
P2,absolute_humidity,2025-07-27 11:16:30,2025-07-27 11:17:30
P2,absolute_humidity,2025-07-27 11:18:00,2025-07-27 11:19:30
P2,absolute_humidity,2025-07-27 11:20:00,2025-07-27 11:21:00
P2,absolute_humidity,2025-07-27 11:21:31,2025-07-27 11:23:00
P2,absolute_humidity,2025-07-27 11:23:30,2025-07-27 11:24:30
P2,absolute_humidity,2025-07-27 11:25:00,2025-07-27 11:26:30
P2,absolute_humidity,2025-07-27 11:27:00,2025-07-27 11:28:00
P2,absolute_humidity,2025-07-27 11:28:31,2025-07-27 11:30:00
P2,absolute_humidity,2025-07-27 11:30:30,2025-07-27 11:31:30
P2,absolute_humidity,2025-07-27 11:32:00,2025-07-27 11:33:30
P2,absolute_humidity,2025-07-27 11:34:00,2025-07-27 11:35:00
P2,absolute_humidity,2025-07-27 11:35:30,2025-07-27 11:36:30
P2,absolute_humidity,2025-07-27 11:37:30,2025-07-27 11:38:30
P2,absolute_humidity,2025-07-27 11:39:00,2025-07-27 11:40:30
P2,absolute_humidity,2025-07-27 11:41:00,2025-07-27 11:42:00
P2,absolute_humidity,2025-07-27 11:42:30,2025-07-27 11:44:00
P2,absolute_humidity,2025-07-27 11:44:30,2025-07-27 11:45:30
P2,absolute_humidity,2025-07-27 11:46:00,2025-07-27 11:47:30
P2,absolute_humidity,2025-07-27 11:48:00,2025-07-27 11:49:00
P2,absolute_humidity,2025-07-27 11:49:30,2025-07-27 11:51:00
P2,absolute_humidity,2025-07-27 11:51:30,2025-07-27 11:52:30
P2,absolute_humidity,2025-07-27 11:53:00,2025-07-27 11:54:30
P2,absolute_humidity,2025-07-27 11:55:00,2025-07-27 11:56:00
P2,absolute_humidity,2025-07-27 11:56:30,2025-07-27 11:58:00
P2,absolute_humidity,2025-07-27 11:58:30,2025-07-27 11:59:30
P2,absolute_humidity,2025-07-27 12:00:00,2025-07-27 12:01:30
P2,absolute_humidity,2025-07-27 12:02:00,2025-07-27 12:03:00
P2,absolute_humidity,2025-07-27 12:03:30,2025-07-27 12:05:00
P2,absolute_humidity,2025-07-27 12:05:30,2025-07-27 12:06:30
P2,absolute_humidity,2025-07-27 12:07:00,2025-07-27 12:08:30
P2,absolute_humidity,2025-07-27 12:09:00,2025-07-27 12:22:30
P2,absolute_humidity,2025-07-27 12:23:00,2025-07-27 15:34:59
P2,absolute_humidity,2025-07-27 15:35:29,2025-07-27 15:38:29
P2,absolute_humidity,2025-07-27 15:38:59,2025-07-27 15:41:59
P2,absolute_humidity,2025-07-27 15:42:29,2025-07-27 15:45:29
P2,absolute_humidity,2025-07-27 15:45:59,2025-07-27 15:46:59
P2,absolute_humidity,2025-07-27 15:47:30,2025-07-27 15:48:59
P2,absolute_humidity,2025-07-27 15:49:29,2025-07-27 15:50:29
P2,absolute_humidity,2025-07-27 15:51:00,2025-07-27 15:52:29
P2,absolute_humidity,2025-07-27 15:52:59,2025-07-27 15:53:59
P2,absolute_humidity,2025-07-27 15:54:30,2025-07-27 15:55:59
P2,absolute_humidity,2025-07-27 15:56:29,2025-07-27 15:57:29
P2,absolute_humidity,2025-07-27 15:58:00,2025-07-27 15:59:29
P2,absolute_humidity,2025-07-27 15:59:59,2025-07-27 16:00:59
P2,absolute_humidity,2025-07-27 16:01:30,2025-07-27 16:02:59
P2,absolute_humidity,2025-07-27 16:03:29,2025-07-27 16:04:29
P2,absolute_humidity,2025-07-27 16:05:00,2025-07-27 16:06:29
P2,absolute_humidity,2025-07-27 16:06:59,2025-07-27 16:07:59
P2,absolute_humidity,2025-07-27 16:08:30,2025-07-27 16:09:59
P2,absolute_humidity,2025-07-27 16:10:29,2025-07-27 16:11:29
P2,absolute_humidity,2025-07-27 16:12:00,2025-07-27 16:13:29
P2,absolute_humidity,2025-07-27 16:13:59,2025-07-27 16:14:59
P2,absolute_humidity,2025-07-27 16:15:30,2025-07-27 16:16:29
P2,absolute_humidity,2025-07-27 16:17:29,2025-07-27 16:18:29
P2,absolute_humidity,2025-07-27 16:19:00,2025-07-27 16:19:59
P2,absolute_humidity,2025-07-27 16:20:59,2025-07-27 16:21:59
P2,absolute_humidity,2025-07-27 16:22:30,2025-07-27 16:23:29
P2,absolute_humidity,2025-07-27 16:24:29,2025-07-27 16:25:29
P2,absolute_humidity,2025-07-27 16:26:00,2025-07-27 16:26:59
P2,absolute_humidity,2025-07-27 16:27:59,2025-07-27 16:28:59
P2,absolute_humidity,2025-07-27 16:29:30,2025-07-27 16:30:29
P2,absolute_humidity,2025-07-27 16:31:29,2025-07-27 16:32:29
P2,absolute_humidity,2025-07-27 16:33:00,2025-07-27 16:33:59
P2,absolute_humidity,2025-07-27 16:34:59,2025-07-27 16:35:59
P2,absolute_humidity,2025-07-27 16:36:29,2025-07-27 16:37:29
P2,absolute_humidity,2025-07-27 16:38:29,2025-07-27 16:39:29
P2,absolute_humidity,2025-07-27 16:40:00,2025-07-27 16:40:59
P2,absolute_humidity,2025-07-27 16:41:59,2025-07-27 16:42:59
P2,absolute_humidity,2025-07-27 16:43:29,2025-07-27 16:44:29
P2,absolute_humidity,2025-07-27 16:45:29,2025-07-27 16:45:59
P2,absolute_humidity,2025-07-27 16:47:00,2025-07-27 16:47:59
P2,absolute_humidity,2025-07-27 16:48:59,2025-07-27 16:49:59
P2,absolute_humidity,2025-07-27 16:50:29,2025-07-27 16:51:29
P2,absolute_humidity,2025-07-27 16:52:29,2025-07-27 16:52:59
P2,absolute_humidity,2025-07-27 16:54:00,2025-07-27 16:54:59
P2,absolute_humidity,2025-07-27 16:55:59,2025-07-27 16:56:29
P2,absolute_humidity,2025-07-27 16:57:30,2025-07-27 16:58:29
P2,absolute_humidity,2025-07-27 16:59:29,2025-07-27 16:59:59
P2,absolute_humidity,2025-07-27 17:00:59,2025-07-27 17:01:59
P2,absolute_humidity,2025-07-27 17:02:59,2025-07-27 17:03:29
P2,absolute_humidity,2025-07-27 17:04:29,2025-07-27 17:05:29
P2,absolute_humidity,2025-07-27 17:06:29,2025-07-27 17:06:59
P2,absolute_humidity,2025-07-27 17:07:59,2025-07-27 17:08:59
P2,absolute_humidity,2025-07-27 17:09:59,2025-07-27 17:10:29
P2,absolute_humidity,2025-07-27 17:11:29,2025-07-27 17:12:29
P2,absolute_humidity,2025-07-27 17:13:29,2025-07-27 17:13:59
P2,absolute_humidity,2025-07-27 17:14:59,2025-07-27 17:15:59
P2,absolute_humidity,2025-07-27 17:16:59,2025-07-27 17:17:29
P2,absolute_humidity,2025-07-27 17:18:29,2025-07-27 17:18:59
P2,absolute_humidity,2025-07-27 17:20:29,2025-07-27 17:20:59
P2,absolute_humidity,2025-07-27 17:21:59,2025-07-27 17:22:29
P2,absolute_humidity,2025-07-27 17:23:59,2025-07-27 17:24:29
P2,absolute_humidity,2025-07-27 17:25:29,2025-07-27 17:25:59
P2,absolute_humidity,2025-07-27 17:27:29,2025-07-27 17:27:59
P2,absolute_humidity,2025-07-27 17:28:59,2025-07-27 17:29:29
P2,absolute_humidity,2025-07-27 17:30:59,2025-07-27 17:31:29
P2,absolute_humidity,2025-07-27 17:32:29,2025-07-27 17:32:59
P2,absolute_humidity,2025-07-27 17:34:29,2025-07-27 17:34:59
P2,absolute_humidity,2025-07-27 17:35:59,2025-07-27 17:36:29
P2,absolute_humidity,2025-07-27 17:37:59,2025-07-27 17:38:29
P2,absolute_humidity,2025-07-27 17:39:29,2025-07-27 17:39:59
P2,absolute_humidity,2025-07-27 17:41:29,2025-07-27 17:41:59
P2,absolute_humidity,2025-07-27 17:42:59,2025-07-27 17:43:59
P2,absolute_humidity,2025-07-27 17:44:59,2025-07-27 17:45:29
P2,absolute_humidity,2025-07-27 17:46:29,2025-07-27 17:46:59
P2,absolute_humidity,2025-07-27 17:48:29,2025-07-27 17:48:59
P2,absolute_humidity,2025-07-27 17:49:59,2025-07-27 17:50:29
P2,absolute_humidity,2025-07-27 17:51:59,2025-07-27 17:52:29
P2,absolute_humidity,2025-07-27 17:53:29,2025-07-27 17:53:59
P2,absolute_humidity,2025-07-27 17:56:59,2025-07-27 17:57:29
P2,absolute_humidity,2025-07-27 17:58:59,2025-07-27 17:59:29
P2,absolute_humidity,2025-07-27 18:00:29,2025-07-27 18:00:59
P2,absolute_humidity,2025-07-27 18:03:59,2025-07-27 18:04:29
P2,absolute_humidity,2025-07-27 18:07:29,2025-07-27 18:07:59
P2,absolute_humidity,2025-07-27 18:10:59,2025-07-27 18:11:29
P2,absolute_humidity,2025-07-27 18:14:29,2025-07-27 18:14:59
P2,absolute_humidity,2025-07-27 18:17:59,2025-07-27 18:18:29
P2,absolute_humidity,2025-07-27 18:21:29,2025-07-27 18:21:59
P2,absolute_humidity,2025-07-27 18:24:59,2025-07-27 18:25:29
P2,absolute_humidity,2025-07-27 18:28:29,2025-07-27 18:28:59
P2,absolute_humidity,2025-07-27 18:31:59,2025-07-27 18:32:29
P2,absolute_humidity,2025-07-27 18:35:29,2025-07-27 18:35:59
P2,absolute_humidity,2025-07-27 18:38:59,2025-07-27 18:39:29
P2,absolute_humidity,2025-07-27 18:42:29,2025-07-27 18:42:59
P2,absolute_humidity,2025-07-27 18:45:59,2025-07-27 18:46:29
P2,absolute_humidity,2025-07-27 18:49:29,2025-07-27 18:49:59
P2,absolute_humidity,2025-07-27 18:52:59,2025-07-27 18:53:29
P2,absolute_humidity,2025-07-27 18:56:29,2025-07-27 18:56:59
P2,absolute_humidity,2025-07-27 18:59:59,2025-07-27 19:00:29
P2,absolute_humidity,2025-08-02 12:54:07,2025-08-02 12:54:37
P2,absolute_humidity,2025-08-02 13:01:07,2025-08-02 13:01:37
P2,absolute_humidity,2025-08-02 13:04:37,2025-08-02 13:05:07
P2,absolute_humidity,2025-08-02 13:08:07,2025-08-02 13:08:37
P2,absolute_humidity,2025-08-02 13:11:37,2025-08-02 13:12:07
P2,absolute_humidity,2025-08-02 13:15:07,2025-08-02 13:15:37
P2,absolute_humidity,2025-08-02 13:18:37,2025-08-02 13:19:07
P2,absolute_humidity,2025-08-02 13:22:07,2025-08-02 13:22:37
P2,absolute_humidity,2025-08-02 13:25:37,2025-08-02 13:26:06
P2,absolute_humidity,2025-08-02 13:29:07,2025-08-02 13:29:36
P2,absolute_humidity,2025-08-02 13:32:37,2025-08-02 13:33:06
P2,absolute_humidity,2025-08-02 13:36:07,2025-08-02 13:36:36
P2,absolute_humidity,2025-08-02 13:39:37,2025-08-02 13:40:06
P2,absolute_humidity,2025-08-02 13:43:07,2025-08-02 13:43:36
P2,absolute_humidity,2025-08-02 13:46:37,2025-08-02 13:47:06
P2,absolute_humidity,2025-08-02 13:50:07,2025-08-02 13:50:36
P2,absolute_humidity,2025-08-02 13:53:37,2025-08-02 13:54:06
P2,absolute_humidity,2025-08-02 13:57:07,2025-08-02 13:57:36
P2,absolute_humidity,2025-08-02 14:00:37,2025-08-02 14:01:06
P2,absolute_humidity,2025-08-02 14:04:07,2025-08-02 14:04:36
P2,absolute_humidity,2025-08-02 14:07:37,2025-08-02 14:08:06
P2,absolute_humidity,2025-08-02 14:11:07,2025-08-02 14:11:36
P2,absolute_humidity,2025-08-02 14:13:06,2025-08-02 14:13:36
P2,absolute_humidity,2025-08-02 14:14:37,2025-08-02 14:15:06
P2,absolute_humidity,2025-08-02 14:16:36,2025-08-02 14:17:06
P2,absolute_humidity,2025-08-02 14:18:07,2025-08-02 14:19:06
P2,absolute_humidity,2025-08-02 14:20:06,2025-08-02 14:20:36
P2,absolute_humidity,2025-08-02 14:21:37,2025-08-02 14:22:36
P2,absolute_humidity,2025-08-02 14:23:36,2025-08-02 14:24:06
P2,absolute_humidity,2025-08-02 14:25:07,2025-08-02 14:26:06
P2,absolute_humidity,2025-08-02 14:27:06,2025-08-02 14:27:36
P2,absolute_humidity,2025-08-02 14:28:37,2025-08-02 14:29:36
P2,absolute_humidity,2025-08-02 14:30:36,2025-08-02 14:31:06
P2,absolute_humidity,2025-08-02 14:32:07,2025-08-02 14:32:36
P2,absolute_humidity,2025-08-02 14:34:06,2025-08-02 14:34:36
P2,absolute_humidity,2025-08-02 14:35:37,2025-08-02 14:36:36
P2,absolute_humidity,2025-08-02 14:37:36,2025-08-02 14:38:06
P2,absolute_humidity,2025-08-02 14:39:07,2025-08-02 14:40:06
P2,absolute_humidity,2025-08-02 14:41:06,2025-08-02 14:41:36
P2,absolute_humidity,2025-08-02 14:42:37,2025-08-02 14:43:36
P2,absolute_humidity,2025-08-02 14:44:36,2025-08-02 14:45:06
P2,absolute_humidity,2025-08-02 14:46:07,2025-08-02 14:47:06
P2,absolute_humidity,2025-08-02 14:48:06,2025-08-02 14:48:36
P2,absolute_humidity,2025-08-02 14:49:37,2025-08-02 14:50:36
P2,absolute_humidity,2025-08-02 14:51:36,2025-08-02 14:52:06
P2,absolute_humidity,2025-08-02 14:53:07,2025-08-02 14:54:06
P2,absolute_humidity,2025-08-02 14:55:06,2025-08-02 14:55:36
P2,absolute_humidity,2025-08-02 14:56:37,2025-08-02 14:57:36
P2,absolute_humidity,2025-08-02 14:58:36,2025-08-02 14:59:36
P2,absolute_humidity,2025-08-02 15:00:07,2025-08-02 15:01:06
P2,absolute_humidity,2025-08-02 15:02:06,2025-08-02 15:03:06
P2,absolute_humidity,2025-08-02 15:03:37,2025-08-02 15:04:36
P2,absolute_humidity,2025-08-02 15:05:36,2025-08-02 15:06:36
P2,absolute_humidity,2025-08-02 15:07:07,2025-08-02 15:08:06
P2,absolute_humidity,2025-08-02 15:09:06,2025-08-02 15:10:06
P2,absolute_humidity,2025-08-02 15:10:37,2025-08-02 15:11:36
P2,absolute_humidity,2025-08-02 15:12:36,2025-08-02 15:13:36
P2,absolute_humidity,2025-08-02 15:14:07,2025-08-02 15:15:06
P2,absolute_humidity,2025-08-02 15:16:06,2025-08-02 15:17:06
P2,absolute_humidity,2025-08-02 15:17:37,2025-08-02 15:19:06
P2,absolute_humidity,2025-08-02 15:19:36,2025-08-02 15:20:36
P2,absolute_humidity,2025-08-02 15:21:07,2025-08-02 15:22:36
P2,absolute_humidity,2025-08-02 15:23:06,2025-08-02 15:24:06
P2,absolute_humidity,2025-08-02 15:24:37,2025-08-02 15:26:06
P2,absolute_humidity,2025-08-02 15:26:36,2025-08-02 15:27:36
P2,absolute_humidity,2025-08-02 15:28:07,2025-08-02 15:29:36
P2,absolute_humidity,2025-08-02 15:30:06,2025-08-02 15:31:06
P2,absolute_humidity,2025-08-02 15:31:37,2025-08-02 15:33:06
P2,absolute_humidity,2025-08-02 15:33:36,2025-08-02 15:34:36
P2,absolute_humidity,2025-08-02 15:35:07,2025-08-02 15:36:36
P2,absolute_humidity,2025-08-02 15:37:06,2025-08-02 15:38:06
P2,absolute_humidity,2025-08-02 15:38:37,2025-08-02 15:40:06
P2,absolute_humidity,2025-08-02 15:40:36,2025-08-02 15:41:36
P2,absolute_humidity,2025-08-02 15:42:07,2025-08-02 15:43:36
P2,absolute_humidity,2025-08-02 15:44:06,2025-08-02 15:50:36
P2,absolute_humidity,2025-08-02 15:51:06,2025-08-02 15:52:06
P2,absolute_humidity,2025-08-02 15:52:37,2025-08-02 15:54:06
P2,absolute_humidity,2025-08-02 15:54:36,2025-08-02 15:55:36
P2,absolute_humidity,2025-08-02 15:56:06,2025-08-02 15:57:36
P2,absolute_humidity,2025-08-02 15:58:06,2025-08-02 16:01:06
P2,absolute_humidity,2025-08-02 16:01:36,2025-08-02 16:04:36
P2,absolute_humidity,2025-08-02 16:05:06,2025-08-02 16:06:06
P2,absolute_humidity,2025-08-02 16:06:36,2025-08-02 16:08:06
P2,absolute_humidity,2025-08-02 16:08:36,2025-08-02 16:09:36
P2,absolute_humidity,2025-08-02 16:10:06,2025-08-02 16:11:36
P2,absolute_humidity,2025-08-02 16:12:06,2025-08-02 16:13:06
P2,absolute_humidity,2025-08-02 16:13:36,2025-08-02 16:15:06
P2,absolute_humidity,2025-08-02 16:15:36,2025-08-02 16:16:36
P2,absolute_humidity,2025-08-02 16:17:06,2025-08-02 16:18:36
P2,absolute_humidity,2025-08-02 16:19:06,2025-08-02 16:20:06
P2,absolute_humidity,2025-08-02 16:20:36,2025-08-02 16:22:06
P2,absolute_humidity,2025-08-02 16:22:36,2025-08-02 16:23:36
P2,absolute_humidity,2025-08-02 16:24:06,2025-08-02 16:25:36
P2,absolute_humidity,2025-08-02 16:26:06,2025-08-02 16:27:06
P2,absolute_humidity,2025-08-02 16:27:36,2025-08-02 16:29:06
P2,absolute_humidity,2025-08-02 16:29:36,2025-08-02 16:30:36
P2,absolute_humidity,2025-08-02 16:31:06,2025-08-02 16:32:36
P2,absolute_humidity,2025-08-02 16:33:06,2025-08-02 16:34:06
P2,absolute_humidity,2025-08-02 16:34:36,2025-08-02 16:36:06
P2,absolute_humidity,2025-08-02 16:36:36,2025-08-02 16:37:36
P2,absolute_humidity,2025-08-02 16:38:06,2025-08-02 16:39:36
P2,absolute_humidity,2025-08-02 16:40:06,2025-08-02 16:41:06
P2,absolute_humidity,2025-08-02 16:41:36,2025-08-02 16:42:36
P2,absolute_humidity,2025-08-02 16:43:36,2025-08-02 16:44:36
P2,absolute_humidity,2025-08-02 16:45:06,2025-08-02 16:46:06
P2,absolute_humidity,2025-08-02 16:47:06,2025-08-02 16:48:06
P2,absolute_humidity,2025-08-02 16:48:36,2025-08-02 16:49:36
P2,absolute_humidity,2025-08-02 16:50:36,2025-08-02 16:51:36
P2,absolute_humidity,2025-08-02 16:52:06,2025-08-02 16:53:06
P2,absolute_humidity,2025-08-02 16:54:06,2025-08-02 16:54:36
P2,absolute_humidity,2025-08-02 16:55:36,2025-08-02 16:56:36
P2,absolute_humidity,2025-08-02 16:57:36,2025-08-02 16:58:06
P2,absolute_humidity,2025-08-02 16:59:06,2025-08-02 17:00:06
P2,absolute_humidity,2025-08-02 17:01:06,2025-08-02 17:01:36
P2,absolute_humidity,2025-08-02 17:02:36,2025-08-02 17:03:36
P2,absolute_humidity,2025-08-02 17:04:36,2025-08-02 17:05:06
P2,absolute_humidity,2025-08-02 17:06:06,2025-08-02 17:06:36
P2,absolute_humidity,2025-08-02 17:08:06,2025-08-02 17:08:36
P2,absolute_humidity,2025-08-02 17:09:36,2025-08-02 17:10:06
P2,absolute_humidity,2025-08-02 17:13:06,2025-08-02 17:13:36
P2,absolute_humidity,2025-08-02 17:16:36,2025-08-02 17:17:06
P2,absolute_humidity,2025-08-02 17:20:06,2025-08-02 17:20:36
P2,absolute_humidity,2025-08-02 17:23:36,2025-08-02 17:24:06
P2,absolute_humidity,2025-08-02 17:27:06,2025-08-02 17:27:36
P2,absolute_humidity,2025-08-02 17:30:36,2025-08-02 17:31:06
P2,absolute_humidity,2025-08-02 17:34:06,2025-08-02 17:34:36
P2,absolute_humidity,2025-08-02 17:37:36,2025-08-02 17:38:06
P2,absolute_humidity,2025-08-02 17:41:06,2025-08-02 17:41:36
P2,absolute_humidity,2025-08-03 12:14:08,2025-08-03 12:14:37
P2,absolute_humidity,2025-08-03 12:21:08,2025-08-03 12:21:37
P2,absolute_humidity,2025-08-03 12:24:38,2025-08-03 12:25:07
P2,absolute_humidity,2025-08-03 12:28:08,2025-08-03 12:28:37
P2,absolute_humidity,2025-08-03 12:31:38,2025-08-03 12:32:07
P2,absolute_humidity,2025-08-03 12:35:08,2025-08-03 12:35:37
P2,absolute_humidity,2025-08-03 12:38:38,2025-08-03 12:39:07
P2,absolute_humidity,2025-08-03 12:42:08,2025-08-03 12:42:37
P2,absolute_humidity,2025-08-03 12:45:38,2025-08-03 12:46:07
P2,absolute_humidity,2025-08-03 12:49:08,2025-08-03 12:49:37
P2,absolute_humidity,2025-08-03 12:52:38,2025-08-03 12:53:07
P2,absolute_humidity,2025-08-03 12:56:08,2025-08-03 12:56:37
P2,absolute_humidity,2025-08-03 12:59:38,2025-08-03 13:00:07
P2,absolute_humidity,2025-08-03 13:03:08,2025-08-03 13:03:37
P2,absolute_humidity,2025-08-03 13:06:38,2025-08-03 13:07:07
P2,absolute_humidity,2025-08-03 13:10:08,2025-08-03 13:10:37
P2,absolute_humidity,2025-08-03 13:13:38,2025-08-03 13:14:07
P2,absolute_humidity,2025-08-03 13:17:08,2025-08-03 13:17:37
P2,absolute_humidity,2025-08-03 13:20:38,2025-08-03 13:21:07
P2,absolute_humidity,2025-08-03 13:24:08,2025-08-03 13:24:37
P2,absolute_humidity,2025-08-03 13:27:38,2025-08-03 13:28:07
P2,absolute_humidity,2025-08-03 13:31:08,2025-08-03 13:31:37
P2,absolute_humidity,2025-08-03 13:33:07,2025-08-03 13:33:37
P2,absolute_humidity,2025-08-03 13:34:38,2025-08-03 13:35:07
P2,absolute_humidity,2025-08-03 13:36:37,2025-08-03 13:37:07
P2,absolute_humidity,2025-08-03 13:38:08,2025-08-03 13:38:37
P2,absolute_humidity,2025-08-03 13:40:07,2025-08-03 13:40:37
P2,absolute_humidity,2025-08-03 13:41:38,2025-08-03 13:42:07
P2,absolute_humidity,2025-08-03 13:43:37,2025-08-03 13:44:07
P2,absolute_humidity,2025-08-03 13:45:08,2025-08-03 13:45:37
P2,absolute_humidity,2025-08-03 13:48:38,2025-08-03 13:49:07
P2,absolute_humidity,2025-08-03 13:50:37,2025-08-03 13:51:07
P2,absolute_humidity,2025-08-03 13:52:08,2025-08-03 13:52:37
P2,absolute_humidity,2025-08-03 13:55:38,2025-08-03 13:56:07
P2,absolute_humidity,2025-08-03 13:57:37,2025-08-03 13:58:07
P2,absolute_humidity,2025-08-03 13:59:07,2025-08-03 13:59:37
P2,absolute_humidity,2025-08-03 14:01:07,2025-08-03 14:01:37
P2,absolute_humidity,2025-08-03 14:02:38,2025-08-03 14:03:07
P2,absolute_humidity,2025-08-03 14:04:37,2025-08-03 14:05:07
P2,absolute_humidity,2025-08-03 14:06:08,2025-08-03 14:06:37
P2,absolute_humidity,2025-08-03 14:08:07,2025-08-03 14:08:37
P2,absolute_humidity,2025-08-03 14:09:38,2025-08-03 14:10:07
P2,absolute_humidity,2025-08-03 14:11:37,2025-08-03 14:12:07
P2,absolute_humidity,2025-08-03 14:13:07,2025-08-03 14:13:37
P2,absolute_humidity,2025-08-03 14:15:07,2025-08-03 14:15:37
P2,absolute_humidity,2025-08-03 14:16:37,2025-08-03 14:17:07
P2,absolute_humidity,2025-08-03 14:18:37,2025-08-03 14:19:07
P2,absolute_humidity,2025-08-03 14:20:07,2025-08-03 14:20:37
P2,absolute_humidity,2025-08-03 14:22:07,2025-08-03 14:22:37
P2,absolute_humidity,2025-08-03 14:23:37,2025-08-03 14:24:07
P2,absolute_humidity,2025-08-03 14:25:37,2025-08-03 14:26:07
P2,absolute_humidity,2025-08-03 14:27:07,2025-08-03 14:27:37
P2,absolute_humidity,2025-08-03 14:29:07,2025-08-03 14:29:37
P2,absolute_humidity,2025-08-03 14:30:37,2025-08-03 14:31:07
P2,absolute_humidity,2025-08-03 14:32:37,2025-08-03 14:33:07
P2,absolute_humidity,2025-08-03 14:34:07,2025-08-03 14:34:37
P2,absolute_humidity,2025-08-03 14:36:07,2025-08-03 14:36:37
P2,absolute_humidity,2025-08-03 14:37:37,2025-08-03 14:38:37
P2,absolute_humidity,2025-08-03 14:39:37,2025-08-03 14:40:07
P2,absolute_humidity,2025-08-03 14:41:07,2025-08-03 14:42:07
P2,absolute_humidity,2025-08-03 14:43:07,2025-08-03 14:43:37
P2,absolute_humidity,2025-08-03 14:44:37,2025-08-03 14:45:37
P2,absolute_humidity,2025-08-03 14:46:37,2025-08-03 14:47:07
P2,absolute_humidity,2025-08-03 14:48:07,2025-08-03 14:49:07
P2,absolute_humidity,2025-08-03 14:50:07,2025-08-03 14:50:37
P2,absolute_humidity,2025-08-03 14:51:37,2025-08-03 14:52:37
P2,absolute_humidity,2025-08-03 14:53:37,2025-08-03 14:54:07
P2,absolute_humidity,2025-08-03 14:55:07,2025-08-03 14:56:07
P2,absolute_humidity,2025-08-03 14:57:07,2025-08-03 14:57:37
P2,absolute_humidity,2025-08-03 14:58:37,2025-08-03 14:59:37
P2,absolute_humidity,2025-08-03 15:00:37,2025-08-03 15:01:07
P2,absolute_humidity,2025-08-03 15:02:07,2025-08-03 15:03:07
P2,absolute_humidity,2025-08-03 15:04:07,2025-08-03 15:04:37
P2,absolute_humidity,2025-08-03 15:05:37,2025-08-03 15:06:37
P2,absolute_humidity,2025-08-03 15:07:37,2025-08-03 15:08:07
P2,absolute_humidity,2025-08-03 15:09:07,2025-08-03 15:10:07
P2,absolute_humidity,2025-08-03 15:11:07,2025-08-03 15:11:37
P2,absolute_humidity,2025-08-03 15:12:37,2025-08-03 15:13:37
P2,absolute_humidity,2025-08-03 15:14:37,2025-08-03 15:15:07
P2,absolute_humidity,2025-08-03 15:16:07,2025-08-03 15:17:07
P2,absolute_humidity,2025-08-03 15:18:07,2025-08-03 15:18:37
P2,absolute_humidity,2025-08-03 15:19:37,2025-08-03 15:20:37
P2,absolute_humidity,2025-08-03 15:21:37,2025-08-03 15:22:37
P2,absolute_humidity,2025-08-03 15:23:07,2025-08-03 15:24:07
P2,absolute_humidity,2025-08-03 15:25:07,2025-08-03 15:26:07
P2,absolute_humidity,2025-08-03 15:26:37,2025-08-03 15:27:37
P2,absolute_humidity,2025-08-03 15:28:37,2025-08-03 15:29:37
P2,absolute_humidity,2025-08-03 15:30:07,2025-08-03 15:31:07
P2,absolute_humidity,2025-08-03 15:32:07,2025-08-03 15:33:07
P2,absolute_humidity,2025-08-03 15:33:37,2025-08-03 15:34:37
P2,absolute_humidity,2025-08-03 15:35:37,2025-08-03 15:36:37
P2,absolute_humidity,2025-08-03 15:37:07,2025-08-03 15:38:07
P2,absolute_humidity,2025-08-03 15:39:07,2025-08-03 15:40:07
P2,absolute_humidity,2025-08-03 15:40:37,2025-08-03 15:41:37
P2,absolute_humidity,2025-08-03 15:42:37,2025-08-03 15:43:37
P2,absolute_humidity,2025-08-03 15:44:07,2025-08-03 15:45:07
P2,absolute_humidity,2025-08-03 15:46:07,2025-08-03 15:47:07
P2,absolute_humidity,2025-08-03 15:47:37,2025-08-03 15:48:37
P2,absolute_humidity,2025-08-03 15:49:37,2025-08-03 15:50:37
P2,absolute_humidity,2025-08-03 15:51:07,2025-08-03 15:52:07
P2,absolute_humidity,2025-08-03 15:53:07,2025-08-03 15:53:37
P2,absolute_humidity,2025-08-03 15:54:37,2025-08-03 15:55:37
P2,absolute_humidity,2025-08-03 15:56:37,2025-08-03 15:57:07
P2,absolute_humidity,2025-08-03 15:58:07,2025-08-03 15:59:07
P2,absolute_humidity,2025-08-03 16:00:07,2025-08-03 16:00:37
P2,absolute_humidity,2025-08-03 16:01:37,2025-08-03 16:02:37
P2,absolute_humidity,2025-08-03 16:03:37,2025-08-03 16:04:07
P2,absolute_humidity,2025-08-03 16:05:07,2025-08-03 16:06:07
P2,absolute_humidity,2025-08-03 16:07:07,2025-08-03 16:07:37
P2,absolute_humidity,2025-08-03 16:08:37,2025-08-03 16:09:37
P2,absolute_humidity,2025-08-03 16:10:37,2025-08-03 16:11:07
P2,absolute_humidity,2025-08-03 16:12:07,2025-08-03 16:13:07
P2,absolute_humidity,2025-08-03 16:14:07,2025-08-03 16:14:37
P2,absolute_humidity,2025-08-03 16:15:37,2025-08-03 16:16:37
P2,absolute_humidity,2025-08-03 16:17:37,2025-08-03 16:18:07
P2,absolute_humidity,2025-08-03 16:19:07,2025-08-03 16:20:07
P2,absolute_humidity,2025-08-03 16:21:07,2025-08-03 16:21:37
P2,absolute_humidity,2025-08-03 16:22:37,2025-08-03 16:23:37
P2,absolute_humidity,2025-08-03 16:24:37,2025-08-03 16:25:07
P2,absolute_humidity,2025-08-03 16:26:07,2025-08-03 16:27:07
P2,absolute_humidity,2025-08-03 16:28:07,2025-08-03 16:28:37
P2,absolute_humidity,2025-08-03 16:29:37,2025-08-03 16:30:37
P2,absolute_humidity,2025-08-03 16:31:37,2025-08-03 16:32:07
P2,absolute_humidity,2025-08-03 16:33:07,2025-08-03 16:34:07
P2,absolute_humidity,2025-08-03 16:35:07,2025-08-03 16:35:37
P2,absolute_humidity,2025-08-03 16:36:37,2025-08-03 16:37:37
P2,absolute_humidity,2025-08-03 16:38:37,2025-08-03 16:39:07
P2,absolute_humidity,2025-08-03 16:40:07,2025-08-03 16:41:07
P2,absolute_humidity,2025-08-03 16:42:07,2025-08-03 16:42:37
P2,absolute_humidity,2025-08-03 16:43:37,2025-08-03 16:44:37
P2,absolute_humidity,2025-08-03 16:45:37,2025-08-03 16:46:07
P2,absolute_humidity,2025-08-03 16:47:07,2025-08-03 16:47:37
P2,absolute_humidity,2025-08-03 16:49:07,2025-08-03 16:49:37
P2,absolute_humidity,2025-08-03 16:50:37,2025-08-03 16:51:37
P2,absolute_humidity,2025-08-03 16:52:37,2025-08-03 16:53:07
P2,absolute_humidity,2025-08-03 16:54:07,2025-08-03 16:54:37
P2,absolute_humidity,2025-08-03 16:56:07,2025-08-03 16:56:37
P2,absolute_humidity,2025-08-03 16:57:37,2025-08-03 16:58:07
P2,absolute_humidity,2025-08-03 16:59:36,2025-08-03 17:00:07
P2,absolute_humidity,2025-08-03 17:01:07,2025-08-03 17:01:37
P2,absolute_humidity,2025-08-03 17:04:37,2025-08-03 17:05:07
P2,absolute_humidity,2025-08-03 17:08:07,2025-08-03 17:08:36
P2,absolute_humidity,2025-08-03 17:11:37,2025-08-03 17:12:07
P2,absolute_humidity,2025-08-03 17:15:07,2025-08-03 17:15:36
P2,absolute_humidity,2025-08-03 17:18:37,2025-08-03 17:19:06
P2,absolute_humidity,2025-08-03 17:22:07,2025-08-03 17:22:36
P2,absolute_humidity,2025-08-03 17:25:37,2025-08-03 17:26:06
P2,absolute_humidity,2025-08-03 17:29:07,2025-08-03 17:29:36
P2,absolute_humidity,2025-08-03 17:32:37,2025-08-03 17:33:06
P2,absolute_humidity,2025-08-03 17:36:07,2025-08-03 17:36:36
P2,absolute_humidity,2025-08-03 17:39:37,2025-08-03 17:40:06
P2,absolute_humidity,2025-08-04 06:22:35,2025-08-04 06:23:04
P2,absolute_humidity,2025-08-04 06:36:35,2025-08-04 06:37:04
P2,absolute_humidity,2025-08-04 06:38:34,2025-08-04 06:39:04
P2,absolute_humidity,2025-08-04 06:40:05,2025-08-04 06:41:04
P2,absolute_humidity,2025-08-04 06:42:04,2025-08-04 06:42:34
P2,absolute_humidity,2025-08-04 06:43:34,2025-08-04 06:44:34
P2,absolute_humidity,2025-08-04 06:45:34,2025-08-04 06:46:04
P2,absolute_humidity,2025-08-04 06:47:05,2025-08-04 06:48:04
P2,absolute_humidity,2025-08-04 06:49:04,2025-08-04 06:49:34
P2,absolute_humidity,2025-08-04 06:50:34,2025-08-04 06:52:04
P2,absolute_humidity,2025-08-04 06:52:34,2025-08-04 06:53:34
P2,absolute_humidity,2025-08-04 06:54:05,2025-08-04 06:55:34
P2,absolute_humidity,2025-08-04 06:56:04,2025-08-04 06:57:04
P2,absolute_humidity,2025-08-04 06:57:34,2025-08-04 06:59:04
P2,absolute_humidity,2025-08-04 06:59:34,2025-08-04 07:00:34
P2,absolute_humidity,2025-08-04 07:01:04,2025-08-04 07:02:04
P2,absolute_humidity,2025-08-04 07:03:04,2025-08-04 07:04:04
P2,absolute_humidity,2025-08-04 07:04:34,2025-08-04 07:06:04
P2,absolute_humidity,2025-08-04 07:06:34,2025-08-04 07:07:34
P2,absolute_humidity,2025-08-04 07:08:04,2025-08-04 07:09:34
P2,absolute_humidity,2025-08-04 07:10:04,2025-08-04 07:14:34
P2,absolute_humidity,2025-08-04 07:15:04,2025-08-04 07:16:34
P2,absolute_humidity,2025-08-04 07:17:04,2025-08-04 07:18:04
P2,absolute_humidity,2025-08-04 07:18:34,2025-08-04 07:58:34
P2,absolute_humidity,2025-08-04 07:59:04,2025-08-04 08:00:04
P2,absolute_humidity,2025-08-04 08:00:34,2025-08-04 08:01:34
P2,absolute_humidity,2025-08-11 06:47:34,2025-08-11 07:04:34
P2,absolute_humidity,2025-08-30 06:40:02,2025-08-30 06:41:32
P2,absolute_humidity,2025-08-30 06:42:02,2025-08-30 06:45:02
P2,absolute_humidity,2025-08-30 06:45:32,2025-08-30 06:46:32
P2,absolute_humidity,2025-08-30 06:47:02,2025-08-31 19:19:25
P2,absolute_humidity,2025-08-31 19:21:26,2025-08-31 19:21:55
P2,absolute_humidity,2025-08-31 19:23:25,2025-08-31 19:23:55
P2,absolute_humidity,2025-09-02 07:21:20,2025-09-02 07:21:50
P2,absolute_humidity,2025-09-02 07:23:20,2025-09-02 07:23:50
P2,absolute_humidity,2025-09-02 07:24:50,2025-09-02 07:43:50
P2,absolute_humidity,2025-09-05 07:29:03,2025-09-05 07:32:03
P2,absolute_humidity,2025-09-06 10:24:40,2025-09-06 10:25:10
P2,absolute_humidity,2025-09-06 10:27:10,2025-09-06 10:27:40
P2,absolute_humidity,2025-09-06 10:28:10,2025-09-06 20:29:01
P2,absolute_humidity,2025-09-07 08:29:02,2025-09-08 06:22:31
P2,absolute_humidity,2025-09-13 09:45:44,2025-09-13 09:46:14
P2,absolute_humidity,2025-09-13 09:47:44,2025-09-15 07:27:05
P2,absolute_humidity,2025-09-16 02:54:32,2025-09-16 02:55:02
P2,absolute_humidity,2025-09-16 02:59:32,2025-09-16 03:00:32
P2,absolute_humidity,2025-09-16 03:01:02,2025-09-16 03:02:32
P2,absolute_humidity,2025-09-16 03:03:02,2025-09-16 03:06:02
P2,absolute_humidity,2025-09-16 03:06:32,2025-09-16 08:04:01
P2,absolute_humidity,2025-09-17 04:15:27,2025-09-17 04:15:57
P2,absolute_humidity,2025-09-17 04:19:58,2025-09-17 04:21:27
P2,absolute_humidity,2025-09-17 04:21:57,2025-09-17 04:22:57
P2,absolute_humidity,2025-09-17 04:23:28,2025-09-17 04:24:27
P2,absolute_humidity,2025-09-17 04:25:27,2025-09-17 08:09:27
P3,absolute_humidity,2025-07-17 23:15:33,2025-07-17 23:15:50
P3,absolute_humidity,2025-07-20 13:18:27,2025-07-20 13:18:56
P3,absolute_humidity,2025-07-20 13:21:57,2025-07-20 13:22:26
P3,absolute_humidity,2025-07-20 13:25:27,2025-07-20 13:25:56
P3,absolute_humidity,2025-07-20 18:17:39,2025-07-20 18:18:12
P3,absolute_humidity,2025-07-20 18:48:02,2025-07-20 18:48:31
P3,absolute_humidity,2025-07-20 18:51:32,2025-07-20 18:52:02
P3,absolute_humidity,2025-07-20 18:55:02,2025-07-20 18:55:31
P3,absolute_humidity,2025-07-20 18:58:32,2025-07-20 18:59:04
P3,absolute_humidity,2025-07-20 19:00:02,2025-07-20 19:00:31
P3,absolute_humidity,2025-07-20 19:03:32,2025-07-20 19:04:12
P3,absolute_humidity,2025-07-20 19:05:32,2025-07-20 19:06:01
P3,absolute_humidity,2025-07-20 19:09:02,2025-07-20 19:09:31
P3,absolute_humidity,2025-07-20 19:12:32,2025-07-20 19:13:01
P3,absolute_humidity,2025-07-20 19:16:03,2025-07-20 19:16:31
P3,absolute_humidity,2025-07-20 19:19:32,2025-07-20 19:20:02
P3,absolute_humidity,2025-07-20 19:25:02,2025-07-20 19:25:31
P3,absolute_humidity,2025-07-20 19:28:32,2025-07-20 19:29:05
P3,absolute_humidity,2025-07-20 19:29:44,2025-07-20 19:57:16
P3,absolute_humidity,2025-07-20 20:00:16,2025-07-20 20:00:45
P3,absolute_humidity,2025-07-20 20:03:46,2025-07-20 20:04:20
P3,absolute_humidity,2025-07-20 20:05:39,2025-07-20 20:06:18
P3,absolute_humidity,2025-07-20 20:09:19,2025-07-20 20:09:48
P3,absolute_humidity,2025-07-20 20:12:55,2025-07-20 20:13:34
P3,absolute_humidity,2025-07-20 20:20:56,2025-07-21 08:32:30
P3,absolute_humidity,2025-07-26 06:18:16,2025-07-26 06:18:45
P3,absolute_humidity,2025-07-26 06:28:46,2025-07-26 06:29:15
P3,absolute_humidity,2025-07-26 06:32:16,2025-07-26 06:32:45
P3,absolute_humidity,2025-07-26 06:35:46,2025-07-26 06:36:15
P3,absolute_humidity,2025-07-26 06:39:17,2025-07-26 06:39:45
P3,absolute_humidity,2025-07-26 06:42:46,2025-07-26 06:43:15
P3,absolute_humidity,2025-07-26 06:46:16,2025-07-26 06:46:45
P3,absolute_humidity,2025-07-26 06:49:46,2025-07-26 06:50:15
P3,absolute_humidity,2025-07-26 06:53:16,2025-07-26 06:53:45
P3,absolute_humidity,2025-07-26 06:56:46,2025-07-26 06:57:15
P3,absolute_humidity,2025-07-26 07:00:16,2025-07-26 07:00:45
P3,absolute_humidity,2025-07-26 07:03:46,2025-07-26 07:04:15
P3,absolute_humidity,2025-07-26 07:07:16,2025-07-26 07:07:45
P3,absolute_humidity,2025-07-26 07:10:46,2025-07-26 07:11:15
P3,absolute_humidity,2025-07-26 07:14:16,2025-07-26 07:14:45
P3,absolute_humidity,2025-07-26 07:17:46,2025-07-26 07:18:15
P3,absolute_humidity,2025-07-26 07:21:16,2025-07-26 07:21:45
P3,absolute_humidity,2025-07-26 07:24:46,2025-07-26 07:25:15
P3,absolute_humidity,2025-07-26 07:28:16,2025-07-26 07:28:45
P3,absolute_humidity,2025-07-26 07:31:46,2025-07-26 07:32:15
P3,absolute_humidity,2025-07-26 07:35:16,2025-07-26 07:35:45
P3,absolute_humidity,2025-07-26 07:38:45,2025-07-26 07:39:15
P3,absolute_humidity,2025-07-26 07:42:16,2025-07-26 07:42:45
P3,absolute_humidity,2025-07-26 07:45:45,2025-07-26 07:46:15
P3,absolute_humidity,2025-07-26 07:49:15,2025-07-26 07:49:45
P3,absolute_humidity,2025-07-26 07:52:46,2025-07-26 07:53:15
P3,absolute_humidity,2025-07-26 07:56:15,2025-07-26 07:56:45
P3,absolute_humidity,2025-07-26 07:59:45,2025-07-26 08:00:15
P3,absolute_humidity,2025-07-26 08:03:15,2025-07-26 08:03:45
P3,absolute_humidity,2025-07-26 08:06:45,2025-07-26 08:07:15
P3,absolute_humidity,2025-07-26 08:10:15,2025-07-26 08:10:45
P3,absolute_humidity,2025-07-26 08:13:45,2025-07-26 08:14:15
P3,absolute_humidity,2025-07-26 08:17:15,2025-07-26 08:17:45
P3,absolute_humidity,2025-07-26 08:20:45,2025-07-26 08:21:15
P3,absolute_humidity,2025-07-26 08:24:15,2025-07-26 08:24:45
P3,absolute_humidity,2025-07-26 08:27:45,2025-07-26 08:28:15
P3,absolute_humidity,2025-07-26 08:31:15,2025-07-26 08:31:45
P3,absolute_humidity,2025-07-26 08:34:45,2025-07-26 08:35:15
P3,absolute_humidity,2025-07-26 08:36:45,2025-07-26 08:37:15
P3,absolute_humidity,2025-07-26 08:38:15,2025-07-26 08:38:45
P3,absolute_humidity,2025-07-26 08:41:45,2025-07-26 08:42:15
P3,absolute_humidity,2025-07-26 08:43:45,2025-07-26 08:44:16
P3,absolute_humidity,2025-07-26 08:45:15,2025-07-26 08:45:45
P3,absolute_humidity,2025-07-26 08:47:15,2025-07-26 08:47:45
P3,absolute_humidity,2025-07-26 08:48:45,2025-07-26 08:49:15
P3,absolute_humidity,2025-07-26 08:50:45,2025-07-26 08:51:15
P3,absolute_humidity,2025-07-26 08:52:15,2025-07-26 08:52:45
P3,absolute_humidity,2025-07-26 08:54:15,2025-07-26 08:54:45
P3,absolute_humidity,2025-07-26 08:55:45,2025-07-26 08:56:15
P3,absolute_humidity,2025-07-26 08:57:45,2025-07-26 08:58:15
P3,absolute_humidity,2025-07-26 08:59:15,2025-07-26 08:59:45
P3,absolute_humidity,2025-07-26 09:01:15,2025-07-26 09:01:45
P3,absolute_humidity,2025-07-26 09:02:45,2025-07-26 09:03:45
P3,absolute_humidity,2025-07-26 09:04:45,2025-07-26 09:05:15
P3,absolute_humidity,2025-07-26 09:06:15,2025-07-26 09:07:15
P3,absolute_humidity,2025-07-26 09:08:15,2025-07-26 09:08:45
P3,absolute_humidity,2025-07-26 09:09:45,2025-07-26 09:10:45
P3,absolute_humidity,2025-07-26 09:11:45,2025-07-26 09:12:15
P3,absolute_humidity,2025-07-26 09:13:15,2025-07-26 09:14:15
P3,absolute_humidity,2025-07-26 09:15:15,2025-07-26 09:15:45
P3,absolute_humidity,2025-07-26 09:16:45,2025-07-26 09:17:45
P3,absolute_humidity,2025-07-26 09:18:45,2025-07-26 09:19:15
P3,absolute_humidity,2025-07-26 09:20:15,2025-07-26 09:21:15
P3,absolute_humidity,2025-07-26 09:22:15,2025-07-26 09:22:45
P3,absolute_humidity,2025-07-26 09:23:45,2025-07-26 09:24:45
P3,absolute_humidity,2025-07-26 09:25:45,2025-07-26 09:26:15
P3,absolute_humidity,2025-07-26 09:27:15,2025-07-26 09:28:15
P3,absolute_humidity,2025-07-26 09:28:45,2025-07-26 09:29:45
P3,absolute_humidity,2025-07-26 09:30:45,2025-07-26 09:31:15
P3,absolute_humidity,2025-07-26 09:32:15,2025-07-26 09:33:15
P3,absolute_humidity,2025-07-26 09:34:15,2025-07-26 09:34:45
P3,absolute_humidity,2025-07-26 09:35:45,2025-07-26 09:36:45
P3,absolute_humidity,2025-07-26 09:37:45,2025-07-26 09:38:15
P3,absolute_humidity,2025-07-26 09:39:15,2025-07-26 09:40:15
P3,absolute_humidity,2025-07-26 09:41:15,2025-07-26 09:41:45
P3,absolute_humidity,2025-07-26 09:42:45,2025-07-26 09:43:45
P3,absolute_humidity,2025-07-26 09:44:45,2025-07-26 09:45:15
P3,absolute_humidity,2025-07-26 09:46:15,2025-07-26 09:47:15
P3,absolute_humidity,2025-07-26 09:48:15,2025-07-26 09:48:45
P3,absolute_humidity,2025-07-26 09:49:45,2025-07-26 09:50:45
P3,absolute_humidity,2025-07-26 09:51:45,2025-07-26 09:52:15
P3,absolute_humidity,2025-07-26 09:53:15,2025-07-26 09:54:15
P3,absolute_humidity,2025-07-26 09:55:15,2025-07-26 09:55:45
P3,absolute_humidity,2025-07-26 09:56:45,2025-07-26 09:57:45
P3,absolute_humidity,2025-07-26 09:58:45,2025-07-26 09:59:15
P3,absolute_humidity,2025-07-26 10:00:15,2025-07-26 10:01:15
P3,absolute_humidity,2025-07-26 10:02:15,2025-07-26 10:02:45
P3,absolute_humidity,2025-07-26 10:03:45,2025-07-26 10:04:45
P3,absolute_humidity,2025-07-26 10:05:45,2025-07-26 10:06:45
P3,absolute_humidity,2025-07-26 10:07:15,2025-07-26 10:08:15
P3,absolute_humidity,2025-07-26 10:09:15,2025-07-26 10:10:15
P3,absolute_humidity,2025-07-26 10:10:45,2025-07-26 10:11:45
P3,absolute_humidity,2025-07-26 10:12:45,2025-07-26 10:13:15
P3,absolute_humidity,2025-07-26 10:14:15,2025-07-26 10:15:15
P3,absolute_humidity,2025-07-26 10:16:15,2025-07-26 10:16:45
P3,absolute_humidity,2025-07-26 10:17:45,2025-07-26 10:18:45
P3,absolute_humidity,2025-07-26 10:19:45,2025-07-26 10:20:15
P3,absolute_humidity,2025-07-26 10:21:15,2025-07-26 10:22:15
P3,absolute_humidity,2025-07-26 10:23:15,2025-07-26 10:23:45
P3,absolute_humidity,2025-07-26 10:24:45,2025-07-26 10:25:45
P3,absolute_humidity,2025-07-26 10:26:45,2025-07-26 10:27:15
P3,absolute_humidity,2025-07-26 10:28:15,2025-07-26 10:29:15
P3,absolute_humidity,2025-07-26 10:30:14,2025-07-26 10:30:45
P3,absolute_humidity,2025-07-26 10:31:45,2025-07-26 10:32:45
P3,absolute_humidity,2025-07-26 10:33:45,2025-07-26 10:34:15
P3,absolute_humidity,2025-07-26 10:35:15,2025-07-26 10:36:14
P3,absolute_humidity,2025-07-26 10:37:14,2025-07-26 10:37:45
P3,absolute_humidity,2025-07-26 10:38:45,2025-07-26 10:39:45
P3,absolute_humidity,2025-07-26 10:40:45,2025-07-26 10:41:15
P3,absolute_humidity,2025-07-26 10:42:15,2025-07-26 10:43:14
P3,absolute_humidity,2025-07-26 10:44:14,2025-07-26 10:44:44
P3,absolute_humidity,2025-07-26 10:45:45,2025-07-26 10:46:44
P3,absolute_humidity,2025-07-26 10:47:44,2025-07-26 10:48:15
P3,absolute_humidity,2025-07-26 10:49:15,2025-07-26 10:50:14
P3,absolute_humidity,2025-07-26 10:51:14,2025-07-26 10:51:44
P3,absolute_humidity,2025-07-26 10:52:45,2025-07-26 10:53:44
P3,absolute_humidity,2025-07-26 10:54:44,2025-07-26 10:55:14
P3,absolute_humidity,2025-07-26 10:56:15,2025-07-26 10:57:14
P3,absolute_humidity,2025-07-26 10:58:14,2025-07-26 10:58:44
P3,absolute_humidity,2025-07-26 10:59:45,2025-07-26 11:00:44
P3,absolute_humidity,2025-07-26 11:01:44,2025-07-26 11:02:44
P3,absolute_humidity,2025-07-26 11:03:15,2025-07-26 11:04:44
P3,absolute_humidity,2025-07-26 11:05:14,2025-07-26 11:06:14
P3,absolute_humidity,2025-07-26 11:06:45,2025-07-26 11:08:14
P3,absolute_humidity,2025-07-26 11:08:44,2025-07-26 11:09:44
P3,absolute_humidity,2025-07-26 11:10:15,2025-07-26 11:11:44
P3,absolute_humidity,2025-07-26 11:12:14,2025-07-26 11:13:14
P3,absolute_humidity,2025-07-26 11:13:45,2025-07-26 11:15:14
P3,absolute_humidity,2025-07-26 11:15:44,2025-07-26 11:16:44
P3,absolute_humidity,2025-07-26 11:17:15,2025-07-26 11:18:44
P3,absolute_humidity,2025-07-26 11:19:14,2025-07-26 11:20:14
P3,absolute_humidity,2025-07-26 11:20:45,2025-07-26 11:22:14
P3,absolute_humidity,2025-07-26 11:22:44,2025-07-26 11:23:44
P3,absolute_humidity,2025-07-26 11:24:15,2025-07-26 11:25:44
P3,absolute_humidity,2025-07-26 11:26:14,2025-07-26 11:27:14
P3,absolute_humidity,2025-07-26 11:27:45,2025-07-26 11:29:15
P3,absolute_humidity,2025-07-26 11:29:44,2025-07-26 11:30:44
P3,absolute_humidity,2025-07-26 11:31:15,2025-07-26 11:32:44
P3,absolute_humidity,2025-07-26 11:33:14,2025-07-26 11:34:14
P3,absolute_humidity,2025-07-26 11:34:45,2025-07-26 11:36:14
P3,absolute_humidity,2025-07-26 11:36:44,2025-07-26 11:37:44
P3,absolute_humidity,2025-07-26 11:38:15,2025-07-26 11:41:14
P3,absolute_humidity,2025-07-26 11:41:45,2025-07-26 11:43:14
P3,absolute_humidity,2025-07-26 11:43:44,2025-07-26 11:44:44
P3,absolute_humidity,2025-07-26 11:45:15,2025-07-26 11:46:44
P3,absolute_humidity,2025-07-26 11:47:14,2025-07-26 11:48:14
P3,absolute_humidity,2025-07-26 11:48:45,2025-07-26 11:50:14
P3,absolute_humidity,2025-07-26 11:50:44,2025-07-26 11:51:44
P3,absolute_humidity,2025-07-26 11:52:15,2025-07-26 11:58:44
P3,absolute_humidity,2025-07-26 11:59:15,2025-07-26 12:04:14
P3,absolute_humidity,2025-07-26 12:04:44,2025-07-26 12:05:44
P3,absolute_humidity,2025-07-26 12:06:15,2025-07-28 08:05:22
P3,absolute_humidity,2025-07-28 08:06:22,2025-07-28 08:06:52
P3,absolute_humidity,2025-07-28 08:07:53,2025-07-28 08:08:22
P3,absolute_humidity,2025-07-30 00:26:51,2025-07-30 00:27:21
P3,absolute_humidity,2025-07-30 00:30:21,2025-07-30 00:30:51
P3,absolute_humidity,2025-07-30 00:33:51,2025-07-30 00:34:21
P3,absolute_humidity,2025-07-30 00:37:21,2025-07-30 00:37:51
P3,absolute_humidity,2025-07-30 00:40:51,2025-07-30 00:41:21
P3,absolute_humidity,2025-07-30 00:44:21,2025-07-30 00:44:51
P3,absolute_humidity,2025-07-30 00:47:51,2025-07-30 00:48:21
P3,absolute_humidity,2025-07-30 00:51:21,2025-07-30 00:51:51
P3,absolute_humidity,2025-07-30 00:54:51,2025-07-30 00:55:21
P3,absolute_humidity,2025-07-30 00:58:21,2025-07-30 00:58:51
P3,absolute_humidity,2025-07-30 01:01:51,2025-07-30 01:02:21
P3,absolute_humidity,2025-07-30 01:05:21,2025-07-30 01:05:51
P3,absolute_humidity,2025-07-30 01:08:51,2025-07-30 01:09:21
P3,absolute_humidity,2025-07-30 01:12:21,2025-07-30 01:12:51
P3,absolute_humidity,2025-07-30 01:15:51,2025-07-30 01:16:21
P3,absolute_humidity,2025-07-30 01:19:21,2025-07-30 01:19:51
P3,absolute_humidity,2025-07-30 01:22:51,2025-07-30 01:23:21
P3,absolute_humidity,2025-07-30 01:26:21,2025-07-30 01:26:51
P3,absolute_humidity,2025-07-30 01:29:51,2025-07-30 01:30:21
P3,absolute_humidity,2025-07-30 01:31:51,2025-07-30 01:32:21
P3,absolute_humidity,2025-07-30 01:33:21,2025-07-30 01:33:51
P3,absolute_humidity,2025-07-30 01:35:21,2025-07-30 01:35:51
P3,absolute_humidity,2025-07-30 01:36:51,2025-07-30 01:37:21
P3,absolute_humidity,2025-07-30 01:40:21,2025-07-30 01:40:51
P3,absolute_humidity,2025-07-30 01:42:21,2025-07-30 01:42:51
P3,absolute_humidity,2025-07-30 01:43:51,2025-07-30 01:44:21
P3,absolute_humidity,2025-07-30 01:45:51,2025-07-30 01:46:21
P3,absolute_humidity,2025-07-30 01:47:21,2025-07-30 01:48:21
P3,absolute_humidity,2025-07-30 01:49:21,2025-07-30 01:49:51
P3,absolute_humidity,2025-07-30 01:50:51,2025-07-30 01:51:51
P3,absolute_humidity,2025-07-30 01:52:51,2025-07-30 01:53:20
P3,absolute_humidity,2025-07-30 01:54:21,2025-07-30 01:55:21
P3,absolute_humidity,2025-07-30 01:56:20,2025-07-30 01:56:51
P3,absolute_humidity,2025-07-30 01:57:51,2025-07-30 01:58:51
P3,absolute_humidity,2025-07-30 01:59:51,2025-07-30 02:00:20
P3,absolute_humidity,2025-07-30 02:01:21,2025-07-30 02:02:21
P3,absolute_humidity,2025-07-30 02:03:21,2025-07-30 02:03:51
P3,absolute_humidity,2025-07-30 02:04:51,2025-07-30 02:05:50
P3,absolute_humidity,2025-07-30 02:06:50,2025-07-30 02:07:21
P3,absolute_humidity,2025-07-30 02:08:21,2025-07-30 02:09:20
P3,absolute_humidity,2025-07-30 02:10:20,2025-07-30 02:10:50
P3,absolute_humidity,2025-07-30 02:11:51,2025-07-30 02:12:50
P3,absolute_humidity,2025-07-30 02:13:50,2025-07-30 02:14:50
P3,absolute_humidity,2025-07-30 02:15:21,2025-07-30 02:16:21
P3,absolute_humidity,2025-07-30 02:17:20,2025-07-30 02:18:20
P3,absolute_humidity,2025-07-30 02:18:51,2025-07-30 02:19:50
P3,absolute_humidity,2025-07-30 02:20:51,2025-07-30 02:21:50
P3,absolute_humidity,2025-07-30 02:22:21,2025-07-30 02:23:21
P3,absolute_humidity,2025-07-30 02:24:20,2025-07-30 02:25:20
P3,absolute_humidity,2025-07-30 02:25:51,2025-07-30 02:27:20
P3,absolute_humidity,2025-07-30 02:27:50,2025-07-30 02:28:50
P3,absolute_humidity,2025-07-30 02:29:21,2025-07-30 02:30:50
P3,absolute_humidity,2025-07-30 02:31:20,2025-07-30 02:32:20
P3,absolute_humidity,2025-07-30 02:32:51,2025-07-30 02:34:20
P3,absolute_humidity,2025-07-30 02:34:50,2025-07-30 02:35:50
P3,absolute_humidity,2025-07-30 02:36:21,2025-07-30 02:37:50
P3,absolute_humidity,2025-07-30 02:38:20,2025-07-30 02:39:20
P3,absolute_humidity,2025-07-30 02:39:51,2025-07-30 02:41:20
P3,absolute_humidity,2025-07-30 02:41:50,2025-07-30 02:42:50
P3,absolute_humidity,2025-07-30 02:43:21,2025-07-30 02:46:20
P3,absolute_humidity,2025-07-30 02:46:51,2025-07-30 02:48:20
P3,absolute_humidity,2025-07-30 02:48:50,2025-07-30 07:40:19
P3,absolute_humidity,2025-07-30 07:40:50,2025-07-30 07:41:49
P3,absolute_humidity,2025-07-30 07:44:20,2025-07-30 07:44:49
P3,absolute_humidity,2025-07-30 10:14:50,2025-07-30 10:15:19
P3,absolute_humidity,2025-07-30 10:19:49,2025-07-30 10:20:19
P3,absolute_humidity,2025-07-30 10:23:19,2025-07-30 10:23:49
P3,absolute_humidity,2025-07-30 10:26:49,2025-07-30 10:27:19
P3,absolute_humidity,2025-07-30 16:58:48,2025-07-30 16:59:18
P3,absolute_humidity,2025-08-04 07:02:24,2025-08-04 07:03:53
P3,absolute_humidity,2025-08-04 07:04:23,2025-08-04 07:05:23
P3,absolute_humidity,2025-08-04 07:55:53,2025-08-04 07:56:23
P3,absolute_humidity,2025-08-05 04:50:34,2025-08-05 04:51:04
P3,absolute_humidity,2025-08-05 04:53:33,2025-08-05 04:57:03
P3,absolute_humidity,2025-08-05 05:00:03,2025-08-05 05:00:33
P3,absolute_humidity,2025-08-05 05:01:04,2025-08-05 05:02:33
P3,absolute_humidity,2025-08-05 05:03:03,2025-08-05 05:15:33
P3,absolute_humidity,2025-08-05 05:17:33,2025-08-05 05:18:03
P3,absolute_humidity,2025-08-05 05:18:34,2025-08-05 05:21:33
P3,absolute_humidity,2025-08-05 05:22:04,2025-08-05 05:23:04
P3,absolute_humidity,2025-08-05 05:23:33,2025-08-05 05:26:33
P3,absolute_humidity,2025-08-05 05:28:03,2025-08-05 05:28:33
P3,absolute_humidity,2025-08-05 05:29:33,2025-08-05 05:30:03
P3,absolute_humidity,2025-08-05 05:31:03,2025-08-05 05:31:33
P3,absolute_humidity,2025-08-05 05:32:03,2025-08-05 05:33:33
P3,absolute_humidity,2025-08-05 05:36:04,2025-08-05 05:37:03
P3,absolute_humidity,2025-08-05 05:38:33,2025-08-05 05:39:03
P3,absolute_humidity,2025-08-05 05:39:34,2025-08-05 05:48:03
P3,absolute_humidity,2025-08-05 05:48:33,2025-08-05 05:49:33
P3,absolute_humidity,2025-08-05 05:50:04,2025-08-05 05:51:33
P3,absolute_humidity,2025-08-05 05:52:03,2025-08-05 05:52:33
P3,absolute_humidity,2025-08-05 05:54:03,2025-08-05 05:54:33
P3,absolute_humidity,2025-08-05 05:57:33,2025-08-05 05:58:03
P3,absolute_humidity,2025-08-05 05:59:03,2025-08-05 06:00:03
P3,absolute_humidity,2025-08-05 06:00:34,2025-08-05 06:01:03
P3,absolute_humidity,2025-08-05 06:02:03,2025-08-05 06:03:33
P3,absolute_humidity,2025-08-05 06:04:04,2025-08-05 06:05:33
P3,absolute_humidity,2025-08-05 06:06:03,2025-08-05 06:06:33
P3,absolute_humidity,2025-08-05 06:07:34,2025-08-05 06:08:33
P3,absolute_humidity,2025-08-05 06:09:33,2025-08-05 07:08:33
P3,absolute_humidity,2025-08-05 07:09:03,2025-08-05 07:09:33
P3,absolute_humidity,2025-08-05 07:10:34,2025-08-05 07:12:03
P3,absolute_humidity,2025-08-05 07:12:33,2025-08-05 07:13:33
P3,absolute_humidity,2025-08-05 07:17:34,2025-08-05 07:18:03
P3,absolute_humidity,2025-08-05 07:27:33,2025-08-05 07:32:03
P3,absolute_humidity,2025-08-09 04:52:10,2025-08-09 04:53:40
P3,absolute_humidity,2025-08-09 04:54:40,2025-08-09 04:55:10
P3,absolute_humidity,2025-08-09 04:55:40,2025-08-09 04:57:40
P3,absolute_humidity,2025-08-09 04:58:10,2025-08-09 04:58:40
P3,absolute_humidity,2025-08-09 04:59:41,2025-08-09 05:00:40
P3,absolute_humidity,2025-08-09 05:01:40,2025-08-09 05:02:10
P3,absolute_humidity,2025-08-09 05:03:11,2025-08-09 05:18:40
P3,absolute_humidity,2025-08-09 05:19:10,2025-08-09 05:21:40
P3,absolute_humidity,2025-08-09 05:22:10,2025-08-09 05:29:10
P3,absolute_humidity,2025-08-09 05:29:40,2025-08-09 05:34:10
P3,absolute_humidity,2025-08-09 05:34:41,2025-08-09 05:37:40
P3,absolute_humidity,2025-08-09 05:38:11,2025-08-09 05:38:40
P3,absolute_humidity,2025-08-09 05:41:41,2025-08-09 05:46:40
P3,absolute_humidity,2025-08-09 05:47:10,2025-08-09 05:49:40
P3,absolute_humidity,2025-08-09 05:50:10,2025-08-09 05:54:10
P3,absolute_humidity,2025-08-09 05:54:40,2025-08-09 05:55:10
P3,absolute_humidity,2025-08-09 05:55:41,2025-08-09 05:56:10
P3,absolute_humidity,2025-08-09 05:57:40,2025-08-09 05:58:10
P3,absolute_humidity,2025-08-09 05:59:11,2025-08-09 05:59:40
P3,absolute_humidity,2025-08-09 06:00:10,2025-08-09 06:00:40
P3,absolute_humidity,2025-08-09 06:01:10,2025-08-09 06:05:40
P3,absolute_humidity,2025-08-09 06:06:11,2025-08-09 06:07:10
P3,absolute_humidity,2025-08-09 06:08:10,2025-08-09 06:11:10
P3,absolute_humidity,2025-08-09 06:11:40,2025-08-09 06:13:11
P3,absolute_humidity,2025-08-09 06:14:10,2025-08-09 06:16:10
P3,absolute_humidity,2025-08-09 06:16:41,2025-08-09 06:17:40
P3,absolute_humidity,2025-08-09 06:18:10,2025-08-09 06:25:10
P3,absolute_humidity,2025-08-09 06:26:10,2025-08-09 06:27:40
P3,absolute_humidity,2025-08-09 06:29:10,2025-08-09 06:30:10
P3,absolute_humidity,2025-08-09 06:30:40,2025-08-09 06:31:40
P3,absolute_humidity,2025-08-09 06:32:40,2025-08-09 06:34:40
P3,absolute_humidity,2025-08-09 06:35:10,2025-08-09 06:35:40
P3,absolute_humidity,2025-08-09 06:37:40,2025-08-09 06:38:10
P3,absolute_humidity,2025-08-09 06:54:10,2025-08-09 06:54:40
P3,absolute_humidity,2025-08-09 07:21:40,2025-08-09 07:28:10
P3,absolute_humidity,2025-08-09 07:28:40,2025-08-09 08:15:10
P3,absolute_humidity,2025-08-09 08:15:40,2025-08-09 08:16:10
P3,absolute_humidity,2025-08-09 08:16:40,2025-08-09 08:17:40
P3,absolute_humidity,2025-08-09 08:21:10,2025-08-09 08:21:40
P3,absolute_humidity,2025-08-10 01:27:07,2025-08-10 01:27:37
P3,absolute_humidity,2025-08-10 01:28:07,2025-08-10 01:28:37
P3,absolute_humidity,2025-08-10 01:29:07,2025-08-10 01:30:37
P3,absolute_humidity,2025-08-10 01:35:07,2025-08-10 04:59:36
P3,absolute_humidity,2025-08-10 05:00:06,2025-08-10 05:06:36
P3,absolute_humidity,2025-08-10 05:07:06,2025-08-10 05:08:06
P3,absolute_humidity,2025-08-10 05:08:36,2025-08-10 05:09:36
P3,absolute_humidity,2025-08-10 05:10:06,2025-08-10 05:11:06
P3,absolute_humidity,2025-08-10 05:12:06,2025-08-10 05:12:36
P3,absolute_humidity,2025-08-10 05:13:36,2025-08-10 05:14:06
P3,absolute_humidity,2025-08-10 22:35:33,2025-08-10 22:36:03
P3,absolute_humidity,2025-08-10 22:37:03,2025-08-10 22:37:33
P3,absolute_humidity,2025-08-10 22:38:03,2025-08-10 22:40:03
P3,absolute_humidity,2025-08-10 22:41:03,2025-08-10 22:41:33
P3,absolute_humidity,2025-08-10 22:42:03,2025-08-11 01:15:32
P3,absolute_humidity,2025-08-11 01:16:03,2025-08-11 01:17:32
P3,absolute_humidity,2025-08-11 01:18:02,2025-08-11 01:24:32
P3,absolute_humidity,2025-08-11 01:25:02,2025-08-11 02:14:32
P3,absolute_humidity,2025-08-11 02:15:02,2025-08-11 02:20:32
P3,absolute_humidity,2025-08-11 02:21:02,2025-08-11 02:21:32
P3,absolute_humidity,2025-08-11 02:22:32,2025-08-11 02:23:02
P3,absolute_humidity,2025-08-11 02:24:02,2025-08-11 02:25:32
P3,absolute_humidity,2025-08-11 02:26:03,2025-08-11 02:26:32
P3,absolute_humidity,2025-08-11 02:44:32,2025-08-11 02:45:02
P3,absolute_humidity,2025-08-11 02:45:32,2025-08-11 02:46:32
P3,absolute_humidity,2025-08-11 02:48:02,2025-08-11 02:48:32
P3,absolute_humidity,2025-08-11 02:49:02,2025-08-11 02:50:02
P3,absolute_humidity,2025-08-11 02:51:02,2025-08-11 02:52:02
P3,absolute_humidity,2025-08-11 02:52:32,2025-08-11 02:55:02
P3,absolute_humidity,2025-08-11 02:55:32,2025-08-11 07:05:31
P3,absolute_humidity,2025-08-30 19:04:08,2025-08-30 19:05:08
P3,absolute_humidity,2025-08-30 19:05:39,2025-08-31 16:50:34
P3,absolute_humidity,2025-08-31 18:29:04,2025-08-31 18:29:34
P3,absolute_humidity,2025-08-31 19:40:34,2025-08-31 19:41:04
P3,absolute_humidity,2025-08-31 19:42:04,2025-08-31 19:43:04
P3,absolute_humidity,2025-08-31 19:48:34,2025-08-31 19:49:04
P3,absolute_humidity,2025-08-31 19:50:04,2025-08-31 19:50:34
P3,absolute_humidity,2025-08-31 20:11:34,2025-08-31 20:12:04
P3,absolute_humidity,2025-08-31 20:20:04,2025-08-31 20:20:34
P3,absolute_humidity,2025-08-31 20:26:34,2025-08-31 20:27:04
P3,absolute_humidity,2025-08-31 20:29:04,2025-08-31 20:29:34
P3,absolute_humidity,2025-08-31 20:31:04,2025-08-31 20:31:34
P3,absolute_humidity,2025-08-31 20:33:04,2025-08-31 20:33:34
P3,absolute_humidity,2025-08-31 20:35:34,2025-08-31 20:36:04
P3,absolute_humidity,2025-08-31 20:37:04,2025-08-31 20:37:34
P3,absolute_humidity,2025-08-31 20:39:34,2025-08-31 20:40:04
P3,absolute_humidity,2025-08-31 20:43:34,2025-08-31 20:44:03
P3,absolute_humidity,2025-08-31 20:46:34,2025-08-31 20:47:04
P3,absolute_humidity,2025-08-31 20:48:03,2025-08-31 20:48:33
P3,absolute_humidity,2025-08-31 20:52:04,2025-08-31 20:52:33
P3,absolute_humidity,2025-08-31 20:58:04,2025-08-31 20:58:34
P3,absolute_humidity,2025-08-31 21:08:04,2025-08-31 21:08:33
P3,absolute_humidity,2025-08-31 21:13:33,2025-08-31 21:14:33
P3,absolute_humidity,2025-08-31 21:16:03,2025-08-31 21:16:33
P3,absolute_humidity,2025-08-31 21:25:34,2025-08-31 21:26:03
P3,absolute_humidity,2025-08-31 21:27:03,2025-08-31 21:27:33
P3,absolute_humidity,2025-08-31 21:29:33,2025-08-31 21:30:03
P3,absolute_humidity,2025-08-31 21:31:03,2025-08-31 21:31:33
P3,absolute_humidity,2025-08-31 21:37:33,2025-08-31 21:38:33
P3,absolute_humidity,2025-08-31 21:47:33,2025-08-31 21:48:03
P3,absolute_humidity,2025-08-31 21:48:33,2025-08-31 21:49:03
P3,absolute_humidity,2025-08-31 21:49:33,2025-08-31 21:53:03
P3,absolute_humidity,2025-08-31 21:53:34,2025-08-31 21:56:33
P3,absolute_humidity,2025-08-31 21:57:04,2025-08-31 22:56:34
P3,absolute_humidity,2025-08-31 22:59:03,2025-08-31 22:59:33
P3,absolute_humidity,2025-08-31 23:00:04,2025-08-31 23:01:03
P3,absolute_humidity,2025-08-31 23:02:03,2025-08-31 23:02:33
P3,absolute_humidity,2025-08-31 23:03:03,2025-08-31 23:03:34
P3,absolute_humidity,2025-08-31 23:07:04,2025-08-31 23:09:03
P3,absolute_humidity,2025-08-31 23:10:33,2025-08-31 23:11:33
P3,absolute_humidity,2025-08-31 23:12:03,2025-08-31 23:12:33
P3,absolute_humidity,2025-08-31 23:13:03,2025-08-31 23:14:04
P3,absolute_humidity,2025-08-31 23:14:33,2025-08-31 23:16:03
P3,absolute_humidity,2025-08-31 23:20:33,2025-08-31 23:21:04
P3,absolute_humidity,2025-08-31 23:21:33,2025-08-31 23:22:03
P3,absolute_humidity,2025-08-31 23:23:03,2025-08-31 23:23:33
P3,absolute_humidity,2025-08-31 23:24:03,2025-08-31 23:24:33
P3,absolute_humidity,2025-08-31 23:28:04,2025-08-31 23:28:33
P3,absolute_humidity,2025-08-31 23:33:33,2025-08-31 23:34:03
P3,absolute_humidity,2025-08-31 23:37:03,2025-08-31 23:37:33
P3,absolute_humidity,2025-08-31 23:39:03,2025-08-31 23:39:33
P3,absolute_humidity,2025-08-31 23:47:33,2025-08-31 23:48:03
P3,absolute_humidity,2025-08-31 23:49:03,2025-08-31 23:49:33
P3,absolute_humidity,2025-08-31 23:52:33,2025-08-31 23:53:03
P3,absolute_humidity,2025-08-31 23:53:33,2025-08-31 23:54:03
P3,absolute_humidity,2025-09-01 00:23:03,2025-09-01 00:23:33
P3,absolute_humidity,2025-09-01 00:26:03,2025-09-01 00:26:33
P3,absolute_humidity,2025-09-01 00:36:33,2025-09-01 00:37:03
P3,absolute_humidity,2025-09-01 00:46:33,2025-09-01 00:47:03
P3,absolute_humidity,2025-09-01 01:08:03,2025-09-01 01:08:33
P3,absolute_humidity,2025-09-01 01:12:03,2025-09-01 01:12:33
P3,absolute_humidity,2025-09-01 01:25:03,2025-09-01 01:26:03
P3,absolute_humidity,2025-09-01 01:28:03,2025-09-01 01:28:33
P3,absolute_humidity,2025-09-01 01:29:03,2025-09-01 01:29:33
P3,absolute_humidity,2025-09-01 01:30:33,2025-09-01 01:32:03
P3,absolute_humidity,2025-09-01 01:32:33,2025-09-01 01:33:03
P3,absolute_humidity,2025-09-01 01:33:33,2025-09-01 01:34:33
P3,absolute_humidity,2025-09-01 01:38:33,2025-09-01 01:39:03
P3,absolute_humidity,2025-09-01 01:48:03,2025-09-01 01:48:33
P3,absolute_humidity,2025-09-01 01:57:03,2025-09-01 01:57:33
P3,absolute_humidity,2025-09-01 01:59:33,2025-09-01 02:00:33
P3,absolute_humidity,2025-09-01 04:18:33,2025-09-01 04:19:02
P3,absolute_humidity,2025-09-01 04:31:02,2025-09-01 04:31:32
P3,absolute_humidity,2025-09-01 04:58:32,2025-09-01 04:59:02
P3,absolute_humidity,2025-09-02 02:51:25,2025-09-02 02:51:54
P3,absolute_humidity,2025-09-02 02:53:54,2025-09-02 02:54:24
P3,absolute_humidity,2025-09-02 02:54:55,2025-09-02 02:58:25
P3,absolute_humidity,2025-09-02 02:58:54,2025-09-02 07:51:24
P3,absolute_humidity,2025-09-07 15:34:58,2025-09-07 15:35:28
P3,absolute_humidity,2025-09-07 15:35:58,2025-09-07 15:37:28
P3,absolute_humidity,2025-09-07 15:37:58,2025-09-07 15:39:28
P3,absolute_humidity,2025-09-07 15:39:58,2025-09-07 15:40:28
P3,absolute_humidity,2025-09-07 15:41:28,2025-09-07 15:41:58
P3,absolute_humidity,2025-09-07 15:42:28,2025-09-07 16:05:28
P3,absolute_humidity,2025-09-07 16:05:58,2025-09-07 16:08:28
P3,absolute_humidity,2025-09-07 16:08:58,2025-09-07 16:09:28
P3,absolute_humidity,2025-09-07 16:12:58,2025-09-07 16:13:28
P3,absolute_humidity,2025-09-07 16:14:28,2025-09-07 16:16:58
P3,absolute_humidity,2025-09-07 16:17:28,2025-09-07 16:18:28
P3,absolute_humidity,2025-09-07 16:19:28,2025-09-07 16:19:58
P3,absolute_humidity,2025-09-07 16:20:28,2025-09-07 16:20:58
P3,absolute_humidity,2025-09-07 16:22:28,2025-09-07 16:22:58
P3,absolute_humidity,2025-09-07 18:48:28,2025-09-07 18:48:57
P3,absolute_humidity,2025-09-07 18:54:27,2025-09-07 18:54:57
P3,absolute_humidity,2025-09-07 18:57:57,2025-09-07 18:58:27
P3,absolute_humidity,2025-09-07 18:58:58,2025-09-07 19:00:27
P3,absolute_humidity,2025-09-07 19:01:27,2025-09-07 19:02:57
P3,absolute_humidity,2025-09-07 19:04:27,2025-09-07 19:06:27
P3,absolute_humidity,2025-09-07 19:06:57,2025-09-07 19:07:27
P3,absolute_humidity,2025-09-07 19:07:57,2025-09-07 19:10:27
P3,absolute_humidity,2025-09-07 19:10:57,2025-09-07 19:13:27
P3,absolute_humidity,2025-09-07 19:13:57,2025-09-07 19:25:57
P3,absolute_humidity,2025-09-07 19:26:57,2025-09-07 20:45:27
P3,absolute_humidity,2025-09-07 20:45:57,2025-09-07 20:46:27
P3,absolute_humidity,2025-09-07 20:47:27,2025-09-07 20:48:27
P3,absolute_humidity,2025-09-07 20:48:57,2025-09-07 20:58:27
P3,absolute_humidity,2025-09-07 20:58:57,2025-09-07 21:00:27
P3,absolute_humidity,2025-09-07 21:00:57,2025-09-07 21:33:57
P3,absolute_humidity,2025-09-07 21:34:57,2025-09-07 22:01:57
P3,absolute_humidity,2025-09-07 22:02:57,2025-09-07 22:03:56
P3,absolute_humidity,2025-09-07 22:04:57,2025-09-07 22:05:57
P3,absolute_humidity,2025-09-07 22:06:27,2025-09-07 22:08:57
P3,absolute_humidity,2025-09-07 22:09:27,2025-09-07 22:12:27
P3,absolute_humidity,2025-09-07 22:12:57,2025-09-07 22:13:27
P3,absolute_humidity,2025-09-07 22:14:57,2025-09-07 22:15:26
P3,absolute_humidity,2025-09-07 22:15:57,2025-09-07 22:17:56
P3,absolute_humidity,2025-09-07 22:18:27,2025-09-07 22:26:56
P3,absolute_humidity,2025-09-07 22:27:27,2025-09-07 22:46:56
P3,absolute_humidity,2025-09-07 22:47:26,2025-09-07 23:03:26
P3,absolute_humidity,2025-09-07 23:03:57,2025-09-07 23:05:26
P3,absolute_humidity,2025-09-07 23:05:56,2025-09-07 23:08:26
P3,absolute_humidity,2025-09-07 23:09:26,2025-09-07 23:13:26
P3,absolute_humidity,2025-09-07 23:14:27,2025-09-07 23:15:26
P3,absolute_humidity,2025-09-07 23:16:26,2025-09-07 23:22:56
P3,absolute_humidity,2025-09-07 23:23:26,2025-09-07 23:24:57
P3,absolute_humidity,2025-09-07 23:25:26,2025-09-07 23:32:26
P3,absolute_humidity,2025-09-07 23:32:56,2025-09-07 23:33:56
P3,absolute_humidity,2025-09-07 23:34:26,2025-09-07 23:35:56
P3,absolute_humidity,2025-09-07 23:36:26,2025-09-07 23:37:56
P3,absolute_humidity,2025-09-07 23:38:57,2025-09-07 23:39:56
P3,absolute_humidity,2025-09-07 23:42:27,2025-09-07 23:43:26
P3,absolute_humidity,2025-09-07 23:44:26,2025-09-07 23:45:26
P3,absolute_humidity,2025-09-07 23:45:57,2025-09-07 23:50:56
P3,absolute_humidity,2025-09-07 23:51:26,2025-09-07 23:52:26
P3,absolute_humidity,2025-09-07 23:52:57,2025-09-07 23:53:26
P3,absolute_humidity,2025-09-07 23:54:26,2025-09-07 23:55:26
P3,absolute_humidity,2025-09-07 23:56:27,2025-09-08 00:04:56
P3,absolute_humidity,2025-09-08 00:05:26,2025-09-08 06:21:26
P3,absolute_humidity,2025-09-13 17:13:11,2025-09-13 17:13:41
P3,absolute_humidity,2025-09-13 17:17:11,2025-09-13 17:17:41
P3,absolute_humidity,2025-09-13 17:18:11,2025-09-13 17:19:11
P3,absolute_humidity,2025-09-13 17:19:41,2025-09-13 17:21:41
P3,absolute_humidity,2025-09-13 17:22:11,2025-09-14 05:09:09
P3,absolute_humidity,2025-09-14 05:09:39,2025-09-14 05:12:09
P3,absolute_humidity,2025-09-14 05:13:39,2025-09-14 05:14:39
P3,absolute_humidity,2025-09-14 05:16:39,2025-09-14 05:18:39
P3,absolute_humidity,2025-09-14 05:19:09,2025-09-14 05:21:09
P3,absolute_humidity,2025-09-14 05:21:39,2025-09-14 05:23:39
P3,absolute_humidity,2025-09-14 05:24:09,2025-09-14 05:27:09
P3,absolute_humidity,2025-09-14 05:27:39,2025-09-14 05:28:39
P3,absolute_humidity,2025-09-14 05:29:09,2025-09-14 05:30:39
P3,absolute_humidity,2025-09-14 05:31:09,2025-09-14 05:31:39
P3,absolute_humidity,2025-09-14 05:32:39,2025-09-14 05:33:39
P3,absolute_humidity,2025-09-14 05:34:39,2025-09-14 05:35:39
P3,absolute_humidity,2025-09-14 05:37:09,2025-09-14 05:39:09
P3,absolute_humidity,2025-09-14 05:40:09,2025-09-14 05:40:39
P3,absolute_humidity,2025-09-14 05:41:39,2025-09-14 05:42:09
P3,absolute_humidity,2025-09-14 05:43:09,2025-09-14 05:44:09
P3,absolute_humidity,2025-09-14 05:46:39,2025-09-14 05:47:09
P3,absolute_humidity,2025-09-14 05:51:09,2025-09-14 05:51:39
P3,absolute_humidity,2025-09-14 07:25:08,2025-09-14 07:26:39
P3,absolute_humidity,2025-09-14 07:27:08,2025-09-14 07:28:08
P3,absolute_humidity,2025-09-14 07:28:38,2025-09-14 07:29:38
P3,absolute_humidity,2025-09-14 07:30:09,2025-09-14 15:29:07
P3,absolute_humidity,2025-09-14 15:29:37,2025-09-14 15:38:07
P3,absolute_humidity,2025-09-14 15:38:37,2025-09-14 15:39:07
P3,absolute_humidity,2025-09-14 15:39:37,2025-09-14 15:43:07
P3,absolute_humidity,2025-09-14 15:43:37,2025-09-14 15:44:07
P3,absolute_humidity,2025-09-14 15:44:37,2025-09-14 15:45:07
P3,absolute_humidity,2025-09-14 15:45:37,2025-09-14 15:46:37
P3,absolute_humidity,2025-09-14 15:47:07,2025-09-14 15:48:37
P3,absolute_humidity,2025-09-14 15:49:07,2025-09-14 15:54:07
P3,absolute_humidity,2025-09-14 15:55:07,2025-09-14 16:00:07
P3,absolute_humidity,2025-09-14 16:01:37,2025-09-14 16:02:07
P3,absolute_humidity,2025-09-14 16:04:37,2025-09-14 16:05:37
P3,absolute_humidity,2025-09-14 16:06:37,2025-09-14 16:07:37
P3,absolute_humidity,2025-09-14 16:14:07,2025-09-14 16:16:07
P3,absolute_humidity,2025-09-14 16:17:07,2025-09-14 16:17:37
P3,absolute_humidity,2025-09-14 16:18:37,2025-09-14 16:19:37
P3,absolute_humidity,2025-09-14 16:20:07,2025-09-14 16:21:37
P3,absolute_humidity,2025-09-14 16:22:37,2025-09-14 16:24:37
P3,absolute_humidity,2025-09-14 16:25:07,2025-09-14 16:26:37
P3,absolute_humidity,2025-09-14 16:27:37,2025-09-14 16:31:37
P3,absolute_humidity,2025-09-14 16:32:07,2025-09-14 16:40:07
P3,absolute_humidity,2025-09-14 16:41:37,2025-09-14 16:42:07
P3,absolute_humidity,2025-09-14 16:43:07,2025-09-14 16:44:07
P3,absolute_humidity,2025-09-14 16:44:37,2025-09-14 16:46:07
P3,absolute_humidity,2025-09-14 16:46:37,2025-09-14 16:47:37
P3,absolute_humidity,2025-09-14 16:48:37,2025-09-14 16:49:37
P3,absolute_humidity,2025-09-14 16:50:37,2025-09-14 16:51:07
P3,absolute_humidity,2025-09-14 16:52:07,2025-09-14 16:52:37
P3,absolute_humidity,2025-09-14 21:52:36,2025-09-14 21:53:06
P3,absolute_humidity,2025-09-14 21:54:06,2025-09-14 21:55:06
P3,absolute_humidity,2025-09-14 21:56:06,2025-09-14 21:57:06
P3,absolute_humidity,2025-09-14 21:57:36,2025-09-14 21:58:36
P3,absolute_humidity,2025-09-14 22:02:06,2025-09-14 22:02:36
P3,absolute_humidity,2025-09-14 22:03:06,2025-09-14 22:03:36
P3,absolute_humidity,2025-09-14 22:04:06,2025-09-14 22:04:36
P3,absolute_humidity,2025-09-14 22:05:06,2025-09-14 22:06:06
P3,absolute_humidity,2025-09-14 22:06:36,2025-09-14 22:09:36
P3,absolute_humidity,2025-09-14 22:10:06,2025-09-14 23:02:36
P3,absolute_humidity,2025-09-14 23:03:36,2025-09-14 23:04:06
P3,absolute_humidity,2025-09-14 23:04:35,2025-09-14 23:05:05
P3,absolute_humidity,2025-09-14 23:05:36,2025-09-14 23:06:05
P3,absolute_humidity,2025-09-14 23:06:35,2025-09-14 23:08:35
P3,absolute_humidity,2025-09-14 23:09:35,2025-09-14 23:13:35
P3,absolute_humidity,2025-09-14 23:14:35,2025-09-14 23:15:35
P3,absolute_humidity,2025-09-14 23:16:05,2025-09-14 23:16:35
P3,absolute_humidity,2025-09-14 23:17:36,2025-09-14 23:18:05
P3,absolute_humidity,2025-09-14 23:21:06,2025-09-14 23:21:38
P3,absolute_humidity,2025-09-14 23:26:35,2025-09-14 23:27:05
P3,absolute_humidity,2025-09-14 23:33:06,2025-09-14 23:33:35
P3,absolute_humidity,2025-09-14 23:36:36,2025-09-14 23:37:05
P3,absolute_humidity,2025-09-14 23:40:06,2025-09-14 23:41:05
P3,absolute_humidity,2025-09-14 23:42:35,2025-09-14 23:43:05
P3,absolute_humidity,2025-09-14 23:43:36,2025-09-14 23:45:05
P3,absolute_humidity,2025-09-14 23:45:35,2025-09-15 07:31:04
P3,absolute_humidity,2025-09-16 02:28:47,2025-09-16 02:29:17
P3,absolute_humidity,2025-09-16 02:30:47,2025-09-16 02:32:47
P3,absolute_humidity,2025-09-16 02:33:18,2025-09-16 08:07:16
P3,absolute_humidity,2025-09-17 04:07:13,2025-09-17 04:07:43
P3,absolute_humidity,2025-09-17 04:09:13,2025-09-17 04:10:43
P3,absolute_humidity,2025-09-17 04:11:43,2025-09-17 04:13:14
P3,absolute_humidity,2025-09-17 04:13:43,2025-09-17 07:09:43
P3,absolute_humidity,2025-09-17 07:10:43,2025-09-17 07:13:13
P3,absolute_humidity,2025-09-17 07:13:43,2025-09-17 07:18:13
P3,absolute_humidity,2025-09-17 07:18:43,2025-09-17 07:20:13
P3,absolute_humidity,2025-09-17 07:20:43,2025-09-17 07:23:13
P3,absolute_humidity,2025-09-17 07:23:43,2025-09-17 08:03:13
