device_id,metric,start,end
P1,temperature,2025-07-20 18:23:25,2025-07-20 18:24:25
P1,temperature,2025-07-20 18:42:31,2025-07-20 18:44:31
P1,temperature,2025-07-20 18:50:06,2025-07-20 18:50:36
P1,temperature,2025-08-03 12:07:52,2025-08-03 19:51:57
P1,temperature,2025-08-04 07:41:07,2025-08-04 07:57:40
P1,temperature,2025-08-09 17:47:01,2025-08-09 18:10:04
P1,temperature,2025-08-09 18:12:04,2025-08-09 18:17:05
P1,temperature,2025-08-09 18:18:35,2025-08-09 18:23:06
P1,temperature,2025-08-09 18:27:06,2025-08-09 18:34:38
P1,temperature,2025-08-09 18:37:38,2025-08-09 18:45:39
P1,temperature,2025-08-09 18:52:10,2025-08-09 18:57:41
P1,temperature,2025-08-09 18:58:11,2025-08-11 07:11:48
P1,temperature,2025-08-12 07:50:17,2025-08-12 07:51:47
P1,temperature,2025-08-16 10:55:47,2025-08-16 23:35:04
P1,temperature,2025-08-17 08:17:18,2025-08-18 06:17:54
P1,temperature,2025-08-23 15:58:42,2025-08-23 17:26:24
P1,temperature,2025-08-24 09:38:11,2025-08-25 04:16:19
P1,temperature,2025-08-25 04:19:50,2025-08-25 04:22:50
P1,temperature,2025-08-25 04:26:51,2025-08-25 04:31:21
P1,temperature,2025-08-25 06:19:07,2025-08-25 06:24:37
P1,temperature,2025-08-30 11:15:40,2025-08-30 22:28:15
P1,temperature,2025-08-31 08:49:13,2025-09-01 01:04:01
P1,temperature,2025-09-06 11:58:50,2025-09-06 19:54:49
P1,temperature,2025-09-07 09:55:45,2025-09-07 21:23:52
P1,temperature,2025-09-07 21:26:53,2025-09-07 21:31:23
P1,temperature,2025-09-07 21:32:24,2025-09-07 21:34:54
P1,temperature,2025-09-07 21:42:25,2025-09-07 21:44:55
P1,temperature,2025-09-14 10:59:12,2025-09-14 21:33:11
P1,temperature,2025-09-14 21:38:42,2025-09-14 21:40:42
P1,temperature,2025-09-15 07:14:03,2025-09-15 07:19:04
P2,temperature,2025-07-19 11:44:48,2025-07-19 11:45:18
P2,temperature,2025-07-19 11:48:18,2025-07-19 11:48:48
P2,temperature,2025-07-19 11:51:48,2025-07-19 11:52:18
P2,temperature,2025-07-19 11:55:18,2025-07-19 11:55:48
P2,temperature,2025-07-19 11:58:48,2025-07-19 11:59:18
P2,temperature,2025-07-19 12:02:18,2025-07-19 12:02:48
P2,temperature,2025-07-19 12:05:48,2025-07-19 12:06:18
P2,temperature,2025-07-19 12:09:18,2025-07-19 12:09:48
P2,temperature,2025-07-19 12:12:48,2025-07-19 12:13:18
P2,temperature,2025-07-19 12:16:18,2025-07-19 12:16:48
P2,temperature,2025-07-19 12:19:48,2025-07-19 12:20:18
P2,temperature,2025-07-19 12:23:18,2025-07-19 12:23:48
P2,temperature,2025-07-19 12:26:48,2025-07-19 12:27:18
P2,temperature,2025-07-19 12:30:18,2025-07-19 12:30:48
P2,temperature,2025-07-19 12:33:49,2025-07-19 12:34:18
P2,temperature,2025-07-19 12:37:18,2025-07-19 12:37:48
P2,temperature,2025-07-19 12:40:48,2025-07-19 12:41:18
P2,temperature,2025-07-19 12:44:18,2025-07-19 12:44:48
P2,temperature,2025-07-19 12:47:48,2025-07-19 12:48:18
P2,temperature,2025-07-19 12:51:18,2025-07-19 12:51:48
P2,temperature,2025-07-19 12:54:49,2025-07-19 12:55:18
P2,temperature,2025-07-19 12:58:18,2025-07-19 12:58:48
P2,temperature,2025-07-19 13:01:48,2025-07-19 13:02:18
P2,temperature,2025-07-19 13:05:18,2025-07-19 13:05:48
P2,temperature,2025-07-19 13:08:18,2025-07-19 13:08:48
P2,temperature,2025-07-19 13:10:18,2025-07-19 13:10:49
P2,temperature,2025-07-19 13:11:48,2025-07-19 13:12:18
P2,temperature,2025-07-19 13:13:48,2025-07-19 13:14:18
P2,temperature,2025-07-19 13:17:18,2025-07-19 13:17:48
P2,temperature,2025-07-19 13:20:48,2025-07-19 13:21:18
P2,temperature,2025-07-19 13:24:18,2025-07-19 13:24:48
P2,temperature,2025-07-19 13:27:48,2025-07-19 13:28:18
P2,temperature,2025-07-19 13:31:18,2025-07-19 13:31:48
P2,temperature,2025-07-19 13:34:48,2025-07-19 13:35:18
P2,temperature,2025-07-19 13:38:18,2025-07-19 13:38:48
P2,temperature,2025-07-19 13:41:48,2025-07-19 13:42:18
P2,temperature,2025-07-19 13:43:18,2025-07-19 13:43:48
P2,temperature,2025-07-19 13:45:18,2025-07-19 13:45:48
P2,temperature,2025-07-19 13:46:48,2025-07-19 13:47:18
P2,temperature,2025-07-19 13:48:48,2025-07-19 13:49:18
P2,temperature,2025-07-19 13:50:18,2025-07-19 13:50:48
P2,temperature,2025-07-19 13:52:18,2025-07-19 13:52:48
P2,temperature,2025-07-19 13:53:48,2025-07-19 13:54:18
P2,temperature,2025-07-19 13:55:48,2025-07-19 13:56:18
P2,temperature,2025-07-19 13:57:18,2025-07-19 13:57:48
P2,temperature,2025-07-19 13:58:18,2025-07-19 14:01:18
P2,temperature,2025-07-19 14:01:48,2025-07-19 14:04:48
P2,temperature,2025-07-19 14:05:18,2025-07-19 14:08:18
P2,temperature,2025-07-19 14:08:48,2025-07-19 17:24:17
P2,temperature,2025-07-19 17:24:47,2025-07-19 17:27:47
P2,temperature,2025-07-19 17:28:17,2025-07-19 17:31:17
P2,temperature,2025-07-19 17:31:47,2025-07-19 17:33:17
P2,temperature,2025-07-19 17:33:47,2025-07-19 17:34:47
P2,temperature,2025-07-19 17:35:17,2025-07-19 17:37:17
P2,temperature,2025-07-19 17:37:47,2025-07-19 17:38:17
P2,temperature,2025-07-19 17:39:17,2025-07-19 17:40:17
P2,temperature,2025-07-19 17:41:17,2025-07-19 17:41:47
P2,temperature,2025-07-19 17:43:17,2025-07-19 17:43:47
P2,temperature,2025-07-19 17:44:47,2025-07-19 17:45:17
P2,temperature,2025-07-19 17:46:47,2025-07-19 17:47:17
P2,temperature,2025-07-19 17:48:17,2025-07-19 17:48:47
P2,temperature,2025-07-19 17:50:17,2025-07-19 17:50:47
P2,temperature,2025-07-19 17:53:47,2025-07-19 17:54:17
P2,temperature,2025-07-19 17:55:17,2025-07-19 17:55:47
P2,temperature,2025-07-19 17:57:17,2025-07-19 17:57:47
P2,temperature,2025-07-19 17:58:47,2025-07-19 17:59:17
P2,temperature,2025-07-19 18:00:47,2025-07-19 18:01:17
P2,temperature,2025-07-19 18:02:17,2025-07-19 18:02:47
P2,temperature,2025-07-19 18:04:17,2025-07-19 18:04:47
P2,temperature,2025-07-19 18:07:47,2025-07-19 18:08:17
P2,temperature,2025-07-19 18:11:17,2025-07-19 18:11:47
P2,temperature,2025-07-19 18:12:47,2025-07-19 18:13:17
P2,temperature,2025-07-19 18:14:47,2025-07-19 18:15:17
P2,temperature,2025-07-19 18:18:17,2025-07-19 18:18:47
P2,temperature,2025-07-19 18:21:47,2025-07-19 18:22:17
P2,temperature,2025-07-19 18:25:17,2025-07-19 18:25:47
P2,temperature,2025-07-19 18:28:47,2025-07-19 18:29:17
P2,temperature,2025-07-19 18:32:17,2025-07-19 18:32:47
P2,temperature,2025-07-19 18:35:47,2025-07-19 18:36:17
P2,temperature,2025-07-19 18:39:17,2025-07-19 18:39:47
P2,temperature,2025-07-19 18:42:47,2025-07-19 18:43:17
P2,temperature,2025-07-19 18:46:17,2025-07-19 18:46:47
P2,temperature,2025-07-19 18:49:47,2025-07-19 18:50:17
P2,temperature,2025-07-19 18:53:17,2025-07-19 18:53:47
P2,temperature,2025-07-19 18:56:47,2025-07-19 18:57:17
P2,temperature,2025-07-19 19:00:17,2025-07-19 19:00:47
P2,temperature,2025-07-19 19:03:47,2025-07-19 19:04:17
P2,temperature,2025-07-19 19:07:17,2025-07-19 19:07:47
P2,temperature,2025-07-19 19:10:47,2025-07-19 19:11:17
P2,temperature,2025-07-19 19:14:17,2025-07-19 19:14:47
P2,temperature,2025-07-19 19:17:47,2025-07-19 19:18:17
P2,temperature,2025-07-19 19:21:17,2025-07-19 19:21:47
P2,temperature,2025-07-19 19:24:47,2025-07-19 19:25:17
P2,temperature,2025-07-19 19:28:17,2025-07-19 19:28:47
P2,temperature,2025-07-19 19:31:47,2025-07-19 19:32:17
P2,temperature,2025-07-19 19:35:17,2025-07-19 19:35:47
P2,temperature,2025-07-19 19:38:47,2025-07-19 19:39:17
P2,temperature,2025-07-19 19:42:17,2025-07-19 19:42:47
P2,temperature,2025-07-19 19:45:47,2025-07-19 19:46:17
P2,temperature,2025-07-19 19:49:17,2025-07-19 19:49:47
P2,temperature,2025-07-19 19:52:47,2025-07-19 19:53:16
P2,temperature,2025-07-19 19:56:17,2025-07-19 19:56:47
P2,temperature,2025-07-19 19:59:47,2025-07-19 20:00:16
P2,temperature,2025-07-19 20:03:17,2025-07-19 20:03:46
P2,temperature,2025-07-19 20:06:47,2025-07-19 20:07:16
P2,temperature,2025-07-19 20:10:17,2025-07-19 20:10:46
P2,temperature,2025-07-19 20:13:47,2025-07-19 20:14:19
P2,temperature,2025-07-19 20:15:17,2025-07-19 20:15:46
P2,temperature,2025-07-19 20:18:47,2025-07-19 20:19:16
P2,temperature,2025-07-19 20:22:17,2025-07-19 20:22:46
P2,temperature,2025-07-19 20:25:47,2025-07-19 20:26:16
P2,temperature,2025-07-19 20:29:17,2025-07-19 20:29:47
P2,temperature,2025-07-19 20:32:47,2025-07-19 20:33:16
P2,temperature,2025-07-19 20:36:17,2025-07-19 20:36:46
P2,temperature,2025-07-19 20:39:47,2025-07-19 20:40:16
P2,temperature,2025-07-19 20:43:17,2025-07-19 20:43:46
P2,temperature,2025-07-19 20:46:47,2025-07-19 20:47:16
P2,temperature,2025-07-19 20:50:17,2025-07-19 20:50:46
P2,temperature,2025-07-19 20:53:47,2025-07-19 20:54:16
P2,temperature,2025-07-19 20:57:17,2025-07-19 20:57:46
P2,temperature,2025-07-19 21:00:47,2025-07-19 21:01:16
P2,temperature,2025-07-19 21:04:17,2025-07-19 21:04:46
P2,temperature,2025-07-19 21:07:47,2025-07-19 21:08:16
P2,temperature,2025-07-19 21:11:17,2025-07-19 21:11:46
P2,temperature,2025-07-19 21:14:47,2025-07-19 21:15:16
P2,temperature,2025-07-19 21:18:17,2025-07-19 21:18:46
P2,temperature,2025-07-19 21:21:47,2025-07-19 21:22:16
P2,temperature,2025-07-19 21:25:17,2025-07-19 21:25:46
P2,temperature,2025-07-19 21:28:47,2025-07-19 21:29:16
P2,temperature,2025-07-19 21:32:17,2025-07-19 21:32:46
P2,temperature,2025-07-19 21:35:48,2025-07-19 21:36:16
P2,temperature,2025-07-19 21:39:17,2025-07-19 21:39:48
P2,temperature,2025-07-19 21:42:47,2025-07-19 21:43:16
P2,temperature,2025-07-19 21:46:17,2025-07-19 21:46:46
P2,temperature,2025-07-19 21:49:47,2025-07-19 21:50:16
P2,temperature,2025-07-19 21:53:17,2025-07-19 21:53:46
P2,temperature,2025-07-19 21:56:47,2025-07-19 21:57:16
P2,temperature,2025-07-19 22:00:17,2025-07-19 22:00:46
P2,temperature,2025-07-19 22:03:47,2025-07-19 22:04:16
P2,temperature,2025-07-19 22:07:17,2025-07-19 22:07:46
P2,temperature,2025-07-19 22:10:47,2025-07-19 22:11:16
P2,temperature,2025-07-19 22:14:17,2025-07-19 22:14:46
P2,temperature,2025-07-19 22:17:47,2025-07-19 22:18:16
P2,temperature,2025-07-19 22:21:16,2025-07-19 22:21:46
P2,temperature,2025-07-19 22:24:46,2025-07-19 22:25:16
P2,temperature,2025-07-19 22:28:17,2025-07-19 22:28:46
P2,temperature,2025-07-19 22:31:46,2025-07-19 22:32:16
P2,temperature,2025-07-19 22:35:16,2025-07-19 22:35:46
P2,temperature,2025-07-19 22:38:46,2025-07-19 22:39:16
P2,temperature,2025-07-19 22:42:16,2025-07-19 22:42:46
P2,temperature,2025-07-19 22:45:46,2025-07-19 22:46:16
P2,temperature,2025-07-19 22:49:16,2025-07-19 22:49:46
P2,temperature,2025-07-19 22:52:46,2025-07-19 22:53:16
P2,temperature,2025-07-19 22:56:16,2025-07-19 22:56:46
P2,temperature,2025-07-19 22:59:48,2025-07-19 23:00:16
P2,temperature,2025-07-19 23:03:16,2025-07-19 23:03:46
P2,temperature,2025-07-19 23:06:46,2025-07-19 23:07:16
P2,temperature,2025-07-19 23:10:16,2025-07-19 23:10:46
P2,temperature,2025-07-19 23:13:46,2025-07-19 23:14:16
P2,temperature,2025-07-19 23:17:16,2025-07-19 23:17:46
P2,temperature,2025-07-19 23:20:46,2025-07-19 23:21:16
P2,temperature,2025-07-19 23:24:16,2025-07-19 23:24:46
P2,temperature,2025-07-19 23:27:46,2025-07-19 23:28:16
P2,temperature,2025-07-19 23:31:16,2025-07-19 23:31:46
P2,temperature,2025-07-19 23:34:46,2025-07-19 23:35:16
P2,temperature,2025-07-19 23:38:16,2025-07-19 23:38:46
P2,temperature,2025-07-19 23:41:46,2025-07-19 23:42:16
P2,temperature,2025-07-19 23:45:16,2025-07-19 23:45:46
P2,temperature,2025-07-19 23:48:46,2025-07-19 23:49:16
P2,temperature,2025-07-19 23:52:16,2025-07-19 23:52:46
P2,temperature,2025-07-19 23:55:46,2025-07-19 23:56:16
P2,temperature,2025-07-19 23:59:16,2025-07-19 23:59:46
P2,temperature,2025-07-20 00:02:46,2025-07-20 00:03:16
P2,temperature,2025-07-20 00:06:16,2025-07-20 00:06:46
P2,temperature,2025-07-20 00:09:46,2025-07-20 00:10:16
P2,temperature,2025-07-20 00:13:16,2025-07-20 00:13:46
P2,temperature,2025-07-20 00:16:46,2025-07-20 00:17:16
P2,temperature,2025-07-20 00:21:46,2025-07-20 00:22:16
P2,temperature,2025-07-20 00:25:16,2025-07-20 00:25:46
P2,temperature,2025-07-20 00:28:46,2025-07-20 00:29:16
P2,temperature,2025-07-20 00:32:16,2025-07-20 00:32:46
P2,temperature,2025-07-20 00:35:46,2025-07-20 00:36:16
P2,temperature,2025-07-20 00:39:16,2025-07-20 00:39:46
P2,temperature,2025-07-20 00:42:46,2025-07-20 00:43:16
P2,temperature,2025-07-20 00:46:16,2025-07-20 00:46:46
P2,temperature,2025-07-20 00:49:46,2025-07-20 00:50:16
P2,temperature,2025-07-20 00:53:16,2025-07-20 00:53:46
P2,temperature,2025-07-20 00:56:46,2025-07-20 00:57:16
P2,temperature,2025-07-20 01:03:46,2025-07-20 01:04:16
P2,temperature,2025-07-20 01:07:16,2025-07-20 01:07:46
P2,temperature,2025-07-20 01:10:46,2025-07-20 01:11:16
P2,temperature,2025-07-20 01:14:16,2025-07-20 01:14:46
P2,temperature,2025-07-20 01:17:46,2025-07-20 01:18:16
P2,temperature,2025-07-20 01:21:16,2025-07-20 01:21:45
P2,temperature,2025-07-20 01:24:46,2025-07-20 01:25:16
P2,temperature,2025-07-20 01:28:16,2025-07-20 01:28:45
P2,temperature,2025-07-20 01:31:46,2025-07-20 01:32:16
P2,temperature,2025-07-20 01:35:16,2025-07-20 01:35:45
P2,temperature,2025-07-20 01:38:46,2025-07-20 01:39:16
P2,temperature,2025-07-20 01:42:16,2025-07-20 01:42:45
P2,temperature,2025-07-20 01:45:46,2025-07-20 01:46:15
P2,temperature,2025-07-20 01:49:16,2025-07-20 01:49:45
P2,temperature,2025-07-20 01:52:46,2025-07-20 01:53:15
P2,temperature,2025-07-20 01:56:16,2025-07-20 01:56:45
P2,temperature,2025-07-20 01:59:46,2025-07-20 02:00:15
P2,temperature,2025-07-20 02:13:46,2025-07-20 02:14:15
P2,temperature,2025-07-20 02:34:46,2025-07-20 02:35:15
P2,temperature,2025-07-20 03:02:46,2025-07-20 03:03:15
P2,temperature,2025-07-20 03:16:46,2025-07-20 03:17:15
P2,temperature,2025-07-20 03:20:16,2025-07-20 03:20:45
P2,temperature,2025-07-20 03:23:46,2025-07-20 03:24:15
P2,temperature,2025-07-20 03:51:45,2025-07-20 03:52:15
P2,temperature,2025-07-20 03:55:15,2025-07-20 03:55:45
P2,temperature,2025-07-20 03:58:46,2025-07-20 03:59:15
P2,temperature,2025-07-20 04:02:15,2025-07-20 04:02:45
P2,temperature,2025-07-20 04:05:45,2025-07-20 04:06:15
P2,temperature,2025-07-20 04:09:15,2025-07-20 04:09:45
P2,temperature,2025-07-20 04:12:45,2025-07-20 04:13:15
P2,temperature,2025-07-20 04:37:15,2025-07-20 04:37:45
P2,temperature,2025-07-20 05:47:15,2025-07-20 05:47:45
P2,temperature,2025-07-20 05:54:15,2025-07-20 05:54:45
P2,temperature,2025-07-20 05:57:45,2025-07-20 05:58:15
P2,temperature,2025-07-20 06:01:15,2025-07-20 06:01:45
P2,temperature,2025-07-20 06:04:45,2025-07-20 06:05:15
P2,temperature,2025-07-20 06:08:15,2025-07-20 06:08:46
P2,temperature,2025-07-20 06:11:45,2025-07-20 06:12:15
P2,temperature,2025-07-20 06:15:15,2025-07-20 06:15:45
P2,temperature,2025-07-20 06:18:45,2025-07-20 06:19:15
P2,temperature,2025-07-20 06:22:15,2025-07-20 06:22:45
P2,temperature,2025-07-20 06:25:45,2025-07-20 06:26:15
P2,temperature,2025-07-20 06:29:15,2025-07-20 06:29:45
P2,temperature,2025-07-20 06:32:45,2025-07-20 06:33:15
P2,temperature,2025-07-20 06:36:15,2025-07-20 06:36:45
P2,temperature,2025-07-20 06:39:45,2025-07-20 06:40:15
P2,temperature,2025-07-20 06:43:15,2025-07-20 06:43:45
P2,temperature,2025-07-20 06:46:45,2025-07-20 06:47:15
P2,temperature,2025-07-20 06:50:15,2025-07-20 06:50:45
P2,temperature,2025-07-20 06:53:45,2025-07-20 06:54:14
P2,temperature,2025-07-20 06:57:15,2025-07-20 06:57:44
P2,temperature,2025-07-20 07:00:45,2025-07-20 07:01:14
P2,temperature,2025-07-20 07:04:15,2025-07-20 07:04:44
P2,temperature,2025-07-20 07:07:45,2025-07-20 07:08:15
P2,temperature,2025-07-20 07:11:15,2025-07-20 07:11:44
P2,temperature,2025-07-20 07:14:45,2025-07-20 07:15:14
P2,temperature,2025-07-20 07:18:15,2025-07-20 07:18:44
P2,temperature,2025-07-20 07:21:45,2025-07-20 07:22:14
P2,temperature,2025-07-20 07:25:15,2025-07-20 07:25:44
P2,temperature,2025-07-20 07:28:46,2025-07-20 07:29:14
P2,temperature,2025-07-20 07:32:15,2025-07-20 07:32:44
P2,temperature,2025-07-20 07:35:45,2025-07-20 07:36:14
P2,temperature,2025-07-20 07:39:15,2025-07-20 07:39:44
P2,temperature,2025-07-20 07:42:45,2025-07-20 07:43:14
P2,temperature,2025-07-20 07:46:15,2025-07-20 07:46:44
P2,temperature,2025-07-20 07:49:45,2025-07-20 07:50:14
P2,temperature,2025-07-20 07:53:15,2025-07-20 07:53:44
P2,temperature,2025-07-20 07:56:45,2025-07-20 07:57:14
P2,temperature,2025-07-20 08:00:15,2025-07-20 08:00:44
P2,temperature,2025-07-20 08:03:45,2025-07-20 08:04:14
P2,temperature,2025-07-20 08:07:15,2025-07-20 08:07:44
P2,temperature,2025-07-20 08:10:45,2025-07-20 08:11:14
P2,temperature,2025-07-20 08:14:15,2025-07-20 08:14:44
P2,temperature,2025-07-20 08:17:45,2025-07-20 08:18:14
P2,temperature,2025-07-20 08:21:15,2025-07-20 08:21:44
P2,temperature,2025-07-20 08:24:45,2025-07-20 08:25:14
P2,temperature,2025-07-20 08:28:15,2025-07-20 08:28:44
P2,temperature,2025-07-20 08:31:45,2025-07-20 08:32:14
P2,temperature,2025-07-20 08:35:15,2025-07-20 08:35:44
P2,temperature,2025-07-20 08:38:45,2025-07-20 08:39:14
P2,temperature,2025-07-20 08:42:15,2025-07-20 08:42:44
P2,temperature,2025-07-20 08:45:45,2025-07-20 08:46:14
P2,temperature,2025-07-20 08:49:15,2025-07-20 08:49:44
P2,temperature,2025-07-20 08:52:45,2025-07-20 08:53:14
P2,temperature,2025-07-20 08:56:15,2025-07-20 08:56:44
P2,temperature,2025-07-20 08:59:45,2025-07-20 09:00:14
P2,temperature,2025-07-20 09:03:15,2025-07-20 09:03:44
P2,temperature,2025-07-20 09:06:45,2025-07-20 09:07:14
P2,temperature,2025-07-20 09:10:15,2025-07-20 09:10:44
P2,temperature,2025-07-20 09:13:45,2025-07-20 09:14:14
P2,temperature,2025-07-20 09:15:14,2025-07-20 09:15:44
P2,temperature,2025-07-20 09:17:15,2025-07-20 09:17:44
P2,temperature,2025-07-20 09:18:44,2025-07-20 09:19:14
P2,temperature,2025-07-20 09:20:45,2025-07-20 09:21:14
P2,temperature,2025-07-20 09:22:14,2025-07-20 09:22:44
P2,temperature,2025-07-20 09:24:15,2025-07-20 09:24:44
P2,temperature,2025-07-20 09:25:44,2025-07-20 09:26:14
P2,temperature,2025-07-20 09:27:14,2025-07-20 09:28:14
P2,temperature,2025-07-20 09:29:14,2025-07-20 09:29:44
P2,temperature,2025-07-20 09:30:44,2025-07-20 09:32:14
P2,temperature,2025-07-20 09:32:44,2025-07-20 09:33:14
P2,temperature,2025-07-20 09:33:44,2025-07-20 09:36:44
P2,temperature,2025-07-20 09:37:14,2025-07-20 09:40:14
P2,temperature,2025-07-20 09:40:44,2025-07-21 08:32:52
P2,temperature,2025-07-21 08:35:52,2025-07-21 08:36:22
P2,temperature,2025-07-21 08:39:22,2025-07-21 08:39:52
P2,temperature,2025-07-21 08:42:52,2025-07-21 08:43:22
P2,temperature,2025-07-21 08:46:22,2025-07-21 08:46:52
P2,temperature,2025-07-21 08:53:22,2025-07-21 08:53:52
P2,temperature,2025-07-21 08:56:52,2025-07-21 08:57:22
P2,temperature,2025-07-21 09:00:22,2025-07-21 09:00:52
P2,temperature,2025-07-21 09:07:52,2025-07-21 09:08:22
P2,temperature,2025-07-27 09:22:31,2025-07-27 09:23:00
P2,temperature,2025-07-27 09:26:01,2025-07-27 09:26:30
P2,temperature,2025-07-27 09:29:31,2025-07-27 09:30:00
P2,temperature,2025-07-27 09:33:01,2025-07-27 09:33:30
P2,temperature,2025-07-27 09:36:31,2025-07-27 09:37:00
P2,temperature,2025-07-27 09:40:01,2025-07-27 09:40:30
P2,temperature,2025-07-27 09:43:31,2025-07-27 09:44:00
P2,temperature,2025-07-27 09:47:01,2025-07-27 09:47:30
P2,temperature,2025-07-27 09:50:31,2025-07-27 09:51:00
P2,temperature,2025-07-27 09:54:01,2025-07-27 09:54:30
P2,temperature,2025-07-27 09:57:31,2025-07-27 09:58:00
P2,temperature,2025-07-27 10:01:01,2025-07-27 10:01:30
P2,temperature,2025-07-27 10:04:31,2025-07-27 10:05:00
P2,temperature,2025-07-27 10:08:01,2025-07-27 10:08:30
P2,temperature,2025-07-27 10:11:31,2025-07-27 10:12:00
P2,temperature,2025-07-27 10:15:01,2025-07-27 10:15:30
P2,temperature,2025-07-27 10:18:31,2025-07-27 10:19:00
P2,temperature,2025-07-27 10:22:01,2025-07-27 10:22:30
P2,temperature,2025-07-27 10:25:31,2025-07-27 10:26:00
P2,temperature,2025-07-27 10:29:01,2025-07-27 10:29:30
P2,temperature,2025-07-27 10:32:31,2025-07-27 10:33:00
P2,temperature,2025-07-27 10:36:01,2025-07-27 10:36:30
P2,temperature,2025-07-27 10:39:31,2025-07-27 10:40:00
P2,temperature,2025-07-27 10:43:01,2025-07-27 10:43:30
P2,temperature,2025-07-27 10:46:31,2025-07-27 10:47:00
P2,temperature,2025-07-27 10:50:01,2025-07-27 10:50:30
P2,temperature,2025-07-27 10:53:31,2025-07-27 10:54:00
P2,temperature,2025-07-27 10:57:01,2025-07-27 10:57:30
P2,temperature,2025-07-27 11:00:31,2025-07-27 11:01:00
P2,temperature,2025-07-27 11:04:01,2025-07-27 11:04:30
P2,temperature,2025-07-27 11:07:31,2025-07-27 11:08:00
P2,temperature,2025-07-27 11:11:01,2025-07-27 11:11:30
P2,temperature,2025-07-27 11:14:31,2025-07-27 11:15:00
P2,temperature,2025-07-27 11:18:00,2025-07-27 11:18:30
P2,temperature,2025-07-27 11:21:31,2025-07-27 11:22:00
P2,temperature,2025-07-27 11:25:00,2025-07-27 11:25:30
P2,temperature,2025-07-27 11:28:31,2025-07-27 11:29:00
P2,temperature,2025-07-27 11:32:00,2025-07-27 11:32:30
P2,temperature,2025-07-27 11:35:30,2025-07-27 11:36:00
P2,temperature,2025-07-27 11:39:00,2025-07-27 11:39:30
P2,temperature,2025-07-27 11:42:30,2025-07-27 11:43:00
P2,temperature,2025-07-27 11:46:00,2025-07-27 11:46:30
P2,temperature,2025-07-27 11:49:30,2025-07-27 11:50:00
P2,temperature,2025-07-27 11:53:00,2025-07-27 11:53:30
P2,temperature,2025-07-27 11:56:30,2025-07-27 11:57:00
P2,temperature,2025-07-27 12:00:00,2025-07-27 12:00:30
P2,temperature,2025-07-27 12:03:30,2025-07-27 12:04:00
P2,temperature,2025-07-27 12:07:00,2025-07-27 12:07:30
P2,temperature,2025-07-27 12:10:30,2025-07-27 12:11:00
P2,temperature,2025-07-27 12:14:00,2025-07-27 12:14:30
P2,temperature,2025-07-27 12:17:30,2025-07-27 12:18:00
P2,temperature,2025-07-27 12:21:00,2025-07-27 12:21:30
P2,temperature,2025-07-27 12:22:30,2025-07-27 12:23:00
P2,temperature,2025-07-27 12:24:30,2025-07-27 12:25:00
P2,temperature,2025-07-27 12:26:00,2025-07-27 12:26:30
P2,temperature,2025-07-27 12:28:00,2025-07-27 12:28:30
P2,temperature,2025-07-27 12:29:30,2025-07-27 12:30:00
P2,temperature,2025-07-27 12:31:30,2025-07-27 12:32:00
P2,temperature,2025-07-27 12:33:00,2025-07-27 12:33:30
P2,temperature,2025-07-27 12:35:00,2025-07-27 12:35:30
P2,temperature,2025-07-27 12:36:30,2025-07-27 12:37:00
P2,temperature,2025-07-27 12:38:30,2025-07-27 12:39:00
P2,temperature,2025-07-27 12:40:00,2025-07-27 12:40:30
P2,temperature,2025-07-27 12:42:00,2025-07-27 12:42:30
P2,temperature,2025-07-27 12:43:30,2025-07-27 12:44:00
P2,temperature,2025-07-27 12:45:30,2025-07-27 12:46:00
P2,temperature,2025-07-27 12:47:00,2025-07-27 12:47:30
P2,temperature,2025-07-27 12:49:00,2025-07-27 12:49:30
P2,temperature,2025-07-27 12:50:30,2025-07-27 12:51:00
P2,temperature,2025-07-27 12:52:30,2025-07-27 12:53:00
P2,temperature,2025-07-27 12:54:00,2025-07-27 12:54:30
P2,temperature,2025-07-27 12:56:00,2025-07-27 12:56:30
P2,temperature,2025-07-27 12:57:30,2025-07-27 12:58:00
P2,temperature,2025-07-27 12:59:00,2025-07-27 13:00:00
P2,temperature,2025-07-27 13:01:00,2025-07-27 13:01:30
P2,temperature,2025-07-27 13:02:00,2025-07-27 13:05:00
P2,temperature,2025-07-27 13:05:30,2025-07-27 13:08:30
P2,temperature,2025-07-27 13:09:00,2025-07-27 13:12:00
P2,temperature,2025-07-27 13:12:30,2025-07-27 13:15:30
P2,temperature,2025-07-27 13:16:00,2025-07-27 13:19:00
P2,temperature,2025-07-27 13:19:30,2025-07-27 15:45:59
P2,temperature,2025-07-27 15:46:29,2025-07-27 15:49:29
P2,temperature,2025-07-27 15:49:59,2025-07-27 15:51:59
P2,temperature,2025-07-27 15:52:29,2025-07-27 15:52:59
P2,temperature,2025-07-27 15:53:29,2025-07-27 15:54:59
P2,temperature,2025-07-27 15:55:59,2025-07-27 15:56:29
P2,temperature,2025-07-27 15:57:29,2025-07-27 15:58:29
P2,temperature,2025-07-27 15:59:29,2025-07-27 15:59:59
P2,temperature,2025-07-27 16:01:30,2025-07-27 16:01:59
P2,temperature,2025-07-27 16:02:59,2025-07-27 16:03:29
P2,temperature,2025-07-27 16:05:00,2025-07-27 16:05:29
P2,temperature,2025-07-27 16:06:29,2025-07-27 16:06:59
P2,temperature,2025-07-27 16:08:30,2025-07-27 16:08:59
P2,temperature,2025-07-27 16:09:59,2025-07-27 16:10:29
P2,temperature,2025-07-27 16:12:00,2025-07-27 16:12:29
P2,temperature,2025-07-27 16:13:29,2025-07-27 16:13:59
P2,temperature,2025-07-27 16:15:30,2025-07-27 16:15:59
P2,temperature,2025-07-27 16:19:00,2025-07-27 16:19:29
P2,temperature,2025-07-27 16:22:30,2025-07-27 16:22:59
P2,temperature,2025-07-27 16:26:00,2025-07-27 16:26:29
P2,temperature,2025-07-27 16:29:30,2025-07-27 16:29:59
P2,temperature,2025-07-27 16:33:00,2025-07-27 16:33:29
P2,temperature,2025-07-27 16:36:29,2025-07-27 16:36:59
P2,temperature,2025-07-27 16:40:00,2025-07-27 16:40:29
P2,temperature,2025-07-27 16:43:29,2025-07-27 16:43:59
P2,temperature,2025-07-27 16:47:00,2025-07-27 16:47:29
P2,temperature,2025-07-27 16:50:29,2025-07-27 16:50:59
P2,temperature,2025-07-27 16:54:00,2025-07-27 16:54:29
P2,temperature,2025-07-27 16:57:30,2025-07-27 16:57:59
P2,temperature,2025-07-27 17:00:59,2025-07-27 17:01:29
P2,temperature,2025-07-27 17:04:29,2025-07-27 17:04:59
P2,temperature,2025-07-27 17:07:59,2025-07-27 17:08:29
P2,temperature,2025-07-27 17:11:29,2025-07-27 17:11:59
P2,temperature,2025-07-27 17:14:59,2025-07-27 17:15:29
P2,temperature,2025-07-27 17:18:29,2025-07-27 17:18:59
P2,temperature,2025-07-27 17:21:59,2025-07-27 17:22:29
P2,temperature,2025-07-27 17:25:29,2025-07-27 17:25:59
P2,temperature,2025-07-27 17:28:59,2025-07-27 17:29:29
P2,temperature,2025-07-27 17:32:29,2025-07-27 17:32:59
P2,temperature,2025-07-27 17:35:59,2025-07-27 17:36:29
P2,temperature,2025-07-27 17:39:29,2025-07-27 17:39:59
P2,temperature,2025-07-27 17:42:59,2025-07-27 17:43:29
P2,temperature,2025-07-27 17:46:29,2025-07-27 17:46:59
P2,temperature,2025-07-27 17:49:59,2025-07-27 17:50:29
P2,temperature,2025-07-27 17:53:29,2025-07-27 17:53:59
P2,temperature,2025-07-27 17:56:59,2025-07-27 17:57:29
P2,temperature,2025-07-27 18:00:29,2025-07-27 18:00:59
P2,temperature,2025-07-27 18:03:59,2025-07-27 18:04:29
P2,temperature,2025-07-27 18:07:29,2025-07-27 18:07:59
P2,temperature,2025-07-27 18:10:59,2025-07-27 18:11:29
P2,temperature,2025-07-27 18:14:29,2025-07-27 18:14:59
P2,temperature,2025-07-27 18:17:59,2025-07-27 18:18:29
P2,temperature,2025-07-27 18:21:29,2025-07-27 18:21:59
P2,temperature,2025-07-27 18:24:59,2025-07-27 18:25:29
P2,temperature,2025-07-27 18:28:29,2025-07-27 18:28:59
P2,temperature,2025-07-27 18:31:59,2025-07-27 18:32:29
P2,temperature,2025-07-27 18:35:29,2025-07-27 18:35:59
P2,temperature,2025-07-27 18:38:59,2025-07-27 18:39:29
P2,temperature,2025-07-27 18:42:29,2025-07-27 18:42:59
P2,temperature,2025-07-27 18:45:59,2025-07-27 18:46:29
P2,temperature,2025-07-27 18:49:29,2025-07-27 18:49:59
P2,temperature,2025-07-27 18:52:59,2025-07-27 18:53:29
P2,temperature,2025-07-27 18:56:29,2025-07-27 18:56:59
P2,temperature,2025-07-27 18:59:59,2025-07-27 19:00:29
P2,temperature,2025-07-27 19:03:29,2025-07-27 19:03:59
P2,temperature,2025-07-27 19:06:59,2025-07-27 19:07:29
P2,temperature,2025-07-27 19:10:29,2025-07-27 19:10:59
P2,temperature,2025-07-27 19:13:59,2025-07-27 19:14:29
P2,temperature,2025-07-27 19:17:29,2025-07-27 19:17:59
P2,temperature,2025-07-27 19:20:59,2025-07-27 19:21:29
P2,temperature,2025-07-27 19:24:29,2025-07-27 19:24:59
P2,temperature,2025-07-27 19:27:59,2025-07-27 19:28:29
P2,temperature,2025-07-27 19:31:29,2025-07-27 19:31:59
P2,temperature,2025-07-27 19:34:59,2025-07-27 19:35:29
P2,temperature,2025-07-27 19:38:29,2025-07-27 19:38:59
P2,temperature,2025-07-27 19:41:59,2025-07-27 19:42:29
P2,temperature,2025-07-27 19:45:29,2025-07-27 19:45:59
P2,temperature,2025-07-27 19:48:59,2025-07-27 19:49:28
P2,temperature,2025-07-27 19:52:29,2025-07-27 19:52:59
P2,temperature,2025-07-27 19:55:59,2025-07-27 19:56:28
P2,temperature,2025-07-27 19:59:29,2025-07-27 19:59:59
P2,temperature,2025-07-27 20:02:59,2025-07-27 20:03:28
P2,temperature,2025-07-27 20:06:29,2025-07-27 20:06:58
P2,temperature,2025-07-27 20:09:59,2025-07-27 20:10:28
P2,temperature,2025-07-27 20:13:29,2025-07-27 20:13:58
P2,temperature,2025-07-27 20:16:59,2025-07-27 20:17:28
P2,temperature,2025-07-27 20:20:29,2025-07-27 20:20:58
P2,temperature,2025-07-27 20:23:59,2025-07-27 20:24:28
P2,temperature,2025-07-27 20:27:29,2025-07-27 20:27:58
P2,temperature,2025-07-27 20:30:59,2025-07-27 20:31:28
P2,temperature,2025-07-27 20:34:29,2025-07-27 20:34:58
P2,temperature,2025-07-27 20:37:59,2025-07-27 20:38:28
P2,temperature,2025-07-27 20:41:29,2025-07-27 20:41:58
P2,temperature,2025-07-27 20:44:59,2025-07-27 20:45:28
P2,temperature,2025-07-27 20:48:29,2025-07-27 20:48:58
P2,temperature,2025-07-27 20:51:59,2025-07-27 20:52:28
P2,temperature,2025-07-27 20:55:29,2025-07-27 20:55:58
P2,temperature,2025-07-27 20:58:59,2025-07-27 20:59:28
P2,temperature,2025-07-27 21:02:29,2025-07-27 21:02:58
P2,temperature,2025-07-27 21:05:59,2025-07-27 21:06:28
P2,temperature,2025-07-27 21:09:29,2025-07-27 21:09:58
P2,temperature,2025-07-27 21:12:59,2025-07-27 21:13:28
P2,temperature,2025-07-27 21:16:29,2025-07-27 21:16:58
P2,temperature,2025-07-27 21:19:59,2025-07-27 21:20:28
P2,temperature,2025-07-27 21:23:29,2025-07-27 21:23:58
P2,temperature,2025-07-27 21:26:59,2025-07-27 21:27:28
P2,temperature,2025-07-27 21:30:29,2025-07-27 21:30:58
P2,temperature,2025-07-27 21:33:59,2025-07-27 21:34:28
P2,temperature,2025-07-27 21:37:29,2025-07-27 21:37:58
P2,temperature,2025-07-27 21:40:59,2025-07-27 21:41:28
P2,temperature,2025-07-27 21:44:29,2025-07-27 21:44:58
P2,temperature,2025-07-27 21:47:59,2025-07-27 21:48:28
P2,temperature,2025-07-27 21:51:29,2025-07-27 21:51:58
P2,temperature,2025-07-27 21:54:59,2025-07-27 21:55:28
P2,temperature,2025-07-27 21:58:29,2025-07-27 21:58:58
P2,temperature,2025-07-27 22:01:59,2025-07-27 22:02:28
P2,temperature,2025-07-27 22:05:29,2025-07-27 22:05:58
P2,temperature,2025-07-27 22:08:59,2025-07-27 22:09:28
P2,temperature,2025-07-27 22:12:29,2025-07-27 22:12:58
P2,temperature,2025-07-27 22:15:59,2025-07-27 22:16:28
P2,temperature,2025-07-27 22:19:29,2025-07-27 22:19:58
P2,temperature,2025-07-27 22:22:58,2025-07-27 22:23:28
P2,temperature,2025-07-27 22:26:29,2025-07-27 22:26:58
P2,temperature,2025-07-27 22:29:58,2025-07-27 22:30:28
P2,temperature,2025-07-27 22:33:28,2025-07-27 22:33:58
P2,temperature,2025-07-27 22:36:58,2025-07-27 22:37:28
P2,temperature,2025-07-27 22:40:28,2025-07-27 22:40:58
P2,temperature,2025-07-27 22:43:58,2025-07-27 22:44:28
P2,temperature,2025-07-27 22:47:28,2025-07-27 22:47:58
P2,temperature,2025-07-27 22:50:58,2025-07-27 22:51:28
P2,temperature,2025-07-27 22:54:28,2025-07-27 22:54:58
P2,temperature,2025-07-27 22:57:58,2025-07-27 22:58:28
P2,temperature,2025-07-27 23:01:28,2025-07-27 23:01:58
P2,temperature,2025-07-27 23:04:58,2025-07-27 23:05:28
P2,temperature,2025-07-27 23:08:28,2025-07-27 23:08:58
P2,temperature,2025-07-27 23:11:58,2025-07-27 23:12:28
P2,temperature,2025-07-27 23:15:28,2025-07-27 23:15:58
P2,temperature,2025-07-27 23:18:58,2025-07-27 23:19:28
P2,temperature,2025-07-27 23:22:28,2025-07-27 23:22:58
P2,temperature,2025-07-27 23:25:58,2025-07-27 23:26:28
P2,temperature,2025-07-27 23:29:28,2025-07-27 23:29:58
P2,temperature,2025-07-27 23:32:58,2025-07-27 23:33:28
P2,temperature,2025-07-27 23:36:28,2025-07-27 23:36:58
P2,temperature,2025-07-27 23:39:58,2025-07-27 23:40:28
P2,temperature,2025-07-27 23:43:28,2025-07-27 23:43:58
P2,temperature,2025-07-27 23:46:58,2025-07-27 23:47:28
P2,temperature,2025-07-27 23:50:28,2025-07-27 23:50:58
P2,temperature,2025-07-27 23:53:58,2025-07-27 23:54:28
P2,temperature,2025-07-27 23:57:28,2025-07-27 23:57:58
P2,temperature,2025-07-28 00:00:58,2025-07-28 00:01:28
P2,temperature,2025-07-28 00:07:58,2025-07-28 00:08:28
P2,temperature,2025-07-28 00:11:28,2025-07-28 00:11:58
P2,temperature,2025-07-28 00:28:58,2025-07-28 00:29:28
P2,temperature,2025-07-28 00:32:28,2025-07-28 00:32:58
P2,temperature,2025-07-28 00:35:58,2025-07-28 00:36:28
P2,temperature,2025-07-28 07:14:57,2025-07-28 07:15:26
P2,temperature,2025-07-28 07:18:27,2025-07-28 07:18:56
P2,temperature,2025-08-02 13:36:07,2025-08-02 13:36:36
P2,temperature,2025-08-02 13:39:37,2025-08-02 13:40:06
P2,temperature,2025-08-02 13:43:07,2025-08-02 13:43:36
P2,temperature,2025-08-02 13:46:37,2025-08-02 13:47:06
P2,temperature,2025-08-02 13:50:07,2025-08-02 13:50:36
P2,temperature,2025-08-02 13:53:37,2025-08-02 13:54:06
P2,temperature,2025-08-02 13:57:07,2025-08-02 13:57:36
P2,temperature,2025-08-02 14:00:37,2025-08-02 14:01:06
P2,temperature,2025-08-02 14:04:07,2025-08-02 14:04:36
P2,temperature,2025-08-02 14:07:37,2025-08-02 14:08:06
P2,temperature,2025-08-02 14:11:07,2025-08-02 14:11:36
P2,temperature,2025-08-02 14:14:37,2025-08-02 14:15:06
P2,temperature,2025-08-02 14:18:07,2025-08-02 14:18:36
P2,temperature,2025-08-02 14:21:37,2025-08-02 14:22:06
P2,temperature,2025-08-02 14:25:07,2025-08-02 14:25:36
P2,temperature,2025-08-02 14:28:37,2025-08-02 14:29:06
P2,temperature,2025-08-02 14:32:07,2025-08-02 14:32:36
P2,temperature,2025-08-02 14:35:37,2025-08-02 14:36:06
P2,temperature,2025-08-02 14:39:07,2025-08-02 14:39:36
P2,temperature,2025-08-02 14:42:37,2025-08-02 14:43:06
P2,temperature,2025-08-02 14:46:07,2025-08-02 14:46:36
P2,temperature,2025-08-02 14:49:37,2025-08-02 14:50:06
P2,temperature,2025-08-02 14:53:07,2025-08-02 14:53:36
P2,temperature,2025-08-02 14:56:37,2025-08-02 14:57:06
P2,temperature,2025-08-02 15:00:07,2025-08-02 15:00:36
P2,temperature,2025-08-02 15:03:37,2025-08-02 15:04:06
P2,temperature,2025-08-02 15:07:07,2025-08-02 15:07:36
P2,temperature,2025-08-02 15:10:37,2025-08-02 15:11:06
P2,temperature,2025-08-02 15:14:07,2025-08-02 15:14:36
P2,temperature,2025-08-02 15:17:37,2025-08-02 15:18:06
P2,temperature,2025-08-02 15:21:07,2025-08-02 15:21:36
P2,temperature,2025-08-02 15:24:37,2025-08-02 15:25:06
P2,temperature,2025-08-02 15:28:07,2025-08-02 15:28:36
P2,temperature,2025-08-02 15:31:37,2025-08-02 15:32:06
P2,temperature,2025-08-02 15:35:07,2025-08-02 15:35:36
P2,temperature,2025-08-02 15:38:37,2025-08-02 15:39:06
P2,temperature,2025-08-02 15:42:07,2025-08-02 15:42:36
P2,temperature,2025-08-02 15:45:37,2025-08-02 15:46:06
P2,temperature,2025-08-02 15:49:06,2025-08-02 15:49:36
P2,temperature,2025-08-02 15:52:37,2025-08-02 15:53:06
P2,temperature,2025-08-02 15:56:06,2025-08-02 15:56:36
P2,temperature,2025-08-02 15:59:36,2025-08-02 16:00:06
P2,temperature,2025-08-02 16:03:06,2025-08-02 16:03:36
P2,temperature,2025-08-02 16:06:36,2025-08-02 16:07:06
P2,temperature,2025-08-02 16:10:06,2025-08-02 16:10:36
P2,temperature,2025-08-02 16:13:36,2025-08-02 16:14:06
P2,temperature,2025-08-02 16:17:06,2025-08-02 16:17:36
P2,temperature,2025-08-02 16:20:36,2025-08-02 16:21:06
P2,temperature,2025-08-02 16:24:06,2025-08-02 16:24:36
P2,temperature,2025-08-02 16:27:36,2025-08-02 16:28:06
P2,temperature,2025-08-02 16:31:06,2025-08-02 16:31:36
P2,temperature,2025-08-02 16:34:36,2025-08-02 16:35:06
P2,temperature,2025-08-02 16:38:06,2025-08-02 16:38:36
P2,temperature,2025-08-02 16:41:36,2025-08-02 16:42:06
P2,temperature,2025-08-02 16:45:06,2025-08-02 16:45:36
P2,temperature,2025-08-02 16:48:36,2025-08-02 16:49:06
P2,temperature,2025-08-02 16:52:06,2025-08-02 16:52:36
P2,temperature,2025-08-02 16:55:36,2025-08-02 16:56:06
P2,temperature,2025-08-02 16:59:06,2025-08-02 16:59:36
P2,temperature,2025-08-02 17:02:36,2025-08-02 17:03:06
P2,temperature,2025-08-02 17:06:06,2025-08-02 17:06:36
P2,temperature,2025-08-02 17:09:36,2025-08-02 17:10:06
P2,temperature,2025-08-02 17:13:06,2025-08-02 17:13:36
P2,temperature,2025-08-02 17:16:36,2025-08-02 17:17:06
P2,temperature,2025-08-02 17:20:06,2025-08-02 17:20:36
P2,temperature,2025-08-02 17:23:36,2025-08-02 17:24:06
P2,temperature,2025-08-02 17:27:06,2025-08-02 17:27:36
P2,temperature,2025-08-02 17:30:36,2025-08-02 17:31:06
P2,temperature,2025-08-02 17:34:06,2025-08-02 17:34:36
P2,temperature,2025-08-02 17:37:36,2025-08-02 17:38:06
P2,temperature,2025-08-02 17:41:06,2025-08-02 17:41:36
P2,temperature,2025-08-02 17:44:36,2025-08-02 17:45:06
P2,temperature,2025-08-02 17:48:06,2025-08-02 17:48:36
P2,temperature,2025-08-02 17:51:36,2025-08-02 17:52:06
P2,temperature,2025-08-02 17:55:06,2025-08-02 17:55:36
P2,temperature,2025-08-02 17:58:36,2025-08-02 17:59:06
P2,temperature,2025-08-02 18:02:06,2025-08-02 18:02:36
P2,temperature,2025-08-02 18:05:36,2025-08-02 18:06:06
P2,temperature,2025-08-02 18:09:06,2025-08-02 18:09:36
P2,temperature,2025-08-02 18:12:36,2025-08-02 18:13:06
P2,temperature,2025-08-02 18:16:06,2025-08-02 18:16:36
P2,temperature,2025-08-02 18:19:36,2025-08-02 18:20:06
P2,temperature,2025-08-02 18:23:06,2025-08-02 18:23:36
P2,temperature,2025-08-02 18:26:36,2025-08-02 18:27:06
P2,temperature,2025-08-02 18:30:06,2025-08-02 18:30:36
P2,temperature,2025-08-02 18:33:36,2025-08-02 18:34:06
P2,temperature,2025-08-02 18:37:06,2025-08-02 18:37:36
P2,temperature,2025-08-02 18:40:36,2025-08-02 18:41:05
P2,temperature,2025-08-02 18:44:06,2025-08-02 18:44:36
P2,temperature,2025-08-02 18:47:36,2025-08-02 18:48:06
P2,temperature,2025-08-02 18:51:06,2025-08-02 18:51:35
P2,temperature,2025-08-02 18:54:36,2025-08-02 18:55:06
P2,temperature,2025-08-02 18:58:06,2025-08-02 18:58:35
P2,temperature,2025-08-02 19:01:36,2025-08-02 19:02:06
P2,temperature,2025-08-02 19:05:06,2025-08-02 19:05:35
P2,temperature,2025-08-02 19:08:36,2025-08-02 19:09:05
P2,temperature,2025-08-02 19:12:06,2025-08-02 19:12:36
P2,temperature,2025-08-02 19:15:36,2025-08-02 19:16:05
P2,temperature,2025-08-02 19:19:06,2025-08-02 19:19:35
P2,temperature,2025-08-02 19:22:36,2025-08-02 19:23:05
P2,temperature,2025-08-02 19:26:06,2025-08-02 19:26:35
P2,temperature,2025-08-02 19:29:36,2025-08-02 19:30:05
P2,temperature,2025-08-02 19:33:06,2025-08-02 19:33:35
P2,temperature,2025-08-02 19:36:36,2025-08-02 19:37:05
P2,temperature,2025-08-02 19:40:06,2025-08-02 19:40:35
P2,temperature,2025-08-02 19:43:36,2025-08-02 19:44:05
P2,temperature,2025-08-02 19:47:06,2025-08-02 19:47:35
P2,temperature,2025-08-02 19:50:36,2025-08-02 19:51:05
P2,temperature,2025-08-02 19:54:06,2025-08-02 19:54:35
P2,temperature,2025-08-02 19:57:36,2025-08-02 19:58:05
P2,temperature,2025-08-02 20:01:06,2025-08-02 20:01:35
P2,temperature,2025-08-02 20:04:36,2025-08-02 20:05:05
P2,temperature,2025-08-02 20:08:06,2025-08-02 20:08:35
P2,temperature,2025-08-02 20:11:36,2025-08-02 20:12:05
P2,temperature,2025-08-02 20:15:06,2025-08-02 20:15:35
P2,temperature,2025-08-02 20:18:36,2025-08-02 20:19:05
P2,temperature,2025-08-02 20:22:06,2025-08-02 20:22:35
P2,temperature,2025-08-02 20:25:36,2025-08-02 20:26:05
P2,temperature,2025-08-02 20:29:06,2025-08-02 20:29:35
P2,temperature,2025-08-02 20:32:36,2025-08-02 20:33:05
P2,temperature,2025-08-02 20:36:06,2025-08-02 20:36:35
P2,temperature,2025-08-03 07:30:39,2025-08-03 07:31:08
P2,temperature,2025-08-03 07:34:09,2025-08-03 07:34:38
P2,temperature,2025-08-03 07:37:39,2025-08-03 07:38:08
P2,temperature,2025-08-03 07:41:09,2025-08-03 07:41:38
P2,temperature,2025-08-03 07:44:39,2025-08-03 07:45:08
P2,temperature,2025-08-03 07:48:09,2025-08-03 07:48:38
P2,temperature,2025-08-03 07:51:39,2025-08-03 07:52:08
P2,temperature,2025-08-03 07:55:09,2025-08-03 07:55:38
P2,temperature,2025-08-03 07:58:39,2025-08-03 07:59:08
P2,temperature,2025-08-03 08:02:09,2025-08-03 08:02:38
P2,temperature,2025-08-03 08:05:39,2025-08-03 08:06:08
P2,temperature,2025-08-03 08:09:09,2025-08-03 08:09:38
P2,temperature,2025-08-03 08:12:39,2025-08-03 08:13:08
P2,temperature,2025-08-03 08:16:09,2025-08-03 08:16:38
P2,temperature,2025-08-03 08:19:39,2025-08-03 08:20:08
P2,temperature,2025-08-03 08:23:08,2025-08-03 08:23:38
P2,temperature,2025-08-03 08:26:39,2025-08-03 08:27:08
P2,temperature,2025-08-03 08:30:09,2025-08-03 08:30:38
P2,temperature,2025-08-03 08:33:38,2025-08-03 08:34:08
P2,temperature,2025-08-03 08:37:08,2025-08-03 08:37:38
P2,temperature,2025-08-03 08:40:38,2025-08-03 08:41:08
P2,temperature,2025-08-03 08:44:09,2025-08-03 08:44:38
P2,temperature,2025-08-03 08:47:38,2025-08-03 08:48:08
P2,temperature,2025-08-03 08:51:08,2025-08-03 08:51:38
P2,temperature,2025-08-03 08:54:38,2025-08-03 08:55:08
P2,temperature,2025-08-03 08:58:08,2025-08-03 08:58:38
P2,temperature,2025-08-03 09:01:38,2025-08-03 09:02:08
P2,temperature,2025-08-03 09:05:08,2025-08-03 09:05:38
P2,temperature,2025-08-03 09:08:38,2025-08-03 09:09:08
P2,temperature,2025-08-03 09:12:08,2025-08-03 09:12:38
P2,temperature,2025-08-03 09:15:38,2025-08-03 09:16:08
P2,temperature,2025-08-03 09:19:08,2025-08-03 09:19:38
P2,temperature,2025-08-03 09:22:38,2025-08-03 09:23:08
P2,temperature,2025-08-03 09:26:08,2025-08-03 09:26:38
P2,temperature,2025-08-03 09:29:38,2025-08-03 09:30:08
P2,temperature,2025-08-03 09:33:08,2025-08-03 09:33:38
P2,temperature,2025-08-03 09:36:38,2025-08-03 09:37:08
P2,temperature,2025-08-03 09:40:08,2025-08-03 09:40:38
P2,temperature,2025-08-03 09:43:38,2025-08-03 09:44:08
P2,temperature,2025-08-03 09:47:08,2025-08-03 09:47:38
P2,temperature,2025-08-03 09:50:38,2025-08-03 09:51:08
P2,temperature,2025-08-03 09:54:08,2025-08-03 09:54:38
P2,temperature,2025-08-03 09:55:38,2025-08-03 09:56:08
P2,temperature,2025-08-03 09:57:38,2025-08-03 09:58:08
P2,temperature,2025-08-03 09:59:08,2025-08-03 09:59:38
P2,temperature,2025-08-03 10:01:08,2025-08-03 10:01:38
P2,temperature,2025-08-03 10:02:38,2025-08-03 10:03:08
P2,temperature,2025-08-03 10:04:38,2025-08-03 10:05:08
P2,temperature,2025-08-03 10:06:08,2025-08-03 10:06:38
P2,temperature,2025-08-03 10:07:08,2025-08-03 10:10:08
P2,temperature,2025-08-03 10:10:38,2025-08-04 08:08:34
P2,temperature,2025-08-04 08:09:04,2025-08-04 08:09:34
P2,temperature,2025-08-04 08:11:04,2025-08-04 08:11:34
P2,temperature,2025-08-04 08:14:34,2025-08-04 08:15:04
P2,temperature,2025-08-04 13:36:03,2025-08-04 13:36:33
P2,temperature,2025-08-04 13:39:33,2025-08-04 13:40:03
P2,temperature,2025-08-04 13:43:03,2025-08-04 13:43:33
P2,temperature,2025-08-05 00:28:31,2025-08-05 00:29:01
P2,temperature,2025-08-05 00:32:01,2025-08-05 00:32:31
P2,temperature,2025-08-05 00:35:31,2025-08-05 00:36:01
P2,temperature,2025-08-05 00:39:01,2025-08-05 00:39:31
P2,temperature,2025-08-05 00:42:31,2025-08-05 00:43:01
P2,temperature,2025-08-05 00:46:01,2025-08-05 00:46:31
P2,temperature,2025-08-05 00:49:31,2025-08-05 00:50:01
P2,temperature,2025-08-05 00:53:01,2025-08-05 00:53:31
P2,temperature,2025-08-05 00:56:31,2025-08-05 00:57:01
P2,temperature,2025-08-05 01:00:01,2025-08-05 01:00:31
P2,temperature,2025-08-05 01:03:31,2025-08-05 01:04:01
P2,temperature,2025-08-05 01:07:01,2025-08-05 01:07:31
P2,temperature,2025-08-05 01:10:31,2025-08-05 01:11:01
P2,temperature,2025-08-05 01:14:01,2025-08-05 01:14:31
P2,temperature,2025-08-05 01:17:31,2025-08-05 01:18:01
P2,temperature,2025-08-05 01:21:01,2025-08-05 01:21:31
P2,temperature,2025-08-05 01:24:31,2025-08-05 01:25:01
P2,temperature,2025-08-05 01:28:01,2025-08-05 01:28:31
P2,temperature,2025-08-05 01:31:31,2025-08-05 01:32:01
P2,temperature,2025-08-05 01:35:01,2025-08-05 01:35:31
P2,temperature,2025-08-05 01:38:31,2025-08-05 01:39:01
P2,temperature,2025-08-05 01:42:01,2025-08-05 01:42:31
P2,temperature,2025-08-05 01:45:31,2025-08-05 01:46:01
P2,temperature,2025-08-05 01:49:01,2025-08-05 01:49:31
P2,temperature,2025-08-05 01:52:31,2025-08-05 01:53:01
P2,temperature,2025-08-05 01:56:01,2025-08-05 01:56:31
P2,temperature,2025-08-05 01:59:31,2025-08-05 02:00:01
P2,temperature,2025-08-05 02:03:01,2025-08-05 02:03:31
P2,temperature,2025-08-05 02:06:31,2025-08-05 02:07:01
P2,temperature,2025-08-05 02:10:01,2025-08-05 02:10:31
P2,temperature,2025-08-05 02:13:31,2025-08-05 02:14:01
P2,temperature,2025-08-05 02:17:01,2025-08-05 02:17:31
P2,temperature,2025-08-05 02:20:31,2025-08-05 02:21:01
P2,temperature,2025-08-05 02:24:01,2025-08-05 02:24:31
P2,temperature,2025-08-05 02:27:31,2025-08-05 02:28:00
P2,temperature,2025-08-05 02:31:01,2025-08-05 02:31:31
P2,temperature,2025-08-05 02:34:31,2025-08-05 02:35:00
P2,temperature,2025-08-05 02:38:01,2025-08-05 02:38:30
P2,temperature,2025-08-05 02:41:31,2025-08-05 02:42:01
P2,temperature,2025-08-05 02:45:01,2025-08-05 02:45:30
P2,temperature,2025-08-05 02:48:31,2025-08-05 02:49:00
P2,temperature,2025-08-05 02:52:01,2025-08-05 02:52:30
P2,temperature,2025-08-05 02:55:31,2025-08-05 02:56:00
P2,temperature,2025-08-05 02:59:01,2025-08-05 02:59:30
P2,temperature,2025-08-05 03:02:31,2025-08-05 03:03:00
P2,temperature,2025-08-05 03:06:01,2025-08-05 03:06:30
P2,temperature,2025-08-05 03:09:31,2025-08-05 03:10:00
P2,temperature,2025-08-05 03:13:01,2025-08-05 03:13:30
P2,temperature,2025-08-05 03:16:31,2025-08-05 03:17:00
P2,temperature,2025-08-05 03:20:01,2025-08-05 03:20:30
P2,temperature,2025-08-05 03:23:31,2025-08-05 03:24:00
P2,temperature,2025-08-05 03:27:01,2025-08-05 03:27:30
P2,temperature,2025-08-05 03:30:31,2025-08-05 03:31:00
P2,temperature,2025-08-05 03:34:01,2025-08-05 03:34:30
P2,temperature,2025-08-05 03:37:31,2025-08-05 03:38:00
P2,temperature,2025-08-05 03:41:01,2025-08-05 03:41:30
P2,temperature,2025-08-05 03:44:31,2025-08-05 03:45:00
P2,temperature,2025-08-05 03:48:01,2025-08-05 03:48:30
P2,temperature,2025-08-05 03:51:31,2025-08-05 03:52:00
P2,temperature,2025-08-05 03:55:01,2025-08-05 03:55:30
P2,temperature,2025-08-05 03:58:31,2025-08-05 03:59:00
P2,temperature,2025-08-05 04:02:01,2025-08-05 04:02:30
P2,temperature,2025-08-05 04:05:31,2025-08-05 04:06:00
P2,temperature,2025-08-05 04:09:01,2025-08-05 04:09:30
P2,temperature,2025-08-05 04:12:31,2025-08-05 04:13:00
P2,temperature,2025-08-05 04:16:01,2025-08-05 04:16:30
P2,temperature,2025-08-05 04:19:31,2025-08-05 04:20:00
P2,temperature,2025-08-05 04:23:01,2025-08-05 04:23:30
P2,temperature,2025-08-05 04:26:31,2025-08-05 04:27:00
P2,temperature,2025-08-05 04:30:01,2025-08-05 04:30:30
P2,temperature,2025-08-05 04:33:31,2025-08-05 04:34:00
P2,temperature,2025-08-05 04:37:01,2025-08-05 04:37:30
P2,temperature,2025-08-05 04:40:31,2025-08-05 04:41:00
P2,temperature,2025-08-05 04:44:01,2025-08-05 04:44:30
P2,temperature,2025-08-05 04:47:31,2025-08-05 04:48:00
P2,temperature,2025-08-05 04:51:01,2025-08-05 04:51:30
P2,temperature,2025-08-05 04:54:31,2025-08-05 04:55:00
P2,temperature,2025-08-05 04:58:01,2025-08-05 04:58:30
P2,temperature,2025-08-05 05:01:30,2025-08-05 05:02:00
P2,temperature,2025-08-05 05:05:01,2025-08-05 05:05:30
P2,temperature,2025-08-05 05:08:30,2025-08-05 05:09:00
P2,temperature,2025-08-05 05:12:00,2025-08-05 05:12:30
P2,temperature,2025-08-05 05:15:30,2025-08-05 05:16:00
P2,temperature,2025-08-05 05:19:00,2025-08-05 05:19:30
P2,temperature,2025-08-05 05:22:30,2025-08-05 05:23:00
P2,temperature,2025-08-05 05:26:00,2025-08-05 05:26:30
P2,temperature,2025-08-05 05:29:30,2025-08-05 05:30:00
P2,temperature,2025-08-05 05:33:00,2025-08-05 05:33:30
P2,temperature,2025-08-05 05:36:30,2025-08-05 05:37:00
P2,temperature,2025-08-05 05:40:00,2025-08-05 05:40:30
P2,temperature,2025-08-05 05:43:30,2025-08-05 05:44:00
P2,temperature,2025-08-05 05:47:00,2025-08-05 05:47:30
P2,temperature,2025-08-05 05:50:30,2025-08-05 05:51:00
P2,temperature,2025-08-05 05:54:00,2025-08-05 05:54:30
P2,temperature,2025-08-05 05:57:30,2025-08-05 05:58:00
P2,temperature,2025-08-05 06:01:00,2025-08-05 06:01:30
P2,temperature,2025-08-05 06:04:30,2025-08-05 06:05:00
P2,temperature,2025-08-05 06:08:00,2025-08-05 06:08:30
P2,temperature,2025-08-05 06:11:30,2025-08-05 06:12:00
P2,temperature,2025-08-05 06:15:00,2025-08-05 06:15:30
P2,temperature,2025-08-05 06:18:30,2025-08-05 06:19:00
P2,temperature,2025-08-05 06:22:00,2025-08-05 06:22:30
P2,temperature,2025-08-05 06:25:30,2025-08-05 06:26:00
P2,temperature,2025-08-05 06:29:00,2025-08-05 06:29:30
P2,temperature,2025-08-05 06:32:30,2025-08-05 06:33:00
P2,temperature,2025-08-05 06:36:00,2025-08-05 06:36:30
P2,temperature,2025-08-05 06:39:30,2025-08-05 06:40:00
P2,temperature,2025-08-05 06:43:00,2025-08-05 06:43:30
P2,temperature,2025-08-05 06:46:30,2025-08-05 06:47:00
P2,temperature,2025-08-05 06:50:00,2025-08-05 06:50:30
P2,temperature,2025-08-05 06:53:30,2025-08-05 06:54:00
P2,temperature,2025-08-05 06:57:00,2025-08-05 06:57:30
P2,temperature,2025-08-05 07:00:30,2025-08-05 07:01:00
P2,temperature,2025-08-05 07:04:00,2025-08-05 07:04:30
P2,temperature,2025-08-05 07:07:30,2025-08-05 07:08:00
P2,temperature,2025-08-05 07:09:00,2025-08-05 07:09:30
P2,temperature,2025-08-05 07:11:00,2025-08-05 07:11:30
P2,temperature,2025-08-05 07:12:30,2025-08-05 07:13:00
P2,temperature,2025-08-05 07:14:30,2025-08-05 07:15:00
P2,temperature,2025-08-05 07:16:00,2025-08-05 07:16:30
P2,temperature,2025-08-05 07:18:00,2025-08-05 07:18:30
P2,temperature,2025-08-05 07:19:30,2025-08-05 07:20:00
P2,temperature,2025-08-05 07:21:30,2025-08-05 07:22:00
P2,temperature,2025-08-05 07:23:00,2025-08-05 07:23:30
P2,temperature,2025-08-05 07:25:00,2025-08-05 07:25:30
P2,temperature,2025-08-05 07:26:30,2025-08-05 07:27:00
P2,temperature,2025-08-05 07:28:30,2025-08-05 07:29:00
P2,temperature,2025-08-05 07:32:00,2025-08-05 07:32:30
P2,temperature,2025-08-05 07:35:30,2025-08-05 07:36:00
P2,temperature,2025-08-10 11:18:38,2025-08-10 11:19:07
P2,temperature,2025-08-10 11:22:08,2025-08-10 21:38:05
P2,temperature,2025-08-10 21:38:35,2025-08-10 21:39:05
P2,temperature,2025-08-10 21:39:36,2025-08-10 21:40:05
P2,temperature,2025-08-10 21:43:06,2025-08-10 21:43:35
P2,temperature,2025-08-10 21:46:36,2025-08-10 21:47:05
P2,temperature,2025-08-10 21:49:05,2025-08-10 21:50:35
P2,temperature,2025-08-10 21:51:05,2025-08-10 21:51:35
P2,temperature,2025-08-10 21:53:36,2025-08-10 21:54:05
P2,temperature,2025-08-10 21:57:06,2025-08-10 21:57:35
P2,temperature,2025-08-10 22:00:36,2025-08-10 22:01:05
P2,temperature,2025-08-10 22:14:36,2025-08-10 22:15:05
P2,temperature,2025-08-17 11:40:37,2025-08-17 11:41:07
P2,temperature,2025-08-17 11:42:07,2025-08-17 22:40:35
P2,temperature,2025-08-17 22:41:35,2025-08-17 22:42:35
P2,temperature,2025-08-17 22:45:35,2025-08-17 22:46:05
P2,temperature,2025-08-17 22:49:05,2025-08-17 22:49:35
P2,temperature,2025-08-17 22:52:35,2025-08-17 22:53:05
P2,temperature,2025-08-17 22:56:05,2025-08-17 22:56:35
P2,temperature,2025-08-24 09:50:38,2025-08-24 09:51:08
P2,temperature,2025-08-24 09:54:08,2025-08-25 06:26:34
P2,temperature,2025-08-30 12:37:01,2025-08-30 12:37:31
P2,temperature,2025-08-30 12:40:31,2025-08-30 12:41:01
P2,temperature,2025-08-30 12:42:01,2025-08-30 19:49:29
P2,temperature,2025-08-30 19:51:00,2025-08-30 19:51:29
P2,temperature,2025-08-30 19:54:30,2025-08-30 19:54:59
P2,temperature,2025-08-31 09:36:57,2025-08-31 09:37:27
P2,temperature,2025-08-31 09:38:27,2025-08-31 23:44:24
P2,temperature,2025-08-31 23:47:25,2025-08-31 23:48:24
P2,temperature,2025-08-31 23:48:54,2025-08-31 23:49:24
P2,temperature,2025-08-31 23:50:55,2025-08-31 23:51:54
P2,temperature,2025-08-31 23:54:25,2025-08-31 23:54:54
P2,temperature,2025-08-31 23:57:55,2025-08-31 23:58:24
P2,temperature,2025-09-01 00:01:25,2025-09-01 00:01:54
P2,temperature,2025-09-01 00:04:55,2025-09-01 00:05:24
P2,temperature,2025-09-01 00:08:25,2025-09-01 00:08:54
P2,temperature,2025-09-01 00:11:55,2025-09-01 00:12:24
P2,temperature,2025-09-01 00:15:25,2025-09-01 00:15:54
P2,temperature,2025-09-06 13:26:40,2025-09-06 13:27:09
P2,temperature,2025-09-06 13:30:10,2025-09-06 17:32:43
P2,temperature,2025-09-06 17:33:43,2025-09-06 17:34:43
P2,temperature,2025-09-06 17:35:45,2025-09-06 17:36:16
P2,temperature,2025-09-06 17:36:50,2025-09-06 17:37:13
P2,temperature,2025-09-07 10:45:32,2025-09-07 10:46:01
P2,temperature,2025-09-07 10:49:02,2025-09-07 10:49:31
P2,temperature,2025-09-07 10:50:01,2025-09-07 20:44:30
P2,temperature,2025-09-07 20:45:29,2025-09-07 20:46:00
P2,temperature,2025-09-07 20:47:30,2025-09-07 20:47:59
P2,temperature,2025-09-07 20:51:00,2025-09-07 20:51:30
P2,temperature,2025-09-07 20:54:30,2025-09-07 20:54:59
P2,temperature,2025-09-14 10:27:40,2025-09-14 10:28:09
P2,temperature,2025-09-14 10:30:09,2025-09-14 10:30:39
P2,temperature,2025-09-14 10:31:10,2025-09-14 10:31:39
P2,temperature,2025-09-14 10:32:09,2025-09-15 04:02:06
P2,temperature,2025-09-15 04:07:06,2025-09-15 04:10:36
P2,temperature,2025-09-15 04:11:37,2025-09-15 04:18:06
P2,temperature,2025-09-15 04:18:37,2025-09-15 04:26:06
P2,temperature,2025-09-15 04:28:36,2025-09-15 04:30:06
P2,temperature,2025-09-15 04:32:37,2025-09-15 04:33:06
P2,temperature,2025-09-15 04:34:06,2025-09-15 04:35:36
P2,temperature,2025-09-15 04:36:06,2025-09-15 04:36:36
P2,temperature,2025-09-15 04:39:36,2025-09-15 04:40:06
P2,temperature,2025-09-15 04:43:06,2025-09-15 04:43:36
P2,temperature,2025-09-15 04:46:36,2025-09-15 04:47:06
P2,temperature,2025-09-15 05:00:36,2025-09-15 05:01:06
P2,temperature,2025-09-15 05:03:36,2025-09-15 05:05:06
P2,temperature,2025-09-15 05:07:36,2025-09-15 05:08:06
P2,temperature,2025-09-15 05:11:06,2025-09-15 05:11:36
P2,temperature,2025-09-15 05:14:36,2025-09-15 05:15:06
P2,temperature,2025-09-15 05:19:36,2025-09-15 05:20:36
P2,temperature,2025-09-15 05:21:36,2025-09-15 05:22:06
P2,temperature,2025-09-15 05:28:36,2025-09-15 05:29:06
P2,temperature,2025-09-15 05:32:06,2025-09-15 05:32:36
P2,temperature,2025-09-15 05:35:36,2025-09-15 05:36:06
P2,temperature,2025-09-15 05:39:06,2025-09-15 05:39:36
P2,temperature,2025-09-15 05:46:06,2025-09-15 05:46:36
P2,temperature,2025-09-15 05:49:36,2025-09-15 05:50:06
P2,temperature,2025-09-15 06:17:36,2025-09-15 06:18:06
P2,temperature,2025-09-15 06:31:36,2025-09-15 06:32:06
P2,temperature,2025-09-15 06:38:36,2025-09-15 06:39:06
P2,temperature,2025-09-15 06:42:06,2025-09-15 06:42:36
P2,temperature,2025-09-15 06:43:06,2025-09-15 06:58:36
P2,temperature,2025-09-15 06:59:06,2025-09-15 07:16:06
P3,temperature,2025-07-18 11:42:18,2025-07-18 11:42:48
P3,temperature,2025-07-18 11:45:48,2025-07-18 11:46:18
P3,temperature,2025-07-18 11:49:19,2025-07-18 11:49:48
P3,temperature,2025-07-18 11:52:49,2025-07-18 11:53:18
P3,temperature,2025-07-18 11:56:19,2025-07-18 11:56:48
P3,temperature,2025-07-18 11:59:49,2025-07-18 12:00:18
P3,temperature,2025-07-18 12:03:19,2025-07-18 12:03:49
P3,temperature,2025-07-18 12:06:49,2025-07-18 12:07:19
P3,temperature,2025-07-18 12:10:19,2025-07-18 12:10:49
P3,temperature,2025-07-18 12:13:49,2025-07-18 12:14:19
P3,temperature,2025-07-18 12:17:19,2025-07-18 12:17:49
P3,temperature,2025-07-18 12:20:49,2025-07-18 12:21:19
P3,temperature,2025-07-18 12:24:19,2025-07-18 12:24:49
P3,temperature,2025-07-18 12:27:50,2025-07-18 12:28:19
P3,temperature,2025-07-18 12:31:20,2025-07-18 12:31:51
P3,temperature,2025-07-18 12:32:49,2025-07-18 12:33:19
P3,temperature,2025-07-18 12:34:50,2025-07-18 12:35:19
P3,temperature,2025-07-18 12:38:20,2025-07-18 12:38:52
P3,temperature,2025-07-18 12:39:53,2025-07-18 12:40:19
P3,temperature,2025-07-18 12:43:20,2025-07-18 13:03:50
P3,temperature,2025-07-19 12:44:31,2025-07-19 12:45:01
P3,temperature,2025-07-19 12:51:31,2025-07-19 12:52:01
P3,temperature,2025-07-19 12:55:01,2025-07-19 12:55:31
P3,temperature,2025-07-19 12:58:31,2025-07-19 12:59:01
P3,temperature,2025-07-19 13:02:01,2025-07-19 13:02:31
P3,temperature,2025-07-19 13:05:31,2025-07-19 13:06:01
P3,temperature,2025-07-19 13:09:01,2025-07-19 13:09:31
P3,temperature,2025-07-19 13:12:31,2025-07-19 13:13:01
P3,temperature,2025-07-19 13:16:01,2025-07-19 13:16:31
P3,temperature,2025-07-19 13:19:31,2025-07-19 13:20:01
P3,temperature,2025-07-19 13:23:01,2025-07-19 13:23:31
P3,temperature,2025-07-19 13:24:01,2025-07-19 13:28:31
P3,temperature,2025-07-19 13:30:01,2025-07-19 13:31:01
P3,temperature,2025-07-19 13:31:31,2025-07-19 13:32:01
P3,temperature,2025-07-19 13:32:31,2025-07-19 13:35:31
P3,temperature,2025-07-19 13:36:01,2025-07-19 13:41:31
P3,temperature,2025-07-19 13:42:01,2025-07-19 13:44:31
P3,temperature,2025-07-19 13:45:01,2025-07-19 14:02:01
P3,temperature,2025-07-19 14:02:31,2025-07-19 15:44:00
P3,temperature,2025-07-19 15:44:30,2025-07-19 15:45:00
P3,temperature,2025-07-19 15:45:30,2025-07-19 15:47:00
P3,temperature,2025-07-19 15:49:30,2025-07-19 15:50:30
P3,temperature,2025-07-19 15:53:31,2025-07-19 15:54:00
P3,temperature,2025-07-19 15:55:00,2025-07-19 15:55:30
P3,temperature,2025-07-19 15:57:01,2025-07-19 15:57:30
P3,temperature,2025-07-19 16:00:31,2025-07-19 16:01:00
P3,temperature,2025-07-19 16:04:01,2025-07-19 16:04:30
P3,temperature,2025-07-19 16:07:31,2025-07-19 16:08:00
P3,temperature,2025-07-19 16:11:01,2025-07-19 16:11:30
P3,temperature,2025-07-19 16:14:31,2025-07-19 16:15:00
P3,temperature,2025-07-19 16:18:01,2025-07-19 16:18:30
P3,temperature,2025-07-19 16:21:31,2025-07-19 16:22:00
P3,temperature,2025-07-19 16:25:01,2025-07-19 16:25:30
P3,temperature,2025-07-19 16:29:01,2025-07-19 16:29:30
P3,temperature,2025-07-19 16:32:31,2025-07-19 16:33:00
P3,temperature,2025-07-19 16:36:01,2025-07-19 16:36:30
P3,temperature,2025-07-19 16:39:31,2025-07-19 16:40:00
P3,temperature,2025-07-19 16:43:01,2025-07-19 16:43:30
P3,temperature,2025-07-19 16:46:31,2025-07-19 16:47:00
P3,temperature,2025-07-19 16:50:01,2025-07-19 16:50:30
P3,temperature,2025-07-19 16:53:31,2025-07-19 16:54:00
P3,temperature,2025-07-19 16:57:01,2025-07-19 16:57:30
P3,temperature,2025-07-19 17:00:31,2025-07-19 17:01:00
P3,temperature,2025-07-19 17:04:01,2025-07-19 17:04:30
P3,temperature,2025-07-19 17:07:31,2025-07-19 17:08:00
P3,temperature,2025-07-19 17:11:01,2025-07-19 17:11:30
P3,temperature,2025-07-19 17:14:31,2025-07-19 17:15:00
P3,temperature,2025-07-19 17:18:01,2025-07-19 17:18:30
P3,temperature,2025-07-19 17:21:30,2025-07-19 17:22:00
P3,temperature,2025-07-19 17:25:01,2025-07-19 17:25:30
P3,temperature,2025-07-19 17:28:31,2025-07-19 17:29:00
P3,temperature,2025-07-19 17:32:00,2025-07-19 17:32:30
P3,temperature,2025-07-19 17:35:30,2025-07-19 17:36:00
P3,temperature,2025-07-19 17:39:00,2025-07-19 17:39:30
P3,temperature,2025-07-19 17:42:30,2025-07-19 17:43:00
P3,temperature,2025-07-19 17:46:00,2025-07-19 17:46:30
P3,temperature,2025-07-19 17:49:30,2025-07-19 17:50:00
P3,temperature,2025-07-19 17:53:00,2025-07-19 17:53:30
P3,temperature,2025-07-19 18:03:30,2025-07-19 18:04:00
P3,temperature,2025-07-19 18:21:00,2025-07-19 18:21:30
P3,temperature,2025-07-20 10:30:57,2025-07-20 10:31:27
P3,temperature,2025-07-20 10:37:57,2025-07-20 10:38:27
P3,temperature,2025-07-20 10:41:27,2025-07-20 10:41:57
P3,temperature,2025-07-20 10:44:57,2025-07-20 10:45:27
P3,temperature,2025-07-20 10:48:27,2025-07-20 10:48:57
P3,temperature,2025-07-20 10:52:27,2025-07-20 10:52:57
P3,temperature,2025-07-20 10:55:57,2025-07-20 10:56:27
P3,temperature,2025-07-20 10:59:27,2025-07-20 10:59:57
P3,temperature,2025-07-20 11:02:57,2025-07-20 11:03:27
P3,temperature,2025-07-20 11:06:27,2025-07-20 11:07:00
P3,temperature,2025-07-20 11:07:57,2025-07-20 11:08:27
P3,temperature,2025-07-20 11:11:27,2025-07-20 11:11:57
P3,temperature,2025-07-20 11:14:57,2025-07-20 11:15:27
P3,temperature,2025-07-20 11:18:27,2025-07-20 11:18:57
P3,temperature,2025-07-20 11:21:57,2025-07-20 11:22:27
P3,temperature,2025-07-20 11:25:27,2025-07-20 11:25:57
P3,temperature,2025-07-20 11:28:57,2025-07-20 11:29:27
P3,temperature,2025-07-20 11:32:27,2025-07-20 11:32:57
P3,temperature,2025-07-20 11:35:57,2025-07-20 11:36:27
P3,temperature,2025-07-20 11:39:27,2025-07-20 11:39:57
P3,temperature,2025-07-20 11:42:57,2025-07-20 11:43:27
P3,temperature,2025-07-20 11:46:27,2025-07-20 11:46:57
P3,temperature,2025-07-20 11:49:57,2025-07-20 11:50:27
P3,temperature,2025-07-20 11:53:27,2025-07-20 11:53:57
P3,temperature,2025-07-20 11:56:57,2025-07-20 11:57:27
P3,temperature,2025-07-20 12:00:27,2025-07-20 12:00:57
P3,temperature,2025-07-20 12:01:57,2025-07-20 12:02:27
P3,temperature,2025-07-20 12:03:57,2025-07-20 12:04:27
P3,temperature,2025-07-20 12:07:27,2025-07-20 12:07:57
P3,temperature,2025-07-20 12:10:57,2025-07-20 12:11:27
P3,temperature,2025-07-20 12:12:27,2025-07-20 12:12:57
P3,temperature,2025-07-20 12:14:27,2025-07-20 12:14:57
P3,temperature,2025-07-20 12:15:57,2025-07-20 12:16:27
P3,temperature,2025-07-20 12:17:27,2025-07-20 12:17:57
P3,temperature,2025-07-20 12:19:27,2025-07-20 12:19:57
P3,temperature,2025-07-20 12:20:57,2025-07-20 12:21:27
P3,temperature,2025-07-20 12:22:57,2025-07-20 12:23:27
P3,temperature,2025-07-20 12:26:27,2025-07-20 12:26:56
P3,temperature,2025-07-20 12:27:57,2025-07-20 12:28:27
P3,temperature,2025-07-20 12:29:57,2025-07-20 12:30:27
P3,temperature,2025-07-20 12:31:27,2025-07-20 12:31:57
P3,temperature,2025-07-20 12:33:27,2025-07-20 12:33:57
P3,temperature,2025-07-20 12:36:57,2025-07-20 12:37:27
P3,temperature,2025-07-20 12:40:30,2025-07-20 12:40:57
P3,temperature,2025-07-20 12:41:57,2025-07-20 12:42:26
P3,temperature,2025-07-20 12:43:57,2025-07-20 12:44:27
P3,temperature,2025-07-20 12:45:26,2025-07-20 12:45:56
P3,temperature,2025-07-20 12:47:27,2025-07-20 12:47:57
P3,temperature,2025-07-20 12:50:57,2025-07-20 12:51:26
P3,temperature,2025-07-20 12:52:26,2025-07-20 12:52:56
P3,temperature,2025-07-20 12:54:27,2025-07-20 12:54:56
P3,temperature,2025-07-20 12:55:27,2025-07-20 12:56:26
P3,temperature,2025-07-20 12:56:56,2025-07-20 19:27:01
P3,temperature,2025-07-20 19:27:31,2025-07-20 19:57:16
P3,temperature,2025-07-20 20:00:16,2025-07-20 20:00:45
P3,temperature,2025-07-20 20:03:46,2025-07-20 20:04:20
P3,temperature,2025-07-20 20:05:39,2025-07-20 20:06:18
P3,temperature,2025-07-20 20:07:22,2025-07-20 20:07:48
P3,temperature,2025-07-20 20:08:48,2025-07-20 20:09:48
P3,temperature,2025-07-20 20:10:18,2025-07-20 20:15:58
P3,temperature,2025-07-20 20:17:43,2025-07-21 08:32:30
P3,temperature,2025-07-23 10:46:40,2025-07-23 10:47:09
P3,temperature,2025-07-23 10:49:09,2025-07-23 10:49:39
P3,temperature,2025-07-23 10:50:09,2025-07-23 10:50:39
P3,temperature,2025-07-23 10:53:39,2025-07-23 10:54:09
P3,temperature,2025-07-23 10:54:39,2025-07-23 10:56:39
P3,temperature,2025-07-23 10:57:10,2025-07-23 10:57:39
P3,temperature,2025-07-23 13:58:10,2025-07-23 13:58:40
P3,temperature,2025-07-23 14:01:40,2025-07-23 14:02:10
P3,temperature,2025-07-23 14:05:10,2025-07-23 14:05:40
P3,temperature,2025-07-23 14:08:49,2025-07-23 14:09:13
P3,temperature,2025-07-23 14:10:10,2025-07-23 14:10:43
P3,temperature,2025-07-23 14:11:40,2025-07-23 14:12:10
P3,temperature,2025-07-23 14:15:10,2025-07-23 14:15:40
P3,temperature,2025-07-29 15:28:00,2025-07-29 15:28:30
P3,temperature,2025-07-29 15:31:30,2025-07-29 15:32:03
P3,temperature,2025-07-29 15:33:00,2025-07-29 15:33:30
P3,temperature,2025-07-29 15:36:30,2025-07-29 15:37:00
P3,temperature,2025-07-29 15:39:36,2025-07-29 15:40:00
P3,temperature,2025-07-29 15:45:00,2025-07-29 15:45:30
P3,temperature,2025-07-29 15:48:33,2025-07-29 15:49:00
P3,temperature,2025-07-29 15:52:00,2025-07-29 15:52:32
P3,temperature,2025-07-29 15:53:30,2025-07-29 15:54:02
P3,temperature,2025-07-30 10:10:49,2025-07-30 10:11:19
P3,temperature,2025-07-30 10:14:50,2025-07-30 10:15:19
P3,temperature,2025-07-30 10:19:49,2025-07-30 10:20:19
P3,temperature,2025-08-10 11:40:05,2025-08-10 11:40:35
P3,temperature,2025-08-10 11:45:35,2025-08-10 11:48:35
P3,temperature,2025-08-10 11:49:05,2025-08-10 11:56:35
P3,temperature,2025-08-10 11:57:05,2025-08-10 12:01:05
P3,temperature,2025-08-10 12:01:35,2025-08-10 14:55:34
P3,temperature,2025-08-10 14:56:35,2025-08-10 14:58:04
P3,temperature,2025-08-10 14:58:34,2025-08-10 15:09:04
P3,temperature,2025-08-10 15:09:34,2025-08-10 15:11:34
P3,temperature,2025-08-10 15:14:05,2025-08-10 15:15:34
P3,temperature,2025-08-10 15:24:04,2025-08-10 15:25:04
P3,temperature,2025-08-10 15:25:34,2025-08-10 15:26:04
P3,temperature,2025-08-10 15:28:04,2025-08-10 15:28:34
P3,temperature,2025-08-10 15:34:34,2025-08-10 15:37:04
P3,temperature,2025-08-10 15:38:04,2025-08-10 15:40:04
P3,temperature,2025-08-10 15:42:05,2025-08-10 15:43:34
P3,temperature,2025-08-10 15:47:04,2025-08-10 15:48:04
P3,temperature,2025-08-10 16:45:34,2025-08-10 16:46:04
P3,temperature,2025-08-10 16:57:04,2025-08-10 16:57:34
P3,temperature,2025-08-11 06:55:32,2025-08-11 06:56:01
P3,temperature,2025-08-11 06:59:02,2025-08-11 06:59:31
P3,temperature,2025-08-11 07:01:31,2025-08-11 07:04:01
P3,temperature,2025-08-16 15:07:26,2025-08-16 15:09:26
P3,temperature,2025-08-16 15:11:26,2025-08-16 15:36:56
P3,temperature,2025-08-16 15:39:26,2025-08-16 16:04:26
P3,temperature,2025-08-16 16:04:56,2025-08-16 16:05:26
P3,temperature,2025-08-16 16:05:56,2025-08-16 16:12:26
P3,temperature,2025-08-16 16:13:26,2025-08-16 16:27:56
P3,temperature,2025-08-16 16:28:26,2025-08-16 16:28:56
P3,temperature,2025-08-16 16:31:56,2025-08-16 16:32:56
P3,temperature,2025-08-16 16:33:56,2025-08-16 16:34:26
P3,temperature,2025-08-16 16:49:56,2025-08-16 16:50:56
P3,temperature,2025-08-17 12:58:52,2025-08-17 12:59:22
P3,temperature,2025-08-17 13:00:22,2025-08-17 18:11:51
P3,temperature,2025-08-17 18:12:51,2025-08-17 18:22:21
P3,temperature,2025-08-22 16:12:48,2025-08-22 17:12:17
P3,temperature,2025-08-23 09:47:18,2025-08-23 09:47:47
P3,temperature,2025-08-23 09:53:18,2025-08-24 04:06:44
P3,temperature,2025-08-24 04:07:14,2025-08-24 04:09:14
P3,temperature,2025-08-24 04:09:45,2025-08-24 04:23:14
P3,temperature,2025-08-24 04:23:44,2025-08-24 04:24:14
P3,temperature,2025-08-24 04:28:14,2025-08-24 04:29:14
P3,temperature,2025-08-24 04:30:44,2025-08-24 04:31:14
P3,temperature,2025-08-24 04:32:14,2025-08-24 04:34:44
P3,temperature,2025-08-24 04:35:14,2025-08-24 04:35:44
P3,temperature,2025-08-24 04:36:14,2025-08-24 04:36:44
P3,temperature,2025-08-24 04:37:14,2025-08-24 04:40:14
P3,temperature,2025-08-24 04:40:44,2025-08-24 05:05:14
P3,temperature,2025-08-24 05:06:44,2025-08-24 05:07:14
P3,temperature,2025-08-24 05:07:44,2025-08-24 05:13:44
P3,temperature,2025-08-24 05:14:14,2025-08-24 05:18:44
P3,temperature,2025-08-24 05:19:44,2025-08-24 05:20:14
P3,temperature,2025-08-24 05:23:14,2025-08-24 05:23:44
P3,temperature,2025-08-24 05:26:44,2025-08-24 05:27:14
P3,temperature,2025-08-24 05:30:14,2025-08-24 05:31:14
P3,temperature,2025-08-24 05:35:14,2025-08-24 05:36:14
P3,temperature,2025-08-24 05:39:14,2025-08-24 05:39:44
P3,temperature,2025-08-24 05:40:44,2025-08-24 05:41:14
P3,temperature,2025-08-24 05:44:14,2025-08-24 05:44:44
P3,temperature,2025-08-24 05:45:14,2025-08-24 05:52:14
P3,temperature,2025-08-24 05:54:44,2025-08-24 05:55:14
P3,temperature,2025-08-24 06:05:14,2025-08-24 06:09:14
P3,temperature,2025-08-24 06:13:14,2025-08-24 06:13:44
P3,temperature,2025-08-24 06:15:44,2025-08-24 06:16:14
P3,temperature,2025-08-24 06:16:44,2025-08-24 06:17:44
P3,temperature,2025-08-24 06:18:14,2025-08-24 06:21:44
P3,temperature,2025-08-24 06:22:44,2025-08-24 06:25:14
P3,temperature,2025-08-24 06:29:14,2025-08-24 06:32:44
P3,temperature,2025-08-24 06:33:14,2025-08-24 06:34:14
P3,temperature,2025-08-24 06:36:44,2025-08-24 06:38:44
P3,temperature,2025-08-24 06:39:14,2025-08-24 06:40:14
P3,temperature,2025-08-24 06:41:14,2025-08-24 06:42:44
P3,temperature,2025-08-24 06:43:14,2025-08-25 06:27:40
P3,temperature,2025-08-29 17:41:01,2025-08-29 17:41:01
P3,temperature,2025-08-29 17:41:01,2025-08-29 17:41:01
P3,temperature,2025-08-29 17:41:01,2025-08-29 17:41:01
P3,temperature,2025-08-29 17:41:01,2025-08-29 17:41:01
P3,temperature,2025-08-29 17:41:01,2025-08-29 17:41:01
P3,temperature,2025-08-29 17:41:01,2025-08-29 17:41:01
P3,temperature,2025-08-29 17:41:01,2025-08-29 17:41:01
P3,temperature,2025-08-29 17:41:01,2025-08-29 17:41:01
P3,temperature,2025-08-29 17:41:01,2025-08-29 17:41:01
P3,temperature,2025-08-30 09:33:10,2025-08-30 09:35:40
P3,temperature,2025-08-30 09:36:10,2025-08-30 09:40:10
P3,temperature,2025-08-30 09:40:40,2025-09-01 06:28:32
P3,temperature,2025-09-06 11:32:22,2025-09-06 11:32:52
P3,temperature,2025-09-06 11:34:52,2025-09-07 03:53:54
P3,temperature,2025-09-07 03:53:54,2025-09-07 03:53:54
P3,temperature,2025-09-07 03:53:54,2025-09-07 03:53:54
P3,temperature,2025-09-07 03:53:54,2025-09-07 03:53:54
P3,temperature,2025-09-07 03:53:54,2025-09-07 03:53:54
P3,temperature,2025-09-07 03:53:54,2025-09-07 03:53:54
P3,temperature,2025-09-07 03:53:54,2025-09-07 03:53:54
P3,temperature,2025-09-07 03:53:54,2025-09-07 03:53:54
P3,temperature,2025-09-07 03:53:54,2025-09-07 03:53:54
P3,temperature,2025-09-07 03:53:54,2025-09-07 03:53:54
P3,temperature,2025-09-07 03:53:54,2025-09-07 03:53:54
P3,temperature,2025-09-07 07:43:30,2025-09-08 06:18:55
P3,temperature,2025-09-14 12:41:38,2025-09-14 12:43:37
P3,temperature,2025-09-14 12:45:37,2025-09-14 12:47:37
P3,temperature,2025-09-14 12:48:07,2025-09-14 12:49:37
P3,temperature,2025-09-14 12:53:07,2025-09-14 13:03:07
P3,temperature,2025-09-14 13:03:37,2025-09-14 13:05:37
P3,temperature,2025-09-14 13:06:08,2025-09-14 13:06:37
P3,temperature,2025-09-14 13:07:07,2025-09-14 18:26:36
P3,temperature,2025-09-14 18:27:06,2025-09-14 18:28:36
P3,temperature,2025-09-14 18:29:06,2025-09-14 18:32:06
P3,temperature,2025-09-14 18:32:36,2025-09-14 18:33:06
P3,temperature,2025-09-14 18:34:06,2025-09-14 18:34:36
P3,temperature,2025-09-14 18:35:07,2025-09-14 18:35:36
P3,temperature,2025-09-14 18:37:06,2025-09-14 18:38:06
P3,temperature,2025-09-14 18:38:37,2025-09-14 18:39:36
P1,absolute_humidity,2025-07-20 13:35:13,2025-07-20 13:36:13
P1,absolute_humidity,2025-07-20 13:37:44,2025-07-20 13:38:14
P1,absolute_humidity,2025-07-20 14:00:47,2025-07-20 14:01:47
P1,absolute_humidity,2025-07-20 14:02:47,2025-07-20 14:05:18
P1,absolute_humidity,2025-07-20 14:06:18,2025-07-20 14:06:48
P1,absolute_humidity,2025-07-20 14:12:19,2025-07-20 14:12:49
P1,absolute_humidity,2025-07-20 14:13:49,2025-07-20 14:15:19
P1,absolute_humidity,2025-07-20 14:17:50,2025-07-20 14:18:50
P1,absolute_humidity,2025-07-20 14:28:21,2025-07-20 14:31:22
P1,absolute_humidity,2025-07-20 14:45:24,2025-07-20 14:46:25
P1,absolute_humidity,2025-07-20 14:47:55,2025-07-20 14:48:25
P1,absolute_humidity,2025-07-20 15:01:58,2025-07-20 15:02:28
P1,absolute_humidity,2025-07-20 15:04:28,2025-07-20 15:06:29
P1,absolute_humidity,2025-07-20 15:07:00,2025-07-20 15:07:31
P1,absolute_humidity,2025-07-20 15:09:31,2025-07-20 15:10:01
P1,absolute_humidity,2025-07-20 15:11:01,2025-07-20 15:11:31
P1,absolute_humidity,2025-07-20 15:12:31,2025-07-20 15:13:02
P1,absolute_humidity,2025-07-20 15:15:02,2025-07-20 15:15:32
P1,absolute_humidity,2025-07-20 15:22:03,2025-07-20 15:22:33
P1,absolute_humidity,2025-07-20 15:25:04,2025-07-20 15:29:04
P1,absolute_humidity,2025-07-20 15:30:34,2025-07-20 15:31:34
P1,absolute_humidity,2025-07-20 15:35:05,2025-07-20 15:36:35
P1,absolute_humidity,2025-07-20 15:43:36,2025-07-20 15:44:06
P1,absolute_humidity,2025-07-20 15:46:07,2025-07-20 15:46:37
P1,absolute_humidity,2025-07-20 15:54:38,2025-07-20 15:55:08
P1,absolute_humidity,2025-07-20 15:56:38,2025-07-20 15:58:39
P1,absolute_humidity,2025-07-20 15:59:09,2025-07-20 16:01:09
P1,absolute_humidity,2025-07-20 16:06:12,2025-07-20 16:08:42
P1,absolute_humidity,2025-07-20 16:09:43,2025-07-20 16:10:13
P1,absolute_humidity,2025-07-20 16:13:14,2025-07-20 16:13:44
P1,absolute_humidity,2025-07-20 16:17:15,2025-07-20 16:18:15
P1,absolute_humidity,2025-07-20 16:19:45,2025-07-20 16:20:45
P1,absolute_humidity,2025-07-20 16:22:46,2025-07-20 16:23:16
P1,absolute_humidity,2025-07-20 16:24:46,2025-07-20 16:25:16
P1,absolute_humidity,2025-07-20 16:25:46,2025-07-20 16:26:47
P1,absolute_humidity,2025-07-20 16:27:17,2025-07-20 16:27:48
P1,absolute_humidity,2025-07-20 16:28:18,2025-07-20 16:28:48
P1,absolute_humidity,2025-07-20 16:30:18,2025-07-20 16:31:18
P1,absolute_humidity,2025-07-20 16:31:48,2025-07-20 16:33:49
P1,absolute_humidity,2025-07-20 16:34:19,2025-07-20 16:35:49
P1,absolute_humidity,2025-07-20 16:36:49,2025-07-20 16:40:22
P1,absolute_humidity,2025-07-20 16:45:53,2025-07-20 16:46:23
P1,absolute_humidity,2025-07-20 16:47:23,2025-07-20 16:48:24
P1,absolute_humidity,2025-07-20 16:49:24,2025-07-20 16:50:24
P1,absolute_humidity,2025-07-20 16:50:54,2025-07-20 16:51:24
P1,absolute_humidity,2025-07-20 16:53:24,2025-07-20 16:53:54
P1,absolute_humidity,2025-07-20 16:58:25,2025-07-20 16:58:55
P1,absolute_humidity,2025-07-20 17:02:59,2025-07-20 17:03:29
P1,absolute_humidity,2025-07-20 17:03:59,2025-07-20 17:04:59
P1,absolute_humidity,2025-07-20 17:21:34,2025-07-20 17:22:04
P1,absolute_humidity,2025-07-20 17:40:38,2025-07-20 17:41:08
P1,absolute_humidity,2025-07-20 17:55:41,2025-07-20 17:56:11
P1,absolute_humidity,2025-07-20 17:57:42,2025-07-20 17:58:13
P1,absolute_humidity,2025-07-27 08:37:47,2025-07-27 08:38:18
P1,absolute_humidity,2025-07-27 08:47:19,2025-07-27 08:47:49
P1,absolute_humidity,2025-07-27 08:55:50,2025-07-27 08:56:20
P1,absolute_humidity,2025-07-27 09:09:52,2025-07-27 09:10:22
P1,absolute_humidity,2025-07-27 09:35:56,2025-07-27 09:37:56
P1,absolute_humidity,2025-07-27 09:38:56,2025-07-27 09:39:26
P1,absolute_humidity,2025-07-27 09:55:59,2025-07-27 09:56:29
P1,absolute_humidity,2025-07-27 09:56:59,2025-07-27 09:58:29
P1,absolute_humidity,2025-07-27 10:00:59,2025-07-27 10:01:29
P1,absolute_humidity,2025-07-27 10:13:01,2025-07-27 10:14:01
P1,absolute_humidity,2025-07-27 10:18:32,2025-07-27 10:20:32
P1,absolute_humidity,2025-07-27 10:47:06,2025-07-27 10:48:06
P1,absolute_humidity,2025-07-27 10:58:07,2025-07-27 10:58:37
P1,absolute_humidity,2025-07-27 10:59:07,2025-07-27 11:00:08
P1,absolute_humidity,2025-07-27 11:02:38,2025-07-27 11:03:08
P1,absolute_humidity,2025-07-27 11:03:38,2025-07-27 11:04:38
P1,absolute_humidity,2025-07-27 11:07:39,2025-07-27 11:08:39
P1,absolute_humidity,2025-07-27 11:11:09,2025-07-27 11:11:39
P1,absolute_humidity,2025-07-27 11:33:42,2025-07-27 11:34:12
P1,absolute_humidity,2025-07-27 11:38:43,2025-07-27 11:39:13
P1,absolute_humidity,2025-07-27 11:40:43,2025-07-27 11:41:13
P1,absolute_humidity,2025-07-27 11:42:14,2025-07-27 11:42:44
P1,absolute_humidity,2025-07-27 11:43:14,2025-07-27 11:44:14
P1,absolute_humidity,2025-07-27 11:49:45,2025-07-27 11:51:15
P1,absolute_humidity,2025-07-27 11:51:45,2025-07-27 11:54:45
P1,absolute_humidity,2025-07-27 11:55:15,2025-07-27 11:57:16
P1,absolute_humidity,2025-07-27 11:57:46,2025-07-27 11:58:16
P1,absolute_humidity,2025-07-27 11:58:46,2025-07-27 11:59:46
P1,absolute_humidity,2025-07-27 12:01:16,2025-07-27 12:07:47
P1,absolute_humidity,2025-07-27 12:08:17,2025-07-27 12:08:47
P1,absolute_humidity,2025-07-27 12:09:17,2025-07-27 12:09:47
P1,absolute_humidity,2025-07-27 12:12:48,2025-07-27 12:13:18
P1,absolute_humidity,2025-07-27 12:16:18,2025-07-27 12:16:48
P1,absolute_humidity,2025-07-27 12:26:20,2025-07-27 12:26:50
P1,absolute_humidity,2025-07-27 12:27:20,2025-07-27 12:27:50
P1,absolute_humidity,2025-07-27 12:28:20,2025-07-27 12:28:50
P1,absolute_humidity,2025-07-27 12:29:50,2025-07-27 12:33:51
P1,absolute_humidity,2025-07-27 12:35:21,2025-07-27 12:35:51
P1,absolute_humidity,2025-07-27 12:36:21,2025-07-27 12:36:51
P1,absolute_humidity,2025-07-27 12:37:21,2025-07-27 12:37:51
P1,absolute_humidity,2025-07-27 12:38:22,2025-07-27 12:41:52
P1,absolute_humidity,2025-07-27 12:42:22,2025-07-27 12:42:52
P1,absolute_humidity,2025-07-27 12:44:22,2025-07-27 12:44:52
P1,absolute_humidity,2025-07-27 12:45:23,2025-07-27 12:45:53
P1,absolute_humidity,2025-07-27 12:46:53,2025-07-27 12:48:23
P1,absolute_humidity,2025-07-27 12:48:53,2025-07-27 12:49:53
P1,absolute_humidity,2025-07-27 12:52:54,2025-07-27 12:55:24
P1,absolute_humidity,2025-07-27 12:56:24,2025-07-27 12:57:24
P1,absolute_humidity,2025-07-27 12:58:24,2025-07-27 13:00:25
P1,absolute_humidity,2025-07-27 13:00:55,2025-07-27 13:04:25
P1,absolute_humidity,2025-07-27 13:04:55,2025-07-27 13:10:56
P1,absolute_humidity,2025-07-27 13:11:26,2025-07-27 13:12:56
P1,absolute_humidity,2025-07-27 13:13:26,2025-07-27 13:13:57
P1,absolute_humidity,2025-07-27 13:17:27,2025-07-27 13:19:57
P1,absolute_humidity,2025-07-27 13:23:58,2025-07-27 13:24:28
P1,absolute_humidity,2025-07-27 13:27:59,2025-07-27 13:28:29
P1,absolute_humidity,2025-07-27 13:29:29,2025-07-27 13:31:59
P1,absolute_humidity,2025-07-27 13:35:00,2025-07-27 13:37:00
P1,absolute_humidity,2025-07-27 13:37:30,2025-07-27 13:44:01
P1,absolute_humidity,2025-07-27 13:45:31,2025-07-27 13:46:01
P1,absolute_humidity,2025-07-27 13:46:31,2025-07-27 13:48:31
P1,absolute_humidity,2025-07-27 13:49:01,2025-07-27 13:52:02
P1,absolute_humidity,2025-07-27 13:55:02,2025-07-27 14:05:04
P1,absolute_humidity,2025-07-27 14:05:34,2025-07-27 14:15:35
P1,absolute_humidity,2025-07-27 14:16:05,2025-07-27 14:17:06
P1,absolute_humidity,2025-07-27 14:17:36,2025-07-27 14:21:06
P1,absolute_humidity,2025-07-27 14:24:37,2025-07-27 14:32:08
P1,absolute_humidity,2025-07-27 14:32:38,2025-07-27 14:34:38
P1,absolute_humidity,2025-07-27 14:36:08,2025-07-27 14:36:38
P1,absolute_humidity,2025-07-27 14:38:08,2025-07-27 14:42:39
P1,absolute_humidity,2025-07-27 14:43:09,2025-07-27 14:43:39
P1,absolute_humidity,2025-07-27 14:44:39,2025-07-27 14:50:10
P1,absolute_humidity,2025-07-27 14:51:10,2025-07-27 14:51:40
P1,absolute_humidity,2025-07-27 14:52:41,2025-07-27 14:55:11
P1,absolute_humidity,2025-07-27 14:56:11,2025-07-27 14:57:11
P1,absolute_humidity,2025-07-27 14:58:11,2025-07-27 14:59:42
P1,absolute_humidity,2025-07-27 15:00:12,2025-07-27 15:00:42
P1,absolute_humidity,2025-07-27 15:02:12,2025-07-27 15:03:12
P1,absolute_humidity,2025-07-27 15:05:12,2025-07-27 15:05:42
P1,absolute_humidity,2025-07-27 15:06:12,2025-07-27 15:07:13
P1,absolute_humidity,2025-07-27 15:07:43,2025-07-27 15:08:43
P1,absolute_humidity,2025-07-27 15:10:43,2025-07-27 15:11:43
P1,absolute_humidity,2025-07-27 15:12:43,2025-07-27 15:13:13
P1,absolute_humidity,2025-07-27 15:18:14,2025-07-27 15:18:44
P1,absolute_humidity,2025-07-27 15:19:44,2025-07-27 15:20:14
P1,absolute_humidity,2025-07-27 15:20:45,2025-07-27 15:21:45
P1,absolute_humidity,2025-07-27 15:23:45,2025-07-27 15:25:15
P1,absolute_humidity,2025-07-27 15:26:15,2025-07-27 15:26:45
P1,absolute_humidity,2025-07-27 15:27:45,2025-07-27 15:30:16
P1,absolute_humidity,2025-07-27 15:30:46,2025-07-27 15:31:16
P1,absolute_humidity,2025-07-27 15:31:46,2025-07-27 15:32:16
P1,absolute_humidity,2025-07-27 15:36:47,2025-07-27 15:37:17
P1,absolute_humidity,2025-07-27 15:42:48,2025-07-27 15:43:18
P1,absolute_humidity,2025-07-28 06:55:27,2025-07-28 06:56:57
P1,absolute_humidity,2025-07-30 07:30:19,2025-07-30 07:32:19
P1,absolute_humidity,2025-08-04 06:55:31,2025-08-04 06:56:31
P1,absolute_humidity,2025-08-04 06:57:31,2025-08-04 06:59:02
P1,absolute_humidity,2025-08-04 06:59:32,2025-08-04 07:00:02
P1,absolute_humidity,2025-08-04 07:02:32,2025-08-04 07:05:02
P1,absolute_humidity,2025-08-04 07:11:03,2025-08-04 07:13:34
P1,absolute_humidity,2025-08-04 07:14:04,2025-08-04 07:14:34
P1,absolute_humidity,2025-08-04 07:22:05,2025-08-04 07:22:35
P1,absolute_humidity,2025-08-04 07:25:35,2025-08-04 07:32:36
P1,absolute_humidity,2025-08-04 07:33:36,2025-08-04 07:48:08
P1,absolute_humidity,2025-08-04 07:48:39,2025-08-04 07:51:39
P1,absolute_humidity,2025-08-09 05:25:16,2025-08-09 05:26:16
P1,absolute_humidity,2025-08-09 05:28:16,2025-08-09 05:29:16
P1,absolute_humidity,2025-08-09 05:29:46,2025-08-09 05:30:46
P1,absolute_humidity,2025-08-09 05:31:47,2025-08-09 05:33:17
P1,absolute_humidity,2025-08-09 05:34:47,2025-08-09 05:35:47
P1,absolute_humidity,2025-08-09 05:37:17,2025-08-09 05:38:17
P1,absolute_humidity,2025-08-09 05:39:18,2025-08-09 05:40:18
P1,absolute_humidity,2025-08-09 05:41:18,2025-08-09 05:44:18
P1,absolute_humidity,2025-08-09 05:45:18,2025-08-09 05:47:49
P1,absolute_humidity,2025-08-09 05:49:19,2025-08-09 05:54:50
P1,absolute_humidity,2025-08-09 05:55:50,2025-08-09 05:56:20
P1,absolute_humidity,2025-08-09 05:57:50,2025-08-09 05:58:50
P1,absolute_humidity,2025-08-09 05:59:21,2025-08-09 05:59:51
P1,absolute_humidity,2025-08-09 06:00:21,2025-08-09 06:00:51
P1,absolute_humidity,2025-08-09 06:02:21,2025-08-09 06:02:51
P1,absolute_humidity,2025-08-09 06:03:51,2025-08-09 06:04:21
P1,absolute_humidity,2025-08-09 06:05:21,2025-08-09 06:05:51
P1,absolute_humidity,2025-08-09 06:06:22,2025-08-09 06:06:52
P1,absolute_humidity,2025-08-09 06:07:22,2025-08-09 06:08:22
P1,absolute_humidity,2025-08-09 06:08:52,2025-08-09 06:10:52
P1,absolute_humidity,2025-08-09 06:11:22,2025-08-09 06:12:22
P1,absolute_humidity,2025-08-09 06:13:53,2025-08-09 06:14:23
P1,absolute_humidity,2025-08-09 06:14:53,2025-08-09 06:15:53
P1,absolute_humidity,2025-08-09 06:16:23,2025-08-09 06:17:23
P1,absolute_humidity,2025-08-09 06:18:23,2025-08-09 06:19:23
P1,absolute_humidity,2025-08-09 06:19:54,2025-08-09 06:20:54
P1,absolute_humidity,2025-08-09 06:22:24,2025-08-09 06:23:24
P1,absolute_humidity,2025-08-09 06:23:54,2025-08-09 06:24:24
P1,absolute_humidity,2025-08-09 06:24:54,2025-08-09 06:26:55
P1,absolute_humidity,2025-08-09 06:27:25,2025-08-09 06:28:25
P1,absolute_humidity,2025-08-09 06:36:56,2025-08-09 06:37:26
P1,absolute_humidity,2025-08-09 06:42:57,2025-08-09 06:43:27
P1,absolute_humidity,2025-08-09 06:43:57,2025-08-09 06:44:57
P1,absolute_humidity,2025-08-09 06:48:28,2025-08-09 06:48:58
P1,absolute_humidity,2025-08-09 06:56:29,2025-08-09 06:57:29
P1,absolute_humidity,2025-08-09 07:01:29,2025-08-09 07:01:59
P1,absolute_humidity,2025-08-09 07:15:31,2025-08-09 07:16:01
P1,absolute_humidity,2025-08-09 07:20:32,2025-08-09 07:21:02
P1,absolute_humidity,2025-08-09 07:27:03,2025-08-09 07:28:03
P1,absolute_humidity,2025-08-09 07:29:03,2025-08-09 07:29:33
P1,absolute_humidity,2025-08-09 07:33:04,2025-08-09 07:33:34
P1,absolute_humidity,2025-08-09 07:34:34,2025-08-09 07:35:34
P1,absolute_humidity,2025-08-09 07:36:04,2025-08-09 07:39:35
P1,absolute_humidity,2025-08-09 07:40:05,2025-08-09 07:50:06
P1,absolute_humidity,2025-08-09 07:50:36,2025-08-09 08:52:45
P1,absolute_humidity,2025-08-09 08:53:45,2025-08-09 08:55:16
P1,absolute_humidity,2025-08-09 08:56:16,2025-08-09 08:57:16
P1,absolute_humidity,2025-08-10 22:46:07,2025-08-10 22:47:07
P1,absolute_humidity,2025-08-10 23:03:39,2025-08-10 23:04:39
P1,absolute_humidity,2025-08-10 23:05:39,2025-08-10 23:06:09
P1,absolute_humidity,2025-08-10 23:10:10,2025-08-10 23:11:40
P1,absolute_humidity,2025-08-10 23:13:10,2025-08-10 23:13:41
P1,absolute_humidity,2025-08-10 23:14:41,2025-08-10 23:15:11
P1,absolute_humidity,2025-08-10 23:18:41,2025-08-10 23:19:41
P1,absolute_humidity,2025-08-10 23:22:12,2025-08-10 23:23:12
P1,absolute_humidity,2025-08-10 23:23:42,2025-08-10 23:25:42
P1,absolute_humidity,2025-08-10 23:26:42,2025-08-10 23:28:43
P1,absolute_humidity,2025-08-10 23:30:13,2025-08-10 23:30:43
P1,absolute_humidity,2025-08-10 23:32:13,2025-08-10 23:32:43
P1,absolute_humidity,2025-08-10 23:36:44,2025-08-10 23:38:14
P1,absolute_humidity,2025-08-10 23:41:14,2025-08-10 23:42:45
P1,absolute_humidity,2025-08-10 23:45:15,2025-08-10 23:45:45
P1,absolute_humidity,2025-08-10 23:46:15,2025-08-10 23:48:15
P1,absolute_humidity,2025-08-10 23:52:16,2025-08-10 23:52:46
P1,absolute_humidity,2025-08-10 23:53:46,2025-08-11 00:00:17
P1,absolute_humidity,2025-08-11 00:00:47,2025-08-11 00:02:17
P1,absolute_humidity,2025-08-11 00:02:47,2025-08-11 00:03:18
P1,absolute_humidity,2025-08-11 00:04:18,2025-08-11 00:05:48
P1,absolute_humidity,2025-08-11 00:07:18,2025-08-11 00:10:19
P1,absolute_humidity,2025-08-11 00:11:19,2025-08-11 00:11:49
P1,absolute_humidity,2025-08-11 00:15:49,2025-08-11 00:16:19
P1,absolute_humidity,2025-08-11 00:17:20,2025-08-11 00:17:50
P1,absolute_humidity,2025-08-11 00:18:20,2025-08-11 00:18:50
P1,absolute_humidity,2025-08-11 00:21:50,2025-08-11 00:22:20
P1,absolute_humidity,2025-08-11 01:00:26,2025-08-11 01:00:56
P1,absolute_humidity,2025-08-11 01:14:58,2025-08-11 01:15:28
P1,absolute_humidity,2025-08-11 01:32:00,2025-08-11 01:32:30
P1,absolute_humidity,2025-08-11 01:48:02,2025-08-11 01:48:32
P1,absolute_humidity,2025-08-11 01:49:02,2025-08-11 01:49:33
P1,absolute_humidity,2025-08-11 01:53:03,2025-08-11 01:54:03
P1,absolute_humidity,2025-08-11 01:56:34,2025-08-11 01:57:04
P1,absolute_humidity,2025-08-11 01:57:34,2025-08-11 01:58:04
P1,absolute_humidity,2025-08-11 02:01:04,2025-08-11 02:01:34
P1,absolute_humidity,2025-08-11 02:02:34,2025-08-11 02:03:04
P1,absolute_humidity,2025-08-11 03:07:13,2025-08-11 03:08:14
P1,absolute_humidity,2025-08-11 03:09:44,2025-08-11 03:10:14
P1,absolute_humidity,2025-08-11 03:11:14,2025-08-11 03:11:44
P1,absolute_humidity,2025-08-11 03:12:14,2025-08-11 03:13:14
P1,absolute_humidity,2025-08-11 03:13:44,2025-08-11 03:14:14
P1,absolute_humidity,2025-08-11 03:15:15,2025-08-11 03:16:15
P1,absolute_humidity,2025-08-11 03:16:45,2025-08-11 03:19:15
P1,absolute_humidity,2025-08-11 03:19:45,2025-08-11 03:24:16
P1,absolute_humidity,2025-08-11 03:24:46,2025-08-11 03:28:16
P1,absolute_humidity,2025-08-11 03:29:17,2025-08-11 03:36:48
P1,absolute_humidity,2025-08-11 03:37:18,2025-08-11 03:40:48
P1,absolute_humidity,2025-08-11 03:41:18,2025-08-11 04:04:52
P1,absolute_humidity,2025-08-11 04:05:22,2025-08-11 04:23:24
P1,absolute_humidity,2025-08-11 04:23:54,2025-08-11 04:37:56
P1,absolute_humidity,2025-08-11 04:38:26,2025-08-11 04:39:57
P1,absolute_humidity,2025-08-11 04:41:27,2025-08-11 04:42:57
P1,absolute_humidity,2025-08-11 04:43:27,2025-08-11 05:18:32
P1,absolute_humidity,2025-08-11 05:19:02,2025-08-11 06:22:41
P1,absolute_humidity,2025-08-11 06:23:11,2025-08-11 06:24:41
P1,absolute_humidity,2025-08-11 06:25:11,2025-08-11 07:03:17
P1,absolute_humidity,2025-08-16 18:24:20,2025-08-16 18:24:50
P1,absolute_humidity,2025-08-16 18:34:52,2025-08-16 18:35:22
P1,absolute_humidity,2025-08-16 18:37:52,2025-08-16 18:38:22
P1,absolute_humidity,2025-08-16 18:38:52,2025-08-16 18:39:22
P1,absolute_humidity,2025-08-16 18:40:22,2025-08-16 18:42:23
P1,absolute_humidity,2025-08-16 18:47:53,2025-08-16 18:48:24
P1,absolute_humidity,2025-08-16 18:48:54,2025-08-16 18:49:24
P1,absolute_humidity,2025-08-16 18:51:24,2025-08-16 18:51:54
P1,absolute_humidity,2025-08-16 18:52:54,2025-08-16 18:53:24
P1,absolute_humidity,2025-08-16 18:54:54,2025-08-16 18:55:25
P1,absolute_humidity,2025-08-16 18:56:25,2025-08-16 18:57:55
P1,absolute_humidity,2025-08-16 18:59:25,2025-08-16 19:00:55
P1,absolute_humidity,2025-08-16 19:01:25,2025-08-16 19:01:55
P1,absolute_humidity,2025-08-16 19:04:26,2025-08-16 19:05:56
P1,absolute_humidity,2025-08-16 19:06:26,2025-08-16 19:06:56
P1,absolute_humidity,2025-08-16 19:11:57,2025-08-16 19:12:27
P1,absolute_humidity,2025-08-16 19:13:27,2025-08-16 19:13:57
P1,absolute_humidity,2025-08-16 19:19:28,2025-08-16 19:19:58
P1,absolute_humidity,2025-08-16 19:21:58,2025-08-16 19:22:28
P1,absolute_humidity,2025-08-16 19:27:29,2025-08-16 19:27:59
P1,absolute_humidity,2025-08-16 19:28:29,2025-08-16 19:28:59
P1,absolute_humidity,2025-08-16 19:30:29,2025-08-16 19:31:30
P1,absolute_humidity,2025-08-16 19:32:00,2025-08-16 19:32:30
P1,absolute_humidity,2025-08-16 19:44:31,2025-08-16 19:45:02
P1,absolute_humidity,2025-08-16 19:46:32,2025-08-16 19:47:02
P1,absolute_humidity,2025-08-16 19:48:02,2025-08-16 19:49:32
P1,absolute_humidity,2025-08-16 19:59:03,2025-08-16 19:59:34
P1,absolute_humidity,2025-08-16 20:05:34,2025-08-16 20:06:04
P1,absolute_humidity,2025-08-16 20:09:05,2025-08-16 20:09:35
P1,absolute_humidity,2025-08-16 20:14:06,2025-08-16 20:14:36
P1,absolute_humidity,2025-08-16 20:17:06,2025-08-16 20:17:36
P1,absolute_humidity,2025-08-16 20:18:06,2025-08-16 20:19:06
P1,absolute_humidity,2025-08-16 20:19:36,2025-08-16 20:20:06
P1,absolute_humidity,2025-08-16 20:20:37,2025-08-16 20:21:07
P1,absolute_humidity,2025-08-16 20:21:37,2025-08-16 20:23:07
P1,absolute_humidity,2025-08-16 20:23:37,2025-08-16 20:24:07
P1,absolute_humidity,2025-08-16 20:25:07,2025-08-16 20:25:37
P1,absolute_humidity,2025-08-16 20:27:07,2025-08-16 20:33:38
P1,absolute_humidity,2025-08-16 20:34:08,2025-08-16 20:36:09
P1,absolute_humidity,2025-08-16 20:37:09,2025-08-16 20:37:39
P1,absolute_humidity,2025-08-16 20:38:39,2025-08-16 20:39:09
P1,absolute_humidity,2025-08-16 20:39:39,2025-08-16 20:40:39
P1,absolute_humidity,2025-08-16 20:43:10,2025-08-16 20:43:40
P1,absolute_humidity,2025-08-16 20:45:40,2025-08-16 20:48:10
P1,absolute_humidity,2025-08-16 20:48:41,2025-08-16 20:49:41
P1,absolute_humidity,2025-08-16 20:53:11,2025-08-16 20:53:41
P1,absolute_humidity,2025-08-16 20:55:42,2025-08-16 20:56:12
P1,absolute_humidity,2025-08-16 20:58:12,2025-08-16 20:58:42
P1,absolute_humidity,2025-08-16 21:00:12,2025-08-16 21:00:42
P1,absolute_humidity,2025-08-16 21:03:13,2025-08-16 21:05:13
P1,absolute_humidity,2025-08-16 21:05:43,2025-08-16 21:06:13
P1,absolute_humidity,2025-08-16 21:10:14,2025-08-16 21:10:44
P1,absolute_humidity,2025-08-16 21:11:14,2025-08-16 21:11:44
P1,absolute_humidity,2025-08-16 21:12:14,2025-08-16 21:15:44
P1,absolute_humidity,2025-08-16 21:17:15,2025-08-16 21:18:45
P1,absolute_humidity,2025-08-16 21:20:15,2025-08-16 21:21:45
P1,absolute_humidity,2025-08-16 21:24:16,2025-08-16 21:25:16
P1,absolute_humidity,2025-08-16 21:27:16,2025-08-16 21:28:16
P1,absolute_humidity,2025-08-16 21:28:46,2025-08-16 21:29:16
P1,absolute_humidity,2025-08-16 21:29:46,2025-08-16 21:33:17
P1,absolute_humidity,2025-08-16 21:34:47,2025-08-16 21:35:47
P1,absolute_humidity,2025-08-16 21:36:17,2025-08-16 21:37:47
P1,absolute_humidity,2025-08-16 21:39:48,2025-08-16 21:43:48
P1,absolute_humidity,2025-08-16 21:44:48,2025-08-16 21:45:49
P1,absolute_humidity,2025-08-16 21:46:19,2025-08-16 21:46:49
P1,absolute_humidity,2025-08-16 21:47:49,2025-08-16 21:49:19
P1,absolute_humidity,2025-08-16 21:49:49,2025-08-16 21:50:49
P1,absolute_humidity,2025-08-16 21:51:19,2025-08-16 21:52:20
P1,absolute_humidity,2025-08-16 21:53:50,2025-08-16 21:54:50
P1,absolute_humidity,2025-08-16 21:55:20,2025-08-16 21:56:20
P1,absolute_humidity,2025-08-16 21:56:50,2025-08-16 21:57:20
P1,absolute_humidity,2025-08-16 21:58:20,2025-08-16 21:58:50
P1,absolute_humidity,2025-08-16 21:59:20,2025-08-16 22:00:51
P1,absolute_humidity,2025-08-16 22:01:21,2025-08-16 22:02:51
P1,absolute_humidity,2025-08-16 22:03:21,2025-08-16 22:03:51
P1,absolute_humidity,2025-08-16 22:04:21,2025-08-16 22:05:21
P1,absolute_humidity,2025-08-16 22:06:21,2025-08-16 22:11:52
P1,absolute_humidity,2025-08-16 22:13:53,2025-08-16 22:14:53
P1,absolute_humidity,2025-08-16 22:16:53,2025-08-16 22:17:23
P1,absolute_humidity,2025-08-16 22:20:23,2025-08-16 22:20:54
P1,absolute_humidity,2025-08-16 22:21:24,2025-08-16 22:23:24
P1,absolute_humidity,2025-08-16 22:26:54,2025-08-16 22:28:25
P1,absolute_humidity,2025-08-16 22:28:55,2025-08-16 22:30:55
P1,absolute_humidity,2025-08-16 22:32:25,2025-08-16 22:33:25
P1,absolute_humidity,2025-08-16 22:33:55,2025-08-16 22:34:25
P1,absolute_humidity,2025-08-16 22:34:56,2025-08-16 22:37:26
P1,absolute_humidity,2025-08-16 22:39:26,2025-08-16 22:44:27
P1,absolute_humidity,2025-08-16 22:44:57,2025-08-16 22:45:27
P1,absolute_humidity,2025-08-16 22:45:57,2025-08-16 22:46:27
P1,absolute_humidity,2025-08-16 22:46:57,2025-08-16 22:48:58
P1,absolute_humidity,2025-08-16 22:49:28,2025-08-16 22:49:58
P1,absolute_humidity,2025-08-16 22:50:28,2025-08-16 22:52:58
P1,absolute_humidity,2025-08-16 22:53:28,2025-08-16 22:53:58
P1,absolute_humidity,2025-08-16 22:54:58,2025-08-16 22:55:28
P1,absolute_humidity,2025-08-16 22:55:59,2025-08-16 22:59:59
P1,absolute_humidity,2025-08-16 23:01:59,2025-08-16 23:02:29
P1,absolute_humidity,2025-08-16 23:03:00,2025-08-16 23:03:30
P1,absolute_humidity,2025-08-16 23:04:30,2025-08-16 23:05:00
P1,absolute_humidity,2025-08-16 23:07:00,2025-08-16 23:07:30
P1,absolute_humidity,2025-08-16 23:10:00,2025-08-16 23:11:31
P1,absolute_humidity,2025-08-16 23:12:01,2025-08-16 23:13:01
P1,absolute_humidity,2025-08-16 23:14:01,2025-08-16 23:15:01
P1,absolute_humidity,2025-08-16 23:15:31,2025-08-16 23:16:01
P1,absolute_humidity,2025-08-16 23:16:31,2025-08-16 23:17:01
P1,absolute_humidity,2025-08-16 23:18:02,2025-08-16 23:18:32
P1,absolute_humidity,2025-08-16 23:19:32,2025-08-16 23:20:32
P1,absolute_humidity,2025-08-16 23:21:32,2025-08-16 23:22:02
P1,absolute_humidity,2025-08-16 23:26:03,2025-08-16 23:26:33
P1,absolute_humidity,2025-08-16 23:28:03,2025-08-16 23:28:33
P1,absolute_humidity,2025-08-16 23:29:03,2025-08-16 23:30:03
P1,absolute_humidity,2025-08-16 23:31:03,2025-08-16 23:31:34
P1,absolute_humidity,2025-08-16 23:32:04,2025-08-16 23:34:34
P1,absolute_humidity,2025-08-16 23:35:34,2025-08-16 23:36:04
P1,absolute_humidity,2025-08-16 23:37:04,2025-08-16 23:38:35
P1,absolute_humidity,2025-08-16 23:41:35,2025-08-16 23:42:05
P1,absolute_humidity,2025-08-16 23:42:35,2025-08-16 23:43:05
P1,absolute_humidity,2025-08-16 23:43:35,2025-08-16 23:44:05
P1,absolute_humidity,2025-08-16 23:48:06,2025-08-16 23:49:36
P1,absolute_humidity,2025-08-16 23:50:36,2025-08-16 23:51:36
P1,absolute_humidity,2025-08-16 23:55:07,2025-08-16 23:56:07
P1,absolute_humidity,2025-08-16 23:56:37,2025-08-16 23:57:07
P1,absolute_humidity,2025-08-16 23:58:37,2025-08-16 23:59:37
P1,absolute_humidity,2025-08-17 00:00:38,2025-08-17 00:01:08
P1,absolute_humidity,2025-08-17 00:01:38,2025-08-17 00:02:08
P1,absolute_humidity,2025-08-17 00:03:38,2025-08-17 00:07:09
P1,absolute_humidity,2025-08-17 00:08:09,2025-08-17 00:08:39
P1,absolute_humidity,2025-08-17 00:10:09,2025-08-17 00:11:09
P1,absolute_humidity,2025-08-17 00:13:09,2025-08-17 00:16:40
P1,absolute_humidity,2025-08-17 00:17:10,2025-08-17 00:17:40
P1,absolute_humidity,2025-08-17 00:19:10,2025-08-17 00:19:40
P1,absolute_humidity,2025-08-17 00:20:40,2025-08-17 00:21:41
P1,absolute_humidity,2025-08-17 00:23:41,2025-08-17 00:24:11
P1,absolute_humidity,2025-08-17 00:25:41,2025-08-17 00:27:11
P1,absolute_humidity,2025-08-17 00:28:12,2025-08-17 00:31:12
P1,absolute_humidity,2025-08-17 00:31:42,2025-08-17 00:32:12
P1,absolute_humidity,2025-08-17 00:33:12,2025-08-17 00:36:13
P1,absolute_humidity,2025-08-17 00:38:13,2025-08-17 00:39:13
P1,absolute_humidity,2025-08-17 00:41:13,2025-08-17 00:47:44
P1,absolute_humidity,2025-08-17 00:48:14,2025-08-17 00:50:15
P1,absolute_humidity,2025-08-17 00:51:15,2025-08-17 00:52:15
P1,absolute_humidity,2025-08-17 00:52:45,2025-08-17 00:53:45
P1,absolute_humidity,2025-08-17 00:54:15,2025-08-17 00:56:46
P1,absolute_humidity,2025-08-17 00:57:16,2025-08-17 00:58:46
P1,absolute_humidity,2025-08-17 01:01:16,2025-08-17 01:02:16
P1,absolute_humidity,2025-08-17 01:03:16,2025-08-17 01:04:17
P1,absolute_humidity,2025-08-17 01:05:47,2025-08-17 01:06:47
P1,absolute_humidity,2025-08-17 01:07:17,2025-08-17 01:07:47
P1,absolute_humidity,2025-08-17 01:09:47,2025-08-17 01:10:17
P1,absolute_humidity,2025-08-17 01:10:48,2025-08-17 01:11:48
P1,absolute_humidity,2025-08-17 01:12:18,2025-08-17 01:17:49
P1,absolute_humidity,2025-08-17 01:19:19,2025-08-17 01:20:19
P1,absolute_humidity,2025-08-17 01:21:19,2025-08-17 01:22:19
P1,absolute_humidity,2025-08-17 01:22:49,2025-08-17 01:25:50
P1,absolute_humidity,2025-08-17 01:26:20,2025-08-17 01:26:50
P1,absolute_humidity,2025-08-17 01:27:50,2025-08-17 01:29:20
P1,absolute_humidity,2025-08-17 01:30:20,2025-08-17 01:32:21
P1,absolute_humidity,2025-08-17 01:35:21,2025-08-17 01:37:21
P1,absolute_humidity,2025-08-17 01:37:51,2025-08-17 01:38:21
P1,absolute_humidity,2025-08-17 01:38:51,2025-08-17 01:39:22
P1,absolute_humidity,2025-08-17 01:39:52,2025-08-17 01:41:22
P1,absolute_humidity,2025-08-17 01:41:52,2025-08-17 01:42:22
P1,absolute_humidity,2025-08-17 01:43:52,2025-08-17 01:44:22
P1,absolute_humidity,2025-08-17 01:44:52,2025-08-17 01:46:23
P1,absolute_humidity,2025-08-17 01:50:23,2025-08-17 01:51:23
P1,absolute_humidity,2025-08-17 01:51:53,2025-08-17 01:52:53
P1,absolute_humidity,2025-08-17 01:53:54,2025-08-17 01:55:24
P1,absolute_humidity,2025-08-17 01:56:54,2025-08-17 01:57:24
P1,absolute_humidity,2025-08-17 01:57:54,2025-08-17 01:58:24
P1,absolute_humidity,2025-08-17 01:58:54,2025-08-17 01:59:24
P1,absolute_humidity,2025-08-17 01:59:54,2025-08-17 02:00:55
P1,absolute_humidity,2025-08-17 02:05:55,2025-08-17 02:06:55
P1,absolute_humidity,2025-08-17 02:09:26,2025-08-17 02:09:56
P1,absolute_humidity,2025-08-17 02:13:26,2025-08-17 02:14:27
P1,absolute_humidity,2025-08-17 02:14:57,2025-08-17 02:17:27
P1,absolute_humidity,2025-08-17 02:21:58,2025-08-17 02:22:58
P1,absolute_humidity,2025-08-17 03:03:33,2025-08-17 03:04:04
P1,absolute_humidity,2025-08-17 23:32:57,2025-08-17 23:33:57
P1,absolute_humidity,2025-08-17 23:34:57,2025-08-17 23:35:28
P1,absolute_humidity,2025-08-17 23:40:28,2025-08-17 23:40:58
P1,absolute_humidity,2025-08-17 23:50:30,2025-08-17 23:52:30
P1,absolute_humidity,2025-08-17 23:53:00,2025-08-17 23:53:30
P1,absolute_humidity,2025-08-17 23:59:31,2025-08-18 00:00:01
P1,absolute_humidity,2025-08-18 00:08:32,2025-08-18 00:09:02
P1,absolute_humidity,2025-08-18 00:10:02,2025-08-18 00:11:03
P1,absolute_humidity,2025-08-18 00:15:33,2025-08-18 00:16:03
P1,absolute_humidity,2025-08-18 00:16:33,2025-08-18 00:17:03
P1,absolute_humidity,2025-08-18 00:18:34,2025-08-18 00:20:34
P1,absolute_humidity,2025-08-30 04:20:12,2025-08-30 04:20:42
P1,absolute_humidity,2025-08-30 04:37:14,2025-08-30 04:37:44
P1,absolute_humidity,2025-08-30 04:43:45,2025-08-30 04:44:15
P1,absolute_humidity,2025-08-30 04:46:15,2025-08-30 04:47:15
P1,absolute_humidity,2025-08-30 04:53:46,2025-08-30 04:54:16
P1,absolute_humidity,2025-08-30 04:56:17,2025-08-30 04:57:17
P1,absolute_humidity,2025-08-30 04:58:17,2025-08-30 05:00:17
P1,absolute_humidity,2025-08-30 05:00:47,2025-08-30 05:01:47
P1,absolute_humidity,2025-08-30 05:03:18,2025-08-30 05:06:18
P1,absolute_humidity,2025-08-30 05:07:48,2025-09-01 06:22:16
P1,absolute_humidity,2025-09-02 04:05:25,2025-09-02 04:05:55
P1,absolute_humidity,2025-09-02 04:07:25,2025-09-02 04:07:55
P1,absolute_humidity,2025-09-02 04:12:56,2025-09-02 04:13:56
P1,absolute_humidity,2025-09-02 04:18:26,2025-09-02 04:22:27
P1,absolute_humidity,2025-09-02 04:23:27,2025-09-02 04:23:57
P1,absolute_humidity,2025-09-02 04:25:57,2025-09-02 04:26:58
P1,absolute_humidity,2025-09-02 04:27:58,2025-09-02 04:28:28
P1,absolute_humidity,2025-09-02 04:28:58,2025-09-02 04:29:58
P1,absolute_humidity,2025-09-02 04:31:28,2025-09-02 04:32:58
P1,absolute_humidity,2025-09-02 04:34:29,2025-09-02 04:38:29
P1,absolute_humidity,2025-09-02 04:39:59,2025-09-02 04:41:00
P1,absolute_humidity,2025-09-02 04:41:30,2025-09-02 07:44:56
P1,absolute_humidity,2025-09-03 07:34:17,2025-09-03 07:36:15
P1,absolute_humidity,2025-09-03 07:43:06,2025-09-03 07:49:20
P1,absolute_humidity,2025-09-04 05:49:10,2025-09-04 06:07:49
P1,absolute_humidity,2025-09-04 06:15:42,2025-09-04 06:22:31
P1,absolute_humidity,2025-09-04 06:30:44,2025-09-04 06:33:20
P1,absolute_humidity,2025-09-04 06:48:41,2025-09-04 06:52:25
P1,absolute_humidity,2025-09-04 06:59:06,2025-09-04 07:07:23
P1,absolute_humidity,2025-09-04 07:16:48,2025-09-04 07:27:08
P1,absolute_humidity,2025-09-04 07:29:13,2025-09-04 07:40:39
P1,absolute_humidity,2025-09-06 10:23:35,2025-09-06 10:24:35
P1,absolute_humidity,2025-09-06 10:29:36,2025-09-06 10:30:06
P1,absolute_humidity,2025-09-06 10:31:36,2025-09-06 10:32:06
P1,absolute_humidity,2025-09-06 10:40:08,2025-09-06 10:40:38
P1,absolute_humidity,2025-09-06 10:43:38,2025-09-06 10:44:38
P1,absolute_humidity,2025-09-06 10:45:38,2025-09-06 10:46:08
P1,absolute_humidity,2025-09-06 10:49:09,2025-09-06 10:49:39
P1,absolute_humidity,2025-09-06 10:51:09,2025-09-06 11:05:41
P1,absolute_humidity,2025-09-06 11:06:41,2025-09-06 11:07:41
P1,absolute_humidity,2025-09-06 11:09:42,2025-09-06 11:16:43
P1,absolute_humidity,2025-09-06 11:18:43,2025-09-06 20:15:50
P1,absolute_humidity,2025-09-06 20:17:45,2025-09-06 20:19:32
P1,absolute_humidity,2025-09-06 20:21:56,2025-09-06 20:40:26
P1,absolute_humidity,2025-09-07 04:27:29,2025-09-07 04:27:59
P1,absolute_humidity,2025-09-07 04:30:59,2025-09-07 04:31:29
P1,absolute_humidity,2025-09-07 04:36:00,2025-09-07 04:36:30
P1,absolute_humidity,2025-09-07 04:43:31,2025-09-07 04:44:01
P1,absolute_humidity,2025-09-07 04:49:02,2025-09-07 04:50:02
P1,absolute_humidity,2025-09-07 04:54:03,2025-09-07 04:55:03
P1,absolute_humidity,2025-09-07 04:57:03,2025-09-07 04:58:03
P1,absolute_humidity,2025-09-07 05:01:04,2025-09-07 05:02:04
P1,absolute_humidity,2025-09-07 05:02:34,2025-09-07 05:03:34
P1,absolute_humidity,2025-09-07 05:17:36,2025-09-07 05:18:36
P1,absolute_humidity,2025-09-07 05:19:36,2025-09-07 05:20:06
P1,absolute_humidity,2025-09-07 05:32:08,2025-09-07 05:34:08
P1,absolute_humidity,2025-09-07 05:34:38,2025-09-07 05:35:08
P1,absolute_humidity,2025-09-07 05:36:39,2025-09-07 05:37:09
P1,absolute_humidity,2025-09-07 05:39:09,2025-09-07 05:46:10
P1,absolute_humidity,2025-09-07 05:46:40,2025-09-07 05:48:40
P1,absolute_humidity,2025-09-07 05:49:10,2025-09-07 05:52:11
P1,absolute_humidity,2025-09-07 05:53:11,2025-09-07 05:56:41
P1,absolute_humidity,2025-09-07 05:57:11,2025-09-07 05:57:42
P1,absolute_humidity,2025-09-07 05:58:12,2025-09-07 06:00:12
P1,absolute_humidity,2025-09-07 06:01:42,2025-09-07 06:06:43
P1,absolute_humidity,2025-09-07 06:07:13,2025-09-07 06:09:43
P1,absolute_humidity,2025-09-07 06:10:43,2025-09-07 06:13:14
P1,absolute_humidity,2025-09-07 06:14:14,2025-09-07 06:15:44
P1,absolute_humidity,2025-09-07 06:16:14,2025-09-07 06:17:14
P1,absolute_humidity,2025-09-07 06:18:14,2025-09-07 06:20:15
P1,absolute_humidity,2025-09-07 06:21:15,2025-09-08 06:23:39
P1,absolute_humidity,2025-09-13 08:26:27,2025-09-13 08:27:27
P1,absolute_humidity,2025-09-13 08:33:28,2025-09-13 08:33:58
P1,absolute_humidity,2025-09-13 09:02:02,2025-09-13 09:02:32
P1,absolute_humidity,2025-09-13 09:11:33,2025-09-13 09:13:03
P1,absolute_humidity,2025-09-13 09:14:33,2025-09-13 09:15:04
P1,absolute_humidity,2025-09-13 09:15:34,2025-09-13 09:16:34
P1,absolute_humidity,2025-09-13 09:19:34,2025-09-13 09:20:04
P1,absolute_humidity,2025-09-13 09:22:35,2025-09-13 09:23:05
P1,absolute_humidity,2025-09-13 09:25:05,2025-09-13 09:27:35
P1,absolute_humidity,2025-09-13 09:30:36,2025-09-13 09:31:06
P1,absolute_humidity,2025-09-13 09:35:06,2025-09-13 09:35:36
P1,absolute_humidity,2025-09-13 09:36:37,2025-09-13 09:37:07
P1,absolute_humidity,2025-09-13 09:38:37,2025-09-13 09:54:09
P1,absolute_humidity,2025-09-13 09:54:39,2025-09-13 09:56:39
P1,absolute_humidity,2025-09-13 09:57:09,2025-09-15 07:24:35
P1,absolute_humidity,2025-09-16 02:10:14,2025-09-16 02:11:14
P1,absolute_humidity,2025-09-16 02:12:14,2025-09-16 02:13:14
P1,absolute_humidity,2025-09-16 02:13:44,2025-09-16 08:02:33
P1,absolute_humidity,2025-09-17 03:30:48,2025-09-17 03:31:18
P1,absolute_humidity,2025-09-17 03:31:48,2025-09-17 03:33:49
P1,absolute_humidity,2025-09-17 03:34:19,2025-09-17 03:34:49
P1,absolute_humidity,2025-09-17 03:35:19,2025-09-17 08:06:27
P1,absolute_humidity,2025-09-17 08:06:57,2025-09-17 08:07:27
P1,absolute_humidity,2025-09-18 07:15:13,2025-09-18 07:15:43
P1,absolute_humidity,2025-09-18 07:18:14,2025-09-18 07:19:14
P2,absolute_humidity,2025-07-20 11:30:14,2025-07-20 11:30:44
P2,absolute_humidity,2025-07-20 11:33:44,2025-07-20 11:34:14
P2,absolute_humidity,2025-07-20 11:37:14,2025-07-20 11:37:44
P2,absolute_humidity,2025-07-20 11:40:44,2025-07-20 11:41:14
P2,absolute_humidity,2025-07-20 11:44:14,2025-07-20 11:44:44
P2,absolute_humidity,2025-07-20 11:47:44,2025-07-20 11:48:14
P2,absolute_humidity,2025-07-20 11:51:14,2025-07-20 11:51:44
P2,absolute_humidity,2025-07-20 11:54:44,2025-07-20 11:55:14
P2,absolute_humidity,2025-07-20 11:58:14,2025-07-20 11:58:44
P2,absolute_humidity,2025-07-20 12:00:14,2025-07-20 12:00:44
P2,absolute_humidity,2025-07-20 12:01:44,2025-07-20 12:02:14
P2,absolute_humidity,2025-07-20 12:05:14,2025-07-20 12:06:14
P2,absolute_humidity,2025-07-20 12:07:14,2025-07-20 12:07:44
P2,absolute_humidity,2025-07-20 12:08:44,2025-07-20 12:09:14
P2,absolute_humidity,2025-07-20 12:10:44,2025-07-20 12:11:14
P2,absolute_humidity,2025-07-20 12:12:14,2025-07-20 12:13:14
P2,absolute_humidity,2025-07-20 12:14:13,2025-07-20 12:14:44
P2,absolute_humidity,2025-07-20 12:15:44,2025-07-20 12:16:44
P2,absolute_humidity,2025-07-20 12:17:44,2025-07-20 12:18:14
P2,absolute_humidity,2025-07-20 12:19:14,2025-07-20 12:20:14
P2,absolute_humidity,2025-07-20 12:21:14,2025-07-20 12:21:44
P2,absolute_humidity,2025-07-20 12:22:44,2025-07-20 12:23:44
P2,absolute_humidity,2025-07-20 12:24:44,2025-07-20 12:25:13
P2,absolute_humidity,2025-07-20 12:26:14,2025-07-20 12:27:14
P2,absolute_humidity,2025-07-20 12:28:14,2025-07-20 12:28:44
P2,absolute_humidity,2025-07-20 12:29:44,2025-07-20 12:30:43
P2,absolute_humidity,2025-07-20 12:31:43,2025-07-20 12:32:14
P2,absolute_humidity,2025-07-20 12:33:14,2025-07-20 12:34:13
P2,absolute_humidity,2025-07-20 12:35:13,2025-07-20 12:35:43
P2,absolute_humidity,2025-07-20 12:36:44,2025-07-20 12:37:43
P2,absolute_humidity,2025-07-20 12:38:44,2025-07-20 12:39:14
P2,absolute_humidity,2025-07-20 12:40:14,2025-07-20 12:41:13
P2,absolute_humidity,2025-07-20 12:42:13,2025-07-20 12:43:13
P2,absolute_humidity,2025-07-20 12:43:44,2025-07-20 12:44:43
P2,absolute_humidity,2025-07-20 12:45:43,2025-07-20 12:46:43
P2,absolute_humidity,2025-07-20 12:47:14,2025-07-20 12:48:13
P2,absolute_humidity,2025-07-20 12:49:13,2025-07-20 12:50:13
P2,absolute_humidity,2025-07-20 12:50:44,2025-07-20 12:51:43
P2,absolute_humidity,2025-07-20 12:52:43,2025-07-20 12:53:43
P2,absolute_humidity,2025-07-20 12:54:14,2025-07-20 12:55:13
P2,absolute_humidity,2025-07-20 12:56:13,2025-07-20 12:56:43
P2,absolute_humidity,2025-07-20 12:57:44,2025-07-20 12:58:43
P2,absolute_humidity,2025-07-20 12:59:43,2025-07-20 13:00:13
P2,absolute_humidity,2025-07-20 13:01:14,2025-07-20 13:02:13
P2,absolute_humidity,2025-07-20 13:03:13,2025-07-20 13:03:43
P2,absolute_humidity,2025-07-20 13:04:44,2025-07-20 13:05:43
P2,absolute_humidity,2025-07-20 13:06:43,2025-07-20 13:07:13
P2,absolute_humidity,2025-07-20 13:08:14,2025-07-20 13:09:13
P2,absolute_humidity,2025-07-20 13:10:13,2025-07-20 13:11:13
P2,absolute_humidity,2025-07-20 13:11:44,2025-07-20 13:12:43
P2,absolute_humidity,2025-07-20 13:13:43,2025-07-20 13:14:43
P2,absolute_humidity,2025-07-20 13:15:14,2025-07-20 13:16:13
P2,absolute_humidity,2025-07-20 13:17:13,2025-07-20 13:18:13
P2,absolute_humidity,2025-07-20 13:18:44,2025-07-20 13:20:13
P2,absolute_humidity,2025-07-20 13:20:43,2025-07-20 13:21:43
P2,absolute_humidity,2025-07-20 13:22:14,2025-07-20 13:23:43
P2,absolute_humidity,2025-07-20 13:24:13,2025-07-20 13:25:13
P2,absolute_humidity,2025-07-20 13:25:44,2025-07-20 13:27:13
P2,absolute_humidity,2025-07-20 13:27:43,2025-07-20 13:28:43
P2,absolute_humidity,2025-07-20 13:29:14,2025-07-20 13:30:43
P2,absolute_humidity,2025-07-20 13:31:13,2025-07-20 13:32:13
P2,absolute_humidity,2025-07-20 13:32:44,2025-07-20 13:34:13
P2,absolute_humidity,2025-07-20 13:34:43,2025-07-20 13:35:43
P2,absolute_humidity,2025-07-20 13:36:14,2025-07-20 13:41:13
P2,absolute_humidity,2025-07-20 13:41:43,2025-07-20 13:44:43
P2,absolute_humidity,2025-07-20 13:45:13,2025-07-20 13:48:13
P2,absolute_humidity,2025-07-20 13:48:43,2025-07-20 17:10:43
P2,absolute_humidity,2025-07-20 17:11:13,2025-07-20 17:14:13
P2,absolute_humidity,2025-07-20 17:14:43,2025-07-20 17:16:13
P2,absolute_humidity,2025-07-20 17:16:43,2025-07-20 17:17:43
P2,absolute_humidity,2025-07-20 17:18:13,2025-07-20 17:19:13
P2,absolute_humidity,2025-07-20 17:20:13,2025-07-20 17:21:13
P2,absolute_humidity,2025-07-20 17:21:43,2025-07-20 17:22:43
P2,absolute_humidity,2025-07-20 17:23:43,2025-07-20 17:24:43
P2,absolute_humidity,2025-07-20 17:25:13,2025-07-20 17:26:13
P2,absolute_humidity,2025-07-20 17:27:13,2025-07-20 17:28:13
P2,absolute_humidity,2025-07-20 17:28:43,2025-07-20 17:29:43
P2,absolute_humidity,2025-07-20 17:30:43,2025-07-20 17:31:43
P2,absolute_humidity,2025-07-20 17:32:13,2025-07-20 17:33:13
P2,absolute_humidity,2025-07-20 17:34:13,2025-07-20 17:35:13
P2,absolute_humidity,2025-07-20 17:35:43,2025-07-20 17:36:43
P2,absolute_humidity,2025-07-20 17:37:43,2025-07-20 17:38:43
P2,absolute_humidity,2025-07-20 17:39:13,2025-07-20 17:40:13
P2,absolute_humidity,2025-07-20 17:41:13,2025-07-20 17:41:43
P2,absolute_humidity,2025-07-20 17:42:43,2025-07-20 17:43:42
P2,absolute_humidity,2025-07-20 17:44:43,2025-07-20 17:45:12
P2,absolute_humidity,2025-07-20 17:46:16,2025-07-20 17:47:13
P2,absolute_humidity,2025-07-20 17:48:13,2025-07-20 17:49:13
P2,absolute_humidity,2025-07-20 17:49:43,2025-07-20 17:50:43
P2,absolute_humidity,2025-07-20 17:51:43,2025-07-20 17:52:13
P2,absolute_humidity,2025-07-20 17:53:13,2025-07-20 17:54:12
P2,absolute_humidity,2025-07-20 17:55:12,2025-07-20 17:55:43
P2,absolute_humidity,2025-07-20 17:56:43,2025-07-20 17:57:43
P2,absolute_humidity,2025-07-20 17:58:42,2025-07-20 17:59:13
P2,absolute_humidity,2025-07-20 18:00:13,2025-07-20 18:01:12
P2,absolute_humidity,2025-07-20 18:02:13,2025-07-20 18:02:43
P2,absolute_humidity,2025-07-20 18:03:43,2025-07-20 18:04:42
P2,absolute_humidity,2025-07-20 18:05:42,2025-07-20 18:06:12
P2,absolute_humidity,2025-07-20 18:07:13,2025-07-20 18:07:42
P2,absolute_humidity,2025-07-20 18:09:13,2025-07-20 18:09:42
P2,absolute_humidity,2025-07-20 18:12:13,2025-07-20 18:12:42
P2,absolute_humidity,2025-07-20 18:14:12,2025-07-20 18:14:43
P2,absolute_humidity,2025-07-20 18:15:43,2025-07-20 18:16:12
P2,absolute_humidity,2025-07-20 18:17:51,2025-07-20 18:18:44
P2,absolute_humidity,2025-07-20 18:21:45,2025-07-20 18:22:14
P2,absolute_humidity,2025-07-20 18:25:15,2025-07-20 18:25:44
P2,absolute_humidity,2025-07-20 18:28:45,2025-07-20 18:29:14
P2,absolute_humidity,2025-07-20 18:32:15,2025-07-20 18:32:44
P2,absolute_humidity,2025-07-20 18:35:45,2025-07-20 18:36:14
P2,absolute_humidity,2025-07-20 18:39:15,2025-07-20 18:39:44
P2,absolute_humidity,2025-07-20 18:42:45,2025-07-20 18:43:14
P2,absolute_humidity,2025-07-20 18:46:15,2025-07-20 18:46:44
P2,absolute_humidity,2025-07-20 18:49:45,2025-07-20 18:50:14
P2,absolute_humidity,2025-07-20 18:53:15,2025-07-20 18:53:44
P2,absolute_humidity,2025-07-20 18:56:45,2025-07-20 18:57:14
P2,absolute_humidity,2025-07-20 19:01:45,2025-07-20 19:02:14
P2,absolute_humidity,2025-07-20 19:05:18,2025-07-20 19:05:44
P2,absolute_humidity,2025-07-20 19:08:45,2025-07-20 19:09:14
P2,absolute_humidity,2025-07-20 19:13:45,2025-07-20 19:14:14
P2,absolute_humidity,2025-07-20 19:19:17,2025-07-20 19:19:44
P2,absolute_humidity,2025-07-20 19:24:15,2025-07-20 19:24:44
P2,absolute_humidity,2025-07-20 19:27:45,2025-07-20 19:28:14
P2,absolute_humidity,2025-07-20 19:29:53,2025-07-20 19:30:38
P2,absolute_humidity,2025-07-20 19:32:29,2025-07-20 19:56:57
P2,absolute_humidity,2025-07-20 19:59:27,2025-07-20 19:59:56
P2,absolute_humidity,2025-07-20 20:05:39,2025-07-20 20:05:39
P2,absolute_humidity,2025-07-20 20:23:58,2025-07-20 23:17:37
P2,absolute_humidity,2025-07-20 23:32:04,2025-07-20 23:37:02
P2,absolute_humidity,2025-07-20 23:39:48,2025-07-20 23:43:42
P2,absolute_humidity,2025-07-20 23:47:28,2025-07-21 00:10:21
P2,absolute_humidity,2025-07-21 01:00:33,2025-07-21 01:04:07
P2,absolute_humidity,2025-07-26 10:26:50,2025-07-26 10:27:20
P2,absolute_humidity,2025-07-26 10:30:20,2025-07-26 10:30:50
P2,absolute_humidity,2025-07-26 10:40:50,2025-07-26 10:41:19
P2,absolute_humidity,2025-07-26 10:44:20,2025-07-26 10:44:50
P2,absolute_humidity,2025-07-26 10:47:50,2025-07-26 10:48:20
P2,absolute_humidity,2025-07-26 10:51:20,2025-07-26 10:51:49
P2,absolute_humidity,2025-07-26 10:54:50,2025-07-26 10:55:19
P2,absolute_humidity,2025-07-26 10:58:20,2025-07-26 10:58:49
P2,absolute_humidity,2025-07-26 11:01:50,2025-07-26 11:02:19
P2,absolute_humidity,2025-07-26 11:05:20,2025-07-26 11:05:49
P2,absolute_humidity,2025-07-26 11:08:50,2025-07-26 11:09:19
P2,absolute_humidity,2025-07-26 11:12:20,2025-07-26 11:12:49
P2,absolute_humidity,2025-07-26 11:15:50,2025-07-26 11:16:19
P2,absolute_humidity,2025-07-26 11:19:20,2025-07-26 11:19:49
P2,absolute_humidity,2025-07-26 11:22:50,2025-07-26 11:23:19
P2,absolute_humidity,2025-07-26 11:26:20,2025-07-26 11:26:49
P2,absolute_humidity,2025-07-26 11:29:50,2025-07-26 11:30:19
P2,absolute_humidity,2025-07-26 11:33:20,2025-07-26 11:33:49
P2,absolute_humidity,2025-07-26 11:36:51,2025-07-26 11:37:19
P2,absolute_humidity,2025-07-26 11:40:20,2025-07-26 11:40:51
P2,absolute_humidity,2025-07-26 11:43:50,2025-07-26 11:44:19
P2,absolute_humidity,2025-07-26 11:47:20,2025-07-26 11:47:49
P2,absolute_humidity,2025-07-26 11:50:50,2025-07-26 11:51:19
P2,absolute_humidity,2025-07-26 11:54:20,2025-07-26 11:54:49
P2,absolute_humidity,2025-07-26 11:57:50,2025-07-26 11:58:19
P2,absolute_humidity,2025-07-26 12:01:20,2025-07-26 12:01:49
P2,absolute_humidity,2025-07-26 12:04:50,2025-07-26 12:05:19
P2,absolute_humidity,2025-07-26 12:08:20,2025-07-26 12:08:49
P2,absolute_humidity,2025-07-26 12:11:50,2025-07-26 12:12:19
P2,absolute_humidity,2025-07-26 12:15:20,2025-07-26 12:15:49
P2,absolute_humidity,2025-07-26 12:18:50,2025-07-26 12:19:19
P2,absolute_humidity,2025-07-26 12:22:20,2025-07-26 12:22:49
P2,absolute_humidity,2025-07-26 12:25:50,2025-07-26 12:26:19
P2,absolute_humidity,2025-07-26 12:29:20,2025-07-26 12:29:49
P2,absolute_humidity,2025-07-26 12:32:50,2025-07-26 12:33:19
P2,absolute_humidity,2025-07-26 12:36:20,2025-07-26 12:36:49
P2,absolute_humidity,2025-07-26 12:39:50,2025-07-26 12:40:19
P2,absolute_humidity,2025-07-26 12:41:49,2025-07-26 12:42:19
P2,absolute_humidity,2025-07-26 12:43:20,2025-07-26 12:43:49
P2,absolute_humidity,2025-07-26 12:46:50,2025-07-26 12:47:19
P2,absolute_humidity,2025-07-26 12:50:20,2025-07-26 12:50:49
P2,absolute_humidity,2025-07-26 12:53:50,2025-07-26 12:54:19
P2,absolute_humidity,2025-07-26 12:57:20,2025-07-26 12:57:49
P2,absolute_humidity,2025-07-26 12:59:19,2025-07-26 12:59:49
P2,absolute_humidity,2025-07-26 13:00:49,2025-07-26 13:01:19
P2,absolute_humidity,2025-07-26 13:04:20,2025-07-26 13:04:49
P2,absolute_humidity,2025-07-26 13:06:19,2025-07-26 13:06:49
P2,absolute_humidity,2025-07-26 13:07:49,2025-07-26 13:08:19
P2,absolute_humidity,2025-07-26 13:09:49,2025-07-26 13:10:19
P2,absolute_humidity,2025-07-26 13:11:20,2025-07-26 13:12:19
P2,absolute_humidity,2025-07-26 13:13:19,2025-07-26 13:13:49
P2,absolute_humidity,2025-07-26 13:14:49,2025-07-26 13:15:49
P2,absolute_humidity,2025-07-26 13:16:49,2025-07-26 13:17:19
P2,absolute_humidity,2025-07-26 13:18:19,2025-07-26 13:19:19
P2,absolute_humidity,2025-07-26 13:20:19,2025-07-26 13:20:49
P2,absolute_humidity,2025-07-26 13:21:49,2025-07-26 13:22:49
P2,absolute_humidity,2025-07-26 13:23:49,2025-07-26 13:24:19
P2,absolute_humidity,2025-07-26 13:25:19,2025-07-26 13:25:49
P2,absolute_humidity,2025-07-26 13:27:19,2025-07-26 13:27:49
P2,absolute_humidity,2025-07-26 13:28:50,2025-07-26 13:29:49
P2,absolute_humidity,2025-07-26 13:30:49,2025-07-26 13:31:19
P2,absolute_humidity,2025-07-26 13:32:19,2025-07-26 13:33:19
P2,absolute_humidity,2025-07-26 13:34:19,2025-07-26 13:34:49
P2,absolute_humidity,2025-07-26 13:35:49,2025-07-26 13:36:19
P2,absolute_humidity,2025-07-26 13:37:49,2025-07-26 13:38:19
P2,absolute_humidity,2025-07-26 13:39:19,2025-07-26 13:39:49
P2,absolute_humidity,2025-07-26 13:41:19,2025-07-26 13:41:49
P2,absolute_humidity,2025-07-26 13:42:49,2025-07-26 13:43:19
P2,absolute_humidity,2025-07-26 13:46:19,2025-07-26 13:46:49
P2,absolute_humidity,2025-07-26 13:48:19,2025-07-26 13:48:49
P2,absolute_humidity,2025-07-26 13:49:49,2025-07-26 13:50:19
P2,absolute_humidity,2025-07-26 13:51:49,2025-07-26 13:52:19
P2,absolute_humidity,2025-07-26 13:53:19,2025-07-26 13:53:49
P2,absolute_humidity,2025-07-26 13:55:19,2025-07-26 13:55:49
P2,absolute_humidity,2025-07-26 13:56:49,2025-07-26 13:57:49
P2,absolute_humidity,2025-07-26 13:58:49,2025-07-26 13:59:19
P2,absolute_humidity,2025-07-26 14:00:19,2025-07-26 14:01:19
P2,absolute_humidity,2025-07-26 14:02:19,2025-07-26 14:02:49
P2,absolute_humidity,2025-07-26 14:03:49,2025-07-26 14:04:49
P2,absolute_humidity,2025-07-26 14:05:49,2025-07-26 14:06:19
P2,absolute_humidity,2025-07-26 14:07:19,2025-07-26 14:08:19
P2,absolute_humidity,2025-07-26 14:09:19,2025-07-26 14:09:49
P2,absolute_humidity,2025-07-26 14:10:49,2025-07-26 14:11:49
P2,absolute_humidity,2025-07-26 14:12:49,2025-07-26 14:13:19
P2,absolute_humidity,2025-07-26 14:14:19,2025-07-26 14:15:19
P2,absolute_humidity,2025-07-26 14:16:19,2025-07-26 14:16:49
P2,absolute_humidity,2025-07-26 14:17:49,2025-07-26 14:18:49
P2,absolute_humidity,2025-07-26 14:19:49,2025-07-26 14:20:19
P2,absolute_humidity,2025-07-26 14:21:19,2025-07-26 14:22:19
P2,absolute_humidity,2025-07-26 14:23:19,2025-07-26 14:23:49
P2,absolute_humidity,2025-07-26 14:24:49,2025-07-26 14:25:49
P2,absolute_humidity,2025-07-26 14:26:49,2025-07-26 14:27:49
P2,absolute_humidity,2025-07-26 14:28:19,2025-07-26 14:29:19
P2,absolute_humidity,2025-07-26 14:30:19,2025-07-26 14:30:49
P2,absolute_humidity,2025-07-26 14:31:49,2025-07-26 14:32:49
P2,absolute_humidity,2025-07-26 14:33:49,2025-07-26 14:34:19
P2,absolute_humidity,2025-07-26 14:35:19,2025-07-26 14:36:19
P2,absolute_humidity,2025-07-26 14:37:19,2025-07-26 14:37:49
P2,absolute_humidity,2025-07-26 14:38:49,2025-07-26 14:39:49
P2,absolute_humidity,2025-07-26 14:40:49,2025-07-26 14:41:49
P2,absolute_humidity,2025-07-26 14:42:19,2025-07-26 14:43:19
P2,absolute_humidity,2025-07-26 14:44:19,2025-07-26 14:45:19
P2,absolute_humidity,2025-07-26 14:45:49,2025-07-26 14:46:49
P2,absolute_humidity,2025-07-26 14:47:49,2025-07-26 14:48:49
P2,absolute_humidity,2025-07-26 14:49:19,2025-07-26 14:50:19
P2,absolute_humidity,2025-07-26 14:51:19,2025-07-26 14:52:19
P2,absolute_humidity,2025-07-26 14:52:49,2025-07-26 14:53:49
P2,absolute_humidity,2025-07-26 14:54:49,2025-07-26 14:55:49
P2,absolute_humidity,2025-07-26 14:56:19,2025-07-26 14:57:49
P2,absolute_humidity,2025-07-26 14:58:19,2025-07-26 14:59:19
P2,absolute_humidity,2025-07-26 14:59:49,2025-07-26 15:00:49
P2,absolute_humidity,2025-07-26 15:01:49,2025-07-26 15:02:49
P2,absolute_humidity,2025-07-26 15:03:19,2025-07-26 15:04:19
P2,absolute_humidity,2025-07-26 15:05:19,2025-07-26 15:06:19
P2,absolute_humidity,2025-07-26 15:06:49,2025-07-26 15:08:19
P2,absolute_humidity,2025-07-26 15:08:49,2025-07-26 15:09:49
P2,absolute_humidity,2025-07-26 15:10:19,2025-07-26 15:11:49
P2,absolute_humidity,2025-07-26 15:12:19,2025-07-26 15:13:19
P2,absolute_humidity,2025-07-26 15:13:49,2025-07-26 15:15:19
P2,absolute_humidity,2025-07-26 15:15:49,2025-07-26 15:16:49
P2,absolute_humidity,2025-07-26 15:17:19,2025-07-26 15:18:49
P2,absolute_humidity,2025-07-26 15:19:19,2025-07-26 15:20:19
P2,absolute_humidity,2025-07-26 15:20:49,2025-07-26 15:22:19
P2,absolute_humidity,2025-07-26 15:22:49,2025-07-26 15:23:49
P2,absolute_humidity,2025-07-26 15:24:19,2025-07-26 15:25:49
P2,absolute_humidity,2025-07-26 15:26:19,2025-07-26 15:27:20
P2,absolute_humidity,2025-07-26 15:27:49,2025-07-26 15:29:19
P2,absolute_humidity,2025-07-26 15:29:49,2025-07-26 15:30:50
P2,absolute_humidity,2025-07-26 15:31:19,2025-07-26 15:32:49
P2,absolute_humidity,2025-07-26 15:33:19,2025-07-26 15:34:20
P2,absolute_humidity,2025-07-26 15:34:49,2025-07-26 15:36:19
P2,absolute_humidity,2025-07-26 15:36:49,2025-07-26 15:37:49
P2,absolute_humidity,2025-07-26 15:38:19,2025-07-26 15:39:19
P2,absolute_humidity,2025-07-26 15:39:49,2025-07-26 15:40:49
P2,absolute_humidity,2025-07-26 15:41:19,2025-07-26 15:42:49
P2,absolute_humidity,2025-07-26 15:43:20,2025-07-26 15:44:19
P2,absolute_humidity,2025-07-26 15:44:49,2025-07-26 15:45:49
P2,absolute_humidity,2025-07-26 15:46:19,2025-07-26 15:47:49
P2,absolute_humidity,2025-07-26 15:48:19,2025-07-26 15:49:19
P2,absolute_humidity,2025-07-26 15:49:49,2025-07-26 15:51:19
P2,absolute_humidity,2025-07-26 15:51:49,2025-07-26 15:52:49
P2,absolute_humidity,2025-07-26 15:53:19,2025-07-26 15:54:48
P2,absolute_humidity,2025-07-26 15:55:19,2025-07-26 15:56:19
P2,absolute_humidity,2025-07-26 15:56:49,2025-07-26 15:58:18
P2,absolute_humidity,2025-07-26 15:58:49,2025-07-26 15:59:49
P2,absolute_humidity,2025-07-26 16:00:19,2025-07-26 16:01:49
P2,absolute_humidity,2025-07-26 16:02:19,2025-07-26 16:03:19
P2,absolute_humidity,2025-07-26 16:03:49,2025-07-26 16:05:18
P2,absolute_humidity,2025-07-26 16:05:49,2025-07-26 16:06:49
P2,absolute_humidity,2025-07-26 16:07:19,2025-07-26 16:08:48
P2,absolute_humidity,2025-07-26 16:09:19,2025-07-26 16:10:18
P2,absolute_humidity,2025-07-26 16:10:49,2025-07-26 16:12:18
P2,absolute_humidity,2025-07-26 16:12:49,2025-07-26 16:13:49
P2,absolute_humidity,2025-07-26 16:14:19,2025-07-26 16:15:19
P2,absolute_humidity,2025-07-26 16:15:49,2025-07-26 16:17:18
P2,absolute_humidity,2025-07-26 16:17:48,2025-07-26 16:18:48
P2,absolute_humidity,2025-07-26 16:19:19,2025-07-26 16:20:48
P2,absolute_humidity,2025-07-26 16:21:19,2025-07-26 16:22:18
P2,absolute_humidity,2025-07-26 16:22:49,2025-07-26 16:24:18
P2,absolute_humidity,2025-07-26 16:24:48,2025-07-26 16:25:48
P2,absolute_humidity,2025-07-26 16:26:20,2025-07-26 16:27:48
P2,absolute_humidity,2025-07-26 16:28:20,2025-07-26 16:28:48
P2,absolute_humidity,2025-07-26 16:29:18,2025-07-26 16:30:48
P2,absolute_humidity,2025-07-26 16:31:18,2025-07-26 16:32:18
P2,absolute_humidity,2025-07-26 16:32:50,2025-07-26 16:34:18
P2,absolute_humidity,2025-07-26 16:34:48,2025-07-26 16:35:48
P2,absolute_humidity,2025-07-26 16:36:19,2025-07-26 16:37:48
P2,absolute_humidity,2025-07-26 16:38:18,2025-07-26 16:39:18
P2,absolute_humidity,2025-07-26 16:39:49,2025-07-26 16:41:18
P2,absolute_humidity,2025-07-26 16:41:48,2025-07-26 16:42:48
P2,absolute_humidity,2025-07-26 16:43:19,2025-07-26 16:44:48
P2,absolute_humidity,2025-07-26 16:45:18,2025-07-26 16:46:18
P2,absolute_humidity,2025-07-26 16:46:49,2025-07-26 16:48:19
P2,absolute_humidity,2025-07-26 16:48:48,2025-07-26 16:49:48
P2,absolute_humidity,2025-07-26 16:50:19,2025-07-26 16:51:48
P2,absolute_humidity,2025-07-26 16:52:18,2025-07-26 16:53:18
P2,absolute_humidity,2025-07-26 16:53:49,2025-07-26 16:55:18
P2,absolute_humidity,2025-07-26 16:55:50,2025-07-26 16:56:48
P2,absolute_humidity,2025-07-26 16:57:20,2025-07-26 16:58:18
P2,absolute_humidity,2025-07-26 16:58:48,2025-07-26 16:59:48
P2,absolute_humidity,2025-07-26 17:00:19,2025-07-26 17:01:48
P2,absolute_humidity,2025-07-26 17:02:19,2025-07-26 17:03:19
P2,absolute_humidity,2025-07-26 17:03:48,2025-07-26 17:04:48
P2,absolute_humidity,2025-07-26 17:05:19,2025-07-26 17:06:48
P2,absolute_humidity,2025-07-26 17:07:18,2025-07-26 17:08:18
P2,absolute_humidity,2025-07-26 17:08:50,2025-07-26 17:10:18
P2,absolute_humidity,2025-07-26 17:10:48,2025-07-26 17:11:48
P2,absolute_humidity,2025-07-26 17:12:19,2025-07-26 17:13:18
P2,absolute_humidity,2025-07-26 17:14:18,2025-07-26 17:15:18
P2,absolute_humidity,2025-07-26 17:15:49,2025-07-26 17:16:48
P2,absolute_humidity,2025-07-26 17:17:48,2025-07-26 17:18:50
P2,absolute_humidity,2025-07-26 17:19:22,2025-07-26 17:20:18
P2,absolute_humidity,2025-07-26 17:21:18,2025-07-26 17:22:18
P2,absolute_humidity,2025-07-26 17:22:49,2025-07-26 17:23:48
P2,absolute_humidity,2025-07-26 17:24:48,2025-07-26 17:25:49
P2,absolute_humidity,2025-07-26 17:26:19,2025-07-26 17:27:18
P2,absolute_humidity,2025-07-26 17:28:18,2025-07-26 17:29:18
P2,absolute_humidity,2025-07-26 17:29:49,2025-07-26 17:30:48
P2,absolute_humidity,2025-07-26 17:31:48,2025-07-26 17:32:48
P2,absolute_humidity,2025-07-26 17:33:19,2025-07-26 17:34:18
P2,absolute_humidity,2025-07-26 17:35:18,2025-07-26 17:36:18
P2,absolute_humidity,2025-07-26 17:36:49,2025-07-26 17:37:48
P2,absolute_humidity,2025-07-26 17:38:48,2025-07-26 17:39:49
P2,absolute_humidity,2025-07-26 17:40:19,2025-07-26 17:41:18
P2,absolute_humidity,2025-07-26 17:42:18,2025-07-26 17:43:18
P2,absolute_humidity,2025-07-26 17:43:49,2025-07-26 17:45:19
P2,absolute_humidity,2025-07-26 17:45:48,2025-07-26 17:47:18
P2,absolute_humidity,2025-07-26 17:48:18,2025-07-26 17:48:48
P2,absolute_humidity,2025-07-26 17:49:49,2025-07-26 17:50:48
P2,absolute_humidity,2025-07-26 17:51:49,2025-07-26 17:52:18
P2,absolute_humidity,2025-07-26 17:53:18,2025-07-26 17:53:48
P2,absolute_humidity,2025-07-26 17:54:18,2025-07-26 17:55:18
P2,absolute_humidity,2025-07-26 17:55:49,2025-07-26 17:56:48
P2,absolute_humidity,2025-07-26 17:57:48,2025-07-26 17:58:18
P2,absolute_humidity,2025-07-26 17:59:22,2025-07-26 18:00:18
P2,absolute_humidity,2025-07-26 18:01:18,2025-07-26 18:01:48
P2,absolute_humidity,2025-07-26 18:02:49,2025-07-26 18:03:48
P2,absolute_humidity,2025-07-26 18:04:48,2025-07-26 18:05:18
P2,absolute_humidity,2025-07-26 18:06:19,2025-07-26 18:07:18
P2,absolute_humidity,2025-07-26 18:08:18,2025-07-26 18:08:48
P2,absolute_humidity,2025-07-26 18:09:49,2025-07-26 18:10:48
P2,absolute_humidity,2025-07-26 18:11:48,2025-07-26 18:12:18
P2,absolute_humidity,2025-07-26 18:13:19,2025-07-26 18:14:18
P2,absolute_humidity,2025-07-26 18:15:18,2025-07-26 18:15:48
P2,absolute_humidity,2025-07-26 18:16:49,2025-07-26 18:17:48
P2,absolute_humidity,2025-07-26 18:18:48,2025-07-26 18:19:18
P2,absolute_humidity,2025-07-26 18:20:19,2025-07-26 18:21:18
P2,absolute_humidity,2025-07-26 18:22:18,2025-07-26 18:22:48
P2,absolute_humidity,2025-07-26 18:23:49,2025-07-26 18:24:48
P2,absolute_humidity,2025-07-26 18:25:48,2025-07-26 18:26:18
P2,absolute_humidity,2025-07-26 18:27:19,2025-07-26 18:28:18
P2,absolute_humidity,2025-07-26 18:29:18,2025-07-26 18:29:48
P2,absolute_humidity,2025-07-26 18:30:49,2025-07-26 18:31:48
P2,absolute_humidity,2025-07-26 18:32:48,2025-07-26 18:33:18
P2,absolute_humidity,2025-07-26 18:34:18,2025-07-26 18:35:18
P2,absolute_humidity,2025-07-26 18:36:18,2025-07-26 18:36:48
P2,absolute_humidity,2025-07-26 18:37:49,2025-07-26 18:38:18
P2,absolute_humidity,2025-07-26 18:39:48,2025-07-26 18:40:18
P2,absolute_humidity,2025-07-26 18:41:18,2025-07-26 18:42:18
P2,absolute_humidity,2025-07-26 18:43:18,2025-07-26 18:43:48
P2,absolute_humidity,2025-07-26 18:44:49,2025-07-26 18:45:48
P2,absolute_humidity,2025-07-26 18:46:48,2025-07-26 18:47:18
P2,absolute_humidity,2025-07-26 18:48:18,2025-07-26 18:48:48
P2,absolute_humidity,2025-07-26 18:50:18,2025-07-26 18:50:48
P2,absolute_humidity,2025-07-26 18:51:48,2025-07-26 18:52:18
P2,absolute_humidity,2025-07-26 18:53:48,2025-07-26 18:54:18
P2,absolute_humidity,2025-07-26 18:55:18,2025-07-26 18:55:48
P2,absolute_humidity,2025-07-26 18:58:49,2025-07-26 18:59:18
P2,absolute_humidity,2025-07-26 19:02:18,2025-07-26 19:02:48
P2,absolute_humidity,2025-07-26 19:05:48,2025-07-26 19:06:18
P2,absolute_humidity,2025-07-26 19:09:19,2025-07-26 19:09:48
P2,absolute_humidity,2025-07-26 19:12:48,2025-07-26 19:13:18
P2,absolute_humidity,2025-07-26 19:16:18,2025-07-26 19:16:48
P2,absolute_humidity,2025-07-26 19:19:48,2025-07-26 19:20:18
P2,absolute_humidity,2025-07-26 19:23:18,2025-07-26 19:23:48
P2,absolute_humidity,2025-07-26 19:26:48,2025-07-26 19:27:18
P2,absolute_humidity,2025-07-26 19:30:18,2025-07-26 19:30:48
P2,absolute_humidity,2025-07-26 19:33:48,2025-07-26 19:34:18
P2,absolute_humidity,2025-07-26 19:37:18,2025-07-26 19:37:48
P2,absolute_humidity,2025-07-26 19:40:48,2025-07-26 19:41:18
P2,absolute_humidity,2025-07-26 19:44:18,2025-07-26 19:44:48
P2,absolute_humidity,2025-07-26 19:47:48,2025-07-26 19:48:18
P2,absolute_humidity,2025-07-26 19:51:18,2025-07-26 19:51:48
P2,absolute_humidity,2025-07-26 19:54:48,2025-07-26 19:55:18
P2,absolute_humidity,2025-07-26 19:58:18,2025-07-26 19:58:48
P2,absolute_humidity,2025-07-26 20:01:48,2025-07-26 20:02:18
P2,absolute_humidity,2025-07-26 20:05:18,2025-07-26 20:05:48
P2,absolute_humidity,2025-07-26 20:08:48,2025-07-26 20:09:18
P2,absolute_humidity,2025-07-26 20:12:18,2025-07-26 20:12:48
P2,absolute_humidity,2025-07-26 20:15:48,2025-07-26 20:16:18
P2,absolute_humidity,2025-07-26 20:19:18,2025-07-26 20:19:48
P2,absolute_humidity,2025-07-26 20:22:48,2025-07-26 20:23:18
P2,absolute_humidity,2025-07-26 20:26:18,2025-07-26 20:26:48
P2,absolute_humidity,2025-07-26 20:29:48,2025-07-26 20:30:18
P2,absolute_humidity,2025-07-26 20:33:18,2025-07-26 20:33:48
P2,absolute_humidity,2025-07-26 20:36:48,2025-07-26 20:37:18
P2,absolute_humidity,2025-07-26 20:40:21,2025-07-26 20:40:48
P2,absolute_humidity,2025-07-26 20:43:48,2025-07-26 20:44:18
P2,absolute_humidity,2025-07-26 20:47:18,2025-07-26 20:47:48
P2,absolute_humidity,2025-07-26 21:04:48,2025-07-26 21:05:18
P2,absolute_humidity,2025-07-26 21:11:48,2025-07-26 21:12:18
P2,absolute_humidity,2025-07-26 21:15:18,2025-07-26 21:15:48
P2,absolute_humidity,2025-07-26 21:29:18,2025-07-26 21:29:48
P2,absolute_humidity,2025-07-26 21:36:18,2025-07-26 21:36:48
P2,absolute_humidity,2025-07-27 00:25:30,2025-07-27 00:26:02
P2,absolute_humidity,2025-07-27 07:15:01,2025-07-27 07:15:31
P2,absolute_humidity,2025-07-27 07:18:31,2025-07-27 07:19:01
P2,absolute_humidity,2025-07-27 07:22:01,2025-07-27 07:22:31
P2,absolute_humidity,2025-07-27 07:25:31,2025-07-27 07:26:01
P2,absolute_humidity,2025-07-27 07:29:01,2025-07-27 07:29:31
P2,absolute_humidity,2025-07-27 07:32:31,2025-07-27 07:33:01
P2,absolute_humidity,2025-07-27 07:36:01,2025-07-27 07:36:31
P2,absolute_humidity,2025-07-27 07:39:31,2025-07-27 07:40:01
P2,absolute_humidity,2025-07-27 07:43:01,2025-07-27 07:43:31
P2,absolute_humidity,2025-07-27 07:46:31,2025-07-27 07:47:01
P2,absolute_humidity,2025-07-27 07:50:01,2025-07-27 07:50:31
P2,absolute_humidity,2025-07-27 07:53:31,2025-07-27 07:54:01
P2,absolute_humidity,2025-07-27 07:57:01,2025-07-27 07:57:31
P2,absolute_humidity,2025-07-27 08:00:31,2025-07-27 08:01:01
P2,absolute_humidity,2025-07-27 08:04:01,2025-07-27 08:04:31
P2,absolute_humidity,2025-07-27 08:07:31,2025-07-27 08:08:01
P2,absolute_humidity,2025-07-27 08:11:01,2025-07-27 08:11:31
P2,absolute_humidity,2025-07-27 08:14:31,2025-07-27 08:15:01
P2,absolute_humidity,2025-07-27 08:18:01,2025-07-27 08:18:31
P2,absolute_humidity,2025-07-27 08:21:31,2025-07-27 08:22:01
P2,absolute_humidity,2025-07-27 08:25:01,2025-07-27 08:25:31
P2,absolute_humidity,2025-07-27 08:28:31,2025-07-27 08:29:01
P2,absolute_humidity,2025-07-27 08:32:01,2025-07-27 08:32:31
P2,absolute_humidity,2025-07-27 08:35:31,2025-07-27 08:36:00
P2,absolute_humidity,2025-07-27 08:39:01,2025-07-27 08:39:31
P2,absolute_humidity,2025-07-27 08:42:31,2025-07-27 08:43:00
P2,absolute_humidity,2025-07-27 08:46:01,2025-07-27 08:46:30
P2,absolute_humidity,2025-07-27 08:48:00,2025-07-27 08:48:31
P2,absolute_humidity,2025-07-27 08:49:31,2025-07-27 08:50:01
P2,absolute_humidity,2025-07-27 08:51:31,2025-07-27 08:52:00
P2,absolute_humidity,2025-07-27 08:53:01,2025-07-27 08:53:31
P2,absolute_humidity,2025-07-27 08:55:00,2025-07-27 08:55:31
P2,absolute_humidity,2025-07-27 08:56:31,2025-07-27 08:57:01
P2,absolute_humidity,2025-07-27 08:58:30,2025-07-27 08:59:00
P2,absolute_humidity,2025-07-27 09:00:01,2025-07-27 09:00:30
P2,absolute_humidity,2025-07-27 09:02:00,2025-07-27 09:02:30
P2,absolute_humidity,2025-07-27 09:03:31,2025-07-27 09:04:00
P2,absolute_humidity,2025-07-27 09:05:30,2025-07-27 09:06:00
P2,absolute_humidity,2025-07-27 09:07:01,2025-07-27 09:07:30
P2,absolute_humidity,2025-07-27 09:09:00,2025-07-27 09:09:30
P2,absolute_humidity,2025-07-27 09:10:31,2025-07-27 09:11:00
P2,absolute_humidity,2025-07-27 09:12:30,2025-07-27 09:13:00
P2,absolute_humidity,2025-07-27 09:14:01,2025-07-27 09:15:00
P2,absolute_humidity,2025-07-27 09:16:00,2025-07-27 09:16:30
P2,absolute_humidity,2025-07-27 09:17:31,2025-07-27 09:18:30
P2,absolute_humidity,2025-07-27 09:19:31,2025-07-27 09:20:00
P2,absolute_humidity,2025-07-27 09:21:00,2025-07-27 09:21:30
P2,absolute_humidity,2025-07-27 09:22:31,2025-07-27 09:23:30
P2,absolute_humidity,2025-07-27 09:24:30,2025-07-27 09:25:00
P2,absolute_humidity,2025-07-27 09:26:01,2025-07-27 09:27:00
P2,absolute_humidity,2025-07-27 09:28:00,2025-07-27 09:28:30
P2,absolute_humidity,2025-07-27 09:29:31,2025-07-27 09:30:30
P2,absolute_humidity,2025-07-27 09:31:30,2025-07-27 09:32:00
P2,absolute_humidity,2025-07-27 09:33:01,2025-07-27 09:34:00
P2,absolute_humidity,2025-07-27 09:35:00,2025-07-27 09:35:30
P2,absolute_humidity,2025-07-27 09:36:31,2025-07-27 09:37:30
P2,absolute_humidity,2025-07-27 09:38:30,2025-07-27 09:39:30
P2,absolute_humidity,2025-07-27 09:40:01,2025-07-27 09:41:00
P2,absolute_humidity,2025-07-27 09:42:00,2025-07-27 09:42:30
P2,absolute_humidity,2025-07-27 09:43:31,2025-07-27 09:44:30
P2,absolute_humidity,2025-07-27 09:45:30,2025-07-27 09:46:30
P2,absolute_humidity,2025-07-27 09:47:01,2025-07-27 09:48:00
P2,absolute_humidity,2025-07-27 09:49:00,2025-07-27 09:49:30
P2,absolute_humidity,2025-07-27 09:50:31,2025-07-27 09:51:30
P2,absolute_humidity,2025-07-27 09:52:30,2025-07-27 09:53:00
P2,absolute_humidity,2025-07-27 09:54:01,2025-07-27 09:55:00
P2,absolute_humidity,2025-07-27 09:56:00,2025-07-27 09:56:30
P2,absolute_humidity,2025-07-27 09:57:31,2025-07-27 09:58:30
P2,absolute_humidity,2025-07-27 09:59:30,2025-07-27 10:00:30
P2,absolute_humidity,2025-07-27 10:01:01,2025-07-27 10:02:00
P2,absolute_humidity,2025-07-27 10:03:00,2025-07-27 10:04:00
P2,absolute_humidity,2025-07-27 10:04:31,2025-07-27 10:05:30
P2,absolute_humidity,2025-07-27 10:06:30,2025-07-27 10:07:30
P2,absolute_humidity,2025-07-27 10:08:01,2025-07-27 10:09:00
P2,absolute_humidity,2025-07-27 10:10:00,2025-07-27 10:11:00
P2,absolute_humidity,2025-07-27 10:11:31,2025-07-27 10:13:00
P2,absolute_humidity,2025-07-27 10:13:30,2025-07-27 10:14:30
P2,absolute_humidity,2025-07-27 10:15:01,2025-07-27 10:16:00
P2,absolute_humidity,2025-07-27 10:17:00,2025-07-27 10:18:00
P2,absolute_humidity,2025-07-27 10:18:31,2025-07-27 10:19:30
P2,absolute_humidity,2025-07-27 10:20:30,2025-07-27 10:21:30
P2,absolute_humidity,2025-07-27 10:22:01,2025-07-27 10:23:30
P2,absolute_humidity,2025-07-27 10:24:00,2025-07-27 10:25:00
P2,absolute_humidity,2025-07-27 10:25:31,2025-07-27 10:26:30
P2,absolute_humidity,2025-07-27 10:27:30,2025-07-27 10:28:30
P2,absolute_humidity,2025-07-27 10:29:01,2025-07-27 10:30:00
P2,absolute_humidity,2025-07-27 10:31:00,2025-07-27 10:32:00
P2,absolute_humidity,2025-07-27 10:32:31,2025-07-27 10:34:00
P2,absolute_humidity,2025-07-27 10:34:30,2025-07-27 10:35:30
P2,absolute_humidity,2025-07-27 10:36:01,2025-07-27 10:37:30
P2,absolute_humidity,2025-07-27 10:38:00,2025-07-27 10:39:00
P2,absolute_humidity,2025-07-27 10:39:31,2025-07-27 10:41:00
P2,absolute_humidity,2025-07-27 10:41:30,2025-07-27 10:42:30
P2,absolute_humidity,2025-07-27 10:43:01,2025-07-27 10:44:30
P2,absolute_humidity,2025-07-27 10:45:00,2025-07-27 10:46:00
P2,absolute_humidity,2025-07-27 10:46:31,2025-07-27 10:48:00
P2,absolute_humidity,2025-07-27 10:48:30,2025-07-27 10:49:30
P2,absolute_humidity,2025-07-27 10:50:01,2025-07-27 10:51:30
P2,absolute_humidity,2025-07-27 10:52:00,2025-07-27 10:53:00
P2,absolute_humidity,2025-07-27 10:53:31,2025-07-27 10:55:00
P2,absolute_humidity,2025-07-27 10:55:30,2025-07-27 10:56:30
P2,absolute_humidity,2025-07-27 10:57:01,2025-07-27 10:58:30
P2,absolute_humidity,2025-07-27 10:59:00,2025-07-27 11:00:00
P2,absolute_humidity,2025-07-27 11:00:31,2025-07-27 11:02:00
P2,absolute_humidity,2025-07-27 11:02:30,2025-07-27 11:03:30
P2,absolute_humidity,2025-07-27 11:04:01,2025-07-27 11:05:30
P2,absolute_humidity,2025-07-27 11:06:00,2025-07-27 11:07:00
P2,absolute_humidity,2025-07-27 11:07:31,2025-07-27 11:09:00
P2,absolute_humidity,2025-07-27 11:09:30,2025-07-27 11:10:30
P2,absolute_humidity,2025-07-27 11:11:01,2025-07-27 11:12:30
P2,absolute_humidity,2025-07-27 11:13:00,2025-07-27 11:14:00
P2,absolute_humidity,2025-07-27 11:14:31,2025-07-27 11:16:00
P2,absolute_humidity,2025-07-27 11:16:30,2025-07-27 11:17:30
P2,absolute_humidity,2025-07-27 11:18:00,2025-07-27 11:19:30
P2,absolute_humidity,2025-07-27 11:20:00,2025-07-27 11:21:00
P2,absolute_humidity,2025-07-27 11:21:31,2025-07-27 11:23:00
P2,absolute_humidity,2025-07-27 11:23:30,2025-07-27 11:24:30
P2,absolute_humidity,2025-07-27 11:25:00,2025-07-27 11:26:30
P2,absolute_humidity,2025-07-27 11:27:00,2025-07-27 11:28:00
P2,absolute_humidity,2025-07-27 11:28:31,2025-07-27 11:30:00
P2,absolute_humidity,2025-07-27 11:30:30,2025-07-27 11:31:30
P2,absolute_humidity,2025-07-27 11:32:00,2025-07-27 11:33:30
P2,absolute_humidity,2025-07-27 11:34:00,2025-07-27 11:35:00
P2,absolute_humidity,2025-07-27 11:35:30,2025-07-27 11:36:30
P2,absolute_humidity,2025-07-27 11:37:30,2025-07-27 11:38:30
P2,absolute_humidity,2025-07-27 11:39:00,2025-07-27 11:40:30
P2,absolute_humidity,2025-07-27 11:41:00,2025-07-27 11:42:00
P2,absolute_humidity,2025-07-27 11:42:30,2025-07-27 11:44:00
P2,absolute_humidity,2025-07-27 11:44:30,2025-07-27 11:45:30
P2,absolute_humidity,2025-07-27 11:46:00,2025-07-27 11:47:30
P2,absolute_humidity,2025-07-27 11:48:00,2025-07-27 11:49:00
P2,absolute_humidity,2025-07-27 11:49:30,2025-07-27 11:51:00
P2,absolute_humidity,2025-07-27 11:51:30,2025-07-27 11:52:30
P2,absolute_humidity,2025-07-27 11:53:00,2025-07-27 11:54:30
P2,absolute_humidity,2025-07-27 11:55:00,2025-07-27 11:56:00
P2,absolute_humidity,2025-07-27 11:56:30,2025-07-27 11:58:00
P2,absolute_humidity,2025-07-27 11:58:30,2025-07-27 11:59:30
P2,absolute_humidity,2025-07-27 12:00:00,2025-07-27 12:01:30
P2,absolute_humidity,2025-07-27 12:02:00,2025-07-27 12:03:00
P2,absolute_humidity,2025-07-27 12:03:30,2025-07-27 12:05:00
P2,absolute_humidity,2025-07-27 12:05:30,2025-07-27 12:06:30
P2,absolute_humidity,2025-07-27 12:07:00,2025-07-27 12:08:30
P2,absolute_humidity,2025-07-27 12:09:00,2025-07-27 12:22:30
P2,absolute_humidity,2025-07-27 12:23:00,2025-07-27 15:34:59
P2,absolute_humidity,2025-07-27 15:35:29,2025-07-27 15:38:29
P2,absolute_humidity,2025-07-27 15:38:59,2025-07-27 15:41:59
P2,absolute_humidity,2025-07-27 15:42:29,2025-07-27 15:45:29
P2,absolute_humidity,2025-07-27 15:45:59,2025-07-27 15:46:59
P2,absolute_humidity,2025-07-27 15:47:30,2025-07-27 15:48:59
P2,absolute_humidity,2025-07-27 15:49:29,2025-07-27 15:50:29
P2,absolute_humidity,2025-07-27 15:51:00,2025-07-27 15:52:29
P2,absolute_humidity,2025-07-27 15:52:59,2025-07-27 15:53:59
P2,absolute_humidity,2025-07-27 15:54:30,2025-07-27 15:55:59
P2,absolute_humidity,2025-07-27 15:56:29,2025-07-27 15:57:29
P2,absolute_humidity,2025-07-27 15:58:00,2025-07-27 15:59:29
P2,absolute_humidity,2025-07-27 15:59:59,2025-07-27 16:00:59
P2,absolute_humidity,2025-07-27 16:01:30,2025-07-27 16:02:59
P2,absolute_humidity,2025-07-27 16:03:29,2025-07-27 16:04:29
P2,absolute_humidity,2025-07-27 16:05:00,2025-07-27 16:06:29
P2,absolute_humidity,2025-07-27 16:06:59,2025-07-27 16:07:59
P2,absolute_humidity,2025-07-27 16:08:30,2025-07-27 16:09:59
P2,absolute_humidity,2025-07-27 16:10:29,2025-07-27 16:11:29
P2,absolute_humidity,2025-07-27 16:12:00,2025-07-27 16:13:29
P2,absolute_humidity,2025-07-27 16:13:59,2025-07-27 16:14:59
P2,absolute_humidity,2025-07-27 16:15:30,2025-07-27 16:16:29
P2,absolute_humidity,2025-07-27 16:17:29,2025-07-27 16:18:29
P2,absolute_humidity,2025-07-27 16:19:00,2025-07-27 16:19:59
P2,absolute_humidity,2025-07-27 16:20:59,2025-07-27 16:21:59
P2,absolute_humidity,2025-07-27 16:22:30,2025-07-27 16:23:29
P2,absolute_humidity,2025-07-27 16:24:29,2025-07-27 16:25:29
P2,absolute_humidity,2025-07-27 16:26:00,2025-07-27 16:26:59
P2,absolute_humidity,2025-07-27 16:27:59,2025-07-27 16:28:59
P2,absolute_humidity,2025-07-27 16:29:30,2025-07-27 16:30:29
P2,absolute_humidity,2025-07-27 16:31:29,2025-07-27 16:32:29
P2,absolute_humidity,2025-07-27 16:33:00,2025-07-27 16:33:59
P2,absolute_humidity,2025-07-27 16:34:59,2025-07-27 16:35:59
P2,absolute_humidity,2025-07-27 16:36:29,2025-07-27 16:37:29
P2,absolute_humidity,2025-07-27 16:38:29,2025-07-27 16:39:29
P2,absolute_humidity,2025-07-27 16:40:00,2025-07-27 16:40:59
P2,absolute_humidity,2025-07-27 16:41:59,2025-07-27 16:42:59
P2,absolute_humidity,2025-07-27 16:43:29,2025-07-27 16:44:29
P2,absolute_humidity,2025-07-27 16:45:29,2025-07-27 16:45:59
P2,absolute_humidity,2025-07-27 16:47:00,2025-07-27 16:47:59
P2,absolute_humidity,2025-07-27 16:48:59,2025-07-27 16:49:59
P2,absolute_humidity,2025-07-27 16:50:29,2025-07-27 16:51:29
P2,absolute_humidity,2025-07-27 16:52:29,2025-07-27 16:52:59
P2,absolute_humidity,2025-07-27 16:54:00,2025-07-27 16:54:59
P2,absolute_humidity,2025-07-27 16:55:59,2025-07-27 16:56:29
P2,absolute_humidity,2025-07-27 16:57:30,2025-07-27 16:58:29
P2,absolute_humidity,2025-07-27 16:59:29,2025-07-27 16:59:59
P2,absolute_humidity,2025-07-27 17:00:59,2025-07-27 17:01:59
P2,absolute_humidity,2025-07-27 17:02:59,2025-07-27 17:03:29
P2,absolute_humidity,2025-07-27 17:04:29,2025-07-27 17:05:29
P2,absolute_humidity,2025-07-27 17:06:29,2025-07-27 17:06:59
P2,absolute_humidity,2025-07-27 17:07:59,2025-07-27 17:08:59
P2,absolute_humidity,2025-07-27 17:09:59,2025-07-27 17:10:29
P2,absolute_humidity,2025-07-27 17:11:29,2025-07-27 17:12:29
P2,absolute_humidity,2025-07-27 17:13:29,2025-07-27 17:13:59
P2,absolute_humidity,2025-07-27 17:14:59,2025-07-27 17:15:59
P2,absolute_humidity,2025-07-27 17:16:59,2025-07-27 17:17:29
P2,absolute_humidity,2025-07-27 17:18:29,2025-07-27 17:18:59
P2,absolute_humidity,2025-07-27 17:20:29,2025-07-27 17:20:59
P2,absolute_humidity,2025-07-27 17:21:59,2025-07-27 17:22:29
P2,absolute_humidity,2025-07-27 17:23:59,2025-07-27 17:24:29
P2,absolute_humidity,2025-07-27 17:25:29,2025-07-27 17:25:59
P2,absolute_humidity,2025-07-27 17:27:29,2025-07-27 17:27:59
P2,absolute_humidity,2025-07-27 17:28:59,2025-07-27 17:29:29
P2,absolute_humidity,2025-07-27 17:30:59,2025-07-27 17:31:29
P2,absolute_humidity,2025-07-27 17:32:29,2025-07-27 17:32:59
P2,absolute_humidity,2025-07-27 17:34:29,2025-07-27 17:34:59
P2,absolute_humidity,2025-07-27 17:35:59,2025-07-27 17:36:29
P2,absolute_humidity,2025-07-27 17:37:59,2025-07-27 17:38:29
P2,absolute_humidity,2025-07-27 17:39:29,2025-07-27 17:39:59
P2,absolute_humidity,2025-07-27 17:41:29,2025-07-27 17:41:59
P2,absolute_humidity,2025-07-27 17:42:59,2025-07-27 17:43:59
P2,absolute_humidity,2025-07-27 17:44:59,2025-07-27 17:45:29
P2,absolute_humidity,2025-07-27 17:46:29,2025-07-27 17:46:59
P2,absolute_humidity,2025-07-27 17:48:29,2025-07-27 17:48:59
P2,absolute_humidity,2025-07-27 17:49:59,2025-07-27 17:50:29
P2,absolute_humidity,2025-07-27 17:51:59,2025-07-27 17:52:29
P2,absolute_humidity,2025-07-27 17:53:29,2025-07-27 17:53:59
P2,absolute_humidity,2025-07-27 17:56:59,2025-07-27 17:57:29
P2,absolute_humidity,2025-07-27 17:58:59,2025-07-27 17:59:29
P2,absolute_humidity,2025-07-27 18:00:29,2025-07-27 18:00:59
P2,absolute_humidity,2025-07-27 18:03:59,2025-07-27 18:04:29
P2,absolute_humidity,2025-07-27 18:07:29,2025-07-27 18:07:59
P2,absolute_humidity,2025-07-27 18:10:59,2025-07-27 18:11:29
P2,absolute_humidity,2025-07-27 18:14:29,2025-07-27 18:14:59
P2,absolute_humidity,2025-07-27 18:17:59,2025-07-27 18:18:29
P2,absolute_humidity,2025-07-27 18:21:29,2025-07-27 18:21:59
P2,absolute_humidity,2025-07-27 18:24:59,2025-07-27 18:25:29
P2,absolute_humidity,2025-07-27 18:28:29,2025-07-27 18:28:59
P2,absolute_humidity,2025-07-27 18:31:59,2025-07-27 18:32:29
P2,absolute_humidity,2025-07-27 18:35:29,2025-07-27 18:35:59
P2,absolute_humidity,2025-07-27 18:38:59,2025-07-27 18:39:29
P2,absolute_humidity,2025-07-27 18:42:29,2025-07-27 18:42:59
P2,absolute_humidity,2025-07-27 18:45:59,2025-07-27 18:46:29
P2,absolute_humidity,2025-07-27 18:49:29,2025-07-27 18:49:59
P2,absolute_humidity,2025-07-27 18:52:59,2025-07-27 18:53:29
P2,absolute_humidity,2025-07-27 18:56:29,2025-07-27 18:56:59
P2,absolute_humidity,2025-07-27 18:59:59,2025-07-27 19:00:29
P2,absolute_humidity,2025-08-02 12:54:07,2025-08-02 12:54:37
P2,absolute_humidity,2025-08-02 13:01:07,2025-08-02 13:01:37
P2,absolute_humidity,2025-08-02 13:04:37,2025-08-02 13:05:07
P2,absolute_humidity,2025-08-02 13:08:07,2025-08-02 13:08:37
P2,absolute_humidity,2025-08-02 13:11:37,2025-08-02 13:12:07
P2,absolute_humidity,2025-08-02 13:15:07,2025-08-02 13:15:37
P2,absolute_humidity,2025-08-02 13:18:37,2025-08-02 13:19:07
P2,absolute_humidity,2025-08-02 13:22:07,2025-08-02 13:22:37
P2,absolute_humidity,2025-08-02 13:25:37,2025-08-02 13:26:06
P2,absolute_humidity,2025-08-02 13:29:07,2025-08-02 13:29:36
P2,absolute_humidity,2025-08-02 13:32:37,2025-08-02 13:33:06
P2,absolute_humidity,2025-08-02 13:36:07,2025-08-02 13:36:36
P2,absolute_humidity,2025-08-02 13:39:37,2025-08-02 13:40:06
P2,absolute_humidity,2025-08-02 13:43:07,2025-08-02 13:43:36
P2,absolute_humidity,2025-08-02 13:46:37,2025-08-02 13:47:06
P2,absolute_humidity,2025-08-02 13:50:07,2025-08-02 13:50:36
P2,absolute_humidity,2025-08-02 13:53:37,2025-08-02 13:54:06
P2,absolute_humidity,2025-08-02 13:57:07,2025-08-02 13:57:36
P2,absolute_humidity,2025-08-02 14:00:37,2025-08-02 14:01:06
P2,absolute_humidity,2025-08-02 14:04:07,2025-08-02 14:04:36
P2,absolute_humidity,2025-08-02 14:07:37,2025-08-02 14:08:06
P2,absolute_humidity,2025-08-02 14:11:07,2025-08-02 14:11:36
P2,absolute_humidity,2025-08-02 14:13:06,2025-08-02 14:13:36
P2,absolute_humidity,2025-08-02 14:14:37,2025-08-02 14:15:06
P2,absolute_humidity,2025-08-02 14:16:36,2025-08-02 14:17:06
P2,absolute_humidity,2025-08-02 14:18:07,2025-08-02 14:19:06
P2,absolute_humidity,2025-08-02 14:20:06,2025-08-02 14:20:36
P2,absolute_humidity,2025-08-02 14:21:37,2025-08-02 14:22:36
P2,absolute_humidity,2025-08-02 14:23:36,2025-08-02 14:24:06
P2,absolute_humidity,2025-08-02 14:25:07,2025-08-02 14:26:06
P2,absolute_humidity,2025-08-02 14:27:06,2025-08-02 14:27:36
P2,absolute_humidity,2025-08-02 14:28:37,2025-08-02 14:29:36
P2,absolute_humidity,2025-08-02 14:30:36,2025-08-02 14:31:06
P2,absolute_humidity,2025-08-02 14:32:07,2025-08-02 14:32:36
P2,absolute_humidity,2025-08-02 14:34:06,2025-08-02 14:34:36
P2,absolute_humidity,2025-08-02 14:35:37,2025-08-02 14:36:36
P2,absolute_humidity,2025-08-02 14:37:36,2025-08-02 14:38:06
P2,absolute_humidity,2025-08-02 14:39:07,2025-08-02 14:40:06
P2,absolute_humidity,2025-08-02 14:41:06,2025-08-02 14:41:36
P2,absolute_humidity,2025-08-02 14:42:37,2025-08-02 14:43:36
P2,absolute_humidity,2025-08-02 14:44:36,2025-08-02 14:45:06
P2,absolute_humidity,2025-08-02 14:46:07,2025-08-02 14:47:06
P2,absolute_humidity,2025-08-02 14:48:06,2025-08-02 14:48:36
P2,absolute_humidity,2025-08-02 14:49:37,2025-08-02 14:50:36
P2,absolute_humidity,2025-08-02 14:51:36,2025-08-02 14:52:06
P2,absolute_humidity,2025-08-02 14:53:07,2025-08-02 14:54:06
P2,absolute_humidity,2025-08-02 14:55:06,2025-08-02 14:55:36
P2,absolute_humidity,2025-08-02 14:56:37,2025-08-02 14:57:36
P2,absolute_humidity,2025-08-02 14:58:36,2025-08-02 14:59:36
P2,absolute_humidity,2025-08-02 15:00:07,2025-08-02 15:01:06
P2,absolute_humidity,2025-08-02 15:02:06,2025-08-02 15:03:06
P2,absolute_humidity,2025-08-02 15:03:37,2025-08-02 15:04:36
P2,absolute_humidity,2025-08-02 15:05:36,2025-08-02 15:06:36
P2,absolute_humidity,2025-08-02 15:07:07,2025-08-02 15:08:06
P2,absolute_humidity,2025-08-02 15:09:06,2025-08-02 15:10:06
P2,absolute_humidity,2025-08-02 15:10:37,2025-08-02 15:11:36
P2,absolute_humidity,2025-08-02 15:12:36,2025-08-02 15:13:36
P2,absolute_humidity,2025-08-02 15:14:07,2025-08-02 15:15:06
P2,absolute_humidity,2025-08-02 15:16:06,2025-08-02 15:17:06
P2,absolute_humidity,2025-08-02 15:17:37,2025-08-02 15:19:06
P2,absolute_humidity,2025-08-02 15:19:36,2025-08-02 15:20:36
P2,absolute_humidity,2025-08-02 15:21:07,2025-08-02 15:22:36
P2,absolute_humidity,2025-08-02 15:23:06,2025-08-02 15:24:06
P2,absolute_humidity,2025-08-02 15:24:37,2025-08-02 15:26:06
P2,absolute_humidity,2025-08-02 15:26:36,2025-08-02 15:27:36
P2,absolute_humidity,2025-08-02 15:28:07,2025-08-02 15:29:36
P2,absolute_humidity,2025-08-02 15:30:06,2025-08-02 15:31:06
P2,absolute_humidity,2025-08-02 15:31:37,2025-08-02 15:33:06
P2,absolute_humidity,2025-08-02 15:33:36,2025-08-02 15:34:36
P2,absolute_humidity,2025-08-02 15:35:07,2025-08-02 15:36:36
P2,absolute_humidity,2025-08-02 15:37:06,2025-08-02 15:38:06
P2,absolute_humidity,2025-08-02 15:38:37,2025-08-02 15:40:06
P2,absolute_humidity,2025-08-02 15:40:36,2025-08-02 15:41:36
P2,absolute_humidity,2025-08-02 15:42:07,2025-08-02 15:43:36
P2,absolute_humidity,2025-08-02 15:44:06,2025-08-02 15:50:36
P2,absolute_humidity,2025-08-02 15:51:06,2025-08-02 15:52:06
P2,absolute_humidity,2025-08-02 15:52:37,2025-08-02 15:54:06
P2,absolute_humidity,2025-08-02 15:54:36,2025-08-02 15:55:36
P2,absolute_humidity,2025-08-02 15:56:06,2025-08-02 15:57:36
P2,absolute_humidity,2025-08-02 15:58:06,2025-08-02 16:01:06
P2,absolute_humidity,2025-08-02 16:01:36,2025-08-02 16:04:36
P2,absolute_humidity,2025-08-02 16:05:06,2025-08-02 16:06:06
P2,absolute_humidity,2025-08-02 16:06:36,2025-08-02 16:08:06
P2,absolute_humidity,2025-08-02 16:08:36,2025-08-02 16:09:36
P2,absolute_humidity,2025-08-02 16:10:06,2025-08-02 16:11:36
P2,absolute_humidity,2025-08-02 16:12:06,2025-08-02 16:13:06
P2,absolute_humidity,2025-08-02 16:13:36,2025-08-02 16:15:06
P2,absolute_humidity,2025-08-02 16:15:36,2025-08-02 16:16:36
P2,absolute_humidity,2025-08-02 16:17:06,2025-08-02 16:18:36
P2,absolute_humidity,2025-08-02 16:19:06,2025-08-02 16:20:06
P2,absolute_humidity,2025-08-02 16:20:36,2025-08-02 16:22:06
P2,absolute_humidity,2025-08-02 16:22:36,2025-08-02 16:23:36
P2,absolute_humidity,2025-08-02 16:24:06,2025-08-02 16:25:36
P2,absolute_humidity,2025-08-02 16:26:06,2025-08-02 16:27:06
P2,absolute_humidity,2025-08-02 16:27:36,2025-08-02 16:29:06
P2,absolute_humidity,2025-08-02 16:29:36,2025-08-02 16:30:36
P2,absolute_humidity,2025-08-02 16:31:06,2025-08-02 16:32:36
P2,absolute_humidity,2025-08-02 16:33:06,2025-08-02 16:34:06
P2,absolute_humidity,2025-08-02 16:34:36,2025-08-02 16:36:06
P2,absolute_humidity,2025-08-02 16:36:36,2025-08-02 16:37:36
P2,absolute_humidity,2025-08-02 16:38:06,2025-08-02 16:39:36
P2,absolute_humidity,2025-08-02 16:40:06,2025-08-02 16:41:06
P2,absolute_humidity,2025-08-02 16:41:36,2025-08-02 16:42:36
P2,absolute_humidity,2025-08-02 16:43:36,2025-08-02 16:44:36
P2,absolute_humidity,2025-08-02 16:45:06,2025-08-02 16:46:06
P2,absolute_humidity,2025-08-02 16:47:06,2025-08-02 16:48:06
P2,absolute_humidity,2025-08-02 16:48:36,2025-08-02 16:49:36
P2,absolute_humidity,2025-08-02 16:50:36,2025-08-02 16:51:36
P2,absolute_humidity,2025-08-02 16:52:06,2025-08-02 16:53:06
P2,absolute_humidity,2025-08-02 16:54:06,2025-08-02 16:54:36
P2,absolute_humidity,2025-08-02 16:55:36,2025-08-02 16:56:36
P2,absolute_humidity,2025-08-02 16:57:36,2025-08-02 16:58:06
P2,absolute_humidity,2025-08-02 16:59:06,2025-08-02 17:00:06
P2,absolute_humidity,2025-08-02 17:01:06,2025-08-02 17:01:36
P2,absolute_humidity,2025-08-02 17:02:36,2025-08-02 17:03:36
P2,absolute_humidity,2025-08-02 17:04:36,2025-08-02 17:05:06
P2,absolute_humidity,2025-08-02 17:06:06,2025-08-02 17:06:36
P2,absolute_humidity,2025-08-02 17:08:06,2025-08-02 17:08:36
P2,absolute_humidity,2025-08-02 17:09:36,2025-08-02 17:10:06
P2,absolute_humidity,2025-08-02 17:13:06,2025-08-02 17:13:36
P2,absolute_humidity,2025-08-02 17:16:36,2025-08-02 17:17:06
P2,absolute_humidity,2025-08-02 17:20:06,2025-08-02 17:20:36
P2,absolute_humidity,2025-08-02 17:23:36,2025-08-02 17:24:06
P2,absolute_humidity,2025-08-02 17:27:06,2025-08-02 17:27:36
P2,absolute_humidity,2025-08-02 17:30:36,2025-08-02 17:31:06
P2,absolute_humidity,2025-08-02 17:34:06,2025-08-02 17:34:36
P2,absolute_humidity,2025-08-02 17:37:36,2025-08-02 17:38:06
P2,absolute_humidity,2025-08-02 17:41:06,2025-08-02 17:41:36
P2,absolute_humidity,2025-08-03 12:14:08,2025-08-03 12:14:37
P2,absolute_humidity,2025-08-03 12:21:08,2025-08-03 12:21:37
P2,absolute_humidity,2025-08-03 12:24:38,2025-08-03 12:25:07
P2,absolute_humidity,2025-08-03 12:28:08,2025-08-03 12:28:37
P2,absolute_humidity,2025-08-03 12:31:38,2025-08-03 12:32:07
P2,absolute_humidity,2025-08-03 12:35:08,2025-08-03 12:35:37
P2,absolute_humidity,2025-08-03 12:38:38,2025-08-03 12:39:07
P2,absolute_humidity,2025-08-03 12:42:08,2025-08-03 12:42:37
P2,absolute_humidity,2025-08-03 12:45:38,2025-08-03 12:46:07
P2,absolute_humidity,2025-08-03 12:49:08,2025-08-03 12:49:37
P2,absolute_humidity,2025-08-03 12:52:38,2025-08-03 12:53:07
P2,absolute_humidity,2025-08-03 12:56:08,2025-08-03 12:56:37
P2,absolute_humidity,2025-08-03 12:59:38,2025-08-03 13:00:07
P2,absolute_humidity,2025-08-03 13:03:08,2025-08-03 13:03:37
P2,absolute_humidity,2025-08-03 13:06:38,2025-08-03 13:07:07
P2,absolute_humidity,2025-08-03 13:10:08,2025-08-03 13:10:37
P2,absolute_humidity,2025-08-03 13:13:38,2025-08-03 13:14:07
P2,absolute_humidity,2025-08-03 13:17:08,2025-08-03 13:17:37
P2,absolute_humidity,2025-08-03 13:20:38,2025-08-03 13:21:07
P2,absolute_humidity,2025-08-03 13:24:08,2025-08-03 13:24:37
P2,absolute_humidity,2025-08-03 13:27:38,2025-08-03 13:28:07
P2,absolute_humidity,2025-08-03 13:31:08,2025-08-03 13:31:37
P2,absolute_humidity,2025-08-03 13:33:07,2025-08-03 13:33:37
P2,absolute_humidity,2025-08-03 13:34:38,2025-08-03 13:35:07
P2,absolute_humidity,2025-08-03 13:36:37,2025-08-03 13:37:07
P2,absolute_humidity,2025-08-03 13:38:08,2025-08-03 13:38:37
P2,absolute_humidity,2025-08-03 13:40:07,2025-08-03 13:40:37
P2,absolute_humidity,2025-08-03 13:41:38,2025-08-03 13:42:07
P2,absolute_humidity,2025-08-03 13:43:37,2025-08-03 13:44:07
P2,absolute_humidity,2025-08-03 13:45:08,2025-08-03 13:45:37
P2,absolute_humidity,2025-08-03 13:48:38,2025-08-03 13:49:07
P2,absolute_humidity,2025-08-03 13:50:37,2025-08-03 13:51:07
P2,absolute_humidity,2025-08-03 13:52:08,2025-08-03 13:52:37
P2,absolute_humidity,2025-08-03 13:55:38,2025-08-03 13:56:07
P2,absolute_humidity,2025-08-03 13:57:37,2025-08-03 13:58:07
P2,absolute_humidity,2025-08-03 13:59:07,2025-08-03 13:59:37
P2,absolute_humidity,2025-08-03 14:01:07,2025-08-03 14:01:37
P2,absolute_humidity,2025-08-03 14:02:38,2025-08-03 14:03:07
P2,absolute_humidity,2025-08-03 14:04:37,2025-08-03 14:05:07
P2,absolute_humidity,2025-08-03 14:06:08,2025-08-03 14:06:37
P2,absolute_humidity,2025-08-03 14:08:07,2025-08-03 14:08:37
P2,absolute_humidity,2025-08-03 14:09:38,2025-08-03 14:10:07
P2,absolute_humidity,2025-08-03 14:11:37,2025-08-03 14:12:07
P2,absolute_humidity,2025-08-03 14:13:07,2025-08-03 14:13:37
P2,absolute_humidity,2025-08-03 14:15:07,2025-08-03 14:15:37
P2,absolute_humidity,2025-08-03 14:16:37,2025-08-03 14:17:07
P2,absolute_humidity,2025-08-03 14:18:37,2025-08-03 14:19:07
P2,absolute_humidity,2025-08-03 14:20:07,2025-08-03 14:20:37
P2,absolute_humidity,2025-08-03 14:22:07,2025-08-03 14:22:37
P2,absolute_humidity,2025-08-03 14:23:37,2025-08-03 14:24:07
P2,absolute_humidity,2025-08-03 14:25:37,2025-08-03 14:26:07
P2,absolute_humidity,2025-08-03 14:27:07,2025-08-03 14:27:37
P2,absolute_humidity,2025-08-03 14:29:07,2025-08-03 14:29:37
P2,absolute_humidity,2025-08-03 14:30:37,2025-08-03 14:31:07
P2,absolute_humidity,2025-08-03 14:32:37,2025-08-03 14:33:07
P2,absolute_humidity,2025-08-03 14:34:07,2025-08-03 14:34:37
P2,absolute_humidity,2025-08-03 14:36:07,2025-08-03 14:36:37
P2,absolute_humidity,2025-08-03 14:37:37,2025-08-03 14:38:37
P2,absolute_humidity,2025-08-03 14:39:37,2025-08-03 14:40:07
P2,absolute_humidity,2025-08-03 14:41:07,2025-08-03 14:42:07
P2,absolute_humidity,2025-08-03 14:43:07,2025-08-03 14:43:37
P2,absolute_humidity,2025-08-03 14:44:37,2025-08-03 14:45:37
P2,absolute_humidity,2025-08-03 14:46:37,2025-08-03 14:47:07
P2,absolute_humidity,2025-08-03 14:48:07,2025-08-03 14:49:07
P2,absolute_humidity,2025-08-03 14:50:07,2025-08-03 14:50:37
P2,absolute_humidity,2025-08-03 14:51:37,2025-08-03 14:52:37
P2,absolute_humidity,2025-08-03 14:53:37,2025-08-03 14:54:07
P2,absolute_humidity,2025-08-03 14:55:07,2025-08-03 14:56:07
P2,absolute_humidity,2025-08-03 14:57:07,2025-08-03 14:57:37
P2,absolute_humidity,2025-08-03 14:58:37,2025-08-03 14:59:37
P2,absolute_humidity,2025-08-03 15:00:37,2025-08-03 15:01:07
P2,absolute_humidity,2025-08-03 15:02:07,2025-08-03 15:03:07
P2,absolute_humidity,2025-08-03 15:04:07,2025-08-03 15:04:37
P2,absolute_humidity,2025-08-03 15:05:37,2025-08-03 15:06:37
P2,absolute_humidity,2025-08-03 15:07:37,2025-08-03 15:08:07
P2,absolute_humidity,2025-08-03 15:09:07,2025-08-03 15:10:07
P2,absolute_humidity,2025-08-03 15:11:07,2025-08-03 15:11:37
P2,absolute_humidity,2025-08-03 15:12:37,2025-08-03 15:13:37
P2,absolute_humidity,2025-08-03 15:14:37,2025-08-03 15:15:07
P2,absolute_humidity,2025-08-03 15:16:07,2025-08-03 15:17:07
P2,absolute_humidity,2025-08-03 15:18:07,2025-08-03 15:18:37
P2,absolute_humidity,2025-08-03 15:19:37,2025-08-03 15:20:37
P2,absolute_humidity,2025-08-03 15:21:37,2025-08-03 15:22:37
P2,absolute_humidity,2025-08-03 15:23:07,2025-08-03 15:24:07
P2,absolute_humidity,2025-08-03 15:25:07,2025-08-03 15:26:07
P2,absolute_humidity,2025-08-03 15:26:37,2025-08-03 15:27:37
P2,absolute_humidity,2025-08-03 15:28:37,2025-08-03 15:29:37
P2,absolute_humidity,2025-08-03 15:30:07,2025-08-03 15:31:07
P2,absolute_humidity,2025-08-03 15:32:07,2025-08-03 15:33:07
P2,absolute_humidity,2025-08-03 15:33:37,2025-08-03 15:34:37
P2,absolute_humidity,2025-08-03 15:35:37,2025-08-03 15:36:37
P2,absolute_humidity,2025-08-03 15:37:07,2025-08-03 15:38:07
P2,absolute_humidity,2025-08-03 15:39:07,2025-08-03 15:40:07
P2,absolute_humidity,2025-08-03 15:40:37,2025-08-03 15:41:37
P2,absolute_humidity,2025-08-03 15:42:37,2025-08-03 15:43:37
P2,absolute_humidity,2025-08-03 15:44:07,2025-08-03 15:45:07
P2,absolute_humidity,2025-08-03 15:46:07,2025-08-03 15:47:07
P2,absolute_humidity,2025-08-03 15:47:37,2025-08-03 15:48:37
P2,absolute_humidity,2025-08-03 15:49:37,2025-08-03 15:50:37
P2,absolute_humidity,2025-08-03 15:51:07,2025-08-03 15:52:07
P2,absolute_humidity,2025-08-03 15:53:07,2025-08-03 15:53:37
P2,absolute_humidity,2025-08-03 15:54:37,2025-08-03 15:55:37
P2,absolute_humidity,2025-08-03 15:56:37,2025-08-03 15:57:07
P2,absolute_humidity,2025-08-03 15:58:07,2025-08-03 15:59:07
P2,absolute_humidity,2025-08-03 16:00:07,2025-08-03 16:00:37
P2,absolute_humidity,2025-08-03 16:01:37,2025-08-03 16:02:37
P2,absolute_humidity,2025-08-03 16:03:37,2025-08-03 16:04:07
P2,absolute_humidity,2025-08-03 16:05:07,2025-08-03 16:06:07
P2,absolute_humidity,2025-08-03 16:07:07,2025-08-03 16:07:37
P2,absolute_humidity,2025-08-03 16:08:37,2025-08-03 16:09:37
P2,absolute_humidity,2025-08-03 16:10:37,2025-08-03 16:11:07
P2,absolute_humidity,2025-08-03 16:12:07,2025-08-03 16:13:07
P2,absolute_humidity,2025-08-03 16:14:07,2025-08-03 16:14:37
P2,absolute_humidity,2025-08-03 16:15:37,2025-08-03 16:16:37
P2,absolute_humidity,2025-08-03 16:17:37,2025-08-03 16:18:07
P2,absolute_humidity,2025-08-03 16:19:07,2025-08-03 16:20:07
P2,absolute_humidity,2025-08-03 16:21:07,2025-08-03 16:21:37
P2,absolute_humidity,2025-08-03 16:22:37,2025-08-03 16:23:37
P2,absolute_humidity,2025-08-03 16:24:37,2025-08-03 16:25:07
P2,absolute_humidity,2025-08-03 16:26:07,2025-08-03 16:27:07
P2,absolute_humidity,2025-08-03 16:28:07,2025-08-03 16:28:37
P2,absolute_humidity,2025-08-03 16:29:37,2025-08-03 16:30:37
P2,absolute_humidity,2025-08-03 16:31:37,2025-08-03 16:32:07
P2,absolute_humidity,2025-08-03 16:33:07,2025-08-03 16:34:07
P2,absolute_humidity,2025-08-03 16:35:07,2025-08-03 16:35:37
P2,absolute_humidity,2025-08-03 16:36:37,2025-08-03 16:37:37
P2,absolute_humidity,2025-08-03 16:38:37,2025-08-03 16:39:07
P2,absolute_humidity,2025-08-03 16:40:07,2025-08-03 16:41:07
P2,absolute_humidity,2025-08-03 16:42:07,2025-08-03 16:42:37
P2,absolute_humidity,2025-08-03 16:43:37,2025-08-03 16:44:37
P2,absolute_humidity,2025-08-03 16:45:37,2025-08-03 16:46:07
P2,absolute_humidity,2025-08-03 16:47:07,2025-08-03 16:47:37
P2,absolute_humidity,2025-08-03 16:49:07,2025-08-03 16:49:37
P2,absolute_humidity,2025-08-03 16:50:37,2025-08-03 16:51:37
P2,absolute_humidity,2025-08-03 16:52:37,2025-08-03 16:53:07
P2,absolute_humidity,2025-08-03 16:54:07,2025-08-03 16:54:37
P2,absolute_humidity,2025-08-03 16:56:07,2025-08-03 16:56:37
P2,absolute_humidity,2025-08-03 16:57:37,2025-08-03 16:58:07
P2,absolute_humidity,2025-08-03 16:59:36,2025-08-03 17:00:07
P2,absolute_humidity,2025-08-03 17:01:07,2025-08-03 17:01:37
P2,absolute_humidity,2025-08-03 17:04:37,2025-08-03 17:05:07
P2,absolute_humidity,2025-08-03 17:08:07,2025-08-03 17:08:36
P2,absolute_humidity,2025-08-03 17:11:37,2025-08-03 17:12:07
P2,absolute_humidity,2025-08-03 17:15:07,2025-08-03 17:15:36
P2,absolute_humidity,2025-08-03 17:18:37,2025-08-03 17:19:06
P2,absolute_humidity,2025-08-03 17:22:07,2025-08-03 17:22:36
P2,absolute_humidity,2025-08-03 17:25:37,2025-08-03 17:26:06
P2,absolute_humidity,2025-08-03 17:29:07,2025-08-03 17:29:36
P2,absolute_humidity,2025-08-03 17:32:37,2025-08-03 17:33:06
P2,absolute_humidity,2025-08-03 17:36:07,2025-08-03 17:36:36
P2,absolute_humidity,2025-08-03 17:39:37,2025-08-03 17:40:06
P2,absolute_humidity,2025-08-04 06:22:35,2025-08-04 06:23:04
P2,absolute_humidity,2025-08-04 06:36:35,2025-08-04 06:37:04
P2,absolute_humidity,2025-08-04 06:38:34,2025-08-04 06:39:04
P2,absolute_humidity,2025-08-04 06:40:05,2025-08-04 06:41:04
P2,absolute_humidity,2025-08-04 06:42:04,2025-08-04 06:42:34
P2,absolute_humidity,2025-08-04 06:43:34,2025-08-04 06:44:34
P2,absolute_humidity,2025-08-04 06:45:34,2025-08-04 06:46:04
P2,absolute_humidity,2025-08-04 06:47:05,2025-08-04 06:48:04
P2,absolute_humidity,2025-08-04 06:49:04,2025-08-04 06:49:34
P2,absolute_humidity,2025-08-04 06:50:34,2025-08-04 06:52:04
P2,absolute_humidity,2025-08-04 06:52:34,2025-08-04 06:53:34
P2,absolute_humidity,2025-08-04 06:54:05,2025-08-04 06:55:34
P2,absolute_humidity,2025-08-04 06:56:04,2025-08-04 06:57:04
P2,absolute_humidity,2025-08-04 06:57:34,2025-08-04 06:59:04
P2,absolute_humidity,2025-08-04 06:59:34,2025-08-04 07:00:34
P2,absolute_humidity,2025-08-04 07:01:04,2025-08-04 07:02:04
P2,absolute_humidity,2025-08-04 07:03:04,2025-08-04 07:04:04
P2,absolute_humidity,2025-08-04 07:04:34,2025-08-04 07:06:04
P2,absolute_humidity,2025-08-04 07:06:34,2025-08-04 07:07:34
P2,absolute_humidity,2025-08-04 07:08:04,2025-08-04 07:09:34
P2,absolute_humidity,2025-08-04 07:10:04,2025-08-04 07:14:34
P2,absolute_humidity,2025-08-04 07:15:04,2025-08-04 07:16:34
P2,absolute_humidity,2025-08-04 07:17:04,2025-08-04 07:18:04
P2,absolute_humidity,2025-08-04 07:18:34,2025-08-04 07:58:34
P2,absolute_humidity,2025-08-04 07:59:04,2025-08-04 08:00:04
P2,absolute_humidity,2025-08-04 08:00:34,2025-08-04 08:01:34
P2,absolute_humidity,2025-08-11 06:47:34,2025-08-11 07:04:34
P2,absolute_humidity,2025-08-30 06:40:02,2025-08-30 06:41:32
P2,absolute_humidity,2025-08-30 06:42:02,2025-08-30 06:45:02
P2,absolute_humidity,2025-08-30 06:45:32,2025-08-30 06:46:32
P2,absolute_humidity,2025-08-30 06:47:02,2025-08-31 19:19:25
P2,absolute_humidity,2025-08-31 19:21:26,2025-08-31 19:21:55
P2,absolute_humidity,2025-08-31 19:23:25,2025-08-31 19:23:55
P2,absolute_humidity,2025-09-02 07:21:20,2025-09-02 07:21:50
P2,absolute_humidity,2025-09-02 07:23:20,2025-09-02 07:23:50
P2,absolute_humidity,2025-09-02 07:24:50,2025-09-02 07:43:50
P2,absolute_humidity,2025-09-05 07:29:03,2025-09-05 07:32:03
P2,absolute_humidity,2025-09-06 10:24:40,2025-09-06 10:25:10
P2,absolute_humidity,2025-09-06 10:27:10,2025-09-06 10:27:40
P2,absolute_humidity,2025-09-06 10:28:10,2025-09-06 20:29:01
P2,absolute_humidity,2025-09-07 08:29:02,2025-09-08 06:22:31
P2,absolute_humidity,2025-09-13 09:45:44,2025-09-13 09:46:14
P2,absolute_humidity,2025-09-13 09:47:44,2025-09-15 07:27:05
P2,absolute_humidity,2025-09-16 02:54:32,2025-09-16 02:55:02
P2,absolute_humidity,2025-09-16 02:59:32,2025-09-16 03:00:32
P2,absolute_humidity,2025-09-16 03:01:02,2025-09-16 03:02:32
P2,absolute_humidity,2025-09-16 03:03:02,2025-09-16 03:06:02
P2,absolute_humidity,2025-09-16 03:06:32,2025-09-16 08:04:01
P2,absolute_humidity,2025-09-17 04:15:27,2025-09-17 04:15:57
P2,absolute_humidity,2025-09-17 04:19:58,2025-09-17 04:21:27
P2,absolute_humidity,2025-09-17 04:21:57,2025-09-17 04:22:57
P2,absolute_humidity,2025-09-17 04:23:28,2025-09-17 04:24:27
P2,absolute_humidity,2025-09-17 04:25:27,2025-09-17 08:09:27
P3,absolute_humidity,2025-07-17 23:15:33,2025-07-17 23:15:50
P3,absolute_humidity,2025-07-20 13:18:27,2025-07-20 13:18:56
P3,absolute_humidity,2025-07-20 13:21:57,2025-07-20 13:22:26
P3,absolute_humidity,2025-07-20 13:25:27,2025-07-20 13:25:56
P3,absolute_humidity,2025-07-20 18:17:39,2025-07-20 18:18:12
P3,absolute_humidity,2025-07-20 18:48:02,2025-07-20 18:48:31
P3,absolute_humidity,2025-07-20 18:51:32,2025-07-20 18:52:02
P3,absolute_humidity,2025-07-20 18:55:02,2025-07-20 18:55:31
P3,absolute_humidity,2025-07-20 18:58:32,2025-07-20 18:59:04
P3,absolute_humidity,2025-07-20 19:00:02,2025-07-20 19:00:31
P3,absolute_humidity,2025-07-20 19:03:32,2025-07-20 19:04:12
P3,absolute_humidity,2025-07-20 19:05:32,2025-07-20 19:06:01
P3,absolute_humidity,2025-07-20 19:09:02,2025-07-20 19:09:31
P3,absolute_humidity,2025-07-20 19:12:32,2025-07-20 19:13:01
P3,absolute_humidity,2025-07-20 19:16:03,2025-07-20 19:16:31
P3,absolute_humidity,2025-07-20 19:19:32,2025-07-20 19:20:02
P3,absolute_humidity,2025-07-20 19:25:02,2025-07-20 19:25:31
P3,absolute_humidity,2025-07-20 19:28:32,2025-07-20 19:29:05
P3,absolute_humidity,2025-07-20 19:29:44,2025-07-20 19:57:16
P3,absolute_humidity,2025-07-20 20:00:16,2025-07-20 20:00:45
P3,absolute_humidity,2025-07-20 20:03:46,2025-07-20 20:04:20
P3,absolute_humidity,2025-07-20 20:05:39,2025-07-20 20:06:18
P3,absolute_humidity,2025-07-20 20:09:19,2025-07-20 20:09:48
P3,absolute_humidity,2025-07-20 20:12:55,2025-07-20 20:13:34
P3,absolute_humidity,2025-07-20 20:20:56,2025-07-21 08:32:30
P3,absolute_humidity,2025-07-26 06:18:16,2025-07-26 06:18:45
P3,absolute_humidity,2025-07-26 06:28:46,2025-07-26 06:29:15
P3,absolute_humidity,2025-07-26 06:32:16,2025-07-26 06:32:45
P3,absolute_humidity,2025-07-26 06:35:46,2025-07-26 06:36:15
P3,absolute_humidity,2025-07-26 06:39:17,2025-07-26 06:39:45
P3,absolute_humidity,2025-07-26 06:42:46,2025-07-26 06:43:15
P3,absolute_humidity,2025-07-26 06:46:16,2025-07-26 06:46:45
P3,absolute_humidity,2025-07-26 06:49:46,2025-07-26 06:50:15
P3,absolute_humidity,2025-07-26 06:53:16,2025-07-26 06:53:45
P3,absolute_humidity,2025-07-26 06:56:46,2025-07-26 06:57:15
P3,absolute_humidity,2025-07-26 07:00:16,2025-07-26 07:00:45
P3,absolute_humidity,2025-07-26 07:03:46,2025-07-26 07:04:15
P3,absolute_humidity,2025-07-26 07:07:16,2025-07-26 07:07:45
P3,absolute_humidity,2025-07-26 07:10:46,2025-07-26 07:11:15
P3,absolute_humidity,2025-07-26 07:14:16,2025-07-26 07:14:45
P3,absolute_humidity,2025-07-26 07:17:46,2025-07-26 07:18:15
P3,absolute_humidity,2025-07-26 07:21:16,2025-07-26 07:21:45
P3,absolute_humidity,2025-07-26 07:24:46,2025-07-26 07:25:15
P3,absolute_humidity,2025-07-26 07:28:16,2025-07-26 07:28:45
P3,absolute_humidity,2025-07-26 07:31:46,2025-07-26 07:32:15
P3,absolute_humidity,2025-07-26 07:35:16,2025-07-26 07:35:45
P3,absolute_humidity,2025-07-26 07:38:45,2025-07-26 07:39:15
P3,absolute_humidity,2025-07-26 07:42:16,2025-07-26 07:42:45
P3,absolute_humidity,2025-07-26 07:45:45,2025-07-26 07:46:15
P3,absolute_humidity,2025-07-26 07:49:15,2025-07-26 07:49:45
P3,absolute_humidity,2025-07-26 07:52:46,2025-07-26 07:53:15
P3,absolute_humidity,2025-07-26 07:56:15,2025-07-26 07:56:45
P3,absolute_humidity,2025-07-26 07:59:45,2025-07-26 08:00:15
P3,absolute_humidity,2025-07-26 08:03:15,2025-07-26 08:03:45
P3,absolute_humidity,2025-07-26 08:06:45,2025-07-26 08:07:15
P3,absolute_humidity,2025-07-26 08:10:15,2025-07-26 08:10:45
P3,absolute_humidity,2025-07-26 08:13:45,2025-07-26 08:14:15
P3,absolute_humidity,2025-07-26 08:17:15,2025-07-26 08:17:45
P3,absolute_humidity,2025-07-26 08:20:45,2025-07-26 08:21:15
P3,absolute_humidity,2025-07-26 08:24:15,2025-07-26 08:24:45
P3,absolute_humidity,2025-07-26 08:27:45,2025-07-26 08:28:15
P3,absolute_humidity,2025-07-26 08:31:15,2025-07-26 08:31:45
P3,absolute_humidity,2025-07-26 08:34:45,2025-07-26 08:35:15
P3,absolute_humidity,2025-07-26 08:36:45,2025-07-26 08:37:15
P3,absolute_humidity,2025-07-26 08:38:15,2025-07-26 08:38:45
P3,absolute_humidity,2025-07-26 08:41:45,2025-07-26 08:42:15
P3,absolute_humidity,2025-07-26 08:43:45,2025-07-26 08:44:16
P3,absolute_humidity,2025-07-26 08:45:15,2025-07-26 08:45:45
P3,absolute_humidity,2025-07-26 08:47:15,2025-07-26 08:47:45
P3,absolute_humidity,2025-07-26 08:48:45,2025-07-26 08:49:15
P3,absolute_humidity,2025-07-26 08:50:45,2025-07-26 08:51:15
P3,absolute_humidity,2025-07-26 08:52:15,2025-07-26 08:52:45
P3,absolute_humidity,2025-07-26 08:54:15,2025-07-26 08:54:45
P3,absolute_humidity,2025-07-26 08:55:45,2025-07-26 08:56:15
P3,absolute_humidity,2025-07-26 08:57:45,2025-07-26 08:58:15
P3,absolute_humidity,2025-07-26 08:59:15,2025-07-26 08:59:45
P3,absolute_humidity,2025-07-26 09:01:15,2025-07-26 09:01:45
P3,absolute_humidity,2025-07-26 09:02:45,2025-07-26 09:03:45
P3,absolute_humidity,2025-07-26 09:04:45,2025-07-26 09:05:15
P3,absolute_humidity,2025-07-26 09:06:15,2025-07-26 09:07:15
P3,absolute_humidity,2025-07-26 09:08:15,2025-07-26 09:08:45
P3,absolute_humidity,2025-07-26 09:09:45,2025-07-26 09:10:45
P3,absolute_humidity,2025-07-26 09:11:45,2025-07-26 09:12:15
P3,absolute_humidity,2025-07-26 09:13:15,2025-07-26 09:14:15
P3,absolute_humidity,2025-07-26 09:15:15,2025-07-26 09:15:45
P3,absolute_humidity,2025-07-26 09:16:45,2025-07-26 09:17:45
P3,absolute_humidity,2025-07-26 09:18:45,2025-07-26 09:19:15
P3,absolute_humidity,2025-07-26 09:20:15,2025-07-26 09:21:15
P3,absolute_humidity,2025-07-26 09:22:15,2025-07-26 09:22:45
P3,absolute_humidity,2025-07-26 09:23:45,2025-07-26 09:24:45
P3,absolute_humidity,2025-07-26 09:25:45,2025-07-26 09:26:15
P3,absolute_humidity,2025-07-26 09:27:15,2025-07-26 09:28:15
P3,absolute_humidity,2025-07-26 09:28:45,2025-07-26 09:29:45
P3,absolute_humidity,2025-07-26 09:30:45,2025-07-26 09:31:15
P3,absolute_humidity,2025-07-26 09:32:15,2025-07-26 09:33:15
P3,absolute_humidity,2025-07-26 09:34:15,2025-07-26 09:34:45
P3,absolute_humidity,2025-07-26 09:35:45,2025-07-26 09:36:45
P3,absolute_humidity,2025-07-26 09:37:45,2025-07-26 09:38:15
P3,absolute_humidity,2025-07-26 09:39:15,2025-07-26 09:40:15
P3,absolute_humidity,2025-07-26 09:41:15,2025-07-26 09:41:45
P3,absolute_humidity,2025-07-26 09:42:45,2025-07-26 09:43:45
P3,absolute_humidity,2025-07-26 09:44:45,2025-07-26 09:45:15
P3,absolute_humidity,2025-07-26 09:46:15,2025-07-26 09:47:15
P3,absolute_humidity,2025-07-26 09:48:15,2025-07-26 09:48:45
P3,absolute_humidity,2025-07-26 09:49:45,2025-07-26 09:50:45
P3,absolute_humidity,2025-07-26 09:51:45,2025-07-26 09:52:15
P3,absolute_humidity,2025-07-26 09:53:15,2025-07-26 09:54:15
P3,absolute_humidity,2025-07-26 09:55:15,2025-07-26 09:55:45
P3,absolute_humidity,2025-07-26 09:56:45,2025-07-26 09:57:45
P3,absolute_humidity,2025-07-26 09:58:45,2025-07-26 09:59:15
P3,absolute_humidity,2025-07-26 10:00:15,2025-07-26 10:01:15
P3,absolute_humidity,2025-07-26 10:02:15,2025-07-26 10:02:45
P3,absolute_humidity,2025-07-26 10:03:45,2025-07-26 10:04:45
P3,absolute_humidity,2025-07-26 10:05:45,2025-07-26 10:06:45
P3,absolute_humidity,2025-07-26 10:07:15,2025-07-26 10:08:15
P3,absolute_humidity,2025-07-26 10:09:15,2025-07-26 10:10:15
P3,absolute_humidity,2025-07-26 10:10:45,2025-07-26 10:11:45
P3,absolute_humidity,2025-07-26 10:12:45,2025-07-26 10:13:15
P3,absolute_humidity,2025-07-26 10:14:15,2025-07-26 10:15:15
P3,absolute_humidity,2025-07-26 10:16:15,2025-07-26 10:16:45
P3,absolute_humidity,2025-07-26 10:17:45,2025-07-26 10:18:45
P3,absolute_humidity,2025-07-26 10:19:45,2025-07-26 10:20:15
P3,absolute_humidity,2025-07-26 10:21:15,2025-07-26 10:22:15
P3,absolute_humidity,2025-07-26 10:23:15,2025-07-26 10:23:45
P3,absolute_humidity,2025-07-26 10:24:45,2025-07-26 10:25:45
P3,absolute_humidity,2025-07-26 10:26:45,2025-07-26 10:27:15
P3,absolute_humidity,2025-07-26 10:28:15,2025-07-26 10:29:15
P3,absolute_humidity,2025-07-26 10:30:14,2025-07-26 10:30:45
P3,absolute_humidity,2025-07-26 10:31:45,2025-07-26 10:32:45
P3,absolute_humidity,2025-07-26 10:33:45,2025-07-26 10:34:15
P3,absolute_humidity,2025-07-26 10:35:15,2025-07-26 10:36:14
P3,absolute_humidity,2025-07-26 10:37:14,2025-07-26 10:37:45
P3,absolute_humidity,2025-07-26 10:38:45,2025-07-26 10:39:45
P3,absolute_humidity,2025-07-26 10:40:45,2025-07-26 10:41:15
P3,absolute_humidity,2025-07-26 10:42:15,2025-07-26 10:43:14
P3,absolute_humidity,2025-07-26 10:44:14,2025-07-26 10:44:44
P3,absolute_humidity,2025-07-26 10:45:45,2025-07-26 10:46:44
P3,absolute_humidity,2025-07-26 10:47:44,2025-07-26 10:48:15
P3,absolute_humidity,2025-07-26 10:49:15,2025-07-26 10:50:14
P3,absolute_humidity,2025-07-26 10:51:14,2025-07-26 10:51:44
P3,absolute_humidity,2025-07-26 10:52:45,2025-07-26 10:53:44
P3,absolute_humidity,2025-07-26 10:54:44,2025-07-26 10:55:14
P3,absolute_humidity,2025-07-26 10:56:15,2025-07-26 10:57:14
P3,absolute_humidity,2025-07-26 10:58:14,2025-07-26 10:58:44
P3,absolute_humidity,2025-07-26 10:59:45,2025-07-26 11:00:44
P3,absolute_humidity,2025-07-26 11:01:44,2025-07-26 11:02:44
P3,absolute_humidity,2025-07-26 11:03:15,2025-07-26 11:04:44
P3,absolute_humidity,2025-07-26 11:05:14,2025-07-26 11:06:14
P3,absolute_humidity,2025-07-26 11:06:45,2025-07-26 11:08:14
P3,absolute_humidity,2025-07-26 11:08:44,2025-07-26 11:09:44
P3,absolute_humidity,2025-07-26 11:10:15,2025-07-26 11:11:44
P3,absolute_humidity,2025-07-26 11:12:14,2025-07-26 11:13:14
P3,absolute_humidity,2025-07-26 11:13:45,2025-07-26 11:15:14
P3,absolute_humidity,2025-07-26 11:15:44,2025-07-26 11:16:44
P3,absolute_humidity,2025-07-26 11:17:15,2025-07-26 11:18:44
P3,absolute_humidity,2025-07-26 11:19:14,2025-07-26 11:20:14
P3,absolute_humidity,2025-07-26 11:20:45,2025-07-26 11:22:14
P3,absolute_humidity,2025-07-26 11:22:44,2025-07-26 11:23:44
P3,absolute_humidity,2025-07-26 11:24:15,2025-07-26 11:25:44
P3,absolute_humidity,2025-07-26 11:26:14,2025-07-26 11:27:14
P3,absolute_humidity,2025-07-26 11:27:45,2025-07-26 11:29:15
P3,absolute_humidity,2025-07-26 11:29:44,2025-07-26 11:30:44
P3,absolute_humidity,2025-07-26 11:31:15,2025-07-26 11:32:44
P3,absolute_humidity,2025-07-26 11:33:14,2025-07-26 11:34:14
P3,absolute_humidity,2025-07-26 11:34:45,2025-07-26 11:36:14
P3,absolute_humidity,2025-07-26 11:36:44,2025-07-26 11:37:44
P3,absolute_humidity,2025-07-26 11:38:15,2025-07-26 11:41:14
P3,absolute_humidity,2025-07-26 11:41:45,2025-07-26 11:43:14
P3,absolute_humidity,2025-07-26 11:43:44,2025-07-26 11:44:44
P3,absolute_humidity,2025-07-26 11:45:15,2025-07-26 11:46:44
P3,absolute_humidity,2025-07-26 11:47:14,2025-07-26 11:48:14
P3,absolute_humidity,2025-07-26 11:48:45,2025-07-26 11:50:14
P3,absolute_humidity,2025-07-26 11:50:44,2025-07-26 11:51:44
P3,absolute_humidity,2025-07-26 11:52:15,2025-07-26 11:58:44
P3,absolute_humidity,2025-07-26 11:59:15,2025-07-26 12:04:14
P3,absolute_humidity,2025-07-26 12:04:44,2025-07-26 12:05:44
P3,absolute_humidity,2025-07-26 12:06:15,2025-07-28 08:05:22
P3,absolute_humidity,2025-07-28 08:06:22,2025-07-28 08:06:52
P3,absolute_humidity,2025-07-28 08:07:53,2025-07-28 08:08:22
P3,absolute_humidity,2025-07-30 00:26:51,2025-07-30 00:27:21
P3,absolute_humidity,2025-07-30 00:30:21,2025-07-30 00:30:51
P3,absolute_humidity,2025-07-30 00:33:51,2025-07-30 00:34:21
P3,absolute_humidity,2025-07-30 00:37:21,2025-07-30 00:37:51
P3,absolute_humidity,2025-07-30 00:40:51,2025-07-30 00:41:21
P3,absolute_humidity,2025-07-30 00:44:21,2025-07-30 00:44:51
P3,absolute_humidity,2025-07-30 00:47:51,2025-07-30 00:48:21
P3,absolute_humidity,2025-07-30 00:51:21,2025-07-30 00:51:51
P3,absolute_humidity,2025-07-30 00:54:51,2025-07-30 00:55:21
P3,absolute_humidity,2025-07-30 00:58:21,2025-07-30 00:58:51
P3,absolute_humidity,2025-07-30 01:01:51,2025-07-30 01:02:21
P3,absolute_humidity,2025-07-30 01:05:21,2025-07-30 01:05:51
P3,absolute_humidity,2025-07-30 01:08:51,2025-07-30 01:09:21
P3,absolute_humidity,2025-07-30 01:12:21,2025-07-30 01:12:51
P3,absolute_humidity,2025-07-30 01:15:51,2025-07-30 01:16:21
P3,absolute_humidity,2025-07-30 01:19:21,2025-07-30 01:19:51
P3,absolute_humidity,2025-07-30 01:22:51,2025-07-30 01:23:21
P3,absolute_humidity,2025-07-30 01:26:21,2025-07-30 01:26:51
P3,absolute_humidity,2025-07-30 01:29:51,2025-07-30 01:30:21
P3,absolute_humidity,2025-07-30 01:31:51,2025-07-30 01:32:21
P3,absolute_humidity,2025-07-30 01:33:21,2025-07-30 01:33:51
P3,absolute_humidity,2025-07-30 01:35:21,2025-07-30 01:35:51
P3,absolute_humidity,2025-07-30 01:36:51,2025-07-30 01:37:21
P3,absolute_humidity,2025-07-30 01:40:21,2025-07-30 01:40:51
P3,absolute_humidity,2025-07-30 01:42:21,2025-07-30 01:42:51
P3,absolute_humidity,2025-07-30 01:43:51,2025-07-30 01:44:21
P3,absolute_humidity,2025-07-30 01:45:51,2025-07-30 01:46:21
P3,absolute_humidity,2025-07-30 01:47:21,2025-07-30 01:48:21
P3,absolute_humidity,2025-07-30 01:49:21,2025-07-30 01:49:51
P3,absolute_humidity,2025-07-30 01:50:51,2025-07-30 01:51:51
P3,absolute_humidity,2025-07-30 01:52:51,2025-07-30 01:53:20
P3,absolute_humidity,2025-07-30 01:54:21,2025-07-30 01:55:21
P3,absolute_humidity,2025-07-30 01:56:20,2025-07-30 01:56:51
P3,absolute_humidity,2025-07-30 01:57:51,2025-07-30 01:58:51
P3,absolute_humidity,2025-07-30 01:59:51,2025-07-30 02:00:20
P3,absolute_humidity,2025-07-30 02:01:21,2025-07-30 02:02:21
P3,absolute_humidity,2025-07-30 02:03:21,2025-07-30 02:03:51
P3,absolute_humidity,2025-07-30 02:04:51,2025-07-30 02:05:50
P3,absolute_humidity,2025-07-30 02:06:50,2025-07-30 02:07:21
P3,absolute_humidity,2025-07-30 02:08:21,2025-07-30 02:09:20
P3,absolute_humidity,2025-07-30 02:10:20,2025-07-30 02:10:50
P3,absolute_humidity,2025-07-30 02:11:51,2025-07-30 02:12:50
P3,absolute_humidity,2025-07-30 02:13:50,2025-07-30 02:14:50
P3,absolute_humidity,2025-07-30 02:15:21,2025-07-30 02:16:21
P3,absolute_humidity,2025-07-30 02:17:20,2025-07-30 02:18:20
P3,absolute_humidity,2025-07-30 02:18:51,2025-07-30 02:19:50
P3,absolute_humidity,2025-07-30 02:20:51,2025-07-30 02:21:50
P3,absolute_humidity,2025-07-30 02:22:21,2025-07-30 02:23:21
P3,absolute_humidity,2025-07-30 02:24:20,2025-07-30 02:25:20
P3,absolute_humidity,2025-07-30 02:25:51,2025-07-30 02:27:20
P3,absolute_humidity,2025-07-30 02:27:50,2025-07-30 02:28:50
P3,absolute_humidity,2025-07-30 02:29:21,2025-07-30 02:30:50
P3,absolute_humidity,2025-07-30 02:31:20,2025-07-30 02:32:20
P3,absolute_humidity,2025-07-30 02:32:51,2025-07-30 02:34:20
P3,absolute_humidity,2025-07-30 02:34:50,2025-07-30 02:35:50
P3,absolute_humidity,2025-07-30 02:36:21,2025-07-30 02:37:50
P3,absolute_humidity,2025-07-30 02:38:20,2025-07-30 02:39:20
P3,absolute_humidity,2025-07-30 02:39:51,2025-07-30 02:41:20
P3,absolute_humidity,2025-07-30 02:41:50,2025-07-30 02:42:50
P3,absolute_humidity,2025-07-30 02:43:21,2025-07-30 02:46:20
P3,absolute_humidity,2025-07-30 02:46:51,2025-07-30 02:48:20
P3,absolute_humidity,2025-07-30 02:48:50,2025-07-30 07:40:19
P3,absolute_humidity,2025-07-30 07:40:50,2025-07-30 07:41:49
P3,absolute_humidity,2025-07-30 07:44:20,2025-07-30 07:44:49
P3,absolute_humidity,2025-07-30 10:14:50,2025-07-30 10:15:19
P3,absolute_humidity,2025-07-30 10:19:49,2025-07-30 10:20:19
P3,absolute_humidity,2025-07-30 10:23:19,2025-07-30 10:23:49
P3,absolute_humidity,2025-07-30 10:26:49,2025-07-30 10:27:19
P3,absolute_humidity,2025-07-30 16:58:48,2025-07-30 16:59:18
P3,absolute_humidity,2025-08-04 07:02:24,2025-08-04 07:03:53
P3,absolute_humidity,2025-08-04 07:04:23,2025-08-04 07:05:23
P3,absolute_humidity,2025-08-04 07:55:53,2025-08-04 07:56:23
P3,absolute_humidity,2025-08-05 04:50:34,2025-08-05 04:51:04
P3,absolute_humidity,2025-08-05 04:53:33,2025-08-05 04:57:03
P3,absolute_humidity,2025-08-05 05:00:03,2025-08-05 05:00:33
P3,absolute_humidity,2025-08-05 05:01:04,2025-08-05 05:02:33
P3,absolute_humidity,2025-08-05 05:03:03,2025-08-05 05:15:33
P3,absolute_humidity,2025-08-05 05:17:33,2025-08-05 05:18:03
P3,absolute_humidity,2025-08-05 05:18:34,2025-08-05 05:21:33
P3,absolute_humidity,2025-08-05 05:22:04,2025-08-05 05:23:04
P3,absolute_humidity,2025-08-05 05:23:33,2025-08-05 05:26:33
P3,absolute_humidity,2025-08-05 05:28:03,2025-08-05 05:28:33
P3,absolute_humidity,2025-08-05 05:29:33,2025-08-05 05:30:03
P3,absolute_humidity,2025-08-05 05:31:03,2025-08-05 05:31:33
P3,absolute_humidity,2025-08-05 05:32:03,2025-08-05 05:33:33
P3,absolute_humidity,2025-08-05 05:36:04,2025-08-05 05:37:03
P3,absolute_humidity,2025-08-05 05:38:33,2025-08-05 05:39:03
P3,absolute_humidity,2025-08-05 05:39:34,2025-08-05 05:48:03
P3,absolute_humidity,2025-08-05 05:48:33,2025-08-05 05:49:33
P3,absolute_humidity,2025-08-05 05:50:04,2025-08-05 05:51:33
P3,absolute_humidity,2025-08-05 05:52:03,2025-08-05 05:52:33
P3,absolute_humidity,2025-08-05 05:54:03,2025-08-05 05:54:33
P3,absolute_humidity,2025-08-05 05:57:33,2025-08-05 05:58:03
P3,absolute_humidity,2025-08-05 05:59:03,2025-08-05 06:00:03
P3,absolute_humidity,2025-08-05 06:00:34,2025-08-05 06:01:03
P3,absolute_humidity,2025-08-05 06:02:03,2025-08-05 06:03:33
P3,absolute_humidity,2025-08-05 06:04:04,2025-08-05 06:05:33
P3,absolute_humidity,2025-08-05 06:06:03,2025-08-05 06:06:33
P3,absolute_humidity,2025-08-05 06:07:34,2025-08-05 06:08:33
P3,absolute_humidity,2025-08-05 06:09:33,2025-08-05 07:08:33
P3,absolute_humidity,2025-08-05 07:09:03,2025-08-05 07:09:33
P3,absolute_humidity,2025-08-05 07:10:34,2025-08-05 07:12:03
P3,absolute_humidity,2025-08-05 07:12:33,2025-08-05 07:13:33
P3,absolute_humidity,2025-08-05 07:17:34,2025-08-05 07:18:03
P3,absolute_humidity,2025-08-05 07:27:33,2025-08-05 07:32:03
P3,absolute_humidity,2025-08-09 04:52:10,2025-08-09 04:53:40
P3,absolute_humidity,2025-08-09 04:54:40,2025-08-09 04:55:10
P3,absolute_humidity,2025-08-09 04:55:40,2025-08-09 04:57:40
P3,absolute_humidity,2025-08-09 04:58:10,2025-08-09 04:58:40
P3,absolute_humidity,2025-08-09 04:59:41,2025-08-09 05:00:40
P3,absolute_humidity,2025-08-09 05:01:40,2025-08-09 05:02:10
P3,absolute_humidity,2025-08-09 05:03:11,2025-08-09 05:18:40
P3,absolute_humidity,2025-08-09 05:19:10,2025-08-09 05:21:40
P3,absolute_humidity,2025-08-09 05:22:10,2025-08-09 05:29:10
P3,absolute_humidity,2025-08-09 05:29:40,2025-08-09 05:34:10
P3,absolute_humidity,2025-08-09 05:34:41,2025-08-09 05:37:40
P3,absolute_humidity,2025-08-09 05:38:11,2025-08-09 05:38:40
P3,absolute_humidity,2025-08-09 05:41:41,2025-08-09 05:46:40
P3,absolute_humidity,2025-08-09 05:47:10,2025-08-09 05:49:40
P3,absolute_humidity,2025-08-09 05:50:10,2025-08-09 05:54:10
P3,absolute_humidity,2025-08-09 05:54:40,2025-08-09 05:55:10
P3,absolute_humidity,2025-08-09 05:55:41,2025-08-09 05:56:10
P3,absolute_humidity,2025-08-09 05:57:40,2025-08-09 05:58:10
P3,absolute_humidity,2025-08-09 05:59:11,2025-08-09 05:59:40
P3,absolute_humidity,2025-08-09 06:00:10,2025-08-09 06:00:40
P3,absolute_humidity,2025-08-09 06:01:10,2025-08-09 06:05:40
P3,absolute_humidity,2025-08-09 06:06:11,2025-08-09 06:07:10
P3,absolute_humidity,2025-08-09 06:08:10,2025-08-09 06:11:10
P3,absolute_humidity,2025-08-09 06:11:40,2025-08-09 06:13:11
P3,absolute_humidity,2025-08-09 06:14:10,2025-08-09 06:16:10
P3,absolute_humidity,2025-08-09 06:16:41,2025-08-09 06:17:40
P3,absolute_humidity,2025-08-09 06:18:10,2025-08-09 06:25:10
P3,absolute_humidity,2025-08-09 06:26:10,2025-08-09 06:27:40
P3,absolute_humidity,2025-08-09 06:29:10,2025-08-09 06:30:10
P3,absolute_humidity,2025-08-09 06:30:40,2025-08-09 06:31:40
P3,absolute_humidity,2025-08-09 06:32:40,2025-08-09 06:34:40
P3,absolute_humidity,2025-08-09 06:35:10,2025-08-09 06:35:40
P3,absolute_humidity,2025-08-09 06:37:40,2025-08-09 06:38:10
P3,absolute_humidity,2025-08-09 06:54:10,2025-08-09 06:54:40
P3,absolute_humidity,2025-08-09 07:21:40,2025-08-09 07:28:10
P3,absolute_humidity,2025-08-09 07:28:40,2025-08-09 08:15:10
P3,absolute_humidity,2025-08-09 08:15:40,2025-08-09 08:16:10
P3,absolute_humidity,2025-08-09 08:16:40,2025-08-09 08:17:40
P3,absolute_humidity,2025-08-09 08:21:10,2025-08-09 08:21:40
P3,absolute_humidity,2025-08-10 01:27:07,2025-08-10 01:27:37
P3,absolute_humidity,2025-08-10 01:28:07,2025-08-10 01:28:37
P3,absolute_humidity,2025-08-10 01:29:07,2025-08-10 01:30:37
P3,absolute_humidity,2025-08-10 01:35:07,2025-08-10 04:59:36
P3,absolute_humidity,2025-08-10 05:00:06,2025-08-10 05:06:36
P3,absolute_humidity,2025-08-10 05:07:06,2025-08-10 05:08:06
P3,absolute_humidity,2025-08-10 05:08:36,2025-08-10 05:09:36
P3,absolute_humidity,2025-08-10 05:10:06,2025-08-10 05:11:06
P3,absolute_humidity,2025-08-10 05:12:06,2025-08-10 05:12:36
P3,absolute_humidity,2025-08-10 05:13:36,2025-08-10 05:14:06
P3,absolute_humidity,2025-08-10 22:35:33,2025-08-10 22:36:03
P3,absolute_humidity,2025-08-10 22:37:03,2025-08-10 22:37:33
P3,absolute_humidity,2025-08-10 22:38:03,2025-08-10 22:40:03
P3,absolute_humidity,2025-08-10 22:41:03,2025-08-10 22:41:33
P3,absolute_humidity,2025-08-10 22:42:03,2025-08-11 01:15:32
P3,absolute_humidity,2025-08-11 01:16:03,2025-08-11 01:17:32
P3,absolute_humidity,2025-08-11 01:18:02,2025-08-11 01:24:32
P3,absolute_humidity,2025-08-11 01:25:02,2025-08-11 02:14:32
P3,absolute_humidity,2025-08-11 02:15:02,2025-08-11 02:20:32
P3,absolute_humidity,2025-08-11 02:21:02,2025-08-11 02:21:32
P3,absolute_humidity,2025-08-11 02:22:32,2025-08-11 02:23:02
P3,absolute_humidity,2025-08-11 02:24:02,2025-08-11 02:25:32
P3,absolute_humidity,2025-08-11 02:26:03,2025-08-11 02:26:32
P3,absolute_humidity,2025-08-11 02:44:32,2025-08-11 02:45:02
P3,absolute_humidity,2025-08-11 02:45:32,2025-08-11 02:46:32
P3,absolute_humidity,2025-08-11 02:48:02,2025-08-11 02:48:32
P3,absolute_humidity,2025-08-11 02:49:02,2025-08-11 02:50:02
P3,absolute_humidity,2025-08-11 02:51:02,2025-08-11 02:52:02
P3,absolute_humidity,2025-08-11 02:52:32,2025-08-11 02:55:02
P3,absolute_humidity,2025-08-11 02:55:32,2025-08-11 07:05:31
P3,absolute_humidity,2025-08-30 19:04:08,2025-08-30 19:05:08
P3,absolute_humidity,2025-08-30 19:05:39,2025-08-31 16:50:34
P3,absolute_humidity,2025-08-31 18:29:04,2025-08-31 18:29:34
P3,absolute_humidity,2025-08-31 19:40:34,2025-08-31 19:41:04
P3,absolute_humidity,2025-08-31 19:42:04,2025-08-31 19:43:04
P3,absolute_humidity,2025-08-31 19:48:34,2025-08-31 19:49:04
P3,absolute_humidity,2025-08-31 19:50:04,2025-08-31 19:50:34
P3,absolute_humidity,2025-08-31 20:11:34,2025-08-31 20:12:04
P3,absolute_humidity,2025-08-31 20:20:04,2025-08-31 20:20:34
P3,absolute_humidity,2025-08-31 20:26:34,2025-08-31 20:27:04
P3,absolute_humidity,2025-08-31 20:29:04,2025-08-31 20:29:34
P3,absolute_humidity,2025-08-31 20:31:04,2025-08-31 20:31:34
P3,absolute_humidity,2025-08-31 20:33:04,2025-08-31 20:33:34
P3,absolute_humidity,2025-08-31 20:35:34,2025-08-31 20:36:04
P3,absolute_humidity,2025-08-31 20:37:04,2025-08-31 20:37:34
P3,absolute_humidity,2025-08-31 20:39:34,2025-08-31 20:40:04
P3,absolute_humidity,2025-08-31 20:43:34,2025-08-31 20:44:03
P3,absolute_humidity,2025-08-31 20:46:34,2025-08-31 20:47:04
P3,absolute_humidity,2025-08-31 20:48:03,2025-08-31 20:48:33
P3,absolute_humidity,2025-08-31 20:52:04,2025-08-31 20:52:33
P3,absolute_humidity,2025-08-31 20:58:04,2025-08-31 20:58:34
P3,absolute_humidity,2025-08-31 21:08:04,2025-08-31 21:08:33
P3,absolute_humidity,2025-08-31 21:13:33,2025-08-31 21:14:33
P3,absolute_humidity,2025-08-31 21:16:03,2025-08-31 21:16:33
P3,absolute_humidity,2025-08-31 21:25:34,2025-08-31 21:26:03
P3,absolute_humidity,2025-08-31 21:27:03,2025-08-31 21:27:33
P3,absolute_humidity,2025-08-31 21:29:33,2025-08-31 21:30:03
P3,absolute_humidity,2025-08-31 21:31:03,2025-08-31 21:31:33
P3,absolute_humidity,2025-08-31 21:37:33,2025-08-31 21:38:33
P3,absolute_humidity,2025-08-31 21:47:33,2025-08-31 21:48:03
P3,absolute_humidity,2025-08-31 21:48:33,2025-08-31 21:49:03
P3,absolute_humidity,2025-08-31 21:49:33,2025-08-31 21:53:03
P3,absolute_humidity,2025-08-31 21:53:34,2025-08-31 21:56:33
P3,absolute_humidity,2025-08-31 21:57:04,2025-08-31 22:56:34
P3,absolute_humidity,2025-08-31 22:59:03,2025-08-31 22:59:33
P3,absolute_humidity,2025-08-31 23:00:04,2025-08-31 23:01:03
P3,absolute_humidity,2025-08-31 23:02:03,2025-08-31 23:02:33
P3,absolute_humidity,2025-08-31 23:03:03,2025-08-31 23:03:34
P3,absolute_humidity,2025-08-31 23:07:04,2025-08-31 23:09:03
P3,absolute_humidity,2025-08-31 23:10:33,2025-08-31 23:11:33
P3,absolute_humidity,2025-08-31 23:12:03,2025-08-31 23:12:33
P3,absolute_humidity,2025-08-31 23:13:03,2025-08-31 23:14:04
P3,absolute_humidity,2025-08-31 23:14:33,2025-08-31 23:16:03
P3,absolute_humidity,2025-08-31 23:20:33,2025-08-31 23:21:04
P3,absolute_humidity,2025-08-31 23:21:33,2025-08-31 23:22:03
P3,absolute_humidity,2025-08-31 23:23:03,2025-08-31 23:23:33
P3,absolute_humidity,2025-08-31 23:24:03,2025-08-31 23:24:33
P3,absolute_humidity,2025-08-31 23:28:04,2025-08-31 23:28:33
P3,absolute_humidity,2025-08-31 23:33:33,2025-08-31 23:34:03
P3,absolute_humidity,2025-08-31 23:37:03,2025-08-31 23:37:33
P3,absolute_humidity,2025-08-31 23:39:03,2025-08-31 23:39:33
P3,absolute_humidity,2025-08-31 23:47:33,2025-08-31 23:48:03
P3,absolute_humidity,2025-08-31 23:49:03,2025-08-31 23:49:33
P3,absolute_humidity,2025-08-31 23:52:33,2025-08-31 23:53:03
P3,absolute_humidity,2025-08-31 23:53:33,2025-08-31 23:54:03
P3,absolute_humidity,2025-09-01 00:23:03,2025-09-01 00:23:33
P3,absolute_humidity,2025-09-01 00:26:03,2025-09-01 00:26:33
P3,absolute_humidity,2025-09-01 00:36:33,2025-09-01 00:37:03
P3,absolute_humidity,2025-09-01 00:46:33,2025-09-01 00:47:03
P3,absolute_humidity,2025-09-01 01:08:03,2025-09-01 01:08:33
P3,absolute_humidity,2025-09-01 01:12:03,2025-09-01 01:12:33
P3,absolute_humidity,2025-09-01 01:25:03,2025-09-01 01:26:03
P3,absolute_humidity,2025-09-01 01:28:03,2025-09-01 01:28:33
P3,absolute_humidity,2025-09-01 01:29:03,2025-09-01 01:29:33
P3,absolute_humidity,2025-09-01 01:30:33,2025-09-01 01:32:03
P3,absolute_humidity,2025-09-01 01:32:33,2025-09-01 01:33:03
P3,absolute_humidity,2025-09-01 01:33:33,2025-09-01 01:34:33
P3,absolute_humidity,2025-09-01 01:38:33,2025-09-01 01:39:03
P3,absolute_humidity,2025-09-01 01:48:03,2025-09-01 01:48:33
P3,absolute_humidity,2025-09-01 01:57:03,2025-09-01 01:57:33
P3,absolute_humidity,2025-09-01 01:59:33,2025-09-01 02:00:33
P3,absolute_humidity,2025-09-01 04:18:33,2025-09-01 04:19:02
P3,absolute_humidity,2025-09-01 04:31:02,2025-09-01 04:31:32
P3,absolute_humidity,2025-09-01 04:58:32,2025-09-01 04:59:02
P3,absolute_humidity,2025-09-02 02:51:25,2025-09-02 02:51:54
P3,absolute_humidity,2025-09-02 02:53:54,2025-09-02 02:54:24
P3,absolute_humidity,2025-09-02 02:54:55,2025-09-02 02:58:25
P3,absolute_humidity,2025-09-02 02:58:54,2025-09-02 07:51:24
P3,absolute_humidity,2025-09-07 15:34:58,2025-09-07 15:35:28
P3,absolute_humidity,2025-09-07 15:35:58,2025-09-07 15:37:28
P3,absolute_humidity,2025-09-07 15:37:58,2025-09-07 15:39:28
P3,absolute_humidity,2025-09-07 15:39:58,2025-09-07 15:40:28
P3,absolute_humidity,2025-09-07 15:41:28,2025-09-07 15:41:58
P3,absolute_humidity,2025-09-07 15:42:28,2025-09-07 16:05:28
P3,absolute_humidity,2025-09-07 16:05:58,2025-09-07 16:08:28
P3,absolute_humidity,2025-09-07 16:08:58,2025-09-07 16:09:28
P3,absolute_humidity,2025-09-07 16:12:58,2025-09-07 16:13:28
P3,absolute_humidity,2025-09-07 16:14:28,2025-09-07 16:16:58
P3,absolute_humidity,2025-09-07 16:17:28,2025-09-07 16:18:28
P3,absolute_humidity,2025-09-07 16:19:28,2025-09-07 16:19:58
P3,absolute_humidity,2025-09-07 16:20:28,2025-09-07 16:20:58
P3,absolute_humidity,2025-09-07 16:22:28,2025-09-07 16:22:58
P3,absolute_humidity,2025-09-07 18:48:28,2025-09-07 18:48:57
P3,absolute_humidity,2025-09-07 18:54:27,2025-09-07 18:54:57
P3,absolute_humidity,2025-09-07 18:57:57,2025-09-07 18:58:27
P3,absolute_humidity,2025-09-07 18:58:58,2025-09-07 19:00:27
P3,absolute_humidity,2025-09-07 19:01:27,2025-09-07 19:02:57
P3,absolute_humidity,2025-09-07 19:04:27,2025-09-07 19:06:27
P3,absolute_humidity,2025-09-07 19:06:57,2025-09-07 19:07:27
P3,absolute_humidity,2025-09-07 19:07:57,2025-09-07 19:10:27
P3,absolute_humidity,2025-09-07 19:10:57,2025-09-07 19:13:27
P3,absolute_humidity,2025-09-07 19:13:57,2025-09-07 19:25:57
P3,absolute_humidity,2025-09-07 19:26:57,2025-09-07 20:45:27
P3,absolute_humidity,2025-09-07 20:45:57,2025-09-07 20:46:27
P3,absolute_humidity,2025-09-07 20:47:27,2025-09-07 20:48:27
P3,absolute_humidity,2025-09-07 20:48:57,2025-09-07 20:58:27
P3,absolute_humidity,2025-09-07 20:58:57,2025-09-07 21:00:27
P3,absolute_humidity,2025-09-07 21:00:57,2025-09-07 21:33:57
P3,absolute_humidity,2025-09-07 21:34:57,2025-09-07 22:01:57
P3,absolute_humidity,2025-09-07 22:02:57,2025-09-07 22:03:56
P3,absolute_humidity,2025-09-07 22:04:57,2025-09-07 22:05:57
P3,absolute_humidity,2025-09-07 22:06:27,2025-09-07 22:08:57
P3,absolute_humidity,2025-09-07 22:09:27,2025-09-07 22:12:27
P3,absolute_humidity,2025-09-07 22:12:57,2025-09-07 22:13:27
P3,absolute_humidity,2025-09-07 22:14:57,2025-09-07 22:15:26
P3,absolute_humidity,2025-09-07 22:15:57,2025-09-07 22:17:56
P3,absolute_humidity,2025-09-07 22:18:27,2025-09-07 22:26:56
P3,absolute_humidity,2025-09-07 22:27:27,2025-09-07 22:46:56
P3,absolute_humidity,2025-09-07 22:47:26,2025-09-07 23:03:26
P3,absolute_humidity,2025-09-07 23:03:57,2025-09-07 23:05:26
P3,absolute_humidity,2025-09-07 23:05:56,2025-09-07 23:08:26
P3,absolute_humidity,2025-09-07 23:09:26,2025-09-07 23:13:26
P3,absolute_humidity,2025-09-07 23:14:27,2025-09-07 23:15:26
P3,absolute_humidity,2025-09-07 23:16:26,2025-09-07 23:22:56
P3,absolute_humidity,2025-09-07 23:23:26,2025-09-07 23:24:57
P3,absolute_humidity,2025-09-07 23:25:26,2025-09-07 23:32:26
P3,absolute_humidity,2025-09-07 23:32:56,2025-09-07 23:33:56
P3,absolute_humidity,2025-09-07 23:34:26,2025-09-07 23:35:56
P3,absolute_humidity,2025-09-07 23:36:26,2025-09-07 23:37:56
P3,absolute_humidity,2025-09-07 23:38:57,2025-09-07 23:39:56
P3,absolute_humidity,2025-09-07 23:42:27,2025-09-07 23:43:26
P3,absolute_humidity,2025-09-07 23:44:26,2025-09-07 23:45:26
P3,absolute_humidity,2025-09-07 23:45:57,2025-09-07 23:50:56
P3,absolute_humidity,2025-09-07 23:51:26,2025-09-07 23:52:26
P3,absolute_humidity,2025-09-07 23:52:57,2025-09-07 23:53:26
P3,absolute_humidity,2025-09-07 23:54:26,2025-09-07 23:55:26
P3,absolute_humidity,2025-09-07 23:56:27,2025-09-08 00:04:56
P3,absolute_humidity,2025-09-08 00:05:26,2025-09-08 06:21:26
P3,absolute_humidity,2025-09-13 17:13:11,2025-09-13 17:13:41
P3,absolute_humidity,2025-09-13 17:17:11,2025-09-13 17:17:41
P3,absolute_humidity,2025-09-13 17:18:11,2025-09-13 17:19:11
P3,absolute_humidity,2025-09-13 17:19:41,2025-09-13 17:21:41
P3,absolute_humidity,2025-09-13 17:22:11,2025-09-14 05:09:09
P3,absolute_humidity,2025-09-14 05:09:39,2025-09-14 05:12:09
P3,absolute_humidity,2025-09-14 05:13:39,2025-09-14 05:14:39
P3,absolute_humidity,2025-09-14 05:16:39,2025-09-14 05:18:39
P3,absolute_humidity,2025-09-14 05:19:09,2025-09-14 05:21:09
P3,absolute_humidity,2025-09-14 05:21:39,2025-09-14 05:23:39
P3,absolute_humidity,2025-09-14 05:24:09,2025-09-14 05:27:09
P3,absolute_humidity,2025-09-14 05:27:39,2025-09-14 05:28:39
P3,absolute_humidity,2025-09-14 05:29:09,2025-09-14 05:30:39
P3,absolute_humidity,2025-09-14 05:31:09,2025-09-14 05:31:39
P3,absolute_humidity,2025-09-14 05:32:39,2025-09-14 05:33:39
P3,absolute_humidity,2025-09-14 05:34:39,2025-09-14 05:35:39
P3,absolute_humidity,2025-09-14 05:37:09,2025-09-14 05:39:09
P3,absolute_humidity,2025-09-14 05:40:09,2025-09-14 05:40:39
P3,absolute_humidity,2025-09-14 05:41:39,2025-09-14 05:42:09
P3,absolute_humidity,2025-09-14 05:43:09,2025-09-14 05:44:09
P3,absolute_humidity,2025-09-14 05:46:39,2025-09-14 05:47:09
P3,absolute_humidity,2025-09-14 05:51:09,2025-09-14 05:51:39
P3,absolute_humidity,2025-09-14 07:25:08,2025-09-14 07:26:39
P3,absolute_humidity,2025-09-14 07:27:08,2025-09-14 07:28:08
P3,absolute_humidity,2025-09-14 07:28:38,2025-09-14 07:29:38
P3,absolute_humidity,2025-09-14 07:30:09,2025-09-14 15:29:07
P3,absolute_humidity,2025-09-14 15:29:37,2025-09-14 15:38:07
P3,absolute_humidity,2025-09-14 15:38:37,2025-09-14 15:39:07
P3,absolute_humidity,2025-09-14 15:39:37,2025-09-14 15:43:07
P3,absolute_humidity,2025-09-14 15:43:37,2025-09-14 15:44:07
P3,absolute_humidity,2025-09-14 15:44:37,2025-09-14 15:45:07
P3,absolute_humidity,2025-09-14 15:45:37,2025-09-14 15:46:37
P3,absolute_humidity,2025-09-14 15:47:07,2025-09-14 15:48:37
P3,absolute_humidity,2025-09-14 15:49:07,2025-09-14 15:54:07
P3,absolute_humidity,2025-09-14 15:55:07,2025-09-14 16:00:07
P3,absolute_humidity,2025-09-14 16:01:37,2025-09-14 16:02:07
P3,absolute_humidity,2025-09-14 16:04:37,2025-09-14 16:05:37
P3,absolute_humidity,2025-09-14 16:06:37,2025-09-14 16:07:37
P3,absolute_humidity,2025-09-14 16:14:07,2025-09-14 16:16:07
P3,absolute_humidity,2025-09-14 16:17:07,2025-09-14 16:17:37
P3,absolute_humidity,2025-09-14 16:18:37,2025-09-14 16:19:37
P3,absolute_humidity,2025-09-14 16:20:07,2025-09-14 16:21:37
P3,absolute_humidity,2025-09-14 16:22:37,2025-09-14 16:24:37
P3,absolute_humidity,2025-09-14 16:25:07,2025-09-14 16:26:37
P3,absolute_humidity,2025-09-14 16:27:37,2025-09-14 16:31:37
P3,absolute_humidity,2025-09-14 16:32:07,2025-09-14 16:40:07
P3,absolute_humidity,2025-09-14 16:41:37,2025-09-14 16:42:07
P3,absolute_humidity,2025-09-14 16:43:07,2025-09-14 16:44:07
P3,absolute_humidity,2025-09-14 16:44:37,2025-09-14 16:46:07
P3,absolute_humidity,2025-09-14 16:46:37,2025-09-14 16:47:37
P3,absolute_humidity,2025-09-14 16:48:37,2025-09-14 16:49:37
P3,absolute_humidity,2025-09-14 16:50:37,2025-09-14 16:51:07
P3,absolute_humidity,2025-09-14 16:52:07,2025-09-14 16:52:37
P3,absolute_humidity,2025-09-14 21:52:36,2025-09-14 21:53:06
P3,absolute_humidity,2025-09-14 21:54:06,2025-09-14 21:55:06
P3,absolute_humidity,2025-09-14 21:56:06,2025-09-14 21:57:06
P3,absolute_humidity,2025-09-14 21:57:36,2025-09-14 21:58:36
P3,absolute_humidity,2025-09-14 22:02:06,2025-09-14 22:02:36
P3,absolute_humidity,2025-09-14 22:03:06,2025-09-14 22:03:36
P3,absolute_humidity,2025-09-14 22:04:06,2025-09-14 22:04:36
P3,absolute_humidity,2025-09-14 22:05:06,2025-09-14 22:06:06
P3,absolute_humidity,2025-09-14 22:06:36,2025-09-14 22:09:36
P3,absolute_humidity,2025-09-14 22:10:06,2025-09-14 23:02:36
P3,absolute_humidity,2025-09-14 23:03:36,2025-09-14 23:04:06
P3,absolute_humidity,2025-09-14 23:04:35,2025-09-14 23:05:05
P3,absolute_humidity,2025-09-14 23:05:36,2025-09-14 23:06:05
P3,absolute_humidity,2025-09-14 23:06:35,2025-09-14 23:08:35
P3,absolute_humidity,2025-09-14 23:09:35,2025-09-14 23:13:35
P3,absolute_humidity,2025-09-14 23:14:35,2025-09-14 23:15:35
P3,absolute_humidity,2025-09-14 23:16:05,2025-09-14 23:16:35
P3,absolute_humidity,2025-09-14 23:17:36,2025-09-14 23:18:05
P3,absolute_humidity,2025-09-14 23:21:06,2025-09-14 23:21:38
P3,absolute_humidity,2025-09-14 23:26:35,2025-09-14 23:27:05
P3,absolute_humidity,2025-09-14 23:33:06,2025-09-14 23:33:35
P3,absolute_humidity,2025-09-14 23:36:36,2025-09-14 23:37:05
P3,absolute_humidity,2025-09-14 23:40:06,2025-09-14 23:41:05
P3,absolute_humidity,2025-09-14 23:42:35,2025-09-14 23:43:05
P3,absolute_humidity,2025-09-14 23:43:36,2025-09-14 23:45:05
P3,absolute_humidity,2025-09-14 23:45:35,2025-09-15 07:31:04
P3,absolute_humidity,2025-09-16 02:28:47,2025-09-16 02:29:17
P3,absolute_humidity,2025-09-16 02:30:47,2025-09-16 02:32:47
P3,absolute_humidity,2025-09-16 02:33:18,2025-09-16 08:07:16
P3,absolute_humidity,2025-09-17 04:07:13,2025-09-17 04:07:43
P3,absolute_humidity,2025-09-17 04:09:13,2025-09-17 04:10:43
P3,absolute_humidity,2025-09-17 04:11:43,2025-09-17 04:13:14
P3,absolute_humidity,2025-09-17 04:13:43,2025-09-17 07:09:43
P3,absolute_humidity,2025-09-17 07:10:43,2025-09-17 07:13:13
P3,absolute_humidity,2025-09-17 07:13:43,2025-09-17 07:18:13
P3,absolute_humidity,2025-09-17 07:18:43,2025-09-17 07:20:13
P3,absolute_humidity,2025-09-17 07:20:43,2025-09-17 07:23:13
P3,absolute_humidity,2025-09-17 07:23:43,2025-09-17 08:03:13
P1,co2,2025-07-18 13:34:26,2025-07-18 13:49:58
P1,co2,2025-07-18 13:55:59,2025-07-18 13:58:00
P1,co2,2025-07-18 14:03:30,2025-07-18 14:04:00
P1,co2,2025-07-18 14:06:31,2025-07-18 14:09:31
P1,co2,2025-07-18 14:19:03,2025-07-18 14:20:03
P1,co2,2025-07-18 14:25:33,2025-07-18 14:26:04
P1,co2,2025-07-18 14:32:04,2025-07-18 14:33:05
P1,co2,2025-07-18 14:34:05,2025-07-18 14:35:35
P1,co2,2025-07-18 15:14:31,2025-07-18 15:16:31
P1,co2,2025-07-18 15:17:01,2025-07-18 15:20:02
P1,co2,2025-07-18 15:41:35,2025-07-18 15:44:35
P1,co2,2025-07-18 16:08:38,2025-07-18 18:47:01
P1,co2,2025-07-21 16:06:15,2025-07-21 16:07:46
P1,co2,2025-07-21 16:10:16,2025-07-21 16:24:48
P1,co2,2025-07-21 16:53:22,2025-07-21 16:54:52
P1,co2,2025-07-21 16:56:53,2025-07-21 16:57:53
P1,co2,2025-07-22 11:02:58,2025-07-22 11:26:31
P1,co2,2025-07-22 11:34:02,2025-07-22 11:55:05
P1,co2,2025-07-22 11:55:35,2025-07-22 11:56:35
P1,co2,2025-07-22 11:57:05,2025-07-22 11:57:35
P1,co2,2025-07-22 12:22:09,2025-07-22 15:18:04
P1,co2,2025-07-22 15:25:05,2025-07-22 15:27:05
P1,co2,2025-07-22 15:28:35,2025-07-22 17:01:48
P1,co2,2025-07-22 17:02:49,2025-07-22 17:04:19
P1,co2,2025-07-22 17:18:21,2025-07-22 17:32:23
P1,co2,2025-07-22 17:57:56,2025-07-22 18:28:31
P1,co2,2025-07-23 12:57:02,2025-07-23 13:13:22
P1,co2,2025-07-23 16:07:37,2025-07-23 16:09:07
P1,co2,2025-07-23 16:34:10,2025-07-23 16:38:41
P1,co2,2025-07-23 16:40:11,2025-07-23 16:46:12
P1,co2,2025-07-23 17:13:16,2025-07-23 17:13:46
P1,co2,2025-07-24 14:32:56,2025-07-24 14:33:57
P1,co2,2025-07-25 14:44:51,2025-07-25 15:42:01
P1,co2,2025-07-29 12:24:37,2025-07-29 12:31:08
P1,co2,2025-07-29 12:33:08,2025-07-29 12:35:08
P1,co2,2025-07-29 12:36:08,2025-07-29 13:16:44
P1,co2,2025-07-29 16:06:38,2025-07-29 16:08:08
P1,co2,2025-07-30 12:51:04,2025-07-30 15:29:27
P1,co2,2025-07-30 15:30:57,2025-07-30 15:32:57
P1,co2,2025-07-30 17:31:14,2025-07-30 18:22:51
P1,co2,2025-07-30 18:24:51,2025-07-30 18:25:22
P1,co2,2025-07-31 10:06:04,2025-07-31 10:07:35
P1,co2,2025-07-31 10:12:05,2025-07-31 10:13:36
P1,co2,2025-07-31 10:15:36,2025-07-31 10:19:06
P1,co2,2025-07-31 10:20:06,2025-07-31 10:23:07
P1,co2,2025-07-31 10:25:07,2025-07-31 10:28:08
P1,co2,2025-07-31 10:30:38,2025-07-31 10:35:09
P1,co2,2025-07-31 10:37:09,2025-07-31 10:38:09
P1,co2,2025-07-31 10:41:09,2025-07-31 10:49:41
P1,co2,2025-07-31 10:50:41,2025-07-31 12:08:52
P1,co2,2025-07-31 12:32:25,2025-07-31 12:35:56
P1,co2,2025-07-31 12:36:26,2025-07-31 17:32:07
P1,co2,2025-08-01 11:55:43,2025-08-01 11:58:14
P1,co2,2025-08-01 11:59:14,2025-08-01 12:29:48
P1,co2,2025-08-01 12:30:18,2025-08-01 12:30:48
P1,co2,2025-08-01 12:45:50,2025-08-01 12:49:51
P1,co2,2025-08-01 12:50:51,2025-08-01 12:51:21
P1,co2,2025-08-01 12:51:51,2025-08-01 12:52:51
P1,co2,2025-08-01 12:53:22,2025-08-01 13:11:24
P1,co2,2025-08-01 13:12:24,2025-08-01 13:12:54
P1,co2,2025-08-01 13:23:56,2025-08-01 13:25:26
P1,co2,2025-08-01 13:26:26,2025-08-01 14:57:39
P1,co2,2025-08-01 15:07:10,2025-08-01 17:35:01
P1,co2,2025-08-06 13:13:12,2025-08-06 14:02:18
P1,co2,2025-08-06 14:03:19,2025-08-06 14:05:49
P1,co2,2025-08-07 12:42:30,2025-08-07 14:28:45
P1,co2,2025-08-11 10:55:20,2025-08-11 10:55:50
P1,co2,2025-08-11 10:57:50,2025-08-11 10:59:50
P1,co2,2025-08-11 11:00:50,2025-08-11 11:01:51
P1,co2,2025-08-11 11:03:21,2025-08-11 11:04:21
P1,co2,2025-08-11 11:04:51,2025-08-11 11:05:21
P1,co2,2025-08-11 11:05:51,2025-08-11 11:06:51
P1,co2,2025-08-11 11:08:21,2025-08-11 11:11:22
P1,co2,2025-08-11 11:11:52,2025-08-11 18:52:57
P1,co2,2025-08-11 18:57:28,2025-08-11 18:57:58
P1,co2,2025-08-12 12:36:27,2025-08-12 13:20:34
P1,co2,2025-08-12 13:21:04,2025-08-12 13:38:06
P1,co2,2025-08-12 14:12:41,2025-08-12 14:29:13
P1,co2,2025-08-12 14:29:43,2025-08-12 14:31:44
P1,co2,2025-08-12 14:38:45,2025-08-12 14:51:46
P1,co2,2025-08-12 14:52:16,2025-08-12 14:54:17
P1,co2,2025-08-12 15:48:24,2025-08-12 16:22:29
P1,co2,2025-08-12 16:31:00,2025-08-12 16:34:01
P1,co2,2025-08-12 16:35:01,2025-08-12 16:38:32
P1,co2,2025-08-12 16:41:02,2025-08-12 16:41:32
P1,co2,2025-08-13 12:40:21,2025-08-13 12:40:51
P1,co2,2025-08-13 12:42:22,2025-08-13 15:50:18
P1,co2,2025-08-13 15:53:18,2025-08-13 15:54:19
P1,co2,2025-08-13 15:56:19,2025-08-13 15:56:49
P1,co2,2025-08-13 17:43:34,2025-08-13 17:45:04
P1,co2,2025-08-13 17:47:35,2025-08-13 17:48:35
P1,co2,2025-08-14 13:00:17,2025-08-14 13:01:48
P1,co2,2025-08-14 13:02:18,2025-08-14 13:24:51
P1,co2,2025-08-14 13:25:51,2025-08-14 13:28:51
P1,co2,2025-08-14 13:29:52,2025-08-14 13:30:22
P1,co2,2025-08-14 13:34:52,2025-08-14 13:36:53
P1,co2,2025-08-14 13:37:23,2025-08-14 13:50:24
P1,co2,2025-08-14 13:51:55,2025-08-14 13:54:55
P1,co2,2025-08-14 13:56:55,2025-08-14 13:57:56
P1,co2,2025-08-14 14:01:26,2025-08-14 14:05:57
P1,co2,2025-08-14 14:07:27,2025-08-14 14:08:57
P1,co2,2025-08-14 14:09:57,2025-08-14 14:12:28
P1,co2,2025-08-14 14:16:58,2025-08-14 14:18:59
P1,co2,2025-08-18 10:27:59,2025-08-18 10:28:30
P1,co2,2025-08-18 10:32:00,2025-08-18 20:16:53
P1,co2,2025-08-19 10:38:55,2025-08-19 20:41:52
P1,co2,2025-08-19 20:44:23,2025-08-19 20:45:53
P1,co2,2025-08-20 11:03:08,2025-08-20 19:04:16
P1,co2,2025-08-20 19:05:16,2025-08-20 19:06:17
P1,co2,2025-08-21 10:38:28,2025-08-21 10:39:29
P1,co2,2025-08-21 10:44:29,2025-08-21 10:44:59
P1,co2,2025-08-21 10:50:00,2025-08-21 10:50:30
P1,co2,2025-08-21 10:51:00,2025-08-21 10:53:31
P1,co2,2025-08-21 11:00:32,2025-08-21 11:01:02
P1,co2,2025-08-21 11:08:33,2025-08-21 18:03:31
P1,co2,2025-08-21 18:08:02,2025-08-21 18:09:32
P1,co2,2025-08-22 11:41:32,2025-08-22 11:43:32
P1,co2,2025-08-22 11:44:02,2025-08-22 11:44:32
P1,co2,2025-08-22 11:52:33,2025-08-22 11:53:03
P1,co2,2025-08-22 11:53:33,2025-08-22 11:54:04
P1,co2,2025-08-22 11:54:34,2025-08-22 11:59:35
P1,co2,2025-08-22 12:43:41,2025-08-22 12:44:11
P1,co2,2025-08-22 12:45:41,2025-08-22 20:26:09
P1,co2,2025-08-22 20:26:39,2025-08-22 20:29:14
P1,co2,2025-08-25 10:34:13,2025-08-25 19:56:02
P1,co2,2025-08-25 19:57:02,2025-08-25 19:58:33
P1,co2,2025-08-26 09:37:29,2025-08-26 20:18:51
P1,co2,2025-08-26 20:20:22,2025-08-26 20:21:54
P1,co2,2025-08-26 20:22:54,2025-08-26 20:24:54
P1,co2,2025-08-27 12:25:33,2025-08-27 18:11:22
P1,co2,2025-08-28 11:16:14,2025-08-28 15:21:19
P1,co2,2025-08-28 15:22:49,2025-08-28 15:23:49
P1,co2,2025-08-29 13:18:16,2025-08-29 13:23:16
P1,co2,2025-08-29 13:24:58,2025-08-29 13:32:01
P1,co2,2025-08-29 13:34:13,2025-08-29 13:40:06
P1,co2,2025-08-29 14:38:50,2025-08-29 14:47:14
P1,co2,2025-08-29 14:50:19,2025-08-29 15:06:16
P1,co2,2025-08-29 15:11:16,2025-08-29 15:15:09
P1,co2,2025-09-01 10:28:25,2025-09-01 10:29:55
P1,co2,2025-09-01 10:31:56,2025-09-01 13:52:54
P1,co2,2025-09-02 10:19:48,2025-09-02 10:21:18
P1,co2,2025-09-02 10:25:49,2025-09-02 10:27:19
P1,co2,2025-09-02 10:30:49,2025-09-02 10:31:19
P1,co2,2025-09-02 10:34:20,2025-09-02 10:36:50
P1,co2,2025-09-02 10:37:50,2025-09-02 10:38:20
P1,co2,2025-09-02 10:38:51,2025-09-02 10:39:51
P1,co2,2025-09-02 10:40:21,2025-09-02 10:40:51
P1,co2,2025-09-02 10:43:21,2025-09-02 17:45:50
P1,co2,2025-09-08 10:57:50,2025-09-08 12:06:00
P1,co2,2025-09-08 12:06:30,2025-09-08 17:15:44
P1,co2,2025-09-09 12:34:27,2025-09-09 12:35:58
P1,co2,2025-09-09 12:36:28,2025-09-09 12:39:58
P1,co2,2025-09-09 12:40:28,2025-09-09 13:22:04
P1,co2,2025-09-09 13:23:04,2025-09-09 13:25:05
P1,co2,2025-09-09 13:30:35,2025-09-09 13:32:06
P1,co2,2025-09-09 13:35:06,2025-09-09 13:36:06
P1,co2,2025-09-09 13:37:36,2025-09-09 13:45:37
P1,co2,2025-09-09 13:46:08,2025-09-09 13:46:38
P1,co2,2025-09-09 13:49:08,2025-09-09 13:51:38
P1,co2,2025-09-09 13:54:09,2025-09-09 13:56:39
P1,co2,2025-09-09 13:57:09,2025-09-09 13:57:39
P1,co2,2025-09-09 13:58:09,2025-09-09 14:12:11
P1,co2,2025-09-09 14:18:12,2025-09-09 14:18:42
P1,co2,2025-09-09 15:00:18,2025-09-09 15:00:48
P1,co2,2025-09-09 15:04:19,2025-09-09 15:04:49
P1,co2,2025-09-09 15:08:19,2025-09-09 15:09:49
P1,co2,2025-09-09 15:17:20,2025-09-09 15:17:50
P1,co2,2025-09-09 15:19:21,2025-09-09 15:31:22
P1,co2,2025-09-09 15:32:53,2025-09-09 16:25:00
P1,co2,2025-09-09 16:28:30,2025-09-09 16:30:01
P1,co2,2025-09-09 16:30:31,2025-09-09 16:31:01
P1,co2,2025-09-09 16:32:01,2025-09-09 16:33:31
P1,co2,2025-09-09 16:47:03,2025-09-09 16:49:33
P1,co2,2025-09-09 17:09:06,2025-09-09 17:10:36
P1,co2,2025-09-10 12:20:49,2025-09-10 12:21:49
P1,co2,2025-09-10 12:32:51,2025-09-10 13:25:58
P1,co2,2025-09-10 13:26:28,2025-09-10 13:26:58
P1,co2,2025-09-10 13:27:29,2025-09-10 13:30:29
P1,co2,2025-09-10 13:31:29,2025-09-10 13:38:30
P1,co2,2025-09-10 13:41:00,2025-09-10 13:44:01
P1,co2,2025-09-10 13:44:31,2025-09-10 13:46:01
P1,co2,2025-09-10 13:51:32,2025-09-10 13:52:02
P1,co2,2025-09-10 14:12:05,2025-09-10 14:14:05
P1,co2,2025-09-10 14:16:06,2025-09-10 14:17:06
P1,co2,2025-09-10 14:18:06,2025-09-10 14:51:41
P1,co2,2025-09-10 14:53:41,2025-09-10 16:39:26
P1,co2,2025-09-11 11:26:35,2025-09-11 11:40:37
P1,co2,2025-09-11 12:35:15,2025-09-11 12:37:15
P1,co2,2025-09-11 12:39:15,2025-09-11 12:42:46
P1,co2,2025-09-11 12:44:16,2025-09-11 12:44:46
P1,co2,2025-09-11 12:48:17,2025-09-11 12:51:47
P1,co2,2025-09-11 12:52:47,2025-09-11 12:53:47
P1,co2,2025-09-11 12:54:17,2025-09-11 12:56:18
P1,co2,2025-09-11 12:57:18,2025-09-11 13:00:18
P1,co2,2025-09-11 13:01:48,2025-09-11 13:03:19
P1,co2,2025-09-11 13:04:49,2025-09-11 13:12:50
P1,co2,2025-09-11 13:13:20,2025-09-11 13:17:21
P1,co2,2025-09-11 13:18:21,2025-09-11 13:28:52
P1,co2,2025-09-11 13:30:53,2025-09-11 13:32:23
P1,co2,2025-09-11 13:49:25,2025-09-11 14:11:58
P1,co2,2025-09-11 14:20:00,2025-09-11 14:21:30
P1,co2,2025-09-11 14:25:30,2025-09-11 14:34:32
P1,co2,2025-09-11 14:35:02,2025-09-11 14:35:32
P1,co2,2025-09-11 14:36:02,2025-09-11 14:40:32
P1,co2,2025-09-12 12:48:10,2025-09-12 12:49:10
P1,co2,2025-09-12 12:49:40,2025-09-12 12:50:40
P1,co2,2025-09-12 12:53:11,2025-09-12 12:58:11
P1,co2,2025-09-12 12:59:12,2025-09-12 16:33:12
P1,co2,2025-09-12 16:34:12,2025-09-12 17:02:16
P1,co2,2025-09-12 17:07:47,2025-09-12 17:14:18
P1,co2,2025-09-12 17:20:48,2025-09-12 17:21:49
P1,co2,2025-09-15 10:15:59,2025-09-15 12:22:17
P1,co2,2025-09-15 12:29:18,2025-09-15 12:36:49
P1,co2,2025-09-15 17:16:28,2025-09-15 17:17:58
P1,co2,2025-09-15 17:20:29,2025-09-15 17:29:30
P1,co2,2025-09-16 11:34:33,2025-09-16 11:37:04
P1,co2,2025-09-16 13:02:46,2025-09-16 13:07:16
P1,co2,2025-09-16 13:09:47,2025-09-16 13:10:17
P1,co2,2025-09-16 13:12:17,2025-09-16 16:22:14
P1,co2,2025-09-17 15:29:00,2025-09-17 15:30:30
P1,co2,2025-09-17 15:32:00,2025-09-17 15:33:30
P1,co2,2025-09-17 15:56:34,2025-09-17 16:05:05
P1,co2,2025-09-17 16:08:05,2025-09-17 16:09:35
P1,co2,2025-09-17 16:11:36,2025-09-17 16:12:06
P1,co2,2025-09-17 16:25:08,2025-09-17 16:25:38
P1,co2,2025-09-17 16:26:08,2025-09-17 16:37:09
P1,co2,2025-09-17 16:37:39,2025-09-17 16:40:40
P1,co2,2025-09-17 16:57:42,2025-09-17 17:21:16
P1,co2,2025-09-17 17:26:46,2025-09-17 17:31:17
P1,co2,2025-09-17 17:36:48,2025-09-17 17:59:51
P1,co2,2025-09-18 12:58:02,2025-09-18 14:34:15
P1,co2,2025-09-18 15:06:20,2025-09-18 15:13:51
P1,co2,2025-09-18 15:18:52,2025-09-18 15:24:22
P1,co2,2025-09-18 15:26:53,2025-09-18 16:50:04
P1,co2,2025-09-18 16:57:05,2025-09-18 17:52:43
P1,co2,2025-09-18 17:56:14,2025-09-18 17:57:44
P1,co2,2025-09-22 16:23:34,2025-09-22 16:26:04
P1,co2,2025-09-22 16:28:35,2025-09-22 16:30:35
P2,co2,2025-07-18 10:43:16,2025-07-18 11:14:46
P2,co2,2025-07-18 15:31:52,2025-07-18 16:09:22
P2,co2,2025-07-18 16:13:22,2025-07-18 17:44:51
P2,co2,2025-07-18 17:46:52,2025-07-18 18:34:21
P2,co2,2025-07-18 18:39:22,2025-07-18 19:06:21
P2,co2,2025-07-21 13:37:51,2025-07-21 16:14:51
P2,co2,2025-07-22 10:15:17,2025-07-22 10:55:17
P2,co2,2025-07-22 13:05:47,2025-07-22 15:44:16
P2,co2,2025-07-22 15:47:16,2025-07-22 16:11:16
P2,co2,2025-07-22 16:19:46,2025-07-22 16:44:46
P2,co2,2025-07-22 16:53:16,2025-07-22 16:55:46
P2,co2,2025-07-22 17:11:46,2025-07-22 18:09:46
P2,co2,2025-07-24 09:53:58,2025-07-24 10:48:58
P2,co2,2025-07-24 13:07:28,2025-07-24 14:36:58
P2,co2,2025-07-28 13:18:25,2025-07-28 13:18:55
P2,co2,2025-07-28 13:19:26,2025-07-28 16:51:55
P2,co2,2025-07-29 13:16:21,2025-07-29 14:46:21
P2,co2,2025-07-29 16:26:50,2025-07-29 16:28:21
P2,co2,2025-07-29 16:40:50,2025-07-29 16:42:21
P2,co2,2025-07-30 14:16:19,2025-07-30 14:23:19
P2,co2,2025-07-30 14:49:49,2025-07-30 15:25:49
P2,co2,2025-07-31 12:21:16,2025-07-31 12:41:15
P2,co2,2025-07-31 12:50:45,2025-07-31 17:46:44
P2,co2,2025-08-01 09:53:12,2025-08-01 11:45:41
P2,co2,2025-08-01 13:07:41,2025-08-01 14:30:11
P2,co2,2025-08-01 14:32:41,2025-08-01 15:52:40
P2,co2,2025-08-01 17:10:10,2025-08-01 18:09:40
P2,co2,2025-08-04 13:40:33,2025-08-04 15:08:03
P2,co2,2025-08-04 16:56:05,2025-08-04 17:19:02
P2,co2,2025-08-04 17:26:32,2025-08-04 17:28:33
P2,co2,2025-08-05 11:06:29,2025-08-05 12:03:29
P2,co2,2025-08-05 13:09:29,2025-08-05 14:45:59
P2,co2,2025-08-05 18:10:28,2025-08-05 18:14:28
P2,co2,2025-08-06 13:06:54,2025-08-06 15:39:24
P2,co2,2025-08-06 17:53:23,2025-08-06 17:57:23
P2,co2,2025-08-08 14:28:45,2025-08-08 15:08:15
P2,co2,2025-08-11 10:06:33,2025-08-11 10:18:03
P2,co2,2025-08-11 11:29:33,2025-08-11 11:41:03
P2,co2,2025-08-11 11:45:33,2025-08-11 11:58:33
P2,co2,2025-08-11 12:05:33,2025-08-11 12:15:33
P2,co2,2025-08-11 12:24:33,2025-08-11 12:27:03
P2,co2,2025-08-11 12:27:33,2025-08-11 12:35:03
P2,co2,2025-08-11 12:38:33,2025-08-11 12:52:33
P2,co2,2025-08-11 12:53:33,2025-08-11 15:35:32
P2,co2,2025-08-11 15:44:03,2025-08-11 15:51:03
P2,co2,2025-08-11 17:23:32,2025-08-11 17:27:02
P2,co2,2025-08-11 17:39:32,2025-08-11 17:45:32
P2,co2,2025-08-11 18:00:32,2025-08-11 18:09:02
P2,co2,2025-08-11 18:32:02,2025-08-11 18:33:02
P2,co2,2025-08-12 10:45:29,2025-08-12 11:05:29
P2,co2,2025-08-12 12:34:58,2025-08-12 15:20:28
P2,co2,2025-08-12 15:41:28,2025-08-12 15:52:58
P2,co2,2025-08-12 16:13:58,2025-08-12 17:32:58
P2,co2,2025-08-13 10:40:54,2025-08-13 12:29:54
P2,co2,2025-08-13 13:13:24,2025-08-13 14:43:54
P2,co2,2025-08-13 14:45:54,2025-08-13 14:47:24
P2,co2,2025-08-13 14:49:54,2025-08-13 15:00:54
P2,co2,2025-08-13 15:10:23,2025-08-13 15:14:24
P2,co2,2025-08-13 17:39:23,2025-08-13 18:15:23
P2,co2,2025-08-13 18:30:23,2025-08-13 18:30:53
P2,co2,2025-08-13 18:37:53,2025-08-13 18:50:53
P2,co2,2025-08-18 11:28:03,2025-08-18 13:21:32
P2,co2,2025-08-18 13:34:02,2025-08-18 21:08:01
P2,co2,2025-08-19 10:02:28,2025-08-19 19:45:27
P2,co2,2025-08-20 11:05:55,2025-08-20 11:09:58
P2,co2,2025-08-20 11:12:25,2025-08-20 11:32:55
P2,co2,2025-08-20 13:31:24,2025-08-20 19:51:53
P2,co2,2025-08-21 10:24:21,2025-08-21 12:57:50
P2,co2,2025-08-21 13:01:50,2025-08-21 16:32:19
P2,co2,2025-08-21 17:11:49,2025-08-21 18:48:49
P2,co2,2025-08-21 18:50:49,2025-08-21 18:51:19
P2,co2,2025-08-22 11:26:46,2025-08-22 11:28:16
P2,co2,2025-08-22 11:52:16,2025-08-22 20:35:15
P2,co2,2025-08-25 10:13:03,2025-08-25 20:54:02
P2,co2,2025-08-26 10:03:59,2025-08-26 10:53:29
P2,co2,2025-08-26 10:58:29,2025-08-26 11:10:29
P2,co2,2025-08-26 11:17:29,2025-08-26 11:32:59
P2,co2,2025-08-26 11:34:29,2025-08-26 12:32:59
P2,co2,2025-08-26 12:33:59,2025-08-26 12:34:59
P2,co2,2025-08-26 12:43:29,2025-08-26 12:54:59
P2,co2,2025-08-26 12:58:59,2025-08-26 19:47:57
P2,co2,2025-08-28 09:43:24,2025-08-28 11:16:54
P2,co2,2025-08-28 11:22:54,2025-08-28 11:28:24
P2,co2,2025-08-28 11:33:23,2025-08-28 11:36:23
P2,co2,2025-08-28 11:48:54,2025-08-28 12:31:53
P2,co2,2025-08-28 12:34:23,2025-08-28 12:38:53
P2,co2,2025-08-28 12:57:53,2025-08-28 13:59:53
P2,co2,2025-08-29 17:41:00,2025-08-29 17:41:00
P2,co2,2025-08-29 17:41:00,2025-08-29 17:41:00
P2,co2,2025-08-29 17:41:00,2025-08-29 17:41:00
P2,co2,2025-08-29 17:41:00,2025-08-29 17:41:00
P2,co2,2025-08-29 17:41:00,2025-08-29 17:41:00
P2,co2,2025-08-29 17:41:01,2025-08-29 17:41:01
P2,co2,2025-08-29 17:41:01,2025-08-29 17:41:01
P2,co2,2025-08-29 17:41:01,2025-08-29 17:41:01
P2,co2,2025-08-29 17:41:01,2025-08-29 17:41:01
P2,co2,2025-08-29 17:41:01,2025-08-29 17:41:01
P2,co2,2025-08-29 17:41:01,2025-08-29 17:41:01
P2,co2,2025-08-29 17:41:01,2025-08-29 17:41:01
P2,co2,2025-08-29 17:41:01,2025-08-29 17:41:01
P2,co2,2025-08-29 17:41:01,2025-08-29 17:41:01
P2,co2,2025-08-29 17:41:01,2025-08-29 17:41:01
P2,co2,2025-08-29 17:41:01,2025-08-29 17:41:01
P2,co2,2025-08-29 17:41:01,2025-08-29 17:50:34
P2,co2,2025-09-01 13:18:23,2025-09-01 13:22:23
P2,co2,2025-09-01 13:36:53,2025-09-01 16:12:22
P2,co2,2025-09-02 12:39:49,2025-09-02 17:15:18
P2,co2,2025-09-05 14:43:38,2025-09-05 15:39:38
P2,co2,2025-09-09 13:07:30,2025-09-09 16:25:30
P2,co2,2025-09-09 16:50:30,2025-09-09 16:51:00
P2,co2,2025-09-09 16:56:30,2025-09-09 16:59:00
P2,co2,2025-09-10 13:19:26,2025-09-10 14:21:26
P2,co2,2025-09-10 14:46:26,2025-09-10 14:46:56
P2,co2,2025-09-10 14:59:26,2025-09-10 15:35:56
P2,co2,2025-09-11 10:06:22,2025-09-11 11:23:52
P2,co2,2025-09-11 13:10:22,2025-09-11 13:49:52
P2,co2,2025-09-11 14:01:52,2025-09-11 15:17:21
P2,co2,2025-09-12 10:39:18,2025-09-12 10:54:48
P2,co2,2025-09-12 11:41:48,2025-09-12 11:45:48
P2,co2,2025-09-12 14:10:17,2025-09-12 14:24:17
P2,co2,2025-09-12 14:44:47,2025-09-12 14:46:17
P2,co2,2025-09-12 14:49:47,2025-09-12 14:54:47
P2,co2,2025-09-12 15:01:47,2025-09-12 15:03:47
P2,co2,2025-09-12 15:15:47,2025-09-12 15:19:47
P2,co2,2025-09-12 15:20:17,2025-09-12 15:44:47
P2,co2,2025-09-12 15:46:47,2025-09-12 16:12:17
P2,co2,2025-09-15 11:21:05,2025-09-15 11:27:35
P2,co2,2025-09-15 13:43:34,2025-09-15 15:43:34
P2,co2,2025-09-15 16:40:34,2025-09-15 16:41:04
P2,co2,2025-09-15 16:41:34,2025-09-15 16:43:34
P2,co2,2025-09-15 16:44:04,2025-09-15 16:44:34
P2,co2,2025-09-15 16:52:04,2025-09-15 17:09:04
P2,co2,2025-09-16 13:58:00,2025-09-16 14:33:30
P2,co2,2025-09-16 14:46:30,2025-09-16 15:00:00
P2,co2,2025-09-16 16:44:00,2025-09-16 16:56:29
P2,co2,2025-09-17 16:49:55,2025-09-17 18:33:55
P2,co2,2025-09-18 11:24:22,2025-09-18 11:40:22
P2,co2,2025-09-18 13:30:51,2025-09-18 13:31:51
P2,co2,2025-09-18 14:03:21,2025-09-18 14:09:21
P2,co2,2025-09-18 14:09:51,2025-09-18 14:28:51
P2,co2,2025-09-18 15:35:51,2025-09-18 15:36:21
P2,co2,2025-09-18 15:59:51,2025-09-18 17:37:51
P3,co2,2025-07-18 13:24:21,2025-07-18 16:43:50
P3,co2,2025-07-21 13:49:16,2025-07-21 13:50:46
P3,co2,2025-07-21 13:52:57,2025-07-21 13:53:46
P3,co2,2025-07-21 13:54:16,2025-07-21 15:46:23
P3,co2,2025-07-21 15:46:52,2025-07-21 15:47:22
P3,co2,2025-07-21 15:47:52,2025-07-21 15:48:22
P3,co2,2025-07-21 16:17:22,2025-07-21 16:18:52
P3,co2,2025-07-22 10:49:27,2025-07-22 10:57:27
P3,co2,2025-07-22 12:29:56,2025-07-22 12:30:26
P3,co2,2025-07-22 12:30:56,2025-07-22 12:31:26
P3,co2,2025-07-22 12:32:56,2025-07-22 12:33:56
P3,co2,2025-07-22 12:39:26,2025-07-22 12:39:56
P3,co2,2025-07-22 12:40:26,2025-07-22 12:41:56
P3,co2,2025-07-22 12:42:27,2025-07-22 12:43:26
P3,co2,2025-07-22 12:43:56,2025-07-22 12:44:26
P3,co2,2025-07-22 12:45:26,2025-07-22 12:45:57
P3,co2,2025-07-22 12:48:26,2025-07-22 12:49:27
P3,co2,2025-07-22 12:49:56,2025-07-22 12:50:56
P3,co2,2025-07-22 12:59:57,2025-07-22 13:00:26
P3,co2,2025-07-22 13:07:26,2025-07-22 13:08:26
P3,co2,2025-07-22 13:08:56,2025-07-22 16:53:25
P3,co2,2025-07-22 16:53:55,2025-07-22 16:54:55
P3,co2,2025-07-22 16:57:25,2025-07-22 16:57:55
P3,co2,2025-07-23 10:03:39,2025-07-23 12:01:39
P3,co2,2025-07-23 13:21:10,2025-07-23 13:22:40
P3,co2,2025-07-23 13:23:40,2025-07-23 14:16:40
P3,co2,2025-07-23 14:20:40,2025-07-23 14:21:10
P3,co2,2025-07-25 13:07:01,2025-07-25 14:44:01
P3,co2,2025-07-25 14:44:31,2025-07-25 14:46:31
P3,co2,2025-07-25 18:15:31,2025-07-25 18:16:00
P3,co2,2025-07-25 18:46:00,2025-07-25 18:47:00
P3,co2,2025-07-25 18:54:00,2025-07-25 18:54:30
P3,co2,2025-07-28 13:16:22,2025-07-28 14:49:51
P3,co2,2025-07-29 10:28:47,2025-07-29 10:29:17
P3,co2,2025-07-29 10:36:47,2025-07-29 10:37:17
P3,co2,2025-07-29 10:39:17,2025-07-29 10:43:46
P3,co2,2025-07-29 10:46:17,2025-07-29 10:46:47
P3,co2,2025-07-29 10:53:17,2025-07-29 10:54:16
P3,co2,2025-07-29 13:13:16,2025-07-29 13:13:46
P3,co2,2025-07-29 13:17:55,2025-07-29 14:49:30
P3,co2,2025-07-29 14:50:33,2025-07-29 15:03:30
P3,co2,2025-07-29 15:04:00,2025-07-29 15:05:00
P3,co2,2025-07-29 15:05:30,2025-07-29 15:07:30
P3,co2,2025-07-30 09:43:20,2025-07-30 11:41:49
P3,co2,2025-07-30 13:27:18,2025-07-30 13:27:48
P3,co2,2025-07-30 13:32:18,2025-07-30 13:32:48
P3,co2,2025-07-30 13:34:18,2025-07-30 13:35:51
P3,co2,2025-07-30 13:36:18,2025-07-30 14:03:21
P3,co2,2025-07-30 15:03:18,2025-07-30 17:17:48
P3,co2,2025-07-31 11:59:24,2025-07-31 11:59:54
P3,co2,2025-07-31 12:02:54,2025-07-31 12:03:24
P3,co2,2025-07-31 12:23:54,2025-07-31 12:24:54
P3,co2,2025-07-31 12:25:24,2025-07-31 13:19:24
P3,co2,2025-07-31 13:19:54,2025-07-31 13:22:24
P3,co2,2025-07-31 13:23:24,2025-07-31 13:23:54
P3,co2,2025-07-31 13:29:54,2025-07-31 13:30:24
P3,co2,2025-07-31 13:54:23,2025-07-31 13:54:54
P3,co2,2025-07-31 14:22:53,2025-07-31 14:23:23
P3,co2,2025-07-31 14:38:53,2025-07-31 14:39:23
P3,co2,2025-07-31 14:45:53,2025-07-31 14:46:23
P3,co2,2025-07-31 14:48:23,2025-07-31 14:52:24
P3,co2,2025-07-31 14:52:53,2025-07-31 14:55:23
P3,co2,2025-07-31 14:56:23,2025-07-31 14:56:53
P3,co2,2025-07-31 14:58:53,2025-07-31 15:00:54
P3,co2,2025-07-31 15:01:23,2025-07-31 15:01:53
P3,co2,2025-07-31 15:02:23,2025-07-31 15:02:54
P3,co2,2025-07-31 15:03:23,2025-07-31 15:03:53
P3,co2,2025-07-31 15:06:24,2025-07-31 15:06:56
P3,co2,2025-07-31 15:07:54,2025-07-31 15:09:23
P3,co2,2025-07-31 15:17:53,2025-07-31 15:24:23
P3,co2,2025-07-31 15:25:24,2025-07-31 15:25:53
P3,co2,2025-07-31 15:59:53,2025-07-31 16:00:24
P3,co2,2025-07-31 16:02:53,2025-07-31 18:31:23
P3,co2,2025-07-31 18:31:53,2025-07-31 18:32:23
P3,co2,2025-08-04 16:07:52,2025-08-04 16:08:22
P3,co2,2025-08-04 16:09:52,2025-08-04 16:10:24
P3,co2,2025-08-04 16:10:52,2025-08-04 16:11:22
P3,co2,2025-08-04 16:11:52,2025-08-04 16:12:22
P3,co2,2025-08-04 16:12:55,2025-08-04 17:20:51
P3,co2,2025-08-04 17:21:21,2025-08-04 17:27:21
P3,co2,2025-08-05 10:29:33,2025-08-05 11:15:03
P3,co2,2025-08-05 13:12:32,2025-08-05 13:13:32
P3,co2,2025-08-05 13:14:02,2025-08-05 17:22:01
P3,co2,2025-08-06 12:59:23,2025-08-06 13:00:52
P3,co2,2025-08-06 13:02:53,2025-08-06 13:03:22
P3,co2,2025-08-06 13:03:52,2025-08-06 13:04:52
P3,co2,2025-08-06 13:05:22,2025-08-06 13:06:52
P3,co2,2025-08-06 13:07:52,2025-08-06 13:08:52
P3,co2,2025-08-06 13:10:52,2025-08-06 13:11:22
P3,co2,2025-08-06 13:11:52,2025-08-06 13:12:22
P3,co2,2025-08-06 13:14:52,2025-08-06 13:16:22
P3,co2,2025-08-06 13:16:53,2025-08-06 13:17:52
P3,co2,2025-08-06 13:41:23,2025-08-06 13:42:22
P3,co2,2025-08-06 13:42:52,2025-08-06 14:06:22
P3,co2,2025-08-06 14:07:22,2025-08-06 14:08:22
P3,co2,2025-08-06 14:14:22,2025-08-06 14:24:52
P3,co2,2025-08-06 14:26:22,2025-08-06 14:29:52
P3,co2,2025-08-06 14:30:52,2025-08-06 14:31:52
P3,co2,2025-08-06 14:36:22,2025-08-06 14:39:52
P3,co2,2025-08-06 14:40:22,2025-08-06 14:41:22
P3,co2,2025-08-06 14:55:22,2025-08-06 17:56:51
P3,co2,2025-08-07 14:09:30,2025-08-07 15:19:30
P3,co2,2025-08-11 13:01:00,2025-08-11 13:01:30
P3,co2,2025-08-11 13:02:00,2025-08-11 13:02:31
P3,co2,2025-08-11 13:03:30,2025-08-11 13:04:00
P3,co2,2025-08-11 13:05:30,2025-08-11 13:06:01
P3,co2,2025-08-11 13:09:00,2025-08-11 13:09:31
P3,co2,2025-08-11 13:10:00,2025-08-11 13:12:00
P3,co2,2025-08-11 13:12:30,2025-08-11 13:13:00
P3,co2,2025-08-11 15:15:30,2025-08-11 15:16:00
P3,co2,2025-08-11 15:16:30,2025-08-11 15:20:30
P3,co2,2025-08-11 15:22:33,2025-08-11 15:23:02
P3,co2,2025-08-11 15:24:00,2025-08-11 15:25:30
P3,co2,2025-08-11 15:27:00,2025-08-11 15:27:30
P3,co2,2025-08-11 15:28:30,2025-08-11 15:29:00
P3,co2,2025-08-11 15:31:00,2025-08-11 15:32:30
P3,co2,2025-08-11 15:33:00,2025-08-11 15:33:30
P3,co2,2025-08-11 15:36:00,2025-08-11 15:36:30
P3,co2,2025-08-11 15:37:30,2025-08-11 15:41:30
P3,co2,2025-08-12 10:14:19,2025-08-12 11:47:18
P3,co2,2025-08-12 12:47:48,2025-08-12 12:48:18
P3,co2,2025-08-12 12:50:48,2025-08-12 13:01:18
P3,co2,2025-08-12 13:03:19,2025-08-12 13:47:18
P3,co2,2025-08-12 13:48:18,2025-08-12 13:49:18
P3,co2,2025-08-12 14:23:18,2025-08-12 14:23:48
P3,co2,2025-08-12 14:24:18,2025-08-12 14:57:48
P3,co2,2025-08-12 14:58:48,2025-08-12 15:00:18
P3,co2,2025-08-12 15:01:18,2025-08-12 15:01:48
P3,co2,2025-08-13 11:02:01,2025-08-13 11:03:58
P3,co2,2025-08-13 11:04:28,2025-08-13 11:06:29
P3,co2,2025-08-13 11:11:28,2025-08-13 11:19:58
P3,co2,2025-08-13 11:20:29,2025-08-13 11:21:58
P3,co2,2025-08-13 11:22:28,2025-08-13 11:29:58
P3,co2,2025-08-13 11:30:28,2025-08-13 11:34:29
P3,co2,2025-08-13 11:35:28,2025-08-13 11:38:58
P3,co2,2025-08-13 12:35:58,2025-08-13 12:37:28
P3,co2,2025-08-13 12:37:58,2025-08-13 13:42:28
P3,co2,2025-08-13 13:42:58,2025-08-13 13:43:58
P3,co2,2025-08-13 13:45:58,2025-08-13 13:46:28
P3,co2,2025-08-13 14:08:58,2025-08-13 18:02:57
P3,co2,2025-08-13 18:03:27,2025-08-13 18:03:57
P3,co2,2025-08-13 18:04:27,2025-08-13 18:05:27
P3,co2,2025-08-13 18:05:57,2025-08-13 18:06:57
P3,co2,2025-08-13 18:10:27,2025-08-13 18:12:27
P3,co2,2025-08-13 18:12:57,2025-08-13 18:35:57
P3,co2,2025-08-14 10:24:54,2025-08-14 10:27:24
P3,co2,2025-08-14 13:17:23,2025-08-14 14:19:23
P3,co2,2025-08-14 14:19:53,2025-08-14 15:27:53
P3,co2,2025-08-14 15:28:23,2025-08-14 15:33:53
P3,co2,2025-08-14 15:34:23,2025-08-14 15:35:53
P3,co2,2025-08-14 15:37:23,2025-08-14 15:37:53
P3,co2,2025-08-14 15:40:23,2025-08-14 15:52:23
P3,co2,2025-08-14 15:52:53,2025-08-14 15:53:23
P3,co2,2025-08-14 16:09:53,2025-08-14 17:00:52
P3,co2,2025-08-18 11:34:48,2025-08-18 11:35:18
P3,co2,2025-08-18 11:39:18,2025-08-18 20:01:59
P3,co2,2025-08-18 20:02:28,2025-08-18 20:34:58
P3,co2,2025-08-19 11:51:25,2025-08-19 20:07:46
P3,co2,2025-08-19 20:08:16,2025-08-19 20:08:46
P3,co2,2025-08-20 10:19:46,2025-08-20 10:52:02
P3,co2,2025-08-20 10:52:29,2025-08-20 10:53:00
P3,co2,2025-08-20 10:53:29,2025-08-20 10:54:01
P3,co2,2025-08-20 10:54:30,2025-08-20 10:56:44
P3,co2,2025-08-20 10:57:26,2025-08-20 10:57:51
P3,co2,2025-08-20 10:58:22,2025-08-20 11:00:12
P3,co2,2025-08-20 11:01:15,2025-08-20 11:02:11
P3,co2,2025-08-20 11:02:41,2025-08-20 11:03:11
P3,co2,2025-08-20 11:04:11,2025-08-20 11:04:41
P3,co2,2025-08-20 11:05:11,2025-08-20 11:06:11
P3,co2,2025-08-20 11:07:11,2025-08-20 11:07:41
P3,co2,2025-08-20 11:08:11,2025-08-20 11:08:41
P3,co2,2025-08-20 11:09:41,2025-08-20 11:10:11
P3,co2,2025-08-20 11:10:41,2025-08-20 20:01:49
P3,co2,2025-08-20 20:02:19,2025-08-20 20:04:19
P3,co2,2025-08-20 20:04:49,2025-08-20 20:06:48
P3,co2,2025-08-20 20:07:18,2025-08-20 20:10:19
P3,co2,2025-08-20 20:10:49,2025-08-20 20:12:19
P3,co2,2025-08-20 20:12:49,2025-08-20 20:13:18
P3,co2,2025-08-20 20:13:48,2025-08-20 20:14:18
P3,co2,2025-08-21 11:15:16,2025-08-21 11:16:46
P3,co2,2025-08-21 11:17:16,2025-08-21 11:38:16
P3,co2,2025-08-21 12:17:46,2025-08-21 12:18:46
P3,co2,2025-08-21 12:21:46,2025-08-21 12:24:46
P3,co2,2025-08-21 12:25:16,2025-08-21 19:22:14
P3,co2,2025-08-21 19:23:14,2025-08-21 19:25:44
P3,co2,2025-08-21 19:26:14,2025-08-21 19:26:44
P3,co2,2025-08-21 19:30:14,2025-08-21 19:30:44
P3,co2,2025-08-22 12:03:18,2025-08-22 12:04:18
P3,co2,2025-08-22 12:04:48,2025-08-22 12:09:21
P3,co2,2025-08-22 12:09:48,2025-08-22 20:53:45
P3,co2,2025-08-25 11:40:38,2025-08-25 11:41:08
P3,co2,2025-08-25 11:45:08,2025-08-25 13:39:08
P3,co2,2025-08-25 13:40:08,2025-08-25 13:44:08
P3,co2,2025-08-25 13:46:38,2025-08-25 13:47:09
P3,co2,2025-08-25 13:47:38,2025-08-25 13:49:38
P3,co2,2025-08-25 13:50:08,2025-08-25 20:02:36
P3,co2,2025-08-25 20:03:06,2025-08-25 20:25:36
P3,co2,2025-08-25 20:26:36,2025-08-25 20:27:06
P3,co2,2025-08-26 09:52:33,2025-08-28 09:00:45
P3,co2,2025-08-28 11:34:54,2025-08-28 11:35:53
P3,co2,2025-08-28 11:36:23,2025-08-28 17:28:22
P3,co2,2025-08-28 17:40:52,2025-08-28 17:41:22
P3,co2,2025-08-28 17:42:22,2025-08-28 17:42:52
P3,co2,2025-08-29 17:41:00,2025-08-29 17:41:00
P3,co2,2025-08-29 17:41:01,2025-08-29 17:41:01
P3,co2,2025-08-29 17:41:01,2025-08-29 17:41:01
P3,co2,2025-08-29 17:41:01,2025-08-29 17:41:01
P3,co2,2025-08-29 17:41:01,2025-08-29 17:41:01
P3,co2,2025-08-29 17:41:01,2025-08-29 17:41:01
P3,co2,2025-08-29 17:41:01,2025-08-29 17:41:01
P3,co2,2025-08-29 17:41:01,2025-08-29 17:41:01
P3,co2,2025-08-29 17:41:01,2025-08-29 17:41:01
P3,co2,2025-08-29 17:41:01,2025-08-29 17:41:01
P3,co2,2025-08-29 17:41:01,2025-08-29 17:41:01
P3,co2,2025-08-29 17:41:01,2025-08-29 17:41:01
P3,co2,2025-08-29 17:41:01,2025-08-29 17:41:01
P3,co2,2025-09-01 12:31:24,2025-09-01 12:31:54
P3,co2,2025-09-01 12:32:24,2025-09-01 12:32:54
P3,co2,2025-09-02 10:05:53,2025-09-02 10:56:53
P3,co2,2025-09-02 12:03:53,2025-09-02 18:54:51
P3,co2,2025-09-04 14:05:57,2025-09-04 14:13:57
P3,co2,2025-09-04 14:17:57,2025-09-04 14:19:27
P3,co2,2025-09-04 14:20:27,2025-09-04 15:37:27
P3,co2,2025-09-04 15:37:57,2025-09-04 15:38:56
P3,co2,2025-09-04 16:32:26,2025-09-04 18:18:26
P3,co2,2025-09-05 13:54:02,2025-09-05 13:54:32
P3,co2,2025-09-09 13:00:30,2025-09-09 13:03:00
P3,co2,2025-09-09 13:05:00,2025-09-09 13:06:00
P3,co2,2025-09-09 13:07:30,2025-09-09 15:03:59
P3,co2,2025-09-10 14:47:06,2025-09-10 15:17:06
P3,co2,2025-09-10 16:22:36,2025-09-10 16:24:09
P3,co2,2025-09-10 16:24:36,2025-09-10 16:25:06
P3,co2,2025-09-10 16:26:06,2025-09-10 16:28:06
P3,co2,2025-09-10 16:28:36,2025-09-10 16:36:36
P3,co2,2025-09-10 16:37:06,2025-09-10 16:42:36
P3,co2,2025-09-11 15:30:13,2025-09-11 15:33:13
P3,co2,2025-09-11 16:07:42,2025-09-11 16:26:42
P3,co2,2025-09-12 16:06:17,2025-09-12 16:06:47
P3,co2,2025-09-12 16:07:17,2025-09-12 16:09:17
P3,co2,2025-09-12 16:10:17,2025-09-12 16:11:18
P3,co2,2025-09-15 13:19:33,2025-09-15 14:54:33
P3,co2,2025-09-15 14:59:03,2025-09-15 17:26:02
P3,co2,2025-09-15 18:07:02,2025-09-15 18:23:02
P3,co2,2025-09-16 12:29:45,2025-09-16 12:30:15
P3,co2,2025-09-16 12:30:45,2025-09-16 12:32:16
P3,co2,2025-09-16 12:32:45,2025-09-16 12:34:48
P3,co2,2025-09-16 12:37:15,2025-09-16 12:38:45
P3,co2,2025-09-16 12:39:16,2025-09-16 12:41:21
P3,co2,2025-09-16 12:41:48,2025-09-16 12:43:15
P3,co2,2025-09-16 12:44:45,2025-09-16 12:45:45
P3,co2,2025-09-16 12:46:15,2025-09-16 12:46:45
P3,co2,2025-09-16 12:47:15,2025-09-16 12:47:45
P3,co2,2025-09-16 13:00:15,2025-09-16 13:02:15
P3,co2,2025-09-16 13:15:45,2025-09-16 18:07:44
P3,co2,2025-09-17 09:52:43,2025-09-17 10:40:13
P3,co2,2025-09-17 10:57:42,2025-09-17 10:58:12
P3,co2,2025-09-17 16:06:11,2025-09-17 16:06:41
P3,co2,2025-09-17 16:07:11,2025-09-17 16:59:11
P3,co2,2025-09-17 17:02:41,2025-09-17 17:04:41
P3,co2,2025-09-17 17:05:41,2025-09-17 17:06:41
P3,co2,2025-09-17 17:07:41,2025-09-17 17:08:11
P3,co2,2025-09-17 17:10:11,2025-09-17 17:10:41
P3,co2,2025-09-17 17:11:41,2025-09-17 17:12:11
P3,co2,2025-09-17 17:12:41,2025-09-17 17:13:41
P3,co2,2025-09-17 17:14:11,2025-09-17 17:14:41
P3,co2,2025-09-17 17:15:41,2025-09-17 17:16:11
P3,co2,2025-09-17 17:21:41,2025-09-17 17:22:11
P3,co2,2025-09-17 17:23:11,2025-09-17 17:24:11
P3,co2,2025-09-17 17:25:41,2025-09-17 17:26:11
P3,co2,2025-09-17 17:26:41,2025-09-17 17:27:11
P3,co2,2025-09-17 18:02:11,2025-09-17 18:02:41
P3,co2,2025-09-18 12:24:09,2025-09-18 12:25:09
P3,co2,2025-09-18 12:25:39,2025-09-18 13:05:39
P3,co2,2025-09-18 13:27:39,2025-09-18 13:28:39
P3,co2,2025-09-18 13:29:09,2025-09-18 15:17:39
P3,co2,2025-09-22 11:06:24,2025-09-22 12:17:24
P3,co2,2025-09-22 13:02:54,2025-09-22 15:45:27
P3,co2,2025-09-22 16:31:36,2025-09-22 18:10:05
