device_id,date,hour,temperature_count,temperature_mean,temperature_std,temperature_min,temperature_max,absolute_humidity_count,absolute_humidity_mean,absolute_humidity_std,absolute_humidity_min,absolute_humidity_max,co2_count,co2_mean,co2_std,co2_min,co2_max
P1,2025-07-17,23,89,22.66438202247191,0.7437404774885874,21.87,24.41,89,13.24191011235955,1.0789261037174618,12.11,15.73,89,537.2022471910112,29.53856484453121,496,591
P1,2025-07-18,0,120,23.177083333333332,0.17392839168512306,22.42,23.33,120,13.19425,0.11039015986471717,12.74,13.37,120,505.26666666666665,12.285629600385523,483,543
P1,2025-07-18,1,120,22.889833333333335,0.034102744741144,22.83,22.98,120,12.85125,0.054658027772685254,12.75,13.01,120,510.03333333333336,10.088626871723577,489,531
P1,2025-07-18,2,120,22.7285,0.06052501392750048,22.62,22.86,120,12.628333333333334,0.05591610362192437,12.55,12.82,120,518.9583333333334,9.02321546716836,501,540
P1,2025-07-18,3,119,22.838655462184875,0.09971080530458581,22.68,22.97,119,12.880504201680672,0.1661112999324468,12.61,13.13,119,526.1764705882352,10.339694008211643,504,547
P1,2025-07-18,4,120,22.926583333333333,0.024614535342761687,22.88,22.99,120,13.123833333333332,0.023840623946114768,13.07,13.18,120,536.625,8.41872912024134,510,552
P1,2025-07-18,5,120,22.73325,0.12316663918611985,22.58,22.96,120,12.789916666666667,0.22288971472450608,12.46,13.13,120,527.35,16.430474862330687,495,555
P1,2025-07-18,6,107,24.753457943925234,1.7313628086283388,22.56,26.45,107,13.150560747663551,0.5605435902389108,12.42,13.83,107,493.3457943925234,21.279409306836808,459,536
P1,2025-07-18,7,86,25.92267441860465,0.4889061606547077,25.41,26.6,86,13.46372093023256,0.18549803557943811,13.16,13.79,86,562.8372093023256,30.263882751213583,497,611
P1,2025-07-18,9,10,26.29,0.015634719199411118,26.27,26.32,10,13.312000000000001,0.035213633723317914,13.25,13.36,10,605.1,4.794672969962488,600,611
P1,2025-07-18,10,119,26.058823529411764,0.3462441983129906,25.48,26.74,119,13.495042016806723,0.21954835747614806,13.15,14.04,119,606.8151260504202,15.950647607358881,586,649
P1,2025-07-18,11,120,26.389583333333334,0.10735471584427932,26.18,26.58,120,13.718250000000001,0.13507335386511224,13.35,13.89,120,671.5583333333333,14.080677405241453,647,695
P1,2025-07-18,12,120,26.631916666666665,0.04278725627707749,26.54,26.71,120,13.841833333333334,0.19832908452949655,13.37,14.18,120,691.0083333333333,22.26860315050109,651,732
P1,2025-07-18,13,119,26.898319327731095,0.20706716886045132,26.63,27.28,119,13.597983193277312,0.28809302826601174,12.87,14.07,119,763.1596638655462,16.826624984251257,725,796
P1,2025-07-18,14,110,26.530272727272727,0.2674495891483307,26.11,27.01,110,12.70890909090909,0.19299353725237706,12.38,13.07,110,749.4727272727273,27.10824685477861,694,778
P1,2025-07-18,15,119,25.634873949579834,0.4972719910966091,24.48,26.19,119,12.885294117647058,0.3261818758783896,12.16,13.43,119,750.1848739495798,13.911930245725902,724,776
P1,2025-07-18,16,120,25.285416666666666,0.13568311967073637,25.01,25.52,120,13.078,0.21301201291724817,12.65,13.46,120,786.55,13.930710889339197,753,813
P1,2025-07-18,17,120,25.710166666666666,0.23750447437919628,25.43,26.07,120,13.060916666666666,0.09583771150637296,12.87,13.28,120,819.2166666666667,5.604894819563955,803,828
P1,2025-07-18,18,119,26.484033613445376,0.3959034279774445,25.88,27.24,119,13.194621848739496,0.3261558063672357,12.29,13.8,119,791.0588235294117,22.412274980256452,736,827
P1,2025-07-18,19,120,26.1705,0.0998978469834702,25.96,26.33,120,13.11975,0.10243639141298624,12.91,13.44,120,703.0666666666667,19.01955355330268,668,732
P1,2025-07-18,20,120,26.012166666666666,0.08023267983288163,25.71,26.14,120,13.174666666666667,0.12741735389196168,12.89,13.4,120,625.5833333333334,28.70937636585865,585,671
P1,2025-07-18,21,120,26.102916666666665,0.1576849099068297,25.7,26.47,120,13.45575,0.3236287490735219,12.77,13.83,120,556.9416666666667,24.983791664564794,523,597
P1,2025-07-18,22,119,26.30596638655462,0.06411482453354728,26.19,26.42,119,14.249915966386554,0.2311962105955924,13.77,14.57,119,494.7310924369748,15.521825791932901,474,525
P1,2025-07-18,23,120,26.528583333333334,0.07132946205365008,26.42,26.64,120,14.839416666666667,0.14895882818080383,14.44,15.08,120,460.31666666666666,6.176647989982748,449,474
P1,2025-07-19,0,120,26.705499999999997,0.0626964140612066,26.61,26.8,120,15.091083333333334,0.06051315341886261,14.96,15.27,120,440.1666666666667,5.425327056451785,430,450
P1,2025-07-19,1,119,26.92983193277311,0.07563273429594158,26.78,27.09,119,15.251764705882353,0.06468498710928283,15.09,15.41,119,421.70588235294116,5.4249157474930385,412,431
P1,2025-07-19,2,120,26.954666666666665,0.03422450184605487,26.86,27.03,120,15.393166666666668,0.06911181213823486,15.23,15.56,120,410.375,0.935414346693487,410,414
P1,2025-07-19,3,120,27.0415,0.09671625309866055,26.91,27.25,120,15.482916666666666,0.04438933616608965,15.39,15.61,120,409.98333333333335,0.12855586584927714,409,410
P1,2025-07-19,4,120,27.166249999999998,0.0898089709355602,27.03,27.37,120,15.502,0.043300785018210525,15.39,15.61,120,409.4583333333333,0.5003500175437542,409,410
P1,2025-07-19,5,119,27.116386554621847,0.07236596133585754,26.96,27.28,119,15.564873949579832,0.06543032969837592,15.42,15.73,119,409.00840336134456,0.09166984970282538,409,410
P1,2025-07-19,6,120,27.188583333333334,0.06104545535130115,27.06,27.34,120,15.701333333333334,0.0899480086366729,15.51,15.93,120,409.0,0.0,409,409
P1,2025-07-19,7,120,27.153916666666664,0.03922132487474209,27.07,27.23,120,15.796583333333333,0.16538468441042348,15.51,16.25,120,409.0,0.0,409,409
P1,2025-07-19,8,119,27.236134453781514,0.049678785904835175,27.16,27.33,119,16.16176470588235,0.14348357880899668,15.84,16.45,119,408.5042016806723,0.5020964452533478,408,409
P1,2025-07-19,9,120,27.476499999999998,0.10052509198029289,27.32,27.64,120,16.1915,0.09340118582012012,15.98,16.51,120,408.0,0.0,408,408
P1,2025-07-19,10,120,27.804166666666667,0.08821843909976589,27.64,27.95,120,16.15275,0.10313540500092686,15.89,16.45,120,409.51666666666665,0.8597765327539518,408,410
P1,2025-07-19,11,120,28.051333333333332,0.048471308906559755,27.95,28.12,120,16.249,0.08587072558564408,16.02,16.52,120,410.0,0.0,410,410
P1,2025-07-19,12,119,28.220252100840337,0.049940001033004555,28.12,28.31,119,16.310000000000002,0.0846127770132756,16.13,16.59,119,409.6386554621849,0.48242137212992,409,410
P1,2025-07-19,13,120,28.451416666666667,0.0726369565096246,28.31,28.54,120,16.441583333333334,0.103801651784379,16.22,16.64,120,409.125,0.33210558207753005,409,410
P1,2025-07-19,14,120,28.617833333333333,0.039154581245282656,28.53,28.67,120,16.568833333333334,0.11610762417755663,16.32,16.88,120,409.0,0.0,409,409
P1,2025-07-19,15,119,28.666302521008404,0.0157235409292377,28.62,28.69,119,16.798235294117646,0.11191436692145558,16.52,17.08,119,409.0,0.0,409,409
P1,2025-07-19,16,120,28.674166666666668,0.03155849133513988,28.63,28.77,120,16.842583333333334,0.09806956743058769,16.58,17.06,120,409.0,0.0,409,409
P1,2025-07-19,17,120,28.812416666666664,0.05804946938912043,28.68,28.94,120,16.7645,0.11885907197852737,16.42,17.02,120,409.0,0.0,409,409
P1,2025-07-19,18,120,28.947166666666664,0.06896818573993037,28.79,29.08,120,16.529166666666665,0.17562174466415015,16.25,16.93,120,409.0,0.0,409,409
P1,2025-07-19,19,119,28.875378151260506,0.06826903305686348,28.64,29.02,119,16.41579831932773,0.13377501855866775,16.18,16.71,119,409.0,0.0,409,409
P1,2025-07-19,20,120,28.744000000000003,0.07120098195904738,28.6,28.87,120,16.41275,0.09928282747753013,16.19,16.68,120,409.0,0.0,409,409
P1,2025-07-19,21,120,28.609166666666667,0.08213110377489466,28.42,28.73,120,16.483333333333334,0.09161788872820716,16.27,16.78,120,409.0,0.0,409,409
P1,2025-07-19,22,119,28.411512605042017,0.08655985149371163,28.21,28.59,119,16.45714285714286,0.0953951892432248,16.22,16.7,119,409.02521008403363,0.15742552040162047,409,410
P1,2025-07-19,23,120,28.311333333333334,0.10369584915344023,28.11,28.5,120,16.425833333333333,0.07818942021893811,16.25,16.62,120,409.0,0.0,409,409
P1,2025-07-20,0,120,28.181416666666667,0.04554609509838917,28.08,28.28,120,16.425333333333334,0.06966828164801453,16.27,16.67,120,409.0,0.0,409,409
P1,2025-07-20,1,120,28.24191666666667,0.07070230920281567,28.13,28.42,120,16.3845,0.07383663548331498,16.24,16.63,120,409.0,0.0,409,409
P1,2025-07-20,2,119,28.323025210084033,0.07720273357161477,28.11,28.45,119,16.321008403361343,0.07844241067937542,16.15,16.58,119,409.0,0.0,409,409
P1,2025-07-20,3,120,28.29975,0.07305417007061263,28.13,28.43,120,16.31875,0.07275563450991844,16.14,16.58,120,409.0,0.0,409,409
P1,2025-07-20,4,120,28.286749999999998,0.1098598228301348,28.05,28.45,120,16.3005,0.07259708075710597,16.13,16.52,120,409.0,0.0,409,409
P1,2025-07-20,5,119,28.1927731092437,0.07716287385309037,28.02,28.33,119,16.299411764705884,0.07433654709024448,16.18,16.64,119,409.0,0.0,409,409
P1,2025-07-20,6,120,28.04275,0.04924578214246961,27.96,28.16,120,16.29375,0.061042243259768085,16.18,16.53,120,409.0,0.0,409,409
P1,2025-07-20,7,120,28.16466666666667,0.05296158959084094,28.07,28.32,120,16.524250000000002,0.1438700539965644,16.09,16.81,120,409.0,0.0,409,409
P1,2025-07-20,8,119,28.20294117647059,0.04448105559762654,28.11,28.28,119,16.76563025210084,0.09394046668206654,16.55,17.04,119,408.98319327731093,0.1290902507386934,408,409
P1,2025-07-20,9,120,28.377833333333335,0.06324798908463211,28.27,28.51,120,16.796916666666664,0.0893091677879723,16.55,17.07,120,408.525,0.5014684319428792,408,409
P1,2025-07-20,10,120,28.627916666666668,0.0652840700624676,28.51,28.75,120,16.923833333333334,0.07886999550194147,16.75,17.12,120,409.7916666666667,0.8085242634540375,408,411
P1,2025-07-20,11,120,28.874333333333333,0.07746762222372386,28.75,29.0,120,17.1295,0.12663618238511287,16.85,17.42,120,410.0,0.0,410,410
P1,2025-07-20,12,119,29.06655462184874,0.03240205514485971,29.0,29.13,119,17.290504201680672,0.0996931626397291,17.0,17.57,119,409.99159663865544,0.09166984970282137,409,410
P1,2025-07-20,13,120,29.20041666666667,0.044446092989974074,29.11,29.27,120,17.48025,0.12886356865976215,17.13,17.82,120,409.3666666666667,0.48391494032286386,409,410
P1,2025-07-20,14,120,29.33575,0.026589392590263917,29.28,29.37,120,17.57525,0.10025146952966288,17.34,17.82,120,409.0,0.0,409,409
P1,2025-07-20,15,119,29.38218487394958,0.034937223698686556,29.34,29.49,119,17.593025210084036,0.12042688633476284,17.14,17.85,119,409.0,0.0,409,409
P1,2025-07-20,16,120,29.444833333333335,0.06874607195297665,29.37,29.69,120,17.60225,0.15045288773756035,16.97,17.89,120,409.0,0.0,409,409
P1,2025-07-20,17,119,29.630840336134455,0.1125556723410999,29.44,29.83,119,17.402016806722692,0.18746561190614114,17.0,17.76,119,409.0,0.0,409,409
P1,2025-07-20,18,119,29.750504201680673,0.07745801202111954,29.56,29.89,119,17.20470588235294,0.1516676983665821,16.92,17.6,119,409.0,0.0,409,409
P1,2025-07-20,19,101,29.462871287128714,0.146740155606176,29.2,29.7,101,17.18950495049505,0.12264074557522728,16.93,17.43,101,409.0,0.0,409,409
P1,2025-07-20,20,80,29.184500000000003,0.09099867852705933,29.0,29.4,80,17.163249999999998,0.10478156906245507,16.85,17.43,80,409.0,0.0,409,409
P1,2025-07-20,21,51,28.99372549019608,0.057895104605268935,28.87,29.14,51,17.093529411764706,0.10684237978277705,16.9,17.34,51,409.0,0.0,409,409
P1,2025-07-20,22,43,28.87558139534884,0.04856523965521629,28.81,28.95,43,17.04906976744186,0.10054172205484738,16.82,17.29,43,409.0,0.0,409,409
P1,2025-07-20,23,40,28.83975,0.0632247720033202,28.76,28.98,40,17.00225,0.11118216745042472,16.78,17.29,40,409.0,0.0,409,409
P1,2025-07-21,0,37,28.819729729729726,0.03647575195222889,28.73,28.88,37,17.002972972972973,0.12939742537505802,16.78,17.32,37,409.0,0.0,409,409
P1,2025-07-21,1,37,28.877567567567567,0.033367100014286284,28.82,28.94,37,16.967297297297296,0.12303225974083754,16.79,17.23,37,409.0,0.0,409,409
P1,2025-07-21,2,32,28.9071875,0.035125064573470074,28.84,28.98,32,16.9509375,0.12917503441505004,16.74,17.2,32,409.0,0.0,409,409
P1,2025-07-21,3,30,28.918666666666663,0.037021273784725035,28.84,28.98,30,16.918,0.11830410841963897,16.75,17.14,30,409.0,0.0,409,409
P1,2025-07-21,4,22,28.88590909090909,0.05569124842841348,28.8,28.98,22,16.86909090909091,0.13323481208571283,16.72,17.17,22,409.0,0.0,409,409
P1,2025-07-21,5,26,28.861538461538462,0.0886653171287304,28.75,29.02,26,16.91769230769231,0.11060950021793545,16.71,17.1,26,409.0,0.0,409,409
P1,2025-07-21,6,26,28.763461538461538,0.04824456924399417,28.68,28.86,26,16.939615384615387,0.16281230344739486,16.58,17.23,26,409.0769230769231,0.2717464881946988,409,410
P1,2025-07-21,7,18,28.947777777777773,0.0582646654657013,28.82,29.01,18,16.933888888888887,0.2635758377056261,16.39,17.43,18,411.1111111111111,2.398256447281677,410,419
P1,2025-07-21,8,62,28.603387096774195,0.276239047989337,28.33,29.3,62,15.096935483870968,0.689848138930464,14.53,17.02,62,419.741935483871,15.663401514746495,408,452
P1,2025-07-21,9,120,28.1755,0.12050907424252805,28.0,28.44,120,13.362916666666667,0.6816766228992159,12.51,14.72,120,481.55,41.09342706442423,410,544
P1,2025-07-21,10,119,27.69563025210084,0.2720905839177711,27.15,28.01,119,12.697983193277311,0.3398119615414756,11.98,13.1,119,582.2016806722689,11.033523517861335,540,595
P1,2025-07-21,11,120,27.053916666666666,0.05999013691107941,26.91,27.16,120,12.228166666666668,0.1602990028294721,11.9,12.51,120,612.9833333333333,18.77732555988911,577,641
P1,2025-07-21,12,120,26.79075,0.1778591761889792,26.45,27.03,120,12.21025,0.14399149426326746,11.92,12.48,120,632.6333333333333,13.788274968633413,613,660
P1,2025-07-21,13,120,26.183249999999997,0.15297697140913716,25.95,26.48,120,12.061416666666666,0.15027870932434342,11.82,12.36,120,658.9833333333333,6.353697174646815,643,671
P1,2025-07-21,14,119,25.998235294117645,0.1417843137484684,25.68,26.22,119,11.95126050420168,0.1242711266480976,11.72,12.29,119,654.9747899159664,8.177544889610356,638,674
P1,2025-07-21,15,120,25.883916666666668,0.10260715516627479,25.73,26.22,120,12.371,0.33978094772511036,11.88,13.13,120,689.725,12.797033860635636,666,725
P1,2025-07-21,16,120,26.03825,0.19443805044842793,25.89,26.72,120,12.20675,0.20192003783842816,11.65,12.73,120,758.225,17.24877903363768,725,794
P1,2025-07-21,17,119,26.204957983193275,0.31544392703139107,25.56,26.68,119,12.15672268907563,0.21469374815721604,11.82,12.54,119,681.7983193277311,18.66637502230784,655,740
P1,2025-07-21,18,120,25.406333333333336,0.07308258633744415,25.29,25.55,120,12.279,0.38992220728125926,11.58,12.72,120,635.6,15.075384800752522,612,663
P1,2025-07-21,19,120,25.605999999999998,0.11996778279006529,25.38,25.83,120,12.942499999999999,0.3707866948924186,12.16,13.34,120,589.525,21.36987689846305,553,622
P1,2025-07-21,20,120,25.589499999999997,0.1249393129994466,25.47,25.92,120,12.793583333333334,0.18091177028444283,12.3,13.11,120,512.525,26.53995323370147,475,558
P1,2025-07-21,21,119,26.234453781512606,0.16465010399040608,25.93,26.49,119,13.908823529411766,0.2717369630153294,13.13,14.28,119,451.97478991596637,9.728049767862004,436,473
P1,2025-07-21,22,120,26.715416666666666,0.11343302790954918,26.5,26.89,120,14.663166666666665,0.25515848867269947,14.22,15.08,120,420.7916666666667,8.285753525455284,410,439
P1,2025-07-21,23,120,26.993666666666666,0.055427040898330705,26.89,27.09,120,15.268416666666667,0.1263647902862558,15.0,15.56,120,409.98333333333335,0.258740755799095,409,411
P1,2025-07-22,0,119,27.178571428571427,0.04990305371393457,27.09,27.27,119,15.631428571428572,0.10531056343014915,15.44,15.85,119,409.14285714285717,0.3514067199253701,409,410
P1,2025-07-22,1,120,27.319000000000003,0.032858238929468944,27.27,27.38,120,15.871833333333333,0.06269820113663868,15.72,16.03,120,408.94166666666666,0.23535538418049415,408,409
P1,2025-07-22,2,120,27.429916666666667,0.031476170347101574,27.37,27.48,120,16.028,0.06660557424876894,15.86,16.16,120,408.3833333333333,0.48823698153668543,408,409
P1,2025-07-22,3,120,27.527333333333335,0.023469391234757556,27.48,27.57,120,16.086583333333333,0.05314473393571328,15.89,16.24,120,408.03333333333336,0.18025814045109362,408,409
P1,2025-07-22,4,119,27.59495798319328,0.017067858065644998,27.56,27.62,119,16.140336134453783,0.04366538351067412,16.0,16.26,119,408.0,0.0,408,408
P1,2025-07-22,5,120,27.658583333333336,0.012983236336531983,27.62,27.68,120,16.164166666666667,0.04968105557366065,16.03,16.27,120,408.0,0.0,408,408
P1,2025-07-22,6,120,27.698666666666668,0.019006117252016903,27.66,27.73,120,16.24266666666667,0.05934847004227239,16.1,16.44,120,408.0,0.0,408,408
P1,2025-07-22,7,119,27.62529411764706,0.28464317099767655,26.79,27.99,119,15.976974789915966,0.5234218485719285,14.43,16.55,119,407.5042016806723,0.8012061837072116,406,408
P1,2025-07-22,8,120,26.252583333333334,0.16326755807020474,26.06,26.77,120,12.9845,0.4667496224787256,12.54,14.37,120,408.73333333333335,2.532920502998485,406,423
P1,2025-07-22,9,120,26.272666666666666,0.09867809760417433,26.15,26.45,120,12.673166666666667,0.14000590223653125,12.42,13.0,120,501.0416666666667,53.74564994448558,424,651
P1,2025-07-22,10,120,25.973000000000003,0.16583174625874467,25.75,26.35,120,12.146166666666666,0.33059707465479526,11.82,12.86,120,687.525,29.966637611649233,642,762
P1,2025-07-22,11,119,26.453025210084032,0.22896063839738223,26.05,26.92,119,12.48327731092437,0.11992306321559945,11.98,12.66,119,779.5966386554621,10.998705106935974,758,798
P1,2025-07-22,12,120,27.023666666666667,0.07605762226602676,26.89,27.21,120,12.487166666666667,0.11118296929415222,12.25,12.71,120,783.9666666666667,26.36362828516847,747,859
P1,2025-07-22,13,120,26.349083333333333,0.2929679932996818,25.91,27.04,120,12.38125,0.36195213597863607,11.84,12.87,120,817.3583333333333,13.102566195076234,792,862
P1,2025-07-22,14,119,26.331092436974792,0.19974470959229224,25.87,26.56,119,12.24016806722689,0.17771135992454942,11.85,12.5,119,793.8235294117648,8.285833385683862,772,814
P1,2025-07-22,15,120,26.788083333333336,0.06849272590137259,26.58,26.91,120,12.13475,0.09182521302942497,11.92,12.31,120,801.2916666666666,20.040880837974793,759,832
P1,2025-07-22,16,120,26.700083333333335,0.231721710205138,26.26,27.1,120,12.220833333333333,0.16209025047707162,11.93,12.64,120,810.1416666666667,12.591377490761092,774,838
P1,2025-07-22,17,120,26.465500000000002,0.08068873693959429,26.26,26.61,120,12.2965,0.1844120796641339,11.87,12.59,120,766.0583333333333,13.985764571315304,741,800
P1,2025-07-22,18,119,26.346302521008404,0.27008431058485893,25.79,26.67,119,12.344117647058823,0.4878496777448717,11.56,12.98,119,736.1596638655462,53.393325170543825,646,798
P1,2025-07-22,19,120,25.419416666666667,0.16579979743392304,25.24,25.8,120,12.796833333333332,0.2408841673353167,12.49,13.25,120,609.1,20.652954699391806,576,650
P1,2025-07-22,20,120,25.440583333333333,0.18101161034926427,25.23,25.78,120,13.334,0.2896372695271774,12.86,13.85,120,569.6916666666667,21.435381037529755,535,602
P1,2025-07-22,21,119,26.28857142857143,0.32079162071743733,25.41,26.65,119,13.866974789915966,0.29744549314616325,13.39,14.34,119,511.88235294117646,14.271089936514054,489,541
P1,2025-07-22,22,120,26.817833333333333,0.09069464266031667,26.65,26.98,120,14.711083333333333,0.20348970544990663,14.35,15.06,120,470.96666666666664,10.744498950769271,453,490
P1,2025-07-22,23,120,27.062333333333335,0.051347118815412846,26.97,27.16,120,15.26825,0.07591085550297462,15.06,15.39,120,444.23333333333335,4.164139289506202,434,452
P1,2025-07-23,0,120,27.254250000000003,0.0497331112332706,27.16,27.33,120,15.497083333333334,0.09833398613465917,15.36,15.67,120,430.0,4.432500290302142,421,438
P1,2025-07-23,1,119,27.39747899159664,0.031948541448230686,27.33,27.45,119,15.779075630252102,0.08269805806584593,15.62,15.93,119,419.5798319327731,3.874068063592186,410,429
P1,2025-07-23,2,120,27.49233333333333,0.02502883491157334,27.45,27.53,120,16.004666666666665,0.05994301682520221,15.84,16.11,120,413.40833333333336,2.50879405672283,410,419
P1,2025-07-23,3,120,27.575666666666667,0.021527130950196493,27.53,27.61,120,16.11975,0.035396018861739625,16.05,16.2,120,410.2916666666667,0.7378806049184657,410,414
P1,2025-07-23,4,119,27.620672268907565,0.016402309285382163,27.6,27.65,119,16.154033613445378,0.023661429951310976,16.1,16.22,119,410.1848739495798,0.5202083440937606,410,412
P1,2025-07-23,5,120,27.66658333333333,0.016727968495067067,27.65,27.71,120,16.24325,0.05006151677870743,16.15,16.34,120,410.0,0.0,410,410
P1,2025-07-23,6,120,27.724666666666668,0.023260791598094615,27.69,27.76,120,16.318333333333335,0.03443013467399874,16.25,16.38,120,410.0,0.0,410,410
P1,2025-07-23,7,120,27.1115,0.7769858266338797,25.86,27.84,120,15.272333333333334,1.2061646509768515,13.19,16.56,120,408.775,1.0489089970219592,407,410
P1,2025-07-23,8,119,25.648319327731095,0.3535349797564714,25.15,26.46,119,12.800840336134453,0.3974549965611344,12.0,13.91,119,412.34453781512605,7.392663535491194,408,434
P1,2025-07-23,9,120,26.521416666666667,0.08703612534370853,26.29,26.64,120,12.630083333333333,0.16658959702675005,12.24,12.9,120,517.175,78.42854291989511,415,685
P1,2025-07-23,10,120,26.080083333333334,0.20226655112272185,25.89,26.57,120,12.309583333333334,0.14148905491614844,12.1,12.63,120,610.475,21.519177493575217,585,682
P1,2025-07-23,11,120,26.104666666666667,0.29500301474982243,25.89,26.77,120,12.250166666666667,0.1982146503643135,12.06,13.01,120,586.5833333333334,10.935704634560237,568,619
P1,2025-07-23,12,114,26.84122807017544,0.07778049839616626,26.72,26.99,114,12.672543859649123,0.19779676439772634,12.32,13.16,114,688.2456140350877,45.200940041033135,620,796
P1,2025-07-23,13,111,26.924684684684685,0.3119114671004603,26.46,27.55,111,12.459189189189189,0.39375381126036685,11.85,13.34,111,745.1441441441441,25.27947311262167,702,794
P1,2025-07-23,14,120,27.651999999999997,0.0632800896641206,27.51,27.76,120,13.291833333333333,0.1413142593228131,12.81,13.49,120,726.65,13.227581319463567,702,757
P1,2025-07-23,15,119,27.822436974789916,0.12604792192368183,27.62,28.07,119,13.114705882352942,0.1485855544762108,12.77,13.38,119,737.9495798319327,8.61202228213936,720,769
P1,2025-07-23,16,120,27.77583333333333,0.13801463406351616,27.5,28.06,120,12.981416666666666,0.15799316990520385,12.62,13.31,120,759.3,11.97588613587717,735,780
P1,2025-07-23,17,120,26.930833333333332,0.3717674870477121,26.13,27.49,120,12.389916666666666,0.4029252194799906,11.77,13.23,120,712.325,23.742725555561513,670,771
P1,2025-07-23,18,119,26.030756302521006,0.15855897509388425,25.8,26.33,119,12.569747899159664,0.2520406954794248,11.72,13.01,119,664.0420168067227,14.444748595933246,634,693
P1,2025-07-23,19,120,25.634416666666667,0.08184629818513872,25.52,25.81,120,12.513416666666666,0.11269424562593733,12.24,12.69,120,612.75,14.686213737705895,589,637
P1,2025-07-23,20,120,25.647,0.05516362216247016,25.49,25.71,120,12.931333333333333,0.2927698305315417,12.26,13.3,120,568.6916666666667,15.951499933863557,546,598
P1,2025-07-23,21,120,26.237000000000002,0.3076683798065193,25.7,26.66,120,13.238,0.3118408342125098,12.78,14.01,120,527.2166666666667,14.93525710397719,507,559
P1,2025-07-23,22,119,26.83823529411765,0.08959085019512074,26.66,26.97,119,14.550504201680672,0.2768921001973275,14.04,14.93,119,486.47058823529414,9.406834451440606,471,507
P1,2025-07-23,23,120,27.070666666666668,0.06436154879728265,26.96,27.17,120,14.941416666666667,0.094578195235508,14.74,15.13,120,467.05,5.289676007933539,454,476
P1,2025-07-24,0,120,27.236,0.03515631360871874,27.16,27.3,120,15.270166666666666,0.10853480511600341,15.01,15.48,120,453.575,3.8187122207899042,446,462
P1,2025-07-24,1,119,27.343193277310924,0.029884885730089645,27.29,27.39,119,15.545378151260506,0.07034768274605473,15.39,15.78,119,441.7731092436975,3.3126285706801757,433,448
P1,2025-07-24,2,120,27.419416666666667,0.021313815038249497,27.39,27.45,120,15.742583333333332,0.06939711365578055,15.58,15.94,120,436.56666666666666,2.4961595151211387,429,442
P1,2025-07-24,3,120,27.503,0.029179248986713712,27.45,27.57,120,15.939333333333334,0.07231738325996707,15.78,16.11,120,432.675,2.6030444360661398,426,438
P1,2025-07-24,4,120,27.570416666666667,0.019932484079226463,27.53,27.61,120,16.082583333333336,0.03958812811886117,15.98,16.17,120,428.575,2.3857507670939184,421,433
P1,2025-07-24,5,119,27.60420168067227,0.012788752892337303,27.58,27.63,119,16.154873949579834,0.04175930924769946,16.05,16.27,119,425.38655462184875,2.1593676243857476,419,429
P1,2025-07-24,6,120,27.65983333333333,0.02020829904123694,27.62,27.71,120,16.181833333333334,0.045540329035125574,16.05,16.29,120,423.60833333333335,1.9502028911184073,419,431
P1,2025-07-24,7,120,27.7905,0.07621122791626522,27.71,27.96,120,16.2225,0.16512918294118265,16.03,16.82,120,417.59166666666664,5.149032434740118,410,425
P1,2025-07-24,8,112,26.77892857142857,0.3161119574245337,26.3,27.8,112,13.807589285714286,1.0692678690300332,12.79,16.14,112,429.66964285714283,25.674114419443036,409,478
P1,2025-07-24,9,120,26.243833333333335,0.320047746788018,25.73,26.68,120,12.743666666666666,0.19787923204871807,12.39,13.22,120,522.7666666666667,17.42920052131845,480,547
P1,2025-07-24,10,120,26.035416666666666,0.3466354388272806,25.47,26.64,120,12.652,0.1683164286933009,12.27,13.19,120,568.55,25.138891493982392,542,632
P1,2025-07-24,11,119,27.175378151260503,0.2804681011982901,26.65,27.65,119,12.76,0.14345022168576438,12.44,13.07,119,651.4621848739496,9.622352082139349,626,668
P1,2025-07-24,12,120,27.59625,0.13529340975335358,27.2,27.74,120,12.810833333333333,0.1921334591018507,12.3,13.16,120,670.2416666666667,21.42487199625732,646,717
P1,2025-07-24,13,120,26.870833333333334,0.22147171351654657,26.4,27.21,120,12.562999999999999,0.24130806002272892,12.08,13.03,120,677.9833333333333,11.300318530003953,658,697
P1,2025-07-24,14,119,27.06193277310924,0.08695681093317939,26.89,27.21,119,12.516806722689076,0.14595641776443335,11.96,12.77,119,713.9495798319327,23.001786496386586,667,777
P1,2025-07-24,15,120,26.916249999999998,0.31181513188200016,26.24,27.33,120,12.6135,0.1521921054943063,12.2,12.87,120,695.875,15.208667641465814,656,722
P1,2025-07-24,16,120,26.76833333333333,0.08578195274862246,26.58,27.0,120,12.4855,0.21354884510035865,12.2,13.02,120,692.8666666666667,8.35346587691971,672,719
P1,2025-07-24,17,120,27.052500000000002,0.07430631582462388,26.91,27.23,120,12.949250000000001,0.10427148227970585,12.72,13.11,120,717.5,14.933465885766138,688,744
P1,2025-07-24,18,119,26.751176470588234,0.1362710190323514,26.42,27.0,119,12.81361344537815,0.12786865011446816,12.51,13.06,119,698.7478991596639,18.63440343321415,662,732
P1,2025-07-24,19,120,25.749416666666665,0.24723443721856092,25.36,26.38,120,12.789416666666666,0.3583793957756611,12.27,13.48,120,601.8333333333334,23.052856084864366,567,665
P1,2025-07-24,20,120,26.077833333333334,0.023805349774181184,26.01,26.13,120,13.366416666666668,0.09528194193751309,13.14,13.52,120,564.225,23.324334499229153,527,594
P1,2025-07-24,21,119,26.2636974789916,0.19879239467351517,26.03,26.61,119,13.555798319327732,0.1881691260466262,13.24,13.88,119,496.7226890756302,14.13070006167473,478,534
P1,2025-07-24,22,120,26.7595,0.06881774736898255,26.62,26.85,120,14.490583333333332,0.2958346569584153,13.78,14.93,120,466.275,9.171532958383933,449,483
P1,2025-07-24,23,120,26.964,0.06243517646731115,26.85,27.06,120,15.149833333333333,0.1464136154143849,14.9,15.41,120,436.81666666666666,7.984210608921929,424,453
P1,2025-07-25,0,120,27.10725,0.03464010644889177,27.06,27.18,120,15.270083333333334,0.03607871490876195,15.21,15.37,120,416.39166666666665,4.851224974529729,410,425
P1,2025-07-25,1,119,27.23563025210084,0.03139790167506049,27.18,27.29,119,15.288403361344537,0.039957248197551344,15.21,15.43,119,410.03361344537814,0.18099410559011195,410,411
P1,2025-07-25,2,120,27.3365,0.030476606264672364,27.29,27.39,120,15.3765,0.051329386148220274,15.29,15.49,120,409.51666666666665,0.5018174252567608,409,410
P1,2025-07-25,3,120,27.4235,0.01981638402005395,27.38,27.46,120,15.493,0.038251709469133185,15.41,15.59,120,409.0,0.0,409,409
P1,2025-07-25,4,120,27.502416666666665,0.019788623899964913,27.46,27.54,120,15.577583333333333,0.021537375499752542,15.53,15.65,120,409.0,0.0,409,409
P1,2025-07-25,5,119,27.563109243697475,0.01735706270353309,27.54,27.59,119,15.595378151260503,0.02901752585460557,15.53,15.67,119,409.0,0.0,409,409
P1,2025-07-25,6,120,27.623416666666667,0.029176248926148916,27.59,27.68,120,15.591833333333334,0.03507455045521934,15.52,15.7,120,408.925,0.2644957148864107,408,409
P1,2025-07-25,7,120,27.386416666666666,0.5734442538947668,26.2,27.94,120,15.132583333333335,0.7804981126957125,13.38,15.75,120,407.68333333333334,0.995648796820789,406,409
P1,2025-07-25,8,119,26.145210084033614,0.26969489584825923,25.76,26.69,119,12.730252100840337,0.3669052022416555,12.13,13.5,119,407.47899159663865,1.1263315246048473,406,409
P1,2025-07-25,9,120,26.705166666666667,0.10464813659591415,26.5,26.89,120,12.800749999999999,0.09924219165779324,12.58,12.98,120,503.55833333333334,90.91650947258064,410,631
P1,2025-07-25,10,120,26.9085,0.15225283041621127,26.56,27.1,120,12.882333333333333,0.17910014725035384,12.43,13.22,120,666.4916666666667,18.939974103668135,634,695
P1,2025-07-25,11,120,26.95808333333333,0.10749473962766502,26.78,27.21,120,12.498583333333332,0.1756729956497599,12.24,12.89,120,695.0166666666667,7.093592011036969,681,716
P1,2025-07-25,12,119,26.803949579831933,0.3271738730384438,26.03,27.21,119,12.642941176470588,0.20761499954457185,12.26,13.18,119,713.8067226890756,23.007470161580372,681,753
P1,2025-07-25,13,120,26.283916666666666,0.16441030776602558,25.95,26.49,120,12.544916666666667,0.10924489360474125,12.29,12.86,120,722.2166666666667,11.156023608127484,702,756
P1,2025-07-25,14,120,26.608833333333333,0.22291492643107083,26.38,27.09,120,12.786083333333332,0.25609640987030413,12.31,13.21,120,750.2333333333333,24.197275120337334,716,800
P1,2025-07-25,15,119,27.130840336134455,0.30567951487928463,26.54,27.48,119,12.934957983193277,0.24684405957010708,12.52,13.29,119,768.1260504201681,28.282040363983413,710,803
P1,2025-07-25,16,120,26.677083333333332,0.21566156116374374,26.4,26.99,120,12.561916666666667,0.1801553756726501,12.16,12.99,120,720.4166666666666,9.29857975360613,701,741
P1,2025-07-25,17,120,26.72725,0.1262514664196388,26.51,26.98,120,13.074000000000002,0.19959791514715788,12.64,13.43,120,732.1666666666666,11.708169476608926,707,758
P1,2025-07-25,18,120,26.35625,0.09205462846510287,26.1,26.54,120,12.842416666666667,0.14445490607090775,12.52,13.13,120,686.8916666666667,13.482510197752218,665,716
P1,2025-07-25,19,119,25.967394957983192,0.11566654428090958,25.65,26.11,119,12.945882352941176,0.1625924079611976,12.49,13.2,119,627.0840336134454,20.248280877825945,601,678
P1,2025-07-25,20,120,26.050416666666667,0.20711461461093073,25.83,26.45,120,13.106916666666667,0.19354627628664361,12.71,13.41,120,568.7,15.975085644356975,541,606
P1,2025-07-25,21,120,26.730999999999998,0.12686524313603892,26.46,26.93,120,13.82525,0.2792094557282537,13.2,14.24,120,516.9166666666666,13.772816567081762,493,542
P1,2025-07-25,22,119,27.007058823529412,0.0359225376867922,26.93,27.06,119,14.629915966386555,0.16501410211086945,14.26,14.92,119,481.42857142857144,7.9143416576548855,469,497
P1,2025-07-25,23,120,27.140583333333332,0.061566331426077904,27.05,27.25,120,15.127916666666666,0.11498553678383978,14.9,15.31,120,463.35833333333335,5.43378140820528,453,474
P1,2025-07-26,0,120,27.312333333333335,0.03477981964217088,27.25,27.37,120,15.4185,0.08942063755179269,15.23,15.57,120,447.275,4.037560000334751,440,456
P1,2025-07-26,1,120,27.43125,0.03268290484194499,27.37,27.49,120,15.68325,0.10786049580185413,15.48,15.89,120,438.73333333333335,3.289232071327274,431,445
P1,2025-07-26,2,119,27.50453781512605,0.024382123875440656,27.46,27.55,119,15.947563025210084,0.05688177430774586,15.79,16.08,119,431.8067226890756,2.005405030835683,427,436
P1,2025-07-26,3,120,27.559833333333334,0.010450630903186665,27.53,27.58,120,16.086750000000002,0.054790088351023884,15.9,16.18,120,427.68333333333334,2.4322183854477273,422,432
P1,2025-07-26,4,120,27.598833333333335,0.015512712777046973,27.57,27.63,120,16.258416666666665,0.05362483798856314,16.11,16.39,120,424.95,2.2411356664937188,419,430
P1,2025-07-26,5,119,27.637899159663863,0.013268667667125155,27.61,27.66,119,16.404873949579834,0.06100660628604064,16.29,16.56,119,422.6470588235294,2.1336220309807943,418,428
P1,2025-07-26,6,120,27.701166666666666,0.04044257955294223,27.64,27.77,120,16.510083333333334,0.05897579382851135,16.39,16.67,120,420.31666666666666,1.8009490184196568,417,425
P1,2025-07-26,7,120,27.80575,0.03161380668488738,27.76,27.89,120,16.493666666666666,0.05346691953529296,16.35,16.61,120,417.8,2.270009069689051,411,422
P1,2025-07-26,8,120,27.912916666666668,0.02521823514351367,27.88,27.97,120,16.583666666666666,0.05277084332054843,16.44,16.75,120,411.875,2.5223788291974247,410,420
P1,2025-07-26,9,119,28.05218487394958,0.05488292105473748,27.96,28.15,119,16.71840336134454,0.05734201868830454,16.6,16.87,119,411.6218487394958,2.1784444638344698,410,417
P1,2025-07-26,10,120,28.249750000000002,0.04368455489225487,28.15,28.32,120,16.87475,0.06574668090801238,16.71,17.03,120,411.575,2.0111558614786027,410,420
P1,2025-07-26,11,120,28.364916666666666,0.02669453200968406,28.32,28.41,120,16.959,0.05157029957562257,16.8,17.08,120,411.0833333333333,1.663161580417533,410,417
P1,2025-07-26,12,119,28.43848739495798,0.016293840754901638,28.41,28.49,119,17.011428571428574,0.04746605770845723,16.89,17.13,119,410.9075630252101,1.2212219265455115,410,415
P1,2025-07-26,13,120,28.537916666666668,0.02438817158307096,28.49,28.57,120,17.064333333333334,0.048259336769522536,16.94,17.18,120,410.9916666666667,1.2264304516200975,410,414
P1,2025-07-26,14,120,28.60625,0.028137193901883354,28.55,28.65,120,17.137583333333335,0.07397473828789379,16.99,17.36,120,410.8333333333333,1.1177207700888132,410,415
P1,2025-07-26,15,120,28.692666666666664,0.02375410918307194,28.63,28.73,120,17.237833333333334,0.08995968596009558,17.03,17.46,120,410.3833333333333,0.8519215387130633,410,414
P1,2025-07-26,16,119,28.730588235294118,0.010024894238171569,28.71,28.76,119,17.267899159663866,0.0748656870734699,17.1,17.46,119,410.0,0.0,410,410
P1,2025-07-26,17,120,28.706416666666666,0.013768544917004404,28.68,28.73,120,17.277416666666667,0.0552837726481039,17.16,17.46,120,410.125,0.5275996062714629,410,413
P1,2025-07-26,18,120,28.646333333333335,0.032017152265865996,28.6,28.7,120,17.28375,0.055201121959125556,17.16,17.41,120,411.01666666666665,1.2767035633989243,410,415
P1,2025-07-26,19,119,28.563361344537814,0.03208244968573746,28.5,28.62,119,17.267647058823528,0.04561641620860678,17.15,17.43,119,412.47058823529414,1.930238983235695,410,418
P1,2025-07-26,20,120,28.482666666666667,0.02749280527222457,28.43,28.53,120,17.237000000000002,0.035683011517028795,17.16,17.33,120,412.45,1.8824711097362226,410,417
P1,2025-07-26,21,120,28.42325,0.019582297785364623,28.39,28.46,120,17.20133333333333,0.03352995232745306,17.12,17.3,120,412.40833333333336,1.6372544826313216,410,418
P1,2025-07-26,22,120,28.383666666666667,0.01970084387278352,28.34,28.43,120,17.187583333333336,0.031860932937046484,17.11,17.27,120,412.7083333333333,1.7746858324564279,410,417
P1,2025-07-26,23,119,28.35563025210084,0.012798215941756933,28.33,28.38,119,17.134117647058822,0.03496758219531868,17.04,17.21,119,411.8151260504202,1.7513500194867708,410,417
P1,2025-07-27,0,113,28.343982300884957,0.012785302877080674,28.32,28.37,113,17.079734513274335,0.03747523413133367,17.0,17.18,113,410.1946902654867,0.7660008285108985,410,415
P1,2025-07-27,1,120,28.30591666666667,0.016061637229007695,28.28,28.34,120,17.0165,0.037966150337225585,16.91,17.11,120,410.0,0.0,410,410
P1,2025-07-27,2,119,28.302268907563022,0.013431368217209158,28.28,28.33,119,17.021176470588234,0.0319474269033168,16.95,17.11,119,410.0420168067227,0.27293005198120857,410,412
P1,2025-07-27,3,120,28.297916666666666,0.010199343637914996,28.28,28.32,120,16.997333333333334,0.03976260084262927,16.9,17.09,120,410.0,0.0,410,410
P1,2025-07-27,4,120,28.301666666666666,0.009901475429767282,28.28,28.32,120,17.040333333333333,0.033151887111408616,16.93,17.12,120,410.0,0.0,410,410
P1,2025-07-27,5,120,28.299500000000002,0.016184337277416447,28.27,28.34,120,17.089583333333334,0.032446357367857934,17.01,17.18,120,410.0,0.0,410,410
P1,2025-07-27,6,119,28.32436974789916,0.01369390904202343,28.3,28.36,119,17.203697478991597,0.04120773224749462,17.11,17.3,119,410.0,0.0,410,410
P1,2025-07-27,7,120,28.388083333333334,0.04270862454639176,28.32,28.47,120,17.32316666666667,0.06855021263761171,17.14,17.49,120,409.81666666666666,0.38856195407794253,409,410
P1,2025-07-27,8,120,28.598000000000003,0.06593350355287506,28.47,28.7,120,17.4745,0.08933790071521706,17.25,17.74,120,409.0,0.0,409,409
P1,2025-07-27,9,120,28.777833333333334,0.060933678415682736,28.69,28.89,120,17.514083333333335,0.1226424456205405,17.15,17.81,120,409.68333333333334,0.5018174252567469,409,411
P1,2025-07-27,10,119,29.00025210084034,0.062334012600700005,28.88,29.11,119,17.49579831932773,0.1061218982363555,17.27,17.78,119,409.9159663865546,0.27861132433375174,409,410
P1,2025-07-27,11,120,29.14425,0.021209736942654284,29.1,29.17,120,17.575499999999998,0.11229350797251555,17.35,17.83,120,409.80833333333334,0.3952625620991777,409,410
P1,2025-07-27,12,120,29.206500000000002,0.028833045933704435,29.16,29.25,120,17.63791666666667,0.1411649957404764,17.36,17.93,120,409.80833333333334,0.3952625620991493,409,410
P1,2025-07-27,13,119,29.290588235294116,0.03006473573798594,29.24,29.34,119,17.675126050420168,0.1553992427735961,17.3,18.03,119,409.42857142857144,0.4969641492275273,409,410
P1,2025-07-27,14,120,29.346583333333335,0.014112145870290835,29.32,29.37,120,17.745583333333332,0.11746478702350066,17.46,18.03,120,409.05833333333334,0.23535538418048257,409,410
P1,2025-07-27,15,120,29.341583333333332,0.013658243629675016,29.32,29.37,120,17.569416666666665,0.1141964681298543,17.32,17.86,120,409.71666666666664,0.4525062483124862,409,410
P1,2025-07-27,16,120,29.28033333333333,0.021767809605329296,29.23,29.32,120,17.367416666666667,0.08407175639945787,17.21,17.61,120,410.0,0.0,410,410
P1,2025-07-27,17,119,29.18529411764706,0.031104621963266348,29.13,29.24,119,17.331008403361345,0.075029880578558,17.18,17.54,119,410.0,0.0,410,410
P1,2025-07-27,18,120,29.071,0.06046597765505787,28.97,29.17,120,17.28975,0.056827359075501495,17.14,17.42,120,410.0,0.0,410,410
P1,2025-07-27,19,120,28.928333333333335,0.021783245945485825,28.9,28.97,120,17.21925,0.07474508499622266,17.02,17.35,120,410.0,0.0,410,410
P1,2025-07-27,20,119,28.865798319327734,0.020687169458442695,28.83,28.91,119,16.99983193277311,0.11143884233886216,16.75,17.23,119,410.0,0.0,410,410
P1,2025-07-27,21,120,28.816,0.017169447165422715,28.78,28.84,120,16.86325,0.03996137841348615,16.76,16.95,120,410.0,0.0,410,410
P1,2025-07-27,22,120,28.777583333333332,0.007777994528124532,28.76,28.79,120,16.8575,0.03852860990890658,16.75,16.94,120,410.0,0.0,410,410
P1,2025-07-27,23,120,28.735083333333332,0.01655121074214238,28.7,28.77,120,16.83341666666667,0.04818549301080708,16.67,16.94,120,410.0,0.0,410,410
P1,2025-07-28,0,119,28.705126050420166,0.013892172300177466,28.68,28.73,119,16.761428571428574,0.043438749285257504,16.65,16.85,119,409.99159663865544,0.09166984970282142,409,410
P1,2025-07-28,1,120,28.679166666666667,0.011492294337146472,28.65,28.7,120,16.707583333333336,0.0334813590010935,16.63,16.79,120,409.9916666666667,0.09128709291753223,409,410
P1,2025-07-28,2,120,28.654333333333334,0.013330531918589674,28.63,28.68,120,16.704,0.036516371371635534,16.61,16.77,120,409.84166666666664,0.36658389694774957,409,410
P1,2025-07-28,3,119,28.621596638655465,0.011273427078627503,28.6,28.64,119,16.690252100840336,0.03150093312779776,16.62,16.75,119,409.5378151260504,0.500676084712616,409,410
P1,2025-07-28,4,120,28.593916666666665,0.01023224704313836,28.58,28.61,120,16.721833333333333,0.036159853622569994,16.64,16.79,120,409.31666666666666,0.46712662406799976,409,410
P1,2025-07-28,5,120,28.581999999999997,0.006810767550124543,28.57,28.6,120,16.702,0.040987803063836994,16.59,16.78,120,409.2083333333333,0.40781923276208387,409,410
P1,2025-07-28,6,120,28.643166666666666,0.05004171928969052,28.56,28.72,120,16.946083333333334,0.2741228818280888,16.63,17.84,120,409.3833333333333,0.6375284911521878,409,414
P1,2025-07-28,7,119,28.789663865546217,0.03546143221531463,28.6,28.85,119,17.114369747899158,0.19609595824434048,16.49,17.56,119,419.109243697479,5.912913067903398,410,437
P1,2025-07-28,8,120,27.908916666666666,0.23257345756828207,27.5,28.56,120,14.661333333333333,0.6227965303429965,13.92,16.35,120,411.025,6.4540554640297625,408,436
P1,2025-07-28,9,120,28.07275,0.10819343477185069,27.76,28.2,120,13.985916666666666,0.26692615613523435,13.62,14.62,120,513.6583333333333,43.45817961385557,439,590
P1,2025-07-28,10,119,27.90689075630252,0.16576861502523788,27.48,28.08,119,12.883361344537816,0.3171410350620215,12.38,13.61,119,636.2016806722689,20.649036515435945,586,671
P1,2025-07-28,11,120,27.70925,0.04982595759661948,27.6,27.8,120,12.699916666666667,0.10357878366620399,12.45,12.91,120,645.3583333333333,7.694585931748626,629,663
P1,2025-07-28,12,120,27.2225,0.20665909898496648,26.98,27.73,120,12.68675,0.4054381642643122,12.14,13.39,120,622.8083333333333,21.31133593221436,593,668
P1,2025-07-28,13,120,26.62475,0.2335080028499237,26.27,27.1,120,12.717916666666667,0.2362767777126544,12.14,13.03,120,652.85,11.904839775655704,632,675
P1,2025-07-28,14,119,26.630420168067225,0.26892565590393,26.01,27.13,119,12.337478991596639,0.16781859903486676,11.85,12.67,119,663.7478991596639,10.294163631451726,641,687
P1,2025-07-28,15,120,27.965916666666665,0.39648348346565593,27.16,28.64,120,12.776833333333334,0.14235700968790638,12.51,13.18,120,710.3333333333334,17.486769708723713,674,750
P1,2025-07-28,16,120,28.876583333333333,0.1389304634321356,28.65,29.07,120,13.031166666666667,0.16708666967197913,12.75,13.64,120,736.3,9.869399273350405,713,762
P1,2025-07-28,17,119,28.349327731092437,0.33445308528756224,27.55,29.06,119,13.076470588235294,0.2947092454977533,12.53,13.69,119,680.3613445378152,16.05959826651901,651,721
P1,2025-07-28,18,120,26.92866666666667,0.2539533912551041,26.62,27.53,120,12.737583333333333,0.26552625986495404,12.32,13.22,120,629.6666666666666,16.293182228000983,600,669
P1,2025-07-28,19,120,26.360833333333336,0.10384687606985488,26.17,26.62,120,13.084833333333334,0.3268874946731199,12.58,13.67,120,556.1166666666667,24.16998045473099,503,600
P1,2025-07-28,20,120,26.11,0.08096061912275399,25.93,26.22,120,13.304583333333333,0.15812395857209616,12.97,13.61,120,466.25,18.542365753352335,435,499
P1,2025-07-28,21,119,26.29621848739496,0.30700022524322285,25.88,26.74,119,13.382268907563025,0.32517905621570664,12.85,13.87,119,423.6386554621849,4.914059891533284,417,440
P1,2025-07-28,22,120,26.975583333333336,0.12230143112826591,26.74,27.15,120,14.201416666666667,0.20957458243365848,13.85,14.57,120,414.39166666666665,4.600503869614856,410,426
P1,2025-07-28,23,120,27.263583333333333,0.05827774462183385,27.15,27.34,120,14.773916666666668,0.14425290485887549,14.56,15.02,120,410.0,0.0,410,410
P1,2025-07-29,0,119,27.3927731092437,0.027491890013640736,27.34,27.44,119,15.16075630252101,0.070892131760406,14.98,15.28,119,409.11764705882354,0.32355207026612176,409,410
P1,2025-07-29,1,120,27.490333333333336,0.03768363069568604,27.43,27.55,120,15.316083333333333,0.04797225797285585,15.22,15.42,120,409.0,0.0,409,409
P1,2025-07-29,2,120,27.589166666666664,0.02791292984731155,27.53,27.65,120,15.505666666666666,0.05987007407969668,15.37,15.64,120,409.0,0.0,409,409
P1,2025-07-29,3,120,27.671,0.016520931464979238,27.64,27.7,120,15.615416666666667,0.06192833800142769,15.47,15.77,120,409.0,0.0,409,409
P1,2025-07-29,4,119,27.714789915966385,0.01676602393137475,27.68,27.76,119,15.659663865546218,0.05504901934361405,15.54,15.78,119,409.0,0.0,409,409
P1,2025-07-29,5,120,27.73875,0.013256518929101853,27.71,27.76,120,15.738333333333333,0.061621415754198244,15.62,15.93,120,409.0,0.0,409,409
P1,2025-07-29,6,120,27.783,0.05899152481500941,27.69,27.86,120,15.98,0.05457244048514048,15.81,16.17,120,408.925,0.2644957148864453,408,409
P1,2025-07-29,7,119,27.672352941176474,0.3870131296383409,26.61,27.89,119,16.085882352941177,0.4480530608799678,14.74,17.02,119,408.03361344537814,1.0651074037451032,406,409
P1,2025-07-29,8,120,26.267999999999997,0.15019091491954129,26.0,26.59,120,13.171833333333332,0.5215039391446782,12.54,14.65,120,408.01666666666665,2.5271079339442197,406,422
P1,2025-07-29,9,120,26.752083333333335,0.3273599407568473,26.37,27.33,120,12.959,0.41959444204888846,12.35,13.65,120,586.4416666666667,61.62120608374754,422,654
P1,2025-07-29,10,120,27.606583333333333,0.15419346046217466,27.32,27.82,120,13.042750000000002,0.19821456204084076,12.74,13.5,120,666.925,14.065968526490805,646,691
P1,2025-07-29,11,119,27.990252100840337,0.09602667518582857,27.81,28.17,119,13.029327731092437,0.2879816704749696,12.53,13.64,119,734.6638655462185,17.9798744886007,688,758
P1,2025-07-29,12,120,27.540416666666665,0.21640063931208556,27.3,27.97,120,12.839666666666666,0.17540796784089666,12.48,13.25,120,764.2916666666666,22.52109966169468,727,799
P1,2025-07-29,13,120,26.79525,0.229632378840102,26.51,27.36,120,12.8225,0.2811777451537507,12.39,13.45,120,766.4916666666667,30.62897947620045,729,828
P1,2025-07-29,14,120,26.58216666666667,0.14860235887907755,26.39,27.0,120,12.763166666666667,0.19983179201027823,12.42,13.2,120,724.625,19.735674519496314,697,768
P1,2025-07-29,15,119,26.90546218487395,0.2518835751340326,26.54,27.29,119,13.133613445378153,0.338265092845875,12.59,13.59,119,739.2773109243698,18.208735270886272,698,762
P1,2025-07-29,16,120,26.750583333333335,0.18828860305184425,26.45,27.25,120,13.059166666666666,0.2133194366972426,12.59,13.47,120,721.8083333333333,23.576906459654282,690,773
P1,2025-07-29,17,120,27.027083333333334,0.31588583150153665,26.43,27.53,120,13.323666666666666,0.3453312460056119,12.76,13.95,120,708.8666666666667,21.078458211174127,675,750
P1,2025-07-29,18,119,26.188991596638658,0.09122885134986758,26.06,26.42,119,13.656302521008403,0.2954682166113437,13.19,14.14,119,635.9915966386554,18.070715985889898,599,675
P1,2025-07-29,19,120,25.895666666666667,0.08010217564721304,25.77,26.05,120,13.592666666666666,0.272108892356941,13.18,14.19,120,567.6583333333333,11.377772694363175,551,601
P1,2025-07-29,20,120,25.826666666666664,0.09911654572196614,25.72,26.09,120,13.331416666666666,0.22337854908311136,12.71,13.75,120,544.7166666666667,8.771787600203359,522,555
P1,2025-07-29,21,120,26.45041666666667,0.16338538157731738,26.09,26.66,120,14.479416666666667,0.577952479558183,13.29,15.39,120,493.21666666666664,12.576611167535688,473,523
P1,2025-07-29,22,119,26.79596638655462,0.07177317528902992,26.67,26.9,119,15.815714285714286,0.22744927327392,15.36,16.17,119,461.0924369747899,6.331240268135333,450,474
P1,2025-07-29,23,120,26.990916666666667,0.052946712284498196,26.91,27.09,120,16.357666666666667,0.11896425092101612,15.95,16.57,120,441.9916666666667,5.099836598689601,433,454
P1,2025-07-30,0,120,27.156333333333336,0.0432101243453311,27.07,27.23,120,16.637666666666668,0.09584417792739207,16.36,16.84,120,431.89166666666665,2.743352035768827,424,437
P1,2025-07-30,1,119,27.29285714285714,0.04694285846919857,27.23,27.37,119,16.806050420168066,0.08818526806705958,16.47,16.97,119,426.5966386554622,2.5588640479285822,419,432
P1,2025-07-30,2,120,27.434916666666666,0.0590825634152741,27.34,27.56,120,16.89258333333333,0.08040335117115356,16.59,17.04,120,424.80833333333334,1.9716300185308502,421,431
P1,2025-07-30,3,120,27.580083333333334,0.041047130798375304,27.5,27.66,120,16.8095,0.09493783901749092,16.57,17.08,120,422.6,2.0308544378904023,418,427
P1,2025-07-30,4,120,27.645083333333332,0.053624837988562095,27.51,27.72,120,16.710416666666667,0.06873889011328245,16.57,16.92,120,421.76666666666665,2.156613176292158,415,426
P1,2025-07-30,5,119,27.70756302521008,0.033470614142998435,27.66,27.78,119,16.725966386554624,0.061868084482313575,16.6,16.87,119,420.890756302521,2.0033443054577433,416,425
P1,2025-07-30,6,120,27.749000000000002,0.021317921603959438,27.72,27.81,120,16.84325,0.12883552474754753,16.63,17.15,120,418.375,2.2974684643184644,414,424
P1,2025-07-30,7,120,27.192583333333335,0.6775505759079276,26.0,27.83,120,16.344666666666665,1.0582528278341858,14.05,17.73,120,413.19166666666666,4.887466105250463,408,421
P1,2025-07-30,8,119,25.6746218487395,0.21748091642742456,25.42,26.11,119,13.87252100840336,0.5617032488860503,12.9,14.73,119,416.12605042016804,17.39206648565667,408,523
P1,2025-07-30,9,120,26.482083333333332,0.23071280059533816,26.08,26.91,120,14.778166666666667,0.1584270546739457,14.57,15.2,120,603.625,30.552355532289386,528,642
P1,2025-07-30,10,120,26.610083333333332,0.08599878671543089,26.5,26.79,120,14.987166666666667,0.180103533871952,14.58,15.38,120,596.3666666666667,5.406086413305222,581,606
P1,2025-07-30,11,120,26.607916666666664,0.22458887119451496,26.45,27.21,120,14.684500000000002,0.20424013712648598,14.41,15.13,120,656.075,32.71295133236911,591,711
P1,2025-07-30,12,119,27.149327731092438,0.07028671418248797,27.02,27.27,119,14.228487394957984,0.30857693778810485,13.78,14.78,119,744.5714285714286,22.41805092473298,698,789
P1,2025-07-30,13,120,26.61208333333333,0.18988672356727573,26.37,27.12,120,13.760333333333334,0.2586517509921734,13.28,14.18,120,796.7833333333333,7.446372229733878,780,811
P1,2025-07-30,14,120,27.337333333333333,0.28856274774085816,26.72,27.7,120,13.180583333333335,0.1293831248548201,12.98,13.52,120,807.5166666666667,17.00369872434006,789,860
P1,2025-07-30,15,119,27.041344537815128,0.1953828244353067,26.82,27.53,119,12.883109243697477,0.12084973089007206,12.69,13.24,119,775.3109243697479,42.84060878422134,711,865
P1,2025-07-30,16,120,26.496083333333335,0.29638521332527823,25.99,26.93,120,13.186833333333334,0.26173623047208494,12.81,13.71,120,656.7916666666666,32.44954605561814,617,715
P1,2025-07-30,17,120,26.9865,0.30604182171503613,26.44,27.45,120,13.274166666666668,0.19008438344359668,12.84,13.56,120,743.9916666666667,55.372458620414214,644,801
P1,2025-07-30,18,120,27.068916666666667,0.06921888110480089,26.94,27.23,120,13.251333333333333,0.15374831191713123,12.91,13.62,120,765.1,18.728668538101832,737,797
P1,2025-07-30,19,119,26.92327731092437,0.06748646121219484,26.83,27.05,119,13.207226890756303,0.08114565654330383,12.96,13.39,119,714.0588235294117,16.41170216935809,686,747
P1,2025-07-30,20,120,27.00041666666667,0.06479957248190486,26.86,27.11,120,13.188333333333333,0.13977372670810137,12.87,13.67,120,663.6416666666667,16.56451397564378,630,691
P1,2025-07-30,21,120,27.010166666666667,0.042048058405667194,26.9,27.08,120,14.169583333333332,0.15059766552886777,13.72,14.41,120,602.8583333333333,14.457876125933169,573,631
P1,2025-07-30,22,119,27.03,0.026361245308924218,26.97,27.11,119,14.409159663865546,0.05757205995985976,14.23,14.54,119,561.7563025210084,10.270053872875984,545,579
P1,2025-07-30,23,120,27.120583333333332,0.03343866411361457,27.05,27.2,120,14.549833333333334,0.11250384369406428,14.28,14.75,120,531.0916666666667,9.064656485431728,510,547
P1,2025-07-31,0,120,27.13875,0.03654311371057605,27.06,27.22,120,14.756916666666665,0.08400476010255553,14.53,14.95,120,507.3666666666667,6.022274247727901,496,520
P1,2025-07-31,1,120,27.16783333333333,0.04217178421354844,27.06,27.24,120,14.762166666666667,0.10391644456475856,14.53,14.97,120,492.0833333333333,3.783163349628397,483,499
P1,2025-07-31,2,119,27.200504201680673,0.026802755344568982,27.15,27.27,119,14.724285714285715,0.08194222260249184,14.49,14.9,119,483.4957983193277,3.3995860904084854,477,492
P1,2025-07-31,3,120,27.180166666666665,0.04537395197916288,27.11,27.3,120,14.7755,0.09403959473621316,14.49,14.94,120,477.39166666666665,2.6577801862094605,470,484
P1,2025-07-31,4,120,27.132833333333334,0.0424696299464388,27.06,27.21,120,14.809416666666667,0.09160837209303044,14.54,14.97,120,473.21666666666664,2.5010361998238166,466,479
P1,2025-07-31,5,119,27.081512605042015,0.03547829738768914,27.02,27.14,119,14.804621848739496,0.10469317491851683,14.49,15.02,119,469.7563025210084,2.1469978509798504,464,475
P1,2025-07-31,6,120,27.101916666666668,0.04075538492715233,27.04,27.21,120,14.840666666666667,0.1167107559748638,14.51,15.08,120,466.6666666666667,2.166720533697975,462,472
P1,2025-07-31,7,120,26.96783333333333,0.43393292928152494,25.64,27.32,120,14.545416666666666,0.6095237096791737,13.13,15.17,120,451.64166666666665,18.258091717517008,410,469
P1,2025-07-31,8,120,26.200750000000003,0.4779212032025617,25.39,26.99,120,13.113750000000001,0.17766961359962186,12.57,13.51,120,476.175,47.116637411941994,410,555
P1,2025-07-31,9,119,27.379747899159664,0.182108471051182,27.0,27.69,119,13.213109243697478,0.11861308627577523,12.98,13.5,119,658.2268907563025,59.524733069794976,557,765
P1,2025-07-31,10,120,27.955499999999997,0.15830961048877787,27.68,28.21,120,13.558083333333334,0.1370781279609059,13.35,13.89,120,774.8583333333333,12.282593978713898,746,804
P1,2025-07-31,11,120,28.377166666666668,0.14718183650572497,27.99,28.66,120,13.867916666666668,0.09337640312768883,13.69,14.04,120,818.375,13.122603822886521,797,854
P1,2025-07-31,12,120,27.121583333333334,0.32522518593833616,26.69,27.97,120,12.353916666666667,0.5391890827407189,11.77,13.8,120,782.15,20.377797276662157,757,832
P1,2025-07-31,13,119,27.07512605042017,0.2836381842592104,26.37,27.37,119,13.01126050420168,0.4023165012222039,11.95,13.43,119,850.6218487394958,12.941846197273366,824,882
P1,2025-07-31,14,120,27.918916666666668,0.24009380461396398,27.34,28.21,120,13.111416666666665,0.11706707000498537,12.85,13.35,120,858.85,12.18598864794043,833,882
P1,2025-07-31,15,120,28.204166666666666,0.08335993973019036,28.07,28.4,120,12.878166666666667,0.11765912403119085,12.7,13.21,120,858.825,7.1709761650463415,845,877
P1,2025-07-31,16,119,27.526638655462186,0.43160771052106506,27.06,28.25,119,12.805966386554623,0.19351047502733884,12.49,13.26,119,831.1344537815127,24.426966332989792,779,875
P1,2025-07-31,17,120,26.78783333333333,0.14844393635610803,26.51,27.07,120,12.63875,0.09719219891231831,12.38,12.78,120,772.6,20.60692549002075,740,809
P1,2025-07-31,18,120,26.803833333333333,0.21334149581722892,26.44,27.11,120,12.549333333333333,0.20263695786967842,12.06,12.84,120,752.0833333333334,10.053289384623376,725,767
P1,2025-07-31,19,120,26.974249999999998,0.25757975839101876,26.17,27.15,120,12.870416666666667,0.35913620887708936,12.41,13.69,120,694.3583333333333,54.456643124527645,573,753
P1,2025-07-31,20,119,26.252521008403363,0.24461390708207378,25.97,26.7,119,13.022773109243698,0.2078580201938202,12.72,13.5,119,567.2941176470588,10.330433023867641,549,582
P1,2025-07-31,21,120,26.736583333333332,0.05502475887848426,26.64,26.83,120,14.110666666666667,0.2746173298813238,13.36,14.45,120,564.075,9.331578716623413,547,584
P1,2025-07-31,22,120,26.90758333333333,0.03819445675239342,26.83,26.97,120,14.692083333333333,0.1588186208910542,14.44,14.99,120,524.0166666666667,13.046125883197064,501,547
P1,2025-07-31,23,119,27.013781512605043,0.0367997696344745,26.96,27.09,119,15.065210084033613,0.0865129434765461,14.89,15.21,119,489.0840336134454,7.517865537248638,474,502
P1,2025-08-01,0,120,27.1345,0.030205180700940935,27.08,27.23,120,15.215,0.04122086442404755,15.12,15.29,120,465.90833333333336,5.674646301247211,457,477
P1,2025-08-01,1,120,27.200916666666668,0.012298516227601024,27.17,27.23,120,15.374416666666667,0.049464286978326846,15.23,15.49,120,452.80833333333334,4.116569987183973,443,461
P1,2025-08-01,2,120,27.2695,0.0354763502712939,27.22,27.35,120,15.487,0.0453483250874314,15.41,15.6,120,441.1,3.267872640822836,434,449
P1,2025-08-01,3,119,27.26840336134454,0.02087018769365262,27.23,27.32,119,15.62,0.045473031679991546,15.52,15.73,119,431.781512605042,3.510660915770363,425,441
P1,2025-08-01,4,120,27.298833333333334,0.030408516424655748,27.25,27.37,120,15.740166666666665,0.057085860930769956,15.62,15.85,120,427.48333333333335,2.2603016580611923,421,432
P1,2025-08-01,5,120,27.359750000000002,0.0333673845684824,27.3,27.44,120,15.774000000000001,0.05927290536935309,15.59,15.9,120,425.76666666666665,2.59195047848393,420,431
P1,2025-08-01,6,119,27.393949579831933,0.06883065053602487,27.3,27.49,119,15.767731092436973,0.04404229428724851,15.65,15.87,119,423.2857142857143,2.6653548024156573,417,429
P1,2025-08-01,7,120,27.1785,0.5617030675850476,26.05,27.63,120,15.424833333333334,0.7292323387793264,13.6,16.11,120,415.95,6.030524594988094,408,426
P1,2025-08-01,8,120,26.053166666666666,0.593744680058732,25.42,27.19,120,13.274666666666667,0.6277208785762693,12.22,14.18,120,440.94166666666666,53.57478019394132,408,565
P1,2025-08-01,9,120,27.496666666666666,0.12399060233657953,27.19,27.68,120,13.812916666666666,0.15962348468425658,13.5,14.25,120,653.45,42.803017642775195,566,709
P1,2025-08-01,10,119,27.620252100840336,0.1785557036232586,27.33,28.11,119,13.744285714285713,0.2580979036044973,13.14,14.38,119,687.1764705882352,10.841420148094864,661,709
P1,2025-08-01,11,120,28.440916666666666,0.3317384710359451,28.0,28.92,120,13.941,0.1916947854176068,13.56,14.57,120,727.775,29.790434001256116,678,776
P1,2025-08-01,12,120,28.151666666666664,0.41528229405248945,27.64,28.88,120,12.977083333333333,0.3652083458169329,12.32,13.6,120,786.6416666666667,22.96756786578568,751,833
P1,2025-08-01,13,119,27.311344537815128,0.21643852366202446,26.9,27.8,119,12.477899159663865,0.22193247541393207,12.15,12.94,119,787.5966386554621,15.506870717622668,757,811
P1,2025-08-01,14,120,27.379166666666666,0.12498459288801925,26.9,27.51,120,12.413499999999999,0.2760819814913716,11.93,13.0,120,811.6583333333333,24.22842827536846,748,851
P1,2025-08-01,15,120,27.362583333333337,0.3293321376099607,26.75,28.0,120,12.572833333333334,0.19804160217105074,12.21,13.13,120,806.1833333333333,23.95338025770702,745,837
P1,2025-08-01,16,120,27.87125,0.08168974406689562,27.74,28.01,120,12.70025,0.08713422949438283,12.51,12.96,120,829.2916666666666,6.0019546302645255,814,844
P1,2025-08-01,17,119,27.45403361344538,0.6856659750702472,26.25,28.07,119,12.774705882352942,0.21976421698447451,12.45,13.32,119,768.1512605042017,60.800540621964025,657,849
P1,2025-08-01,18,120,26.54825,0.29506205728128176,25.99,26.85,120,12.572833333333334,0.1830102322222422,12.2,13.2,120,703.5666666666667,22.16694993605979,659,728
P1,2025-08-01,19,120,26.838833333333334,0.029253552059937894,26.77,26.89,120,12.406,0.09122324633704436,12.24,12.6,120,682.5666666666667,22.454710098378765,638,720
P1,2025-08-01,20,119,26.74436974789916,0.020693020827145525,26.68,26.78,119,12.364873949579833,0.11955330380720523,12.12,12.74,119,617.2857142857143,15.390478487921358,591,643
P1,2025-08-01,21,120,26.992,0.13151093509826403,26.76,27.19,120,13.865,0.42024802600529393,12.75,14.38,120,568.7583333333333,14.308718522995324,546,599
P1,2025-08-01,22,120,27.294833333333333,0.043269399075545896,27.2,27.36,120,14.607083333333332,0.14175014017945706,14.38,14.84,120,529.8833333333333,10.098825402481348,513,548
P1,2025-08-01,23,120,27.41875,0.03827284839634084,27.36,27.49,120,14.999333333333334,0.08831507131134539,14.82,15.14,120,506.4,5.795390808379509,496,519
P1,2025-08-02,0,119,27.569327731092436,0.040184555015052664,27.48,27.64,119,15.276890756302521,0.07928438300451386,15.08,15.41,119,488.02521008403363,4.877242526149315,481,499
P1,2025-08-02,1,120,27.64425,0.019517822064758047,27.6,27.67,120,15.520999999999999,0.06580337402909776,15.38,15.65,120,473.28333333333336,3.19974613838974,466,481
P1,2025-08-02,2,120,27.69675,0.013482793267183851,27.66,27.73,120,15.721499999999999,0.07332040884324882,15.59,15.9,120,466.7416666666667,2.616996268202663,461,472
P1,2025-08-02,3,119,27.738655462184873,0.02262158747550466,27.7,27.78,119,15.894621848739495,0.06341669988001492,15.76,16.06,119,458.8151260504202,3.0224201397102597,452,467
P1,2025-08-02,4,120,27.741916666666665,0.018117071819598828,27.71,27.78,120,15.9765,0.03916459557072568,15.9,16.12,120,456.96666666666664,2.304301178572046,451,461
P1,2025-08-02,5,120,27.772083333333335,0.03940515329805552,27.72,27.84,120,16.08325,0.06361864453738113,15.95,16.22,120,455.1666666666667,2.388112483216199,450,460
P1,2025-08-02,6,120,27.91025,0.04147414908128564,27.83,28.01,120,16.290499999999998,0.09901065217287254,16.08,16.52,120,453.73333333333335,2.6016585961613794,449,460
P1,2025-08-02,7,119,28.08252100840336,0.04337886870149576,28.01,28.14,119,16.417899159663865,0.07814452006530617,16.19,16.6,119,451.0420168067227,2.312072069368197,445,458
P1,2025-08-02,8,120,28.193416666666668,0.02917624892615094,28.14,28.23,120,16.551,0.08626127986160034,16.33,16.75,120,435.075,17.304083405977003,410,455
P1,2025-08-02,9,120,28.295,0.03264270544068766,28.23,28.35,120,16.68825,0.059672249085520546,16.51,16.82,120,410.8333333333333,1.5137095251767,410,417
P1,2025-08-02,10,120,28.3935,0.027058914870141663,28.35,28.44,120,16.804,0.09249483292404394,16.61,17.05,120,410.4166666666667,0.8752750668087348,410,415
P1,2025-08-02,11,119,28.50428571428571,0.0487569452431426,28.43,28.6,119,16.866134453781513,0.06495251516766458,16.62,17.01,119,410.01680672268907,0.12909025073869082,410,411
P1,2025-08-02,12,120,28.728416666666664,0.07242493457683383,28.6,28.86,120,17.016916666666667,0.10635121641284571,16.67,17.19,120,410.0,0.0,410,410
P1,2025-08-02,13,120,28.93933333333333,0.041337579975218766,28.87,29.0,120,17.167666666666666,0.07968143857047885,16.95,17.39,120,409.96666666666664,0.18025814045108982,409,410
P1,2025-08-02,14,119,29.090504201680673,0.04500185946244855,29.0,29.16,119,17.209747899159662,0.06704997105465525,17.04,17.35,119,409.93277310924367,0.2514733681008562,409,410
P1,2025-08-02,15,120,29.234583333333333,0.04043660529296435,29.15,29.29,120,17.336166666666667,0.07213646420352952,17.12,17.51,120,409.525,0.5014684319429433,409,410
P1,2025-08-02,16,120,29.242583333333336,0.03147617034710284,29.17,29.29,120,17.3885,0.07538862897116105,17.14,17.55,120,409.23333333333335,0.4247259785588231,409,410
P1,2025-08-02,17,120,29.096,0.06155410273105337,28.97,29.18,120,17.359750000000002,0.09350740320307119,17.11,17.58,120,409.8333333333333,0.3742405942825624,409,410
P1,2025-08-02,18,119,28.906638655462185,0.035612731272469715,28.85,28.97,119,17.129159663865547,0.10808486803522198,16.96,17.38,119,410.0,0.0,410,410
P1,2025-08-02,19,120,28.76883333333333,0.03562605347599912,28.72,28.85,120,16.978083333333334,0.06074185401460774,16.82,17.13,120,410.0,0.0,410,410
P1,2025-08-02,20,120,28.675333333333334,0.020577107837272172,28.63,28.72,120,16.8815,0.05647413329208767,16.73,17.03,120,410.0,0.0,410,410
P1,2025-08-02,21,119,28.614705882352943,0.023964080798030793,28.57,28.66,119,16.850168067226893,0.05259347116272801,16.71,16.97,119,410.0,0.0,410,410
P1,2025-08-02,22,120,28.555833333333332,0.017469461148793577,28.52,28.59,120,16.818833333333334,0.07254304237622707,16.62,16.98,120,410.0,0.0,410,410
P1,2025-08-02,23,120,28.496583333333334,0.012931352905062938,28.46,28.53,120,16.751250000000002,0.06553673035184117,16.56,16.89,120,410.0,0.0,410,410
P1,2025-08-03,0,120,28.442416666666666,0.0266630337161182,28.39,28.49,120,16.712083333333332,0.06521967833849647,16.5,16.84,120,410.0,0.0,410,410
P1,2025-08-03,1,119,28.423697478991595,0.016917824629686287,28.39,28.46,119,16.712436974789917,0.06638315064137537,16.53,16.83,119,410.0,0.0,410,410
P1,2025-08-03,2,92,28.44076086956522,0.010188734961448032,28.42,28.46,92,16.751739130434782,0.05642477625174597,16.63,16.88,92,410.0,0.0,410,410
P1,2025-08-03,3,120,28.41916666666667,0.019384795797818287,28.38,28.45,120,16.756333333333334,0.056715912034200094,16.59,16.86,120,410.0,0.0,410,410
P1,2025-08-03,4,120,28.408583333333336,0.014626776029964513,28.38,28.43,120,16.77325,0.05810975561365764,16.65,16.89,120,410.0,0.0,410,410
P1,2025-08-03,5,119,28.388823529411763,0.009313419385918174,28.37,28.41,119,16.76075630252101,0.05139016036969663,16.64,16.89,119,410.00840336134456,0.09166984970282376,410,411
P1,2025-08-03,6,120,28.427666666666667,0.01947777588692959,28.38,28.46,120,16.705666666666666,0.06379764929856803,16.55,16.83,120,410.025,0.15677956478052357,410,411
P1,2025-08-03,7,120,28.54641666666667,0.05675830866261764,28.46,28.64,120,16.804416666666665,0.06889031390652797,16.58,16.96,120,410.0,0.0,410,410
P1,2025-08-03,8,120,28.72308333333333,0.0590227962417114,28.64,28.83,120,16.810333333333332,0.06289825495346009,16.69,16.98,120,412.6166666666667,2.91384216979511,410,420
P1,2025-08-03,9,119,28.980084033613448,0.09096931684541203,28.84,29.14,119,16.776638655462186,0.04551545297142279,16.67,16.89,119,410.5546218487395,1.2933826297644049,410,415
P1,2025-08-03,10,120,29.321,0.10416857701329676,29.14,29.48,120,16.78375,0.04743970077987341,16.66,16.89,120,409.45,0.4995796552430578,409,410
P1,2025-08-03,11,120,29.641666666666666,0.09648732518610416,29.48,29.81,120,16.87075,0.05264695319458027,16.69,17.01,120,409.0,0.0,409,409
P1,2025-08-03,12,120,29.982166666666668,0.09052770905331846,29.81,30.14,120,16.96,0.03983157819932678,16.88,17.1,120,408.84166666666664,0.36658389694772225,408,409
P1,2025-08-03,13,119,30.20159663865546,0.034908674879264814,30.14,30.26,119,17.02966386554622,0.056597490108888454,16.89,17.19,119,408.2268907563025,0.4205922940273206,408,409
P1,2025-08-03,14,120,30.309166666666666,0.04005423494082533,30.24,30.37,120,16.990916666666667,0.08046081392224896,16.77,17.19,120,408.925,0.26449571488641854,408,409
P1,2025-08-03,15,120,30.398166666666665,0.009699981229584891,30.38,30.42,120,16.997833333333332,0.08106624880107603,16.78,17.22,120,408.98333333333335,0.12855586584929668,408,409
P1,2025-08-03,16,119,30.370672268907565,0.034290164929770134,30.3,30.42,119,17.061176470588236,0.08522330061138915,16.84,17.3,119,409.0,0.0,409,409
P1,2025-08-03,17,120,30.2225,0.04530475701737868,30.15,30.31,120,17.12475,0.07622349380868967,16.94,17.28,120,409.0,0.0,409,409
P1,2025-08-03,18,120,30.079833333333333,0.0393429936387585,30.01,30.15,120,17.046499999999998,0.10242972585873843,16.69,17.2,120,409.0,0.0,409,409
P1,2025-08-03,19,120,29.926083333333334,0.0479547376465003,29.86,30.0,120,17.01775,0.1200592465788277,16.65,17.21,120,409.0,0.0,409,409
P1,2025-08-03,20,119,29.812605042016806,0.029500421854890404,29.76,29.86,119,16.94563025210084,0.1049991013316035,16.71,17.17,119,409.11764705882354,0.3235520702660911,409,410
P1,2025-08-03,21,120,29.715416666666666,0.02414576996666222,29.67,29.76,120,16.905583333333333,0.08854373494041583,16.67,17.12,120,409.825,0.38156026430186474,409,410
P1,2025-08-03,22,120,29.643666666666668,0.027529459647069487,29.6,29.69,120,17.030583333333333,0.0690912906419986,16.82,17.18,120,410.0,0.0,410,410
P1,2025-08-03,23,119,29.58,0.020625802501076696,29.54,29.61,119,17.134789915966387,0.06840617401385225,16.95,17.28,119,410.0,0.0,410,410
P1,2025-08-04,0,120,29.531416666666665,0.021392523367344776,29.48,29.57,120,17.158333333333335,0.08693988392773082,16.96,17.37,120,410.0,0.0,410,410
P1,2025-08-04,1,120,29.481916666666667,0.012181804404250006,29.46,29.51,120,17.183833333333332,0.06564717679175773,17.0,17.3,120,410.0,0.0,410,410
P1,2025-08-04,2,120,29.450333333333333,0.017677471459430785,29.42,29.49,120,17.11341666666667,0.06115823028548635,16.98,17.27,120,410.0,0.0,410,410
P1,2025-08-04,3,119,29.418151260504203,0.007698380476240557,29.4,29.44,119,17.0590756302521,0.05830939681573385,16.93,17.21,119,410.4453781512605,0.8991283819984901,410,414
P1,2025-08-04,4,120,29.38925,0.014903752840792525,29.35,29.41,120,17.02875,0.05897674374294593,16.89,17.16,120,410.60833333333335,1.304780050580244,410,416
P1,2025-08-04,5,120,29.365666666666666,0.010979991989504822,29.34,29.39,120,16.992916666666666,0.06035463588515136,16.88,17.14,120,410.05,0.2855041243870521,410,412
P1,2025-08-04,6,119,29.583025210084035,0.11961488075506767,29.39,29.79,119,17.165294117647058,0.2694999246231544,16.77,17.84,119,419.8487394957983,10.985845018502019,410,454
P1,2025-08-04,7,120,29.823500000000003,0.07961725669115044,29.57,30.01,120,17.607916666666664,0.2969053150525287,16.64,18.02,120,423.4583333333333,4.8764497233912385,410,431
P1,2025-08-04,8,120,27.938583333333334,0.6306969545347305,27.14,29.51,120,13.146916666666668,1.434981799921671,11.68,16.54,120,435.65833333333336,22.097756771711758,409,473
P1,2025-08-04,9,120,26.771666666666665,0.15757262342380568,26.54,27.13,120,11.796083333333334,0.22462404008421205,11.55,12.32,120,537.575,37.553919219430355,474,595
P1,2025-08-04,10,119,26.916302521008404,0.31984335558556476,26.5,27.4,119,12.192773109243698,0.3540107351856594,11.52,12.59,119,636.9579831932773,26.420137080561084,594,686
P1,2025-08-04,11,120,27.472666666666665,0.07500961656368108,27.32,27.57,120,12.491916666666667,0.136371316098151,12.2,12.8,120,702.525,12.666346929474836,674,720
P1,2025-08-04,12,120,27.503833333333333,0.1254985575820773,27.32,27.69,120,12.791416666666667,0.23664424184602323,12.36,13.21,120,727.8583333333333,20.64680813768822,692,768
P1,2025-08-04,13,119,27.733613445378154,0.04524380456580007,27.63,27.8,119,12.758235294117647,0.19627310210055493,12.26,13.13,119,724.2689075630252,18.574950089579296,692,752
P1,2025-08-04,14,120,27.44333333333333,0.056499175770493494,27.35,27.62,120,11.966833333333334,0.1485786062691942,11.75,12.33,120,705.1166666666667,11.90239248129174,684,735
P1,2025-08-04,15,120,27.35666666666667,0.06718009575839316,27.24,27.5,120,12.13475,0.16037226912992927,11.75,12.5,120,753.1333333333333,6.754933874780831,733,766
P1,2025-08-04,16,120,27.200499999999998,0.08762841717044789,27.02,27.35,120,12.2285,0.19442503037668327,11.76,12.62,120,748.2416666666667,9.559188314521919,730,766
P1,2025-08-04,17,119,26.95285714285714,0.1192500780452643,26.76,27.17,119,12.123697478991597,0.33932351831008734,11.61,12.89,119,722.7142857142857,16.667304265447257,695,759
P1,2025-08-04,18,120,26.795416666666664,0.0995611870760331,26.59,27.02,120,12.53975,0.16058957813333322,12.19,12.87,120,683.8083333333333,22.338231098890738,638,729
P1,2025-08-04,19,120,26.50525,0.08418629302192412,26.36,26.64,120,12.273916666666667,0.1429479298355095,12.03,12.63,120,589.925,26.819710079333387,543,639
P1,2025-08-04,20,119,26.427394957983193,0.21114081647360997,26.21,26.94,119,12.180252100840336,0.3059036687433389,11.58,12.99,119,524.4201680672269,13.418615830963123,495,549
P1,2025-08-04,21,120,27.34125,0.21208275893775985,26.95,27.68,120,13.774583333333334,0.405012492458712,13.06,14.4,120,483.80833333333334,8.695885082436797,468,498
P1,2025-08-04,22,120,27.902833333333334,0.12056020033477381,27.68,28.09,120,14.649166666666668,0.19157280614957506,14.38,15.03,120,459.1,6.483851951922938,445,472
P1,2025-08-04,23,120,28.198666666666668,0.056075179627964385,28.09,28.28,120,15.416,0.2045918256579436,15.06,15.8,120,440.90833333333336,4.311399455641634,433,450
P1,2025-08-05,0,119,28.350672268907562,0.038438396508756544,28.28,28.41,119,15.959159663865547,0.14885768332414817,15.65,16.23,119,429.97478991596637,2.847723398995415,424,439
P1,2025-08-05,1,120,28.47683333333333,0.03378088896674514,28.41,28.54,120,16.421,0.11452055703319795,16.18,16.65,120,423.75,3.2546024296047973,415,430
P1,2025-08-05,2,120,28.5825,0.03128212634351058,28.54,28.63,120,16.767916666666668,0.1042854504812312,16.56,16.95,120,419.39166666666665,2.814416169536802,414,426
P1,2025-08-05,3,119,28.657815126050423,0.02518271077160372,28.61,28.7,119,16.959747899159662,0.09063301101821016,16.76,17.12,119,418.3109243697479,2.196869495208449,414,423
P1,2025-08-05,4,120,28.720166666666668,0.020291296032479776,28.68,28.76,120,17.134583333333335,0.056700537743410384,16.98,17.25,120,420.55833333333334,2.325582364340876,416,425
P1,2025-08-05,5,120,28.773000000000003,0.012807560792180555,28.74,28.8,120,17.201,0.06041036140188305,17.06,17.32,120,425.39166666666665,2.852967888061192,417,433
P1,2025-08-05,6,120,28.878333333333334,0.046640649009809534,28.78,28.94,120,17.208000000000002,0.07360580905098525,17.07,17.4,120,427.28333333333336,2.5738939317673557,419,434
P1,2025-08-05,7,119,28.426302521008402,0.6147603440258776,27.38,29.02,119,16.357563025210084,1.1783254179069913,14.18,17.52,119,416.2352941176471,7.306493376689581,409,428
P1,2025-08-05,8,120,26.805833333333332,0.33417547680780246,26.31,27.38,120,12.447666666666667,0.6357589698833329,11.83,14.1,120,440.73333333333335,20.982479018702975,409,479
P1,2025-08-05,9,120,26.061416666666666,0.10658405633313556,25.92,26.3,120,12.087833333333332,0.2476958806676446,11.79,12.57,120,520.225,27.549028105903094,478,569
P1,2025-08-05,10,120,26.29008333333333,0.17037524494373107,26.06,26.63,120,12.067833333333335,0.24246002298337158,11.72,12.61,120,601.875,24.689862002738888,566,645
P1,2025-08-05,11,119,26.847226890756303,0.1091797178792065,26.63,27.11,119,12.25,0.15863827310871584,12.03,12.8,119,656.7731092436975,8.908610360531089,641,674
P1,2025-08-05,12,120,27.076833333333333,0.09405865623282891,26.96,27.26,120,12.595416666666667,0.10756194879757333,12.37,12.94,120,686.6916666666667,23.83972950939757,660,739
P1,2025-08-05,13,120,26.90475,0.09344897048140098,26.75,27.07,120,11.923499999999999,0.3517248017050456,11.5,12.79,120,737.5666666666667,9.54400100492833,719,761
P1,2025-08-05,14,119,26.845378151260505,0.026322314950436014,26.81,26.91,119,11.732773109243698,0.13714352478116856,11.53,12.04,119,714.09243697479,10.380058780277242,687,731
P1,2025-08-05,15,120,26.83791666666667,0.05674498213233078,26.77,26.96,120,11.9485,0.26385204027951603,11.59,12.48,120,723.3833333333333,6.443266739357484,706,735
P1,2025-08-05,16,120,26.67683333333333,0.11722264482335752,26.52,26.92,120,11.839083333333333,0.204623022244551,11.51,12.21,120,720.9083333333333,5.100660417502623,705,735
P1,2025-08-05,17,120,26.47008333333333,0.07573167841033081,26.35,26.58,120,11.656916666666666,0.11195584238554875,11.42,11.89,120,716.2666666666667,10.931977096998537,694,739
P1,2025-08-05,18,119,26.349915966386554,0.07704825472697885,26.22,26.47,119,12.181344537815125,0.16334389411709227,11.85,12.52,119,687.7142857142857,29.450948261658525,637,727
P1,2025-08-05,19,120,26.145166666666668,0.04676031020688579,26.06,26.24,120,12.2185,0.10485404020780058,12.0,12.46,120,618.9083333333333,15.260756412265874,587,643
P1,2025-08-05,20,120,25.994000000000003,0.06262332370825639,25.83,26.1,120,12.133666666666667,0.10499246338164797,11.88,12.34,120,551.5583333333333,25.32670422259298,506,596
P1,2025-08-05,21,119,26.422773109243696,0.38294559592747607,25.78,26.92,119,12.535714285714286,0.5188409041095778,11.54,13.28,119,491.61344537815125,15.334744665659485,472,530
P1,2025-08-05,22,120,27.280666666666665,0.18245171265564913,26.93,27.56,120,13.797166666666667,0.2863041320386576,13.23,14.25,120,460.18333333333334,7.5626051859712184,448,477
P1,2025-08-05,23,120,27.78525,0.1334101056986277,27.56,27.98,120,14.535833333333333,0.17458032912251584,14.23,14.84,120,439.175,4.475258783184556,429,450
P1,2025-08-06,0,120,28.115083333333335,0.07107808268049252,27.98,28.23,120,15.069083333333333,0.140766185739402,14.81,15.42,120,428.4583333333333,4.9312855353155225,419,437
P1,2025-08-06,1,119,28.290504201680672,0.0330086978649372,28.22,28.35,119,15.53781512605042,0.13774306506192277,15.29,15.91,119,418.2268907563025,3.3049448693828487,411,428
P1,2025-08-06,2,120,28.398333333333333,0.02170595446838698,28.35,28.43,120,15.994416666666666,0.11779340862224078,15.73,16.24,120,412.01666666666665,1.7440575376626597,410,417
P1,2025-08-06,3,120,28.473666666666666,0.02315215776043114,28.42,28.51,120,16.328333333333333,0.104546506344281,16.02,16.5,120,410.09166666666664,0.42988826637700495,410,413
P1,2025-08-06,4,119,28.538487394957983,0.027047937841199403,28.49,28.58,119,16.538571428571426,0.09153387549533615,16.32,16.81,119,410.00840336134456,0.09166984970283003,410,411
P1,2025-08-06,5,120,28.583666666666666,0.022074485569657243,28.55,28.63,120,16.722416666666668,0.06013983471783129,16.57,16.86,120,410.0,0.0,410,410
P1,2025-08-06,6,120,28.67866666666667,0.04409564343909957,28.62,28.76,120,16.848499999999998,0.053729011927344854,16.66,16.94,120,410.0,0.0,410,410
P1,2025-08-06,7,120,28.406416666666665,0.5423459713698108,27.49,28.88,120,16.252916666666668,0.8936934934439716,14.46,17.06,120,409.51666666666665,0.5938527295768145,408,410
P1,2025-08-06,8,119,26.79193277310924,0.40347700102670103,26.15,27.48,119,12.256806722689076,0.8129272621297338,11.44,14.43,119,417.5042016806723,6.53397113602726,409,436
P1,2025-08-06,9,120,25.958000000000002,0.08810421636434708,25.84,26.16,120,11.757916666666667,0.1662431945069866,11.5,12.1,120,484.575,26.736077818985596,435,526
P1,2025-08-06,10,120,26.260333333333335,0.1508626919444554,25.96,26.45,120,12.0915,0.2196354887060824,11.75,12.44,120,577.5666666666667,30.91455650533525,520,629
P1,2025-08-06,11,119,26.54344537815126,0.07127693632716287,26.42,26.74,119,11.771680672268907,0.21200943106513093,11.4,12.09,119,659.1764705882352,20.550742103316043,622,695
P1,2025-08-06,12,120,26.602416666666667,0.06494982980852877,26.48,26.76,120,11.911,0.1386453064780892,11.52,12.09,120,721.3666666666667,17.770683691956112,692,762
P1,2025-08-06,13,120,26.73933333333333,0.12045246165275231,26.49,26.88,120,11.683333333333334,0.11074486791859756,11.46,11.96,120,779.5583333333333,12.161238764670081,752,799
P1,2025-08-06,14,120,26.8815,0.054149652574594746,26.8,27.0,120,11.668666666666667,0.1569827552127105,11.38,12.0,120,760.2083333333334,8.016679915198424,738,778
P1,2025-08-06,15,119,26.627394957983192,0.09366784250811028,26.52,26.83,119,11.801008403361344,0.12233182823767293,11.56,12.03,119,689.9411764705883,20.656715622264237,665,739
P1,2025-08-06,16,120,26.463416666666667,0.03044476561744923,26.38,26.53,120,11.838666666666667,0.08715805533996485,11.69,12.06,120,642.6166666666667,12.352105480602257,617,666
P1,2025-08-06,17,120,26.331083333333332,0.10907399256624811,26.15,26.51,120,11.767833333333334,0.16119398686229017,11.49,12.01,120,716.6916666666667,20.710812275187095,664,738
P1,2025-08-06,18,119,26.090336134453782,0.06122939325594533,25.97,26.17,119,11.789495798319328,0.09825467375346399,11.58,11.96,119,709.2016806722689,19.483839384254118,671,737
P1,2025-08-06,19,120,25.911416666666664,0.05392643344492173,25.8,26.07,120,11.739833333333333,0.16952223191913798,11.44,12.07,120,640.3583333333333,18.527651754926204,610,673
P1,2025-08-06,20,120,25.887666666666668,0.08996482350223399,25.76,26.1,120,11.914833333333332,0.09440644591770389,11.72,12.09,120,568.0083333333333,21.885299096119475,532,616
P1,2025-08-06,21,120,25.49625,0.14343951672389232,25.26,25.79,120,11.537916666666666,0.1498789193855844,11.33,11.96,120,492.1166666666667,20.505454627190943,460,532
P1,2025-08-06,22,119,25.510252100840333,0.21448583448494565,25.22,25.78,119,11.597478991596638,0.21032750284547086,11.37,12.1,119,460.65546218487395,6.051245809244293,448,471
P1,2025-08-06,23,120,25.39,0.22241606858098945,25.18,25.92,120,11.709583333333335,0.0618536607658766,11.61,11.87,120,421.8833333333333,18.230173221510388,410,463
P1,2025-08-07,0,120,25.580916666666667,0.26378306541975033,25.14,25.93,120,11.745833333333334,0.17871428459473293,11.54,12.16,120,410.05,0.3393022994619644,409,412
P1,2025-08-07,1,119,26.09109243697479,0.0812486236229362,25.93,26.21,119,11.63655462184874,0.05848999588210176,11.53,11.84,119,410.0,0.0,410,410
P1,2025-08-07,2,120,26.319833333333335,0.07177208714394692,26.19,26.43,120,11.88775,0.13010960150335202,11.66,12.36,120,410.0,0.0,410,410
P1,2025-08-07,3,120,25.923000000000002,0.33739137685553156,25.55,26.52,120,12.173833333333333,0.16148045818410758,11.89,12.51,120,408.71666666666664,0.7467952070230026,408,410
P1,2025-08-07,4,120,25.42,0.07256408352957675,25.3,25.54,120,11.850999999999999,0.07274220625900847,11.74,12.04,120,408.3833333333333,0.48823698153669853,408,409
P1,2025-08-07,5,119,25.29756302521008,0.12191943982696019,25.15,25.56,119,11.756638655462185,0.1755295972479895,11.61,12.26,119,408.47058823529414,0.5012447119085819,408,409
P1,2025-08-07,6,120,25.73483333333333,0.10490478542756448,25.55,25.92,120,11.702583333333333,0.05654619340676694,11.56,11.79,120,409.0,0.0,409,409
P1,2025-08-07,7,120,25.75475,0.1270542959432972,25.52,25.96,120,12.077333333333334,0.23441589605854302,11.69,12.52,120,408.76666666666665,0.4247259785588418,408,409
P1,2025-08-07,8,120,25.922666666666665,0.0863716158376686,25.81,26.09,120,12.268916666666666,0.09314122135148448,12.07,12.47,120,465.65,21.554172518126936,409,507
P1,2025-08-07,9,119,26.239579831932776,0.10614504753037325,26.08,26.46,119,12.111680672268907,0.07556924457057822,11.98,12.29,119,585.8235294117648,39.718639064456866,504,644
P1,2025-08-07,10,120,26.719916666666666,0.18608074434870156,26.47,27.13,120,12.211166666666665,0.1772439961569058,12.0,12.61,120,684.1083333333333,27.53082179048396,642,724
P1,2025-08-07,11,120,27.219,0.059287081081745546,27.13,27.35,120,12.410333333333334,0.12563073363032115,12.15,12.69,120,719.2,8.318855771350892,703,735
P1,2025-08-07,12,119,27.169579831932772,0.10398333437186069,27.01,27.35,119,12.261176470588234,0.1081365777231499,12.04,12.48,119,747.9915966386554,29.172629323844642,707,797
P1,2025-08-07,13,120,27.060333333333332,0.0354071951414845,27.01,27.2,120,12.100083333333334,0.10186905281570365,11.94,12.33,120,803.6666666666666,7.898870606785841,788,820
P1,2025-08-07,14,120,26.95,0.23073867498634276,26.54,27.24,120,12.025166666666667,0.17953246158259123,11.73,12.33,120,762.45,22.526865380375042,727,803
P1,2025-08-07,15,120,26.236916666666666,0.16923354572069563,25.98,26.54,120,11.521583333333332,0.1287691950826819,11.28,11.84,120,718.2916666666666,8.837844363712355,699,736
P1,2025-08-07,16,119,26.138487394957984,0.06750566398662217,25.98,26.24,119,12.015882352941178,0.1874693727062942,11.45,12.32,119,724.7563025210084,9.751111528605245,699,742
P1,2025-08-07,17,120,25.845000000000002,0.12298800925361551,25.6,26.07,120,11.593,0.1144045600548531,11.35,11.96,120,694.0666666666667,10.448540031771062,671,716
P1,2025-08-07,18,120,25.520666666666667,0.07735907038161587,25.29,25.61,120,11.766,0.15825413027121762,11.59,12.16,120,661.8333333333334,11.724665757063086,629,680
P1,2025-08-07,19,119,25.077731092436974,0.05468611472496103,25.0,25.28,119,11.671344537815127,0.14006006199368262,11.34,11.88,119,593.8403361344538,9.894342839473351,580,629
P1,2025-08-07,20,120,25.335166666666666,0.19647303291053764,25.07,25.59,120,11.917166666666667,0.20735705143233368,11.65,12.49,120,567.6416666666667,13.063385120722875,544,591
P1,2025-08-07,21,120,25.990083333333335,0.35659570552500636,25.54,26.55,120,12.169583333333332,0.37076889409594693,11.69,12.76,120,517.7583333333333,20.927243244247794,490,548
P1,2025-08-07,22,120,26.930416666666666,0.20384289482419488,26.56,27.27,120,13.174916666666666,0.24476020105893068,12.74,13.58,120,472.9,9.577108561740419,456,492
P1,2025-08-07,23,119,27.53252100840336,0.13197469253671143,27.28,27.73,119,13.806974789915966,0.16971339060983487,13.55,14.16,119,450.3697478991597,4.385773507369116,441,460
P1,2025-08-08,0,120,27.888666666666666,0.08140502878499041,27.73,28.02,120,14.526666666666667,0.20452993178799014,14.15,15.07,120,440.475,3.4102231376757746,434,446
P1,2025-08-08,1,120,28.112166666666667,0.05242334673514815,28.02,28.19,120,15.20125,0.1869101365888528,14.81,15.58,120,433.175,2.894975363097439,426,441
P1,2025-08-08,2,119,28.25294117647059,0.034330224395985695,28.2,28.31,119,15.58218487394958,0.14499070492630192,15.22,15.95,119,434.546218487395,2.4277627950742864,428,440
P1,2025-08-08,3,120,28.37675,0.03574330753600062,28.31,28.44,120,15.896833333333332,0.13091137122055602,15.51,16.15,120,435.3666666666667,2.672402794243012,430,442
P1,2025-08-08,4,120,28.475583333333336,0.02773814633144973,28.42,28.53,120,16.134166666666665,0.11629853885606414,15.8,16.33,120,433.39166666666665,2.4743926623757946,425,439
P1,2025-08-08,5,120,28.56208333333333,0.027952415548825625,28.53,28.62,120,16.27958333333333,0.08993364344943144,15.94,16.42,120,433.8,2.0645059636507788,430,438
P1,2025-08-08,6,119,28.680924369747903,0.039208084531232625,28.61,28.76,119,16.353781512605043,0.09248904283832876,16.12,16.5,119,434.2352941176471,1.9253257807223587,429,439
P1,2025-08-08,7,120,28.846,0.09270355753600908,28.56,29.06,120,16.32075,0.17224256152298725,15.66,16.55,120,432.15,5.893523007962054,410,440
P1,2025-08-08,8,120,27.585416666666667,0.3072920375775145,27.13,28.5,120,13.493583333333333,0.7899960598065072,12.5,15.62,120,420.9166666666667,10.84697481997161,409,442
P1,2025-08-08,9,119,26.677731092436975,0.17824681505125295,26.44,27.11,119,12.169831932773109,0.2515038942087481,11.68,12.76,119,479.6218487394958,24.848009706688906,443,529
P1,2025-08-08,10,120,26.658666666666665,0.039192121771646646,26.6,26.76,120,12.446666666666665,0.21758156331518164,12.15,12.93,120,557.5916666666667,12.558766621273822,530,574
P1,2025-08-08,11,120,26.726916666666668,0.03470877237171623,26.64,26.82,120,12.1465,0.057841423323608185,12.01,12.29,120,599.9333333333333,17.646259552394536,570,637
P1,2025-08-08,12,120,26.47075,0.12940174235446017,26.29,26.75,120,12.352166666666667,0.2578129845721621,12.03,12.82,120,650.1916666666667,20.51779135055144,621,682
P1,2025-08-08,13,119,26.512773109243696,0.05641739679025636,26.38,26.58,119,12.11453781512605,0.189936420669871,11.72,12.43,119,685.4957983193277,4.661188379750634,677,699
P1,2025-08-08,14,120,26.500333333333334,0.0822982211161322,26.4,26.78,120,11.6555,0.20555254495991046,11.39,12.26,120,686.075,5.315527436931644,674,703
P1,2025-08-08,15,120,26.601499999999998,0.12532747021271098,26.35,26.77,120,12.014166666666666,0.15059871177668163,11.71,12.27,120,690.9833333333333,9.452209144061639,665,704
P1,2025-08-08,16,119,26.126218487394958,0.13685939584694293,25.93,26.36,119,11.626050420168067,0.10824656793710215,11.37,11.82,119,679.218487394958,5.0273146517689895,666,692
P1,2025-08-08,17,120,25.895333333333333,0.09957838290380498,25.75,26.13,120,11.684583333333334,0.2864500068817907,11.31,12.22,120,678.6833333333333,8.216588399693167,666,694
P1,2025-08-08,18,120,25.620083333333334,0.07923474148189737,25.5,25.76,120,11.619666666666665,0.03154117845571458,11.55,11.69,120,660.0416666666666,8.968100173854456,638,674
P1,2025-08-08,19,120,25.33341666666667,0.10399980472939935,25.18,25.51,120,11.627,0.03123777071635787,11.56,11.7,120,605.95,20.855988801962,569,643
P1,2025-08-08,20,119,25.157478991596637,0.10651822862535122,25.0,25.4,119,11.805042016806722,0.2714052381667925,11.57,12.35,119,538.5126050420168,16.45479969451943,510,573
P1,2025-08-08,21,120,25.698666666666668,0.5731439658604496,25.0,26.55,120,12.009416666666668,0.3911914483979912,11.39,12.79,120,482.675,13.860143268688539,460,509
P1,2025-08-08,22,120,26.92233333333333,0.20392671831463577,26.56,27.27,120,13.442916666666667,0.29729988208533387,12.8,13.93,120,448.25,5.887245864200527,436,461
P1,2025-08-08,23,119,27.574117647058824,0.16275390471352905,27.27,27.81,119,14.692941176470589,0.5324477422295828,13.91,15.58,119,424.7310924369748,6.985090027678432,413,440
P1,2025-08-09,0,120,27.961000000000002,0.07486009359762358,27.81,28.07,120,15.812999999999999,0.1693268928394283,15.46,16.16,120,415.2583333333333,2.8000475186043636,410,423
P1,2025-08-09,1,120,28.17725,0.061164642117634394,28.07,28.3,120,16.28725,0.11516128624125445,16.01,16.51,120,412.4166666666667,2.039868727582808,410,417
P1,2025-08-09,2,120,28.381833333333336,0.04226732320178467,28.3,28.46,120,16.632583333333333,0.13252870837452066,16.4,16.84,120,410.26666666666665,0.8274018597604302,410,414
P1,2025-08-09,3,119,28.53294117647059,0.03440420109291297,28.47,28.59,119,17.02621848739496,0.12430819816044397,16.77,17.21,119,410.109243697479,0.33923932770858645,410,412
P1,2025-08-09,4,120,28.627833333333335,0.037933673503026635,28.56,28.71,120,17.39575,0.11217979641044556,17.16,17.58,120,410.40833333333336,0.902804531672801,410,414
P1,2025-08-09,5,120,28.732916666666664,0.026580963471020257,28.69,28.79,120,17.6125,0.07325849249533732,17.41,17.72,120,410.7083333333333,1.3118454083275473,410,417
P1,2025-08-09,6,120,28.8455,0.04097242360171628,28.79,28.93,120,17.624666666666666,0.07172465245860524,17.43,17.78,120,412.21666666666664,1.8065396298375787,410,417
P1,2025-08-09,7,119,29.031512605042018,0.08553558735505046,28.91,29.19,119,17.66621848739496,0.06453210469740052,17.5,17.79,119,411.5042016806723,1.908384486630174,410,418
P1,2025-08-09,8,120,29.336416666666665,0.08982518814770386,29.19,29.49,120,17.750999999999998,0.05048337774526681,17.58,17.84,120,410.0083333333333,0.0912870929175332,410,411
P1,2025-08-09,9,120,28.853,0.464706648228284,28.28,29.59,120,15.973916666666666,1.1139250731658061,14.37,17.66,120,409.725,0.4483864629625439,409,410
P1,2025-08-09,10,119,27.91949579831933,0.2673626646967024,27.45,28.28,119,13.608487394957985,0.4487943144739851,12.85,14.43,119,410.0,0.0,410,410
P1,2025-08-09,11,120,27.6085,0.19615484365438207,27.34,27.96,120,12.975916666666667,0.23566282648545547,12.6,13.3,120,410.0,0.0,410,410
P1,2025-08-09,12,120,27.997333333333334,0.03477981964216656,27.92,28.08,120,13.234916666666667,0.12771420189997115,12.98,13.49,120,410.0,0.0,410,410
P1,2025-08-09,13,120,27.865583333333333,0.0607487708951034,27.77,28.01,120,12.844583333333333,0.0802610848213162,12.72,13.01,120,409.85833333333335,0.35017002672851827,409,410
P1,2025-08-09,14,119,28.023949579831932,0.22570499152427703,27.8,28.56,119,13.114201680672268,0.47770903809944504,12.7,14.07,119,409.6302521008403,0.48477753448410016,409,410
P1,2025-08-09,15,120,28.994416666666666,0.21858904242387425,28.57,29.31,120,14.590416666666666,0.2646335529878013,14.03,14.97,120,408.69166666666666,0.46374133135720247,408,409
P1,2025-08-09,16,120,29.510833333333334,0.10433932469530174,29.32,29.68,120,15.244083333333332,0.1383242800182821,14.94,15.47,120,408.0,0.0,408,408
P1,2025-08-09,17,119,29.804621848739497,0.05910045908746933,29.68,29.88,119,15.69781512605042,0.13720675765258045,15.45,15.97,119,408.0,0.0,408,408
P1,2025-08-09,18,120,29.871916666666667,0.010149788533901668,29.86,29.89,120,16.028083333333335,0.07621614369819951,15.87,16.18,120,408.10833333333335,0.3121040909463187,408,409
P1,2025-08-09,19,120,29.890333333333334,0.010284469267944824,29.87,29.91,120,16.246666666666666,0.06719260330107035,16.1,16.41,120,408.75,0.43482827673938446,408,409
P1,2025-08-09,20,120,29.905666666666665,0.011791845447068353,29.88,29.93,120,16.360833333333332,0.07376527995344431,16.15,16.51,120,409.0,0.0,409,409
P1,2025-08-09,21,119,29.942605042016808,0.01130937700587254,29.92,29.97,119,16.303697478991598,0.0948224526995769,16.08,16.53,119,409.0,0.0,409,409
P1,2025-08-09,22,120,29.952166666666667,0.010386103622601629,29.93,29.97,120,16.361166666666666,0.10996701822837295,16.08,16.58,120,409.0,0.0,409,409
P1,2025-08-09,23,120,29.961166666666667,0.01342162642984828,29.94,29.99,120,16.6165,0.11906251447429314,16.3,16.87,120,409.0,0.0,409,409
P1,2025-08-10,0,119,29.97487394957983,0.01858856702651548,29.94,30.01,119,16.860252100840334,0.0939659349100254,16.64,17.09,119,409.0,0.0,409,409
P1,2025-08-10,1,120,29.99383333333333,0.013973764934425884,29.97,30.03,120,17.128666666666668,0.09754062573854985,16.86,17.33,120,409.0083333333333,0.09128709291754472,409,410
P1,2025-08-10,2,120,29.99816666666667,0.010206550321621023,29.97,30.02,120,17.400916666666667,0.11833576949400255,17.1,17.63,120,409.09166666666664,0.289764707019635,409,410
P1,2025-08-10,3,120,30.012083333333333,0.0151127879143266,29.98,30.04,120,17.43883333333333,0.08202462566623443,17.26,17.63,120,409.3833333333333,0.4882369815366596,409,410
P1,2025-08-10,4,119,29.988571428571426,0.008263224048195251,29.97,30.01,119,17.4190756302521,0.07745957498602037,17.07,17.58,119,409.9075630252101,0.2908665206904442,409,410
P1,2025-08-10,5,120,29.98775,0.010408666395580317,29.97,30.01,120,17.275250000000003,0.07964166069116721,17.05,17.46,120,410.0,0.0,410,410
P1,2025-08-10,6,120,30.025166666666667,0.01953163059853529,30.0,30.06,120,17.253,0.07479495781325035,16.95,17.39,120,409.9,0.3012578671520516,409,410
P1,2025-08-10,7,119,30.114453781512605,0.03016051630947175,30.05,30.15,119,17.223613445378152,0.09817600152438907,16.97,17.42,119,426.03361344537814,24.206012970974864,409,468
P1,2025-08-10,8,120,30.171083333333335,0.04099181786225507,30.12,30.25,120,17.217916666666667,0.0986113313867693,16.94,17.37,120,461.1,2.7298536298373497,455,467
P1,2025-08-10,9,120,30.422083333333333,0.10204543256865474,30.24,30.6,120,17.1495,0.06677253498685978,16.92,17.25,120,454.34166666666664,5.989480741418275,443,464
P1,2025-08-10,10,120,30.766166666666667,0.1031209075242642,30.6,30.95,120,17.205166666666667,0.02428760908739258,17.1,17.26,120,435.21666666666664,5.08612106137681,425,447
P1,2025-08-10,11,119,31.127731092436974,0.08472724908158255,30.95,31.26,119,17.21873949579832,0.03602152421155135,17.1,17.32,119,425.78991596638656,2.284338533416476,418,431
P1,2025-08-10,12,120,31.440583333333333,0.0972071843778992,31.27,31.58,120,17.211916666666664,0.03149752113317759,17.12,17.29,120,415.7083333333333,4.381772469217128,410,425
P1,2025-08-10,13,120,31.657916666666665,0.03972374844442827,31.58,31.71,120,17.252833333333335,0.04463076026581685,17.08,17.35,120,410.95,1.52761691708955,410,416
P1,2025-08-10,14,119,31.502436974789916,0.06491149628604721,31.4,31.62,119,17.299747899159666,0.08359975452962234,16.99,17.45,119,413.21008403361344,3.3035008384271305,410,422
P1,2025-08-10,15,120,31.30025,0.048289437229054745,31.23,31.4,120,17.282083333333333,0.08013534594339415,16.87,17.39,120,424.31666666666666,3.183421692058382,415,431
P1,2025-08-10,16,120,31.18275,0.027803708718220355,31.13,31.24,120,17.26975,0.07761640756108926,16.98,17.37,120,431.5083333333333,3.3204126333969253,425,440
P1,2025-08-10,17,120,31.091416666666664,0.03321171792128247,31.04,31.15,120,17.309583333333332,0.07875497405481935,17.03,17.4,120,438.26666666666665,2.6623213897035334,432,444
P1,2025-08-10,18,119,30.99016806722689,0.03705202922866284,30.92,31.05,119,17.32,0.11306215479751397,16.9,17.47,119,444.96638655462186,3.6775378026591565,439,456
P1,2025-08-10,19,120,30.883166666666668,0.032123274458015584,30.83,30.93,120,17.39825,0.08183466114492975,17.04,17.49,120,449.575,2.7059303064803983,443,456
P1,2025-08-10,20,120,30.79416666666667,0.023284262125845098,30.76,30.84,120,17.450583333333334,0.04506383583007418,17.27,17.55,120,453.93333333333334,2.3253565131319847,450,460
P1,2025-08-10,21,119,30.731008403361344,0.015092649349213411,30.7,30.76,119,17.499159663865548,0.051676631966601126,17.3,17.59,119,456.4621848739496,2.4033518823960605,452,463
P1,2025-08-10,22,120,30.684416666666667,0.01364593289569905,30.66,30.71,120,17.578500000000002,0.03997162859375565,17.44,17.68,120,458.4583333333333,2.8340541182373635,452,466
P1,2025-08-10,23,120,30.651999999999997,0.016067086248104292,30.63,30.69,120,17.65491666666667,0.03757336427685465,17.44,17.72,120,462.375,3.0155409788226204,455,470
P1,2025-08-11,0,120,30.611416666666667,0.015464561457226019,30.58,30.64,120,17.63158333333333,0.03464091507450334,17.48,17.73,120,463.15833333333336,3.009776320825284,454,469
P1,2025-08-11,1,119,30.582184873949583,0.013664234141998277,30.56,30.61,119,17.630840336134455,0.027879274603698816,17.51,17.69,119,464.3781512605042,3.108194736386292,456,471
P1,2025-08-11,2,120,30.5485,0.015859148938136548,30.52,30.57,120,17.611333333333334,0.029532302022448335,17.48,17.67,120,468.96666666666664,2.9389683587962003,459,474
P1,2025-08-11,3,120,30.523416666666666,0.006546001837457962,30.51,30.54,120,17.684666666666665,0.02816318991354825,17.61,17.75,120,473.85,2.259062049731667,469,480
P1,2025-08-11,4,120,30.514583333333334,0.008290506196682165,30.5,30.53,120,17.696666666666665,0.020014000701749024,17.64,17.74,120,475.15,1.7083580991577734,470,480
P1,2025-08-11,5,119,30.498487394957984,0.008795092570617625,30.48,30.51,119,17.704537815126052,0.020615441767121177,17.66,17.76,119,475.0420168067227,1.743729482514358,471,481
P1,2025-08-11,6,120,30.620583333333332,0.12071423184657472,30.49,30.88,120,17.821166666666667,0.08318434861403451,17.63,18.05,120,478.8666666666667,6.600144298566841,471,495
P1,2025-08-11,7,120,29.071166666666667,0.8605911426722619,28.0,30.93,120,14.667833333333334,1.5945501635538588,12.57,17.76,120,436.2583333333333,20.917001180268397,417,503
P1,2025-08-11,8,119,27.33,0.261118844297874,27.08,27.98,119,11.751596638655462,0.2359078504139093,11.53,12.53,119,465.4117647058824,28.606746793609005,436,533
P1,2025-08-11,9,120,26.90808333333333,0.08929505273293496,26.77,27.08,120,11.327416666666666,0.23713448949160207,10.95,11.97,120,609.375,45.78173693706667,533,676
P1,2025-08-11,10,120,26.924416666666666,0.07593446791389635,26.77,27.04,120,11.532083333333333,0.18332088702340502,10.96,11.8,120,725.85,33.017349653648026,668,775
P1,2025-08-11,11,120,27.18175,0.08977715174135649,27.0,27.29,120,11.632166666666667,0.19189976083175053,11.41,12.06,120,796.6833333333333,17.8419689031714,766,828
P1,2025-08-11,12,119,27.005882352941175,0.13168665791333223,26.81,27.27,119,11.549663865546218,0.1734345613569166,11.29,11.91,119,820.8319327731092,14.100919147665682,796,855
P1,2025-08-11,13,120,26.936500000000002,0.08336061178181337,26.81,27.05,120,11.731083333333334,0.20044402740727826,11.43,12.11,120,861.6333333333333,8.631516739976393,842,878
P1,2025-08-11,14,120,27.008083333333335,0.021431769135824154,26.96,27.06,120,11.790666666666668,0.11011631232881054,11.57,12.04,120,829.625,7.8762087240973715,817,850
P1,2025-08-11,15,119,27.01890756302521,0.09901882988163867,26.86,27.19,119,12.088319327731092,0.17026559177331527,11.72,12.43,119,832.563025210084,17.24383390431768,803,859
P1,2025-08-11,16,120,27.342499999999998,0.04470726446337818,27.19,27.4,120,12.519833333333334,0.14331597184932038,12.15,12.84,120,820.1166666666667,10.043755812061786,796,843
P1,2025-08-11,17,120,27.295583333333333,0.04860742816513333,27.22,27.39,120,12.467666666666668,0.10905810133954749,12.25,12.69,120,812.4166666666666,6.714568800278224,796,824
P1,2025-08-11,18,120,27.162166666666668,0.03710496882473413,27.07,27.23,120,12.519666666666666,0.16144793022417228,12.26,12.8,120,794.025,15.394237981310047,762,822
P1,2025-08-11,19,119,26.946218487394958,0.06371269725033696,26.86,27.12,119,12.574033613445378,0.15906143854952062,12.28,12.92,119,717.5714285714286,19.72504706813644,680,758
P1,2025-08-11,20,120,26.701416666666667,0.0868234549239457,26.58,26.86,120,12.417666666666667,0.13001443574234522,12.19,12.68,120,645.6166666666667,25.835023889746036,598,692
P1,2025-08-11,21,120,26.911,0.356823992108906,26.5,27.49,120,12.583583333333333,0.46879928125631953,11.82,13.51,120,562.075,29.93302397636671,522,603
P1,2025-08-11,22,119,27.836806722689076,0.18746268678719327,27.5,28.13,119,13.938235294117648,0.3348479216124482,13.41,14.49,119,512.2689075630252,8.442926513863478,496,525
P1,2025-08-11,23,120,28.357916666666664,0.1295103631902454,28.13,28.58,120,14.921416666666666,0.26692237827204907,14.47,15.42,120,485.1,7.826264764756347,471,499
P1,2025-08-12,0,120,28.739833333333333,0.08763928489954434,28.58,28.88,120,15.567,0.16033892674136255,15.24,15.84,120,467.1166666666667,4.274574691769808,457,478
P1,2025-08-12,1,120,28.967916666666667,0.049193424328866336,28.88,29.05,120,16.081916666666665,0.1693601196859987,15.76,16.32,120,459.43333333333334,2.9526610511389952,450,465
P1,2025-08-12,2,119,29.070084033613448,0.0318496414135006,29.03,29.13,119,16.443193277310925,0.07777556556201465,16.28,16.6,119,455.6218487394958,2.834388095379931,447,463
P1,2025-08-12,3,120,29.15041666666667,0.021669629187675576,29.12,29.18,120,16.676666666666666,0.07217315003125901,16.53,16.84,120,457.31666666666666,3.0292227511674827,449,463
P1,2025-08-12,4,120,29.224833333333333,0.023190237490076142,29.19,29.28,120,16.798416666666665,0.04926341191494386,16.59,16.9,120,460.01666666666665,2.134090376880631,455,467
P1,2025-08-12,5,119,29.300252100840336,0.034456117630392726,29.27,29.37,119,16.876806722689075,0.05941712321118929,16.69,17.05,119,464.12605042016804,2.5430350939303774,459,470
P1,2025-08-12,6,120,29.431833333333334,0.03365627873129973,29.36,29.49,120,17.048333333333332,0.120435716898112,16.77,17.26,120,465.59166666666664,1.3503552805664019,460,469
P1,2025-08-12,7,120,29.645083333333332,0.1218760620868762,29.29,29.88,120,17.019,0.21846831203024256,16.16,17.32,120,449.8666666666667,15.09072470058331,418,468
P1,2025-08-12,8,120,28.50275,0.3150562508131998,28.14,29.24,120,14.428583333333334,0.7864271893122944,13.27,16.04,120,450.4,26.983779752805233,410,507
P1,2025-08-12,9,119,27.959243697478993,0.0775160963477399,27.83,28.13,119,13.038991596638654,0.1421171333436004,12.82,13.31,119,582.5798319327731,41.24102281325454,506,642
P1,2025-08-12,10,120,27.902333333333335,0.031933053220058065,27.87,27.99,120,13.230333333333334,0.30388502174766197,12.81,13.83,120,670.9333333333333,18.221666544327572,634,698
P1,2025-08-12,11,120,27.692083333333336,0.1367626652659421,27.51,27.99,120,12.761500000000002,0.26909324865293255,12.25,13.29,120,701.0,8.162220821534849,688,719
P1,2025-08-12,12,119,27.601680672268905,0.04902989969346132,27.5,27.68,119,13.002689075630252,0.11798949593431322,12.75,13.24,119,750.4621848739496,33.9665313626957,695,799
P1,2025-08-12,13,120,27.481833333333334,0.07263334111065146,27.3,27.56,120,12.743083333333335,0.1670545416561763,12.33,13.11,120,778.4833333333333,14.971672598349036,755,809
P1,2025-08-12,14,120,27.100916666666667,0.09203576061778412,26.96,27.29,120,12.5045,0.339945250164262,12.05,13.03,120,769.5583333333333,9.362715106937147,746,786
P1,2025-08-12,15,120,26.948833333333333,0.0575287043199195,26.86,27.07,120,12.793916666666666,0.08808223653017004,12.58,13.14,120,755.925,16.232120092245292,733,791
P1,2025-08-12,16,119,26.898739495798317,0.07046521706979002,26.77,26.98,119,12.796974789915966,0.09405691228663761,12.64,13.04,119,770.6974789915967,11.654310777233912,747,790
P1,2025-08-12,17,120,26.618166666666664,0.09754105649972424,26.46,26.81,120,12.801333333333334,0.11567800378734071,12.62,13.03,120,734.125,9.563201970719495,718,758
P1,2025-08-12,18,120,26.499000000000002,0.14904401244954238,26.28,26.74,120,12.958333333333334,0.13255937837632878,12.64,13.18,120,696.8,20.916641278009852,655,741
P1,2025-08-12,19,119,26.77109243697479,0.01930091400164646,26.73,26.81,119,12.905546218487395,0.06236439497824591,12.76,13.08,119,637.6890756302521,19.20749672638854,599,666
P1,2025-08-12,20,120,26.714083333333335,0.0501342036473138,26.59,26.77,120,12.960083333333333,0.1541171432305141,12.77,13.3,120,558.15,25.652051206335003,514,600
P1,2025-08-12,21,120,26.995833333333334,0.33647850914263117,26.54,27.5,120,13.426083333333334,0.5728511852062081,12.35,14.17,120,486.125,25.021524347494687,458,530
P1,2025-08-12,22,120,27.7655,0.14194240754201765,27.5,28.01,120,14.563166666666666,0.25249672044907023,14.12,14.98,120,452.14166666666665,6.16481727132248,441,463
P1,2025-08-12,23,119,28.20714285714286,0.11056206828886271,28.02,28.38,119,15.31235294117647,0.16149568857315424,14.98,15.56,119,435.7731092436975,4.764695331981748,425,446
P1,2025-08-13,0,120,28.5045,0.07146545266329674,28.38,28.62,120,15.666083333333335,0.08906890763966482,15.51,15.86,120,425.175,2.8716595500561493,419,432
P1,2025-08-13,1,120,28.669583333333332,0.025745876175732634,28.61,28.71,120,15.959,0.10656910804691591,15.79,16.22,120,417.925,3.290328327720701,411,424
P1,2025-08-13,2,120,28.71875,0.02636404796707272,28.67,28.78,120,16.186166666666665,0.0611676760539239,16.04,16.33,120,413.35,2.5359598650165838,410,419
P1,2025-08-13,3,119,28.797394957983194,0.023414546574974195,28.75,28.83,119,16.284957983193276,0.05501731544966271,16.15,16.44,119,410.4201680672269,0.8586133708873878,410,414
P1,2025-08-13,4,120,28.857000000000003,0.017031853499064623,28.82,28.9,120,16.377,0.06046875712494162,16.22,16.52,120,410.09166666666664,0.3665838969477437,410,413
P1,2025-08-13,5,120,28.911583333333333,0.020620452983211225,28.87,28.96,120,16.464083333333335,0.061418742292254316,16.34,16.62,120,410.0833333333333,0.40132832664830265,410,413
P1,2025-08-13,6,119,29.014873949579833,0.03153866462728258,28.95,29.06,119,16.64378151260504,0.12750534449841244,16.43,16.95,119,410.0504201680672,0.21973556896363344,410,411
P1,2025-08-13,7,120,28.62675,0.6194781790230462,27.4,29.17,120,16.188416666666665,1.0060647988831641,13.96,17.09,120,409.675,0.9181869237202301,408,413
P1,2025-08-13,8,120,26.79866666666667,0.2608162150619005,26.51,27.38,120,12.923333333333334,0.3749696533005828,12.47,13.96,120,428.55,24.24727308587172,409,479
P1,2025-08-13,9,120,26.422083333333333,0.03622747537420645,26.36,26.51,120,12.383999999999999,0.13501571648322622,12.15,12.66,120,568.975,49.76388999966914,482,640
P1,2025-08-13,10,119,26.270672268907564,0.053436658090299585,26.2,26.39,119,11.903193277310924,0.17495245249035135,11.59,12.29,119,660.1176470588235,13.615280841130417,637,688
P1,2025-08-13,11,120,26.39575,0.02839287696209854,26.33,26.44,120,11.845166666666668,0.12144773287603329,11.59,12.15,120,711.7166666666667,8.53582005958626,689,723
P1,2025-08-13,12,120,26.312333333333335,0.09017940413404582,26.2,26.49,120,12.005083333333333,0.09498337610705763,11.8,12.24,120,745.4833333333333,32.15455933883258,695,793
P1,2025-08-13,13,119,26.45731092436975,0.1254800779581891,26.19,26.61,119,12.240756302521008,0.11900832946112895,12.0,12.47,119,791.7058823529412,13.310091075072442,772,816
P1,2025-08-13,14,120,26.586000000000002,0.08145112469625919,26.43,26.7,120,12.086916666666667,0.23844311490923337,11.59,12.44,120,784.3666666666667,9.924871849676137,771,809
P1,2025-08-13,15,120,26.29625,0.09746417139585827,26.14,26.47,120,11.454,0.07865892759729513,11.28,11.64,120,790.425,13.526607765698493,758,812
P1,2025-08-13,16,120,26.022166666666667,0.04124498102052847,25.95,26.13,120,11.508583333333332,0.1673987632522283,11.25,11.79,120,736.55,9.19704921622764,716,755
P1,2025-08-13,17,119,25.860672268907564,0.08455998865951081,25.71,25.99,119,11.702689075630252,0.29662707706099617,11.33,12.18,119,754.563025210084,9.657383804995373,732,775
P1,2025-08-13,18,120,25.729833333333332,0.166026136108591,25.5,26.05,120,11.99025,0.20138371125705448,11.64,12.4,120,719.2833333333333,23.17387087468425,676,760
P1,2025-08-13,19,120,26.086833333333335,0.035479508426797916,26.03,26.17,120,12.126333333333333,0.09875641311658022,11.92,12.4,120,652.5666666666667,27.733647110916273,605,699
P1,2025-08-13,20,119,25.94411764705882,0.21322945294024762,25.27,26.13,119,12.131512605042017,0.18205809584716207,11.87,12.59,119,565.5798319327731,35.54407524071034,490,611
P1,2025-08-13,21,120,25.762333333333334,0.4742614485372293,25.07,26.48,120,12.414583333333333,0.3252275114034336,11.99,13.15,120,473.81666666666666,13.877000701137971,449,494
P1,2025-08-13,22,120,26.86341666666667,0.19834396671351695,26.49,27.17,120,13.753333333333334,0.34923285274179894,13.17,14.34,120,447.3333333333333,8.608509892950842,433,460
P1,2025-08-13,23,120,27.379583333333336,0.12653358961050842,27.17,27.58,120,14.477166666666667,0.11636066311932343,14.31,14.68,120,424.575,6.290799604491208,411,437
P1,2025-08-14,0,119,27.78327731092437,0.10316277448849553,27.59,27.93,119,14.94344537815126,0.11121392559120687,14.68,15.1,119,411.43697478991595,2.3457088678221028,410,420
P1,2025-08-14,1,120,28.026999999999997,0.056710972957455995,27.93,28.13,120,15.215750000000002,0.12137629868451537,15.03,15.47,120,410.0,0.0,410,410
P1,2025-08-14,2,120,28.20025,0.04110782092469186,28.13,28.27,120,15.580583333333333,0.10189214790120603,15.39,15.78,120,410.0,0.0,410,410
P1,2025-08-14,3,119,28.334453781512607,0.030717341179503813,28.27,28.37,119,15.900168067226891,0.09593415108572084,15.7,16.1,119,410.0,0.0,410,410
P1,2025-08-14,4,120,28.39175,0.011928533688863617,28.37,28.42,120,16.156083333333335,0.10839001964453943,15.97,16.49,120,410.0,0.0,410,410
P1,2025-08-14,5,120,28.454083333333337,0.03316614233218747,28.39,28.51,120,16.41675,0.10171770542358237,16.22,16.7,120,410.0,0.0,410,410
P1,2025-08-14,6,120,28.558833333333332,0.04264733893465314,28.5,28.64,120,16.59825,0.09252446871462934,16.38,16.8,120,410.0,0.0,410,410
P1,2025-08-14,7,119,28.732521008403364,0.10931387313598509,28.63,29.0,119,16.733193277310924,0.2289028095625052,16.19,17.24,119,434.16806722689074,14.112933921047281,410,465
P1,2025-08-14,8,120,27.54191666666667,0.40355415917043,27.01,28.78,120,14.016833333333333,1.0014392863562431,12.96,16.48,120,440.8833333333333,18.755473524143447,412,473
P1,2025-08-14,9,120,26.9415,0.05399424183429635,26.83,27.01,120,13.062583333333333,0.3047619151566882,12.73,13.67,120,540.5916666666667,32.823822009578926,473,583
P1,2025-08-14,10,119,26.679915966386552,0.17367657355136248,26.42,26.94,119,12.728235294117647,0.17750458126732319,12.44,13.11,119,618.7563025210084,31.49467708229249,572,674
P1,2025-08-14,11,120,26.482000000000003,0.19558402093140523,26.29,26.9,120,12.621833333333333,0.36555238122240075,12.26,13.37,120,707.1833333333333,14.970549988119174,680,733
P1,2025-08-14,12,120,26.57275,0.10021793479103776,26.42,26.77,120,12.62425,0.15614398924759,12.34,13.03,120,739.3916666666667,14.580576370051823,715,767
P1,2025-08-14,13,120,26.6605,0.14212581714509592,26.48,26.97,120,12.562000000000001,0.20380663104311164,12.36,12.98,120,777.7083333333334,8.607594685770701,761,799
P1,2025-08-14,14,119,26.798823529411763,0.12155891694620154,26.54,26.98,119,12.522016806722688,0.20027768786740627,12.11,12.93,119,758.1512605042017,11.294695511732462,739,778
P1,2025-08-14,15,120,26.366333333333333,0.10363099803388993,26.16,26.53,120,12.15375,0.16170344523750993,11.9,12.47,120,736.9083333333333,8.11471930924224,718,756
P1,2025-08-14,16,120,26.00375,0.08199264672912633,25.84,26.16,120,12.215916666666667,0.16148728822326308,11.94,12.49,120,689.9083333333333,18.86306062181874,660,730
P1,2025-08-14,17,119,25.709411764705884,0.08900860858811271,25.55,25.84,119,12.350084033613445,0.07310887861774829,12.14,12.47,119,642.4789915966387,5.866955349770441,632,662
P1,2025-08-14,18,120,25.381083333333333,0.07148832934467617,25.28,25.54,120,12.226083333333333,0.13676512303782432,12.02,12.49,120,623.95,8.304954479559994,602,636
P1,2025-08-14,19,120,25.107083333333332,0.09971721220012009,24.94,25.27,120,12.362833333333333,0.04371764509894264,12.24,12.47,120,567.55,17.040658250591274,538,601
P1,2025-08-14,20,120,25.85825,0.6468575135662737,24.98,26.78,120,12.923499999999999,0.5782073862487461,12.03,14.2,120,527.5416666666666,17.41818610771267,500,560
P1,2025-08-14,21,119,27.211176470588235,0.22063151453132832,26.79,27.59,119,14.85873949579832,0.20611233822659505,14.27,15.14,119,484.01680672268907,7.200498091619147,469,498
P1,2025-08-14,22,120,27.863083333333336,0.15699807756320558,27.6,28.08,120,15.271416666666665,0.11027312031689966,15.08,15.45,120,465.10833333333335,5.525792590525075,456,475
P1,2025-08-14,23,120,28.280666666666665,0.1043083126583638,28.08,28.46,120,15.545666666666667,0.061202698536286716,15.43,15.7,120,449.1,5.277827411432983,438,459
P1,2025-08-15,0,120,28.519000000000002,0.023241516026864393,28.46,28.55,120,15.842416666666667,0.14100477275034295,15.63,16.2,120,441.09166666666664,2.675741735955662,435,447
P1,2025-08-15,1,119,28.597899159663868,0.0424638220810195,28.53,28.68,119,16.15344537815126,0.12239445106779297,15.91,16.43,119,438.7142857142857,2.3221222655107137,434,444
P1,2025-08-15,2,120,28.760916666666667,0.03375631489837872,28.68,28.81,120,16.571,0.1134812019379357,16.24,16.77,120,429.93333333333334,2.9298043452422657,423,439
P1,2025-08-15,3,120,28.84333333333333,0.025743836117393053,28.81,28.89,120,16.745250000000002,0.0704959918998913,16.52,16.92,120,426.9916666666667,2.243555975982519,421,432
P1,2025-08-15,4,119,28.929579831932774,0.024404603552360432,28.89,28.97,119,16.830588235294115,0.04857798409140633,16.67,16.94,119,426.20168067226894,2.448035642578576,421,432
P1,2025-08-15,5,120,29.0015,0.0223663162107852,28.97,29.04,120,16.852416666666667,0.049263411914946174,16.74,16.97,120,426.3833333333333,2.2159973505631947,420,432
P1,2025-08-15,6,120,29.105833333333333,0.04127349513380585,29.04,29.18,120,16.977999999999998,0.06420293456472705,16.84,17.11,120,425.26666666666665,1.742852550850364,421,429
P1,2025-08-15,7,120,29.159666666666666,0.2887089003332832,28.15,29.38,120,16.882416666666664,0.4619669234645998,15.39,17.43,120,412.125,3.7384275218512784,409,424
P1,2025-08-15,8,119,27.181596638655463,0.4567571457110433,26.54,28.12,119,13.570840336134454,0.8728392981489216,12.32,15.3,119,429.02521008403363,21.873465925820675,409,483
P1,2025-08-15,9,120,26.373333333333335,0.053457488542136104,26.29,26.53,120,12.432666666666668,0.13483094508866073,12.15,12.71,120,550.6833333333333,42.04838815910455,486,613
P1,2025-08-15,10,120,26.608083333333333,0.09404357861050446,26.44,26.78,120,12.409083333333333,0.07790314858992489,12.26,12.56,120,631.8583333333333,9.28384865981641,612,655
P1,2025-08-15,11,119,26.942605042016808,0.11801653277511774,26.77,27.15,119,12.456554621848738,0.24082991035164777,12.14,13.0,119,669.7394957983194,11.685469888852948,652,692
P1,2025-08-15,12,120,26.814916666666665,0.11233200965066334,26.62,27.03,120,12.271749999999999,0.07024162978335426,12.16,12.54,120,703.4916666666667,21.13263271024491,671,737
P1,2025-08-15,13,120,26.77541666666667,0.0638656130214867,26.62,26.88,120,12.480583333333334,0.3252156255182607,12.13,13.07,120,736.8333333333334,11.874224138003619,707,755
P1,2025-08-15,14,120,26.621333333333332,0.12276871288216636,26.43,26.83,120,12.427,0.1408652732581173,12.12,12.7,120,669.3,16.943107966457188,647,711
P1,2025-08-15,15,119,26.355042016806724,0.0801996866892316,26.24,26.51,119,12.35840336134454,0.10207161986480918,12.17,12.64,119,657.4621848739496,4.989463331703512,648,668
P1,2025-08-15,16,120,26.156416666666665,0.05032325478333523,26.08,26.28,120,12.475166666666667,0.10742973731413555,12.29,12.69,120,672.05,4.971938059472063,659,682
P1,2025-08-15,17,120,26.111333333333334,0.025169453719938818,26.06,26.16,120,12.700083333333334,0.2681198021245661,12.38,13.22,120,669.5333333333333,17.193869013478622,638,700
P1,2025-08-15,18,119,26.099915966386554,0.058244019090918336,26.02,26.19,119,13.226638655462185,0.336316732552498,12.71,13.78,119,619.4621848739496,17.407766587323827,589,651
P1,2025-08-15,19,120,26.111833333333333,0.02703820307953766,26.05,26.17,120,13.466416666666667,0.1423440962481224,13.21,13.76,120,560.075,23.083029708082215,525,597
P1,2025-08-15,20,120,26.046083333333335,0.03949887421719506,25.99,26.24,120,13.351583333333334,0.17033824892730087,12.83,13.79,120,492.3666666666667,15.292077002409318,462,525
P1,2025-08-15,21,120,26.9805,0.2877844957018737,26.27,27.37,120,14.0235,0.3943884746129922,13.2,14.58,120,433.39166666666665,6.063107661076506,424,461
P1,2025-08-15,22,119,27.606302521008406,0.12288113000878036,27.37,27.79,119,14.901848739495797,0.1597612964444683,14.59,15.12,119,422.7142857142857,3.036899782764826,416,430
P1,2025-08-15,23,120,27.932916666666664,0.072243703262394,27.79,28.03,120,15.337666666666667,0.12740284374313388,15.1,15.54,120,420.84166666666664,2.106396155025144,415,426
P1,2025-08-16,0,120,28.108583333333335,0.039498874217194585,28.03,28.18,120,15.697833333333334,0.09702449949059634,15.54,15.9,120,416.93333333333334,2.0568938535884564,412,421
P1,2025-08-16,1,119,28.186302521008404,0.016357528004078612,28.14,28.21,119,16.02697478991597,0.07042912800063722,15.89,16.19,119,413.01680672268907,2.31422715904971,410,418
P1,2025-08-16,2,120,28.27175,0.03711581918284191,28.21,28.34,120,16.222416666666668,0.05547345240354597,16.13,16.37,120,411.975,2.3602538675590883,410,418
P1,2025-08-16,3,120,28.353083333333334,0.014248445784818015,28.32,28.38,120,16.382333333333335,0.05422848228852778,16.29,16.5,120,414.2,2.3749391854221877,410,420
P1,2025-08-16,4,120,28.395,0.011000381964346552,28.38,28.42,120,16.553,0.057461715424231105,16.43,16.69,120,416.76666666666665,2.4105277965008054,412,424
P1,2025-08-16,5,119,28.427731092436975,0.01077009157459899,28.41,28.45,119,16.674957983193277,0.0368890675454498,16.6,16.78,119,419.5798319327731,2.203601821669082,415,424
P1,2025-08-16,6,120,28.4995,0.028809720581779746,28.44,28.54,120,16.720583333333334,0.07159991354078037,16.6,17.09,120,421.9166666666667,2.396016769253392,415,427
P1,2025-08-16,7,120,28.59325,0.05229461626932631,28.54,28.72,120,17.106583333333333,0.1658362857443094,16.72,17.44,120,419.2916666666667,3.5275526149131653,412,427
P1,2025-08-16,8,119,28.90546218487395,0.10151185869740768,28.73,29.08,119,17.227647058823532,0.16750262270829663,16.77,17.47,119,410.96638655462186,1.8408397729428319,410,417
P1,2025-08-16,9,120,29.284333333333333,0.11543657237157094,29.09,29.47,120,17.288,0.10959512962250757,16.95,17.47,120,410.0,0.0,410,410
P1,2025-08-16,10,120,29.684416666666667,0.12237698905831827,29.48,29.9,120,17.030416666666667,0.09588504876690135,16.84,17.19,120,409.21666666666664,0.41370092988032336,409,410
P1,2025-08-16,11,120,30.09916666666667,0.10125749963579467,29.91,30.27,120,17.0145,0.060151768836152454,16.85,17.12,120,409.0,0.0,409,409
P1,2025-08-16,12,119,30.459999999999997,0.09450136758046518,30.27,30.61,119,17.060672268907563,0.0993771372646195,16.81,17.25,119,409.0,0.0,409,409
P1,2025-08-16,13,120,30.729916666666668,0.060882802877949845,30.61,30.8,120,17.287,0.052590058810716184,17.13,17.4,120,409.0,0.0,409,409
P1,2025-08-16,14,120,30.767666666666667,0.025362359900454857,30.73,30.81,120,17.098916666666664,0.11486049875248326,16.95,17.35,120,409.0,0.0,409,409
P1,2025-08-16,15,119,30.69512605042017,0.0215841100615638,30.66,30.75,119,16.956302521008404,0.043117214034919006,16.85,17.03,119,409.3613445378151,0.482421372129904,409,410
P1,2025-08-16,16,120,30.617250000000002,0.029788117308311907,30.56,30.67,120,17.01675,0.03246620738319643,16.96,17.12,120,409.975,0.15677956478053737,409,410
P1,2025-08-16,17,120,30.512416666666663,0.026504980769702407,30.47,30.56,120,17.063583333333334,0.08289707938346277,16.94,17.32,120,410.0,0.0,410,410
P1,2025-08-16,18,120,30.535500000000003,0.02252356375819755,30.47,30.56,120,17.537583333333334,0.11572929753577285,17.27,17.75,120,410.1,0.37573457465109583,410,412
P1,2025-08-16,19,119,30.38235294117647,0.058043027324020814,30.28,30.47,119,17.57386554621849,0.09997549906375389,17.26,17.7,119,412.1344537815126,2.037464233846008,410,418
P1,2025-08-16,20,120,30.207333333333334,0.05405775519163182,30.12,30.29,120,17.63883333333333,0.054111359396029915,17.5,17.75,120,412.7583333333333,2.07828239252546,410,419
P1,2025-08-16,21,120,30.05091666666667,0.038479413536420676,29.99,30.13,120,17.65191666666667,0.06734204467041452,17.4,17.74,120,412.15,1.9081866969948762,410,417
P1,2025-08-16,22,120,29.944416666666665,0.02955683410951205,29.89,30.0,120,17.665416666666665,0.05473996333058968,17.47,17.76,120,412.28333333333336,1.8660313044350825,410,417
P1,2025-08-16,23,119,29.868151260504202,0.025310491780295208,29.83,29.92,119,17.6427731092437,0.05931707916720678,17.5,17.76,119,410.97478991596637,1.2720075209906623,410,415
P1,2025-08-17,0,120,29.797833333333333,0.017641782591254762,29.77,29.84,120,17.676166666666667,0.05206949676151248,17.57,17.77,120,410.675,1.0624412984278573,410,414
P1,2025-08-17,1,120,29.729416666666665,0.011973067348711503,29.71,29.76,120,17.661749999999998,0.05747725161993598,17.48,17.79,120,411.76666666666665,1.9606778682591561,410,418
P1,2025-08-17,2,119,29.666638655462183,0.017911141827558427,29.64,29.72,119,17.579327731092437,0.07817549891909298,17.32,17.77,119,411.42857142857144,1.543556473199632,410,416
P1,2025-08-17,3,120,29.637416666666663,0.017656661719628135,29.6,29.67,120,17.492,0.08197765631227703,17.25,17.67,120,411.875,1.8267963416729132,410,416
P1,2025-08-17,4,120,29.599249999999998,0.016861397412111748,29.56,29.64,120,17.466583333333332,0.06774266475014756,17.31,17.57,120,413.90833333333336,2.480159365079296,410,421
P1,2025-08-17,5,120,29.561083333333332,0.012284842976073546,29.54,29.59,120,17.400750000000002,0.0756169304327225,17.19,17.52,120,416.39166666666665,1.988605496504591,411,422
P1,2025-08-17,6,119,29.57016806722689,0.01646687446685821,29.54,29.6,119,17.373781512605042,0.09397070943432512,17.14,17.55,119,422.43697478991595,9.565686075372739,413,456
P1,2025-08-17,7,120,29.681916666666666,0.042688943982902,29.6,29.78,120,17.341166666666666,0.17431345924176134,16.79,17.6,120,447.9583333333333,1.5632106227186302,445,454
P1,2025-08-17,8,120,29.925166666666666,0.08849804948079447,29.78,30.08,120,17.283,0.10355528706440369,16.84,17.4,120,443.9,3.6146294718114085,438,453
P1,2025-08-17,9,119,30.233697478991598,0.09253369103543727,30.08,30.4,119,17.27705882352941,0.061207523371303224,17.14,17.4,119,430.65546218487395,6.539886712839839,421,443
P1,2025-08-17,10,120,30.627916666666668,0.13269599953018738,30.4,30.87,120,17.24275,0.04677790363951485,17.13,17.35,120,414.7,4.2239811560567615,410,423
P1,2025-08-17,11,120,31.085583333333332,0.1289765520565347,30.87,31.3,120,17.12525,0.07464158054475287,16.95,17.28,120,410.0,0.0,410,410
P1,2025-08-17,12,120,31.469,0.09247666069398117,31.3,31.61,120,17.09375,0.06672485205942749,16.95,17.21,120,409.90833333333336,0.28976470701962304,409,410
P1,2025-08-17,13,119,31.73050420168067,0.04655684951146396,31.62,31.79,119,17.205882352941178,0.05230957012459561,17.08,17.31,119,409.85714285714283,0.35140671992538414,409,410
P1,2025-08-17,14,120,31.795583333333333,0.018687875606336835,31.76,31.84,120,17.243333333333332,0.04327619590089441,17.14,17.34,120,410.0,0.0,410,410
P1,2025-08-17,15,120,31.759666666666664,0.03540719514148405,31.69,31.81,120,17.28708333333333,0.05045000576048123,17.18,17.38,120,410.05833333333334,0.3252880645366098,410,412
P1,2025-08-17,16,119,31.583025210084035,0.058070013584549,31.48,31.69,119,17.16831932773109,0.07355753343450085,17.01,17.32,119,412.97478991596637,2.7446780085731692,410,419
P1,2025-08-17,17,120,31.436500000000002,0.0400766073137653,31.36,31.52,120,17.03783333333333,0.06109894624699407,16.95,17.24,120,419.5416666666667,3.21993745263469,412,426
P1,2025-08-17,18,120,31.357916666666664,0.03414983871988334,31.27,31.41,120,17.127666666666666,0.10413092383975046,16.85,17.3,120,422.575,3.1400436222415733,416,429
P1,2025-08-17,19,120,31.170416666666664,0.06171765247845433,31.07,31.26,120,17.02825,0.06617601307031339,16.87,17.14,120,424.15833333333336,2.8045456299508174,416,430
P1,2025-08-17,20,119,30.968823529411765,0.04866308367603536,30.89,31.06,119,17.15420168067227,0.06859974549440633,17.01,17.31,119,424.6470588235294,2.6826126756758595,419,430
P1,2025-08-17,21,120,30.828916666666665,0.03727697451687639,30.76,30.9,120,17.328166666666668,0.08524786730207151,17.1,17.49,120,426.64166666666665,2.476090145564869,422,433
P1,2025-08-17,22,120,30.706333333333337,0.03251201027812702,30.65,30.76,120,17.46125,0.09235083362151043,17.25,17.65,120,427.275,3.0677572351445126,414,433
P1,2025-08-17,23,119,30.601008403361345,0.03566308821440558,30.54,30.66,119,17.563109243697482,0.08088229467439874,17.38,17.69,119,430.14285714285717,2.2066375766475765,424,436
P1,2025-08-18,0,120,30.4495,0.06402271130641603,30.36,30.56,120,17.36466666666667,0.2619863789304619,16.8,17.72,120,432.40833333333336,2.288061207580763,427,437
P1,2025-08-18,1,120,30.316333333333333,0.030895142076411145,30.25,30.37,120,16.40025,0.23338021237759593,16.01,16.85,120,431.55833333333334,2.121501899156182,426,436
P1,2025-08-18,2,120,30.212750000000003,0.03485775416188148,30.15,30.27,120,15.880666666666666,0.14901205936948506,15.61,16.18,120,429.40833333333336,2.4614535342761634,424,436
P1,2025-08-18,3,119,30.11840336134454,0.02262379103530335,30.09,30.16,119,15.418151260504201,0.1451531417279108,15.08,15.72,119,430.890756302521,2.5471483422439865,424,435
P1,2025-08-18,4,120,30.056499999999996,0.021718210613882613,30.02,30.11,120,15.027166666666666,0.10899991005572945,14.79,15.25,120,430.96666666666664,2.340485237821307,424,436
P1,2025-08-18,5,120,30.000666666666667,0.01499206139134802,29.98,30.03,120,14.77025,0.09783765063794336,14.58,15.01,120,431.7583333333333,2.004179805974968,427,437
P1,2025-08-18,6,119,28.690924369747897,1.0536578671519794,27.31,30.15,119,12.854873949579831,1.2823164060919503,11.14,14.68,119,414.7142857142857,10.09374941435091,408,440
P1,2025-08-18,7,120,26.628416666666666,0.31941384297057973,26.18,27.3,120,10.72225,0.15741324141071453,10.51,11.15,120,412.2583333333333,4.760650745245548,410,430
P1,2025-08-18,8,120,26.249333333333333,0.1623810920261916,26.03,26.62,120,10.73325,0.11729559370462851,10.51,11.03,120,469.15,32.61454282005725,426,535
P1,2025-08-18,9,120,26.761666666666667,0.11331026293444943,26.53,26.93,120,10.9055,0.0989851869063776,10.62,11.06,120,638.575,58.53601383734944,540,736
P1,2025-08-18,10,119,26.700504201680673,0.10614068645518822,26.54,26.94,119,10.782605042016808,0.058851467514412455,10.69,10.93,119,781.5378151260504,36.764663837036125,726,843
P1,2025-08-18,11,120,27.52375,0.3785844099566012,26.95,28.02,120,11.027416666666666,0.1935753640539731,10.74,11.46,120,875.0916666666667,21.7669072056579,839,910
P1,2025-08-18,12,120,28.122333333333334,0.08538330119671693,28.01,28.37,120,11.04125,0.054995225155608625,10.93,11.16,120,935.0916666666667,18.662862882751742,901,972
P1,2025-08-18,13,120,28.06925,0.15667319999489115,27.78,28.39,120,11.002999999999998,0.10716828829838938,10.74,11.29,120,978.175,28.833821906127536,939,1029
P1,2025-08-18,14,119,28.439915966386554,0.12093208486458,28.11,28.59,119,10.42344537815126,0.1576761160873444,10.17,10.76,119,1060.6218487394958,22.686138378298534,1020,1103
P1,2025-08-18,15,120,28.162,0.09412668023878049,27.93,28.28,120,10.575333333333333,0.08230843134909127,10.43,10.73,120,1111.6583333333333,7.126109918955066,1099,1129
P1,2025-08-18,16,120,27.244333333333334,0.22200663678978352,26.93,27.96,120,10.561583333333335,0.1867951551084469,10.37,11.03,120,1088.7083333333333,12.162344307230649,1057,1111
P1,2025-08-18,17,119,26.475882352941177,0.3295719148514101,25.89,26.92,119,10.621848739495798,0.14449776484433005,10.39,10.93,119,1035.9747899159663,29.14151973773822,985,1069
P1,2025-08-18,18,120,25.540583333333334,0.16950890922935044,25.24,25.9,120,10.447333333333335,0.09878874271026418,10.3,10.67,120,961.8416666666667,30.58422612974168,893,1006
P1,2025-08-18,19,120,25.132916666666667,0.17987108284151027,24.86,25.48,120,10.720416666666667,0.18649530074208148,10.47,11.12,120,854.1583333333333,35.92007837981875,792,900
P1,2025-08-18,20,120,24.684250000000002,0.11439767362622762,24.44,24.84,120,10.516416666666666,0.06585948670309852,10.37,10.63,120,745.8166666666667,30.498652218005226,687,792
P1,2025-08-18,21,119,25.847731092436977,0.6888253781998683,24.46,26.66,119,10.312521008403362,0.3557070268657712,9.77,10.95,119,686.1596638655462,8.887224875502607,667,710
P1,2025-08-18,22,120,27.07875,0.2062859339718141,26.67,27.39,120,11.275833333333333,0.22919509627577722,10.81,11.65,120,640.825,19.16126278710888,604,673
P1,2025-08-18,23,120,27.59333333333333,0.11039526641092326,27.4,27.76,120,11.96975,0.10490862370525648,11.65,12.16,120,583.0833333333334,12.727646962375985,560,608
P1,2025-08-19,0,119,27.90142857142857,0.07604955692808883,27.77,28.03,119,12.171176470588234,0.11799293623347518,11.93,12.52,119,546.4789915966387,8.95738379205871,530,566
P1,2025-08-19,1,120,28.127333333333336,0.05057207741437329,28.03,28.22,120,12.216833333333334,0.10307037110906475,11.99,12.5,120,520.2333333333333,6.820302530727354,509,538
P1,2025-08-19,2,120,28.276166666666665,0.0359781290551332,28.22,28.35,120,12.430916666666667,0.11164917919844522,12.23,12.75,120,502.25,5.506680434868578,488,514
P1,2025-08-19,3,120,28.38175,0.042715838481096724,28.32,28.46,120,12.599916666666667,0.09551713149463603,12.38,12.87,120,488.1333333333333,3.882590604727906,479,498
P1,2025-08-19,4,119,28.536134453781514,0.038993898777376856,28.43,28.61,119,12.396974789915966,0.11298383431576771,12.04,12.63,119,480.12605042016804,3.475226176882167,474,488
P1,2025-08-19,5,120,28.635833333333334,0.03640535867226991,28.57,28.7,120,12.226166666666668,0.11693698175975303,11.99,12.48,120,473.0,4.1888206559120365,461,482
P1,2025-08-19,6,120,28.7465,0.04214121916770965,28.69,28.83,120,12.128833333333334,0.08556469205583943,11.95,12.36,120,473.05,4.897006459961767,463,483
P1,2025-08-19,7,119,28.96436974789916,0.10924733759671176,28.83,29.17,119,12.709747899159664,0.5172965287129144,12.07,14.0,119,479.57142857142856,8.290868397782294,467,502
P1,2025-08-19,8,120,27.338250000000002,0.4827053705832527,26.92,28.85,120,11.713916666666668,0.468158013677335,11.1,12.74,120,490.975,28.885884575880592,452,545
P1,2025-08-19,9,120,26.753083333333333,0.07947089561153714,26.64,26.91,120,11.117083333333333,0.12138137573511973,10.9,11.35,120,628.0083333333333,52.99651103679215,547,707
P1,2025-08-19,10,120,26.823916666666666,0.06235296429892075,26.73,26.91,120,10.844750000000001,0.20479119310436522,10.56,11.24,120,759.9583333333334,31.08118829945931,701,820
P1,2025-08-19,11,119,27.149327731092438,0.22802665281488863,26.86,27.55,119,11.03235294117647,0.1527582885340537,10.83,11.51,119,856.0840336134454,21.27765591457854,818,905
P1,2025-08-19,12,120,27.70625,0.1258321043589283,27.55,28.03,120,11.455,0.1902762255690594,11.16,11.8,120,946.7833333333333,31.771025152104958,894,998
P1,2025-08-19,13,120,27.163999999999998,0.15410571510678003,26.95,27.55,120,11.098,0.16307754509522643,10.8,11.4,120,988.4916666666667,6.993389235356432,975,1003
P1,2025-08-19,14,119,26.700588235294116,0.16303422806709664,26.44,27.04,119,10.75470588235294,0.23138427765981798,10.47,11.24,119,980.7226890756302,14.62405979579479,962,1035
P1,2025-08-19,15,120,27.010416666666668,0.0701905669322777,26.78,27.12,120,10.74175,0.1838736435890741,10.48,11.1,120,1050.2333333333333,9.273376850278744,1037,1075
P1,2025-08-19,16,120,26.221083333333336,0.3435548121677014,25.76,27.03,120,10.538916666666667,0.07291984586906758,10.37,10.7,120,977.2333333333333,27.473664497047842,937,1047
P1,2025-08-19,17,120,25.554666666666666,0.08692635087354351,25.39,25.74,120,10.894583333333333,0.21949099188396676,10.52,11.19,120,975.3166666666667,12.736491168407085,947,993
P1,2025-08-19,18,119,25.370336134453783,0.12461420310477622,25.2,25.55,119,11.227310924369748,0.22154961750190375,10.89,11.63,119,919.7563025210084,12.571130760026016,891,951
P1,2025-08-19,19,120,25.533833333333334,0.015566789327667556,25.51,25.57,120,11.444166666666666,0.10545287157422158,11.23,11.64,120,859.3666666666667,20.00459331007251,829,900
P1,2025-08-19,20,120,25.494833333333336,0.04898950896666661,25.36,25.55,120,11.205083333333333,0.17382980101204804,10.38,11.49,120,790.15,27.846110722198674,734,832
P1,2025-08-19,21,119,26.026386554621848,0.28433607201968925,25.37,26.4,119,10.879915966386555,0.2544135689481748,10.27,11.19,119,697.09243697479,19.470530359633294,663,749
P1,2025-08-19,22,120,26.677833333333336,0.15246536090046717,26.4,26.91,120,11.351166666666668,0.11702318475544954,11.11,11.65,120,636.6666666666666,16.714273743681282,604,670
P1,2025-08-19,23,120,27.082083333333333,0.09147618354994873,26.92,27.23,120,11.693833333333334,0.08367788713584126,11.51,11.83,120,589.95,11.976763216447859,567,612
P1,2025-08-20,0,119,27.349075630252102,0.06474188119558547,27.23,27.45,119,11.79873949579832,0.05290789281173021,11.67,11.93,119,555.8991596638656,8.558269821564329,541,572
P1,2025-08-20,1,120,27.538833333333333,0.05081162001247037,27.45,27.62,120,11.894916666666667,0.07318671681533163,11.69,12.12,120,531.725,7.208727786684799,514,547
P1,2025-08-20,2,120,27.691166666666668,0.03808842726231025,27.62,27.75,120,12.070333333333334,0.06097159186051768,11.89,12.19,120,511.9916666666667,5.693126968360238,500,523
P1,2025-08-20,3,119,27.799495798319327,0.029106721790386203,27.75,27.85,119,12.19563025210084,0.06423788754075446,12.05,12.36,119,500.0504201680672,3.9613572821544922,490,508
P1,2025-08-20,4,120,27.892916666666668,0.024405393856678885,27.85,27.93,120,12.292333333333334,0.05856452784381164,12.12,12.41,120,492.76666666666665,3.1933053220059775,487,499
P1,2025-08-20,5,120,27.96425,0.01785386524542031,27.94,28.0,120,12.379416666666666,0.050364984390555534,12.26,12.51,120,489.23333333333335,3.0671294255647714,482,498
P1,2025-08-20,6,119,28.025210084033613,0.02625974361524625,27.99,28.07,119,12.259915966386556,0.14185511705412476,11.99,12.52,119,457.47899159663865,32.24504921649988,419,494
P1,2025-08-20,7,120,27.621750000000002,0.6483562441495624,26.47,28.26,120,11.670250000000001,0.5298286745446561,10.66,12.53,120,415.75,7.004500354064222,409,427
P1,2025-08-20,8,119,26.145126050420167,0.11053694486473853,25.98,26.46,119,10.788403361344537,0.1232331619005026,10.6,11.11,119,441.6386554621849,25.245818949839784,409,495
P1,2025-08-20,9,115,26.215826086956522,0.1344056612261606,26.05,26.46,115,11.009913043478262,0.05783363393683772,10.88,11.13,115,583.9565217391304,51.64646882586993,497,673
P1,2025-08-20,10,110,26.582090909090912,0.16271828221235132,26.46,26.99,110,10.896545454545453,0.21933358768225916,10.66,11.39,110,718.1454545454545,27.81552479311242,672,767
P1,2025-08-20,11,119,26.926890756302523,0.07109015401991853,26.82,27.06,119,11.087226890756304,0.09706650148963487,10.94,11.37,119,827.4873949579832,31.74924676704758,767,872
P1,2025-08-20,12,120,26.97233333333333,0.05762430237399801,26.86,27.08,120,11.107916666666666,0.11226391350077626,10.85,11.46,120,867.3833333333333,16.091222793199645,841,896
P1,2025-08-20,13,119,26.951008403361346,0.11558542924698502,26.76,27.12,119,11.157226890756302,0.09308210672730281,11.0,11.42,119,887.4789915966387,8.707924249625517,868,908
P1,2025-08-20,14,120,26.545416666666664,0.16710031120737698,26.3,26.78,120,10.8065,0.3648935610892164,10.26,11.33,120,897.0916666666667,17.82972488951678,872,939
P1,2025-08-20,15,120,26.246916666666667,0.11408235145352706,26.01,26.45,120,10.680333333333333,0.12811453209270834,10.33,10.93,120,898.9416666666667,10.537086033284032,877,932
P1,2025-08-20,16,120,25.97058333333333,0.07023724302763867,25.84,26.13,120,10.911750000000001,0.13550814729452107,10.66,11.12,120,938.0,27.55803654383336,888,987
P1,2025-08-20,17,119,25.560504201680672,0.14967110122370733,25.3,25.89,119,11.230420168067228,0.21120074376306552,10.92,11.64,119,912.1512605042017,12.695013471506376,890,937
P1,2025-08-20,18,120,25.087416666666666,0.1603278984269594,24.82,25.41,120,11.3245,0.14490709860765863,11.08,11.64,120,846.45,30.013680354187912,785,901
P1,2025-08-20,19,120,24.674916666666668,0.04342473123593527,24.61,24.82,120,11.137083333333333,0.07807985390249135,10.99,11.3,120,722.625,28.262295606358222,678,787
P1,2025-08-20,20,119,24.64075630252101,0.09450279938339207,24.55,24.97,119,11.161512605042017,0.09473995323025622,11.0,11.42,119,656.9663865546219,18.462482697103074,633,689
P1,2025-08-20,21,120,25.483583333333335,0.33204939349423634,24.97,25.97,120,11.14025,0.3390259465542041,10.55,11.82,120,608.9916666666667,11.523812272842596,586,633
P1,2025-08-20,22,120,26.214499999999997,0.1456301866389728,25.97,26.44,120,12.056083333333333,0.15464948621135055,11.76,12.31,120,563.1166666666667,16.31475247925591,532,589
P1,2025-08-20,23,120,26.628416666666666,0.10346920000724986,26.44,26.8,120,12.132333333333333,0.09114337521695699,11.93,12.32,120,512.3083333333333,11.699167415131933,492,534
P1,2025-08-21,0,119,26.920084033613442,0.06804156006042754,26.8,27.02,119,11.998823529411764,0.07233603868420259,11.75,12.15,119,483.61344537815125,7.377369477100361,469,497
P1,2025-08-21,1,120,27.0955,0.03675606621172934,27.02,27.15,120,12.09025,0.09562235331647959,11.83,12.28,120,463.10833333333335,5.206324262368807,454,475
P1,2025-08-21,2,120,27.217,0.0294658326560993,27.16,27.27,120,12.262333333333334,0.10454168348287865,12.0,12.49,120,451.85,3.5848654792337227,444,460
P1,2025-08-21,3,119,27.30781512605042,0.02171306190751058,27.27,27.34,119,12.413613445378152,0.10351231067731845,12.18,12.67,119,441.7647058823529,4.1735768554914605,433,454
P1,2025-08-21,4,120,27.369000000000003,0.018670067717376504,27.34,27.4,120,12.473166666666666,0.08481302553098696,12.29,12.75,120,433.7583333333333,2.734761702347673,426,440
P1,2025-08-21,5,120,27.418416666666666,0.0168530890534768,27.39,27.45,120,12.549083333333334,0.07993690614218983,12.4,12.73,120,429.025,3.5086028726043104,420,436
P1,2025-08-21,6,120,27.502833333333335,0.04167064406786751,27.45,27.59,120,12.577333333333334,0.0949545077572277,12.38,12.81,120,434.5,8.791707322645502,420,449
P1,2025-08-21,7,119,27.787394957983192,0.16357480113875766,27.59,28.16,119,12.932773109243698,0.505557125759643,12.38,14.39,119,432.42857142857144,7.920763775630885,421,462
P1,2025-08-21,8,120,27.128,0.2598499890450641,26.91,28.02,120,12.3995,0.26874701483587404,11.91,13.01,120,468.525,22.87707835991555,431,521
P1,2025-08-21,9,120,27.10175,0.15948268523810857,26.93,27.44,120,11.939583333333333,0.13013500316063983,11.7,12.23,120,621.225,56.30312057563612,523,705
P1,2025-08-21,10,119,27.63579831932773,0.09737656940115672,27.46,27.86,119,12.011008403361345,0.11129739484047357,11.78,12.26,119,742.4033613445379,24.22749500112106,696,777
P1,2025-08-21,11,120,27.915833333333335,0.1134899642646671,27.74,28.07,120,12.077666666666666,0.306727737190338,11.66,12.77,120,792.0,16.473049035859002,747,821
P1,2025-08-21,12,120,27.6325,0.07728861113879386,27.45,27.74,120,11.737,0.097684107581273,11.51,11.98,120,848.1583333333333,14.281677650983664,818,883
P1,2025-08-21,13,120,27.75133333333333,0.17897435773956674,27.45,27.94,120,11.767666666666665,0.21208739808336263,11.42,12.18,120,899.675,8.324472880579082,883,918
P1,2025-08-21,14,119,27.971008403361346,0.04269312964184832,27.91,28.08,119,11.786134453781512,0.15781403582879455,11.5,12.21,119,887.7310924369748,15.596445422384498,867,923
P1,2025-08-21,15,120,27.82058333333333,0.194915606962438,27.44,28.08,120,11.84725,0.11750174323756116,11.62,12.16,120,906.7666666666667,13.813118434892234,879,934
P1,2025-08-21,16,120,26.94675,0.2732135634636425,26.53,27.43,120,11.358916666666666,0.10436519456952754,11.1,11.59,120,875.5083333333333,30.006160665289286,836,929
P1,2025-08-21,17,119,26.044453781512605,0.2729987194326213,25.54,26.52,119,11.509243697478992,0.1802501071433692,11.17,11.78,119,818.436974789916,17.033684800688047,779,839
P1,2025-08-21,18,120,25.234416666666668,0.16527947217234168,24.93,25.53,120,11.527,0.12033985487887673,11.29,11.8,120,744.7083333333334,21.2410716125458,694,781
P1,2025-08-21,19,120,24.877916666666668,0.09218082187509803,24.74,25.1,120,11.513666666666667,0.21852036165855265,11.17,11.91,120,683.0833333333334,11.040478108431229,658,700
P1,2025-08-21,20,120,24.736333333333334,0.16140107844512683,24.6,25.28,120,11.348416666666667,0.173408711524229,10.72,11.59,120,633.65,15.305653374164818,607,662
P1,2025-08-21,21,119,25.946722689075628,0.28667914280867846,25.3,26.34,119,11.75705882352941,0.4162796341386446,10.95,12.59,119,608.6050420168067,9.18659532605311,583,623
P1,2025-08-21,22,120,26.591166666666666,0.13641375108321818,26.35,26.81,120,12.643333333333334,0.23828989241915224,12.07,13.06,120,568.1416666666667,11.113090043193353,549,590
P1,2025-08-21,23,120,26.991083333333332,0.09779756001607813,26.82,27.15,120,12.516583333333333,0.1074415677295818,12.29,12.79,120,536.0833333333334,9.554429069596084,516,554
P1,2025-08-22,0,119,27.268067226890757,0.05537663508584497,27.15,27.36,119,12.463025210084032,0.08288806646589936,12.29,12.71,119,510.1932773109244,7.690272648319846,492,526
P1,2025-08-22,1,120,27.434083333333334,0.04723436708767983,27.36,27.53,120,12.59975,0.08565577484738317,12.42,12.83,120,492.7083333333333,5.112837416012423,483,506
P1,2025-08-22,2,120,27.568916666666667,0.028129228595903263,27.53,27.62,120,12.858916666666666,0.0815170841848844,12.63,13.03,120,479.2916666666667,4.760474224900156,467,489
P1,2025-08-22,3,120,27.6565,0.018591133695955324,27.62,27.69,120,12.966416666666667,0.05338611271494014,12.87,13.12,120,469.7416666666667,4.007337457889054,461,478
P1,2025-08-22,4,119,27.712184873949578,0.018601971094087927,27.68,27.74,119,13.001176470588236,0.09719085252510527,12.77,13.23,119,463.6470588235294,3.8080829184064937,452,471
P1,2025-08-22,5,120,27.768583333333332,0.01783659882665759,27.73,27.81,120,13.11875,0.07535420560606458,12.92,13.3,120,458.46666666666664,3.238251767513461,450,466
P1,2025-08-22,6,120,27.901999999999997,0.054750772221257134,27.81,28.0,120,13.294333333333332,0.08017557763620851,13.15,13.53,120,432.6166666666667,12.5766111675357,419,456
P1,2025-08-22,7,119,28.11857142857143,0.1113498511280891,28.0,28.41,119,13.602436974789917,0.1919479377973843,13.31,14.33,119,420.5798319327731,9.59740059998535,410,484
P1,2025-08-22,8,120,27.712583333333335,0.5929154513866162,26.9,28.57,120,12.740499999999999,0.8083803185975,11.67,14.61,120,435.2916666666667,19.144473206169437,410,471
P1,2025-08-22,9,120,26.826083333333333,0.05747189058385786,26.74,26.98,120,11.73675,0.26355731441793345,11.42,12.33,120,533.15,43.37033219017014,471,601
P1,2025-08-22,10,120,26.77091666666667,0.01650036074641765,26.74,26.8,120,11.29175,0.11827657730715453,11.11,11.53,120,656.675,24.382168198304782,605,687
P1,2025-08-22,11,119,26.783949579831933,0.15018755781025525,26.53,26.96,119,11.463613445378153,0.30837114742377153,11.03,11.97,119,733.1344537815127,33.25401068451596,679,777
P1,2025-08-22,12,120,26.703,0.08911893667424588,26.55,26.88,120,10.984416666666668,0.15528123487646725,10.75,11.43,120,757.0833333333334,21.50652952767903,729,803
P1,2025-08-22,13,120,26.34508333333333,0.1008617977278576,26.17,26.54,120,10.95775,0.17792200396746527,10.66,11.34,120,812.8166666666667,6.12610248466846,797,827
P1,2025-08-22,14,119,26.15957983193277,0.07889485556022717,26.07,26.29,119,10.652689075630253,0.12177151067409145,10.43,10.94,119,841.9243697478992,12.992931366294725,817,862
P1,2025-08-22,15,120,26.02508333333333,0.0736673859554004,25.86,26.14,120,10.167833333333334,0.21049035720476622,9.76,10.51,120,839.0833333333334,11.968153352872289,800,854
P1,2025-08-22,16,120,25.985666666666667,0.06587144767687476,25.81,26.07,120,10.209666666666667,0.08954538151205929,9.96,10.47,120,845.7666666666667,19.795056395551853,803,877
P1,2025-08-22,17,119,25.457731092436973,0.1712587346518668,25.23,26.0,119,10.088655462184873,0.08515115542820874,9.92,10.31,119,833.7310924369748,12.491147698685067,803,861
P1,2025-08-22,18,120,25.246583333333334,0.07829588174380342,25.07,25.35,120,10.166416666666667,0.17437425140146495,9.93,10.55,120,844.0083333333333,14.984863978674765,806,869
P1,2025-08-22,19,118,25.50432203389831,0.1140286274863733,25.29,25.65,118,10.32228813559322,0.12207193491515461,10.01,10.49,118,828.6271186440678,14.090547604609682,797,850
P1,2025-08-22,20,118,25.745084745762714,0.07216725306461669,25.63,26.0,118,10.409237288135593,0.13951783134917833,10.12,10.62,118,764.9745762711865,24.93117427386079,704,803
P1,2025-08-22,21,117,26.413675213675216,0.18112007015065218,26.02,26.69,117,10.885128205128204,0.2839973754875571,10.24,11.51,117,676.5299145299145,24.63827015086722,634,717
P1,2025-08-22,22,116,26.879396551724138,0.1001154880352071,26.7,27.04,116,11.553706896551724,0.08680342782666385,11.19,11.68,116,605.4051724137931,15.107141097637665,580,636
P1,2025-08-22,23,120,27.19558333333333,0.07682563290431557,27.04,27.32,120,11.627916666666666,0.05409136114149842,11.51,11.82,120,558.2666666666667,13.83378724239269,533,583
P1,2025-08-23,0,119,27.399411764705885,0.04516061951893565,27.32,27.48,119,11.750504201680672,0.11960279416479673,11.54,12.08,119,514.0336134453781,12.43282476944052,493,537
P1,2025-08-23,1,120,27.53475,0.03564442747588489,27.48,27.59,120,11.92075,0.08937845603590062,11.71,12.13,120,483.84166666666664,7.775198485221667,467,496
P1,2025-08-23,2,120,27.635083333333334,0.029845423430069625,27.58,27.68,120,11.93975,0.07366130188204686,11.79,12.19,120,462.1666666666667,5.079756054047102,452,475
P1,2025-08-23,3,119,27.70352941176471,0.014877365090095213,27.67,27.73,119,11.959747899159664,0.05905272256347877,11.82,12.13,119,450.2689075630252,3.797183342800427,441,461
P1,2025-08-23,4,120,27.73875,0.01233717481244766,27.72,27.76,120,12.0435,0.05513390879630811,11.88,12.19,120,442.1,3.8792704850007595,432,449
P1,2025-08-23,5,120,27.7765,0.011350045348446164,27.76,27.8,120,12.094,0.05805531989462502,11.91,12.22,120,433.9166666666667,3.0939988900535558,428,440
P1,2025-08-23,6,120,27.85775,0.0367472059190525,27.8,27.93,120,12.114666666666666,0.0715486945113226,11.97,12.31,120,425.125,3.589345812449004,418,435
P1,2025-08-23,7,119,28.034621848739494,0.06580389350140148,27.93,28.17,119,12.332436974789916,0.16927045046593225,12.08,12.78,119,414.21008403361344,2.985484515030743,410,421
P1,2025-08-23,8,120,28.374833333333335,0.1276548875214907,28.18,28.59,120,12.583083333333333,0.13422542078694957,12.29,12.89,120,410.0,0.0,410,410
P1,2025-08-23,9,120,28.82316666666667,0.13627075947522915,28.59,29.07,120,12.838166666666666,0.06560620145586657,12.69,12.96,120,409.48333333333335,0.5018174252567029,409,410
P1,2025-08-23,10,120,29.28483333333333,0.10660524316912917,29.07,29.46,120,12.9895,0.062333475636079924,12.85,13.13,120,409.0,0.0,409,409
P1,2025-08-23,11,119,29.629495798319326,0.10008342909196419,29.47,29.81,119,13.128067226890757,0.07381007821181616,12.94,13.35,119,409.0,0.0,409,409
P1,2025-08-23,12,120,29.825750000000003,0.016174598822192337,29.79,29.85,120,13.256083333333333,0.10390926741317132,12.93,13.49,120,409.0,0.0,409,409
P1,2025-08-23,13,120,29.779666666666667,0.021651686267063305,29.73,29.8,120,13.3455,0.12884000892253894,12.98,13.73,120,409.0,0.0,409,409
P1,2025-08-23,14,119,29.6690756302521,0.028163914784664276,29.63,29.73,119,13.520336134453782,0.15252636767384992,13.13,13.97,119,409.02521008403363,0.15742552040162322,409,410
P1,2025-08-23,15,120,29.78483333333333,0.054710595863329124,29.7,29.87,120,13.638166666666667,0.13067364784414695,13.18,13.94,120,409.0083333333333,0.09128709291753007,409,410
P1,2025-08-23,16,120,29.899333333333335,0.014303630222255207,29.87,29.91,120,13.9555,0.11460454476447257,13.68,14.21,120,409.0,0.0,409,409
P1,2025-08-23,17,120,29.85533333333333,0.030235305016942805,29.8,29.91,120,13.874833333333333,0.17380556766151098,13.4,14.34,120,409.0,0.0,409,409
P1,2025-08-23,18,119,29.700840336134455,0.06159710305664769,29.59,29.8,119,13.770420168067227,0.17768470913668535,13.3,14.19,119,409.06722689075633,0.25147336810083754,409,410
P1,2025-08-23,19,120,29.520750000000003,0.04585623313844471,29.45,29.6,120,13.635333333333334,0.13659689412498918,13.23,13.99,120,409.18333333333334,0.38856195407793614,409,410
P1,2025-08-23,20,120,29.387666666666668,0.03514037476145763,29.32,29.45,120,13.526583333333333,0.12946882972804077,13.07,13.84,120,409.3833333333333,0.48823698153668,409,410
P1,2025-08-23,21,119,29.280252100840336,0.0269482298677824,29.24,29.33,119,13.376386554621849,0.1419640148509649,12.99,13.66,119,409.6302521008403,0.4847775344840945,409,410
P1,2025-08-23,22,120,29.202833333333334,0.02123036248669221,29.17,29.24,120,13.204833333333333,0.12231646057097398,12.9,13.57,120,409.7916666666667,0.40781923276208426,409,410
P1,2025-08-23,23,120,29.14225,0.02014495787364664,29.11,29.18,120,13.1165,0.11150347622421425,12.87,13.33,120,409.93333333333334,0.25048971643405765,409,410
P1,2025-08-24,0,120,29.079333333333334,0.01575726234238731,29.05,29.12,120,13.124583333333334,0.11511700903996852,12.85,13.38,120,409.65,0.47896948201932427,409,410
P1,2025-08-24,1,119,29.02823529411765,0.012930522216281675,29.01,29.05,119,13.156974789915967,0.08406569890239024,12.88,13.4,119,409.6386554621849,0.4824213721299344,409,410
P1,2025-08-24,2,120,28.989083333333333,0.011595118745037668,28.97,29.01,120,13.201333333333334,0.06519438720663975,13.06,13.44,120,409.53333333333336,0.5009794328681211,409,410
P1,2025-08-24,3,120,28.962333333333333,0.006181204001907089,28.95,28.98,120,13.231583333333333,0.06848904510737369,13.06,13.4,120,409.59166666666664,0.4935863156332306,409,410
P1,2025-08-24,4,119,28.942941176470587,0.009685997334657703,28.93,28.96,119,13.21,0.0549421884147022,13.04,13.35,119,409.6470588235294,0.4799052748008264,409,410
P1,2025-08-24,5,120,28.925333333333334,0.009952267030561549,28.9,28.94,120,13.227333333333332,0.05173840686664024,13.1,13.37,120,409.81666666666666,0.38856195407794264,409,410
P1,2025-08-24,6,120,28.939416666666666,0.015893333168839376,28.91,28.97,120,13.229833333333334,0.067213235658009,13.01,13.35,120,423.5,4.224776857515448,410,429
P1,2025-08-24,7,120,29.09466666666667,0.06441636272807526,28.98,29.22,120,13.172500000000001,0.142918264235543,12.86,13.49,120,427.59166666666664,2.8298998804433824,420,433
P1,2025-08-24,8,119,29.3909243697479,0.10700856608067347,29.23,29.57,119,13.128487394957983,0.12931788880580344,12.88,13.5,119,419.9579831932773,3.886951134032788,412,433
P1,2025-08-24,9,120,29.81116666666667,0.13457173485070723,29.57,30.05,120,13.342833333333335,0.1089613556762773,13.09,13.63,120,411.44166666666666,2.0158857899710316,410,417
P1,2025-08-24,10,120,30.270416666666666,0.1335198712641989,30.05,30.51,120,13.611083333333333,0.1281398647180948,13.38,13.98,120,409.6666666666667,0.47338106833113913,409,410
P1,2025-08-24,11,119,30.755378151260505,0.1415578573453739,30.51,31.0,119,13.518403361344538,0.07772161526969885,13.31,13.73,119,409.0,0.0,409,409
P1,2025-08-24,12,120,31.225083333333334,0.11548942862119087,31.01,31.4,120,13.544083333333333,0.10102413251367093,13.32,13.86,120,408.95,0.21885876647707664,408,409
P1,2025-08-24,13,120,31.525750000000002,0.04993546255086353,31.41,31.59,120,13.786,0.11148651800768968,13.58,14.0,120,408.75,0.4348282767393517,408,409
P1,2025-08-24,14,120,31.544666666666668,0.011590588280781616,31.53,31.56,120,13.919749999999999,0.13440477244927948,13.59,14.28,120,409.0,0.0,409,409
P1,2025-08-24,15,119,31.448907563025212,0.0590717735796087,31.34,31.54,119,14.190924369747899,0.15016934845247842,13.83,14.7,119,409.01680672268907,0.12909025073869362,409,410
P1,2025-08-24,16,120,31.265083333333333,0.04037629376304189,31.19,31.34,120,14.1465,0.22510744400072166,13.67,14.8,120,409.3666666666667,0.48391494032296567,409,410
P1,2025-08-24,17,120,31.093833333333336,0.06761461894205119,30.98,31.2,120,14.073166666666667,0.18483234889726335,13.58,14.52,120,409.9,0.30125786715204605,409,410
P1,2025-08-24,18,119,30.852268907563026,0.07423550448918059,30.73,30.97,119,13.92966386554622,0.19762116117524495,13.56,14.36,119,409.83193277310926,0.3755070635344655,409,410
P1,2025-08-24,19,120,30.638583333333333,0.04965927322632637,30.56,30.73,120,13.661249999999999,0.08765442555471857,13.46,13.83,120,409.8833333333333,0.32236868431572535,409,410
P1,2025-08-24,20,120,30.486333333333334,0.04409564343910014,30.41,30.56,120,13.581666666666667,0.11076762968988144,13.3,13.84,120,410.0,0.0,410,410
P1,2025-08-24,21,120,30.340416666666666,0.038225246471247074,30.28,30.41,120,13.463333333333333,0.12346763828259363,13.03,13.7,120,409.9916666666667,0.0912870929175326,409,410
P1,2025-08-24,22,119,30.21638655462185,0.03419116479286502,30.17,30.28,119,13.415966386554622,0.09465655427565972,13.14,13.63,119,409.99159663865544,0.09166984970282253,409,410
P1,2025-08-24,23,120,30.1275,0.026765398458119084,30.08,30.17,120,13.384333333333334,0.08222467001176398,13.17,13.63,120,410.0,0.0,410,410
P1,2025-08-25,0,120,30.055666666666664,0.018729984648418643,30.02,30.09,120,13.343333333333334,0.0887005474326176,13.07,13.62,120,410.0083333333333,0.09128709291753058,410,411
P1,2025-08-25,1,119,29.99126050420168,0.018980570879985233,29.96,30.03,119,13.32764705882353,0.09607294088394358,13.03,13.65,119,410.01680672268907,0.12909025073869348,410,411
P1,2025-08-25,2,120,29.940416666666668,0.01844345586992485,29.91,29.98,120,13.370416666666667,0.0677290180643069,13.19,13.58,120,410.21666666666664,0.6105973564081866,410,413
P1,2025-08-25,3,120,29.89375,0.012639972609263847,29.87,29.91,120,13.323333333333332,0.07425069202442795,13.14,13.52,120,410.475,1.0997516908432698,410,415
P1,2025-08-25,4,120,29.859416666666668,0.010555641554518703,29.84,29.88,120,13.277666666666667,0.06394237601919638,13.09,13.44,120,411.2,1.6682905254513989,410,416
P1,2025-08-25,5,119,29.836722689075632,0.011432131620375343,29.81,29.86,119,13.220840336134454,0.06692494951572786,13.09,13.39,119,413.8655462184874,5.970157948323506,410,437
P1,2025-08-25,6,120,28.975166666666667,0.8632000102543316,27.63,30.03,120,12.357416666666667,0.7721001544225876,10.91,13.26,120,421.14166666666665,14.237065976494199,409,444
P1,2025-08-25,7,120,26.67625,0.4428138871529028,26.17,27.6,120,9.936333333333332,0.3754256594457934,9.58,10.89,120,411.30833333333334,5.236901761158201,409,430
P1,2025-08-25,8,119,26.193361344537816,0.053270612481076056,26.14,26.3,119,10.307310924369748,0.15614366200628035,9.78,10.59,119,474.47899159663865,25.575361799550315,431,536
P1,2025-08-25,9,120,26.7095,0.32345521685532475,26.31,27.16,120,10.464416666666667,0.2170071285408295,10.07,10.79,120,636.4916666666667,52.59708843162909,537,716
P1,2025-08-25,10,120,27.356916666666667,0.1580117846542918,27.15,27.63,120,10.478083333333332,0.12738676522771836,10.28,10.78,120,765.4333333333333,30.589374036118357,718,827
P1,2025-08-25,11,120,27.787750000000003,0.12879181624922262,27.61,28.05,120,10.48525,0.19629750401885915,10.29,10.9,120,885.1083333333333,31.38104010180581,827,937
P1,2025-08-25,12,119,27.445798319327732,0.23734226090334254,27.14,27.98,119,10.50672268907563,0.10535741624968503,10.38,10.74,119,952.3193277310925,18.317321973748825,913,977
P1,2025-08-25,13,120,26.776,0.23206562386857868,26.45,27.18,120,10.538916666666667,0.12265820402241705,10.3,10.79,120,935.4083333333333,43.58715712347452,872,992
P1,2025-08-25,14,120,26.03275,0.19026722693900677,25.83,26.47,120,10.10825,0.14915821220740047,9.82,10.33,120,845.675,14.768330014885725,825,878
P1,2025-08-25,15,120,25.902166666666666,0.12190493150372994,25.7,26.08,120,10.0315,0.08667189167615269,9.93,10.23,120,940.8416666666667,41.900641946373725,876,995
P1,2025-08-25,16,119,26.10966386554622,0.0801580300714246,25.99,26.24,119,10.293781512605042,0.2907441988189007,9.9,10.73,119,994.8571428571429,8.398229953021364,971,1014
P1,2025-08-25,17,120,26.12575,0.03805485867675127,26.07,26.22,120,10.837666666666667,0.13895609205143566,10.61,11.14,120,925.4583333333334,32.52998509025176,886,987
P1,2025-08-25,18,120,25.82058333333333,0.14616840657691269,25.62,26.07,120,10.555333333333333,0.07278301276244789,10.42,10.73,120,853.5833333333334,18.261675594484842,825,888
P1,2025-08-25,19,119,25.449579831932773,0.08274316970103883,25.29,25.61,119,10.429243697478991,0.03273311866289623,10.33,10.49,119,804.2100840336135,18.397620493514573,761,838
P1,2025-08-25,20,120,25.202583333333333,0.05355427363049419,25.1,25.31,120,10.371833333333333,0.15814567974626823,10.17,10.82,120,714.1833333333333,21.746431498366796,685,761
P1,2025-08-25,21,120,25.79325,0.39851860663202854,25.27,26.4,120,11.003333333333334,0.3330741289114753,10.47,11.49,120,667.875,9.630625606876839,649,689
P1,2025-08-25,22,120,26.7165,0.16435588563497586,26.4,26.94,120,11.341333333333333,0.1604873530101061,11.1,11.72,120,625.5333333333333,16.353209195151507,595,654
P1,2025-08-25,23,119,27.135546218487395,0.11113205977644679,26.94,27.31,119,11.52453781512605,0.1418506489542625,11.22,11.93,119,576.563025210084,12.544590741520588,556,599
P1,2025-08-26,0,120,27.423916666666667,0.058944438064259454,27.31,27.51,120,11.674583333333334,0.14322161139991693,11.38,12.0,120,541.5416666666666,8.091800843839383,524,560
P1,2025-08-26,1,120,27.589583333333334,0.04133071849505016,27.52,27.66,120,11.561416666666666,0.10722861647189223,11.34,11.86,120,518.4,6.063252032538745,507,531
P1,2025-08-26,2,119,27.704453781512605,0.03219899669432955,27.65,27.76,119,11.54747899159664,0.07886072777634646,11.37,11.8,119,504.00840336134456,4.8773009316930755,493,512
P1,2025-08-26,3,120,27.805666666666664,0.02646492314107095,27.76,27.85,120,11.6405,0.07925970502302071,11.45,11.84,120,492.19166666666666,4.110441374270666,484,503
P1,2025-08-26,4,120,27.8905,0.02101819939676377,27.85,27.92,120,11.780416666666667,0.0636349335027932,11.63,11.97,120,482.15,3.4705241412683345,474,492
P1,2025-08-26,5,120,27.95225,0.02254640406216463,27.92,27.99,120,11.85575,0.07245586892154911,11.66,12.01,120,480.5,8.45253678792706,471,503
P1,2025-08-26,6,119,28.046134453781512,0.030975913105311087,27.99,28.09,119,11.923109243697478,0.05962805475470417,11.74,12.05,119,494.890756302521,3.4414963142194983,486,505
P1,2025-08-26,7,120,28.21525,0.15596251704396466,27.9,28.55,120,12.244166666666667,0.36444405302750504,11.76,13.11,120,487.3833333333333,6.390885491615895,474,504
P1,2025-08-26,8,120,27.22683333333333,0.21091630158550254,27.05,27.88,120,11.247416666666668,0.23280711471315754,11.01,12.02,120,552.9666666666667,41.496569329360995,495,630
P1,2025-08-26,9,119,27.345882352941175,0.1478284149923862,27.1,27.52,119,11.279915966386554,0.1243934149867538,11.0,11.47,119,725.0252100840336,58.97377500827523,627,801
P1,2025-08-26,10,120,27.699833333333334,0.06827998874300605,27.51,27.81,120,11.519666666666666,0.1918592504644914,11.2,11.96,120,841.5166666666667,19.88918177856309,793,877
P1,2025-08-26,11,120,27.96966666666667,0.11377357237209099,27.81,28.14,120,11.3625,0.06686559955134855,11.25,11.62,120,911.7666666666667,18.832179385088516,870,942
P1,2025-08-26,12,120,28.184250000000002,0.03575506075715883,28.09,28.23,120,11.713666666666667,0.2004404114529232,11.3,12.17,120,967.6666666666666,22.41560580830949,928,1006
P1,2025-08-26,13,119,27.963361344537812,0.12535561152397973,27.83,28.2,119,11.339915966386554,0.2835444418528144,10.8,11.81,119,973.0588235294117,15.710459712143958,945,1007
P1,2025-08-26,14,120,27.717083333333335,0.11801150658420752,27.55,27.94,120,10.921583333333333,0.0921999638467033,10.79,11.23,120,959.1083333333333,5.303868626668956,949,970
P1,2025-08-26,15,120,27.81608333333333,0.06267557970466694,27.64,27.88,120,10.974916666666667,0.09361099405135329,10.81,11.37,120,1009.8083333333333,14.251814469964042,960,1030
P1,2025-08-26,16,119,27.716218487394958,0.06129937092384356,27.56,27.84,119,11.169159663865544,0.2161393925300907,10.88,11.62,119,961.2352941176471,22.102115046560687,919,997
P1,2025-08-26,17,120,27.187416666666664,0.23782804265088672,26.8,27.55,120,10.945666666666666,0.12717838549335006,10.76,11.28,120,921.2083333333334,7.856802258978691,908,935
P1,2025-08-26,18,120,26.501250000000002,0.15397567471312454,26.24,26.8,120,10.721666666666666,0.07460071116579456,10.6,10.96,120,903.4,19.820793766805163,870,935
P1,2025-08-26,19,119,26.101680672268905,0.09044447053519859,25.97,26.25,119,10.636806722689075,0.0659472410225798,10.48,10.8,119,841.0252100840336,16.312344387139472,799,871
P1,2025-08-26,20,95,25.907789473684215,0.13538895070545306,25.64,26.06,95,10.899578947368422,0.13365496854177014,10.65,11.12,95,763.4421052631579,35.02695490602642,696,815
P1,2025-08-26,21,63,26.352698412698413,0.4004078821579486,25.62,26.87,63,11.468412698412699,0.32791229329534627,10.71,12.01,63,706.3333333333334,9.816050056396328,686,722
P1,2025-08-26,22,49,27.096938775510203,0.1212298794582848,26.88,27.28,49,11.433061224489796,0.06583451734059954,11.28,11.56,49,656.3265306122449,18.145692504354386,627,690
P1,2025-08-26,23,43,27.396976744186045,0.0680173256541805,27.28,27.51,43,11.49906976744186,0.11407628929149191,11.35,11.82,43,611.2790697674419,11.483581616077434,592,627
P1,2025-08-27,0,41,27.572439024390246,0.04288242575956422,27.51,27.65,41,11.755121951219511,0.10173794649046991,11.59,11.98,41,579.2682926829268,7.456622527136108,563,596
P1,2025-08-27,1,35,27.710857142857144,0.03608579878497183,27.66,27.77,35,11.823714285714285,0.08124348713392786,11.69,12.04,35,557.6571428571428,6.99135119963513,545,572
P1,2025-08-27,2,30,27.811,0.02368616648507426,27.77,27.84,30,11.935333333333334,0.1027797555986562,11.72,12.12,30,535.4333333333333,5.028767815989048,526,545
P1,2025-08-27,3,26,27.853846153846156,0.01061203960675803,27.83,27.87,26,12.156153846153845,0.06928647331633615,12.01,12.3,26,521.6923076923077,4.523443208612035,511,527
P1,2025-08-27,4,23,27.883478260869563,0.010706283478819583,27.87,27.9,23,12.249130434782609,0.09944907529522368,12.12,12.47,23,509.0,5.385164807134511,496,517
P1,2025-08-27,5,22,27.91818181818182,0.011396057645964321,27.9,27.94,22,12.296363636363635,0.051782094215908236,12.17,12.38,22,480.59090909090907,35.48931306733541,414,510
P1,2025-08-27,6,22,27.97681818181818,0.022336466795752356,27.94,28.02,22,12.409999999999998,0.07565586245499797,12.29,12.55,22,415.27272727272725,2.6579945569799417,410,420
P1,2025-08-27,7,65,28.262,0.1241370210694615,28.03,28.49,65,13.198461538461538,0.5020589817480074,12.45,14.15,65,410.03076923076924,0.17403580533461332,410,411
P1,2025-08-27,8,119,27.614285714285714,0.3790075609204465,27.31,28.54,119,11.932689075630252,0.44015539913549023,11.39,13.13,119,436.4621848739496,26.34574223985574,410,492
P1,2025-08-27,9,120,27.417666666666666,0.07358449477402572,27.35,27.7,120,11.644833333333334,0.2451923728827793,11.38,12.49,120,589.0416666666666,53.45482595020738,494,686
P1,2025-08-27,10,120,27.19875,0.2617380899507991,26.89,27.74,120,11.276250000000001,0.3418660175413464,10.89,12.23,120,618.1583333333333,27.58820714851664,581,683
P1,2025-08-27,11,119,26.83974789915966,0.0385425625368287,26.76,26.9,119,10.933025210084033,0.11952274176801511,10.63,11.19,119,586.7647058823529,7.700655796806988,571,617
P1,2025-08-27,12,120,27.167250000000003,0.10401165497072151,26.87,27.25,120,11.384083333333333,0.234418629459211,10.83,12.01,120,774.7333333333333,70.14759150418163,619,874
P1,2025-08-27,13,120,27.0975,0.0899603087081037,26.93,27.24,120,11.276250000000001,0.16294589760475306,10.94,11.62,120,833.55,17.680569023886257,808,878
P1,2025-08-27,14,120,27.682833333333335,0.22583992000482947,27.23,28.07,120,11.360000000000001,0.22306120801476823,11.07,11.89,120,868.1833333333333,11.651078020836398,848,889
P1,2025-08-27,15,119,27.774453781512605,0.16821443880363224,27.44,28.05,119,11.168235294117647,0.33293162900395074,10.74,11.88,119,849.344537815126,15.992814580829148,816,882
P1,2025-08-27,16,120,27.206833333333336,0.11799432640777782,27.03,27.43,120,10.806083333333333,0.06899392048887769,10.68,11.05,120,805.275,10.265355376625092,787,836
P1,2025-08-27,17,120,27.007083333333334,0.139695923277636,26.76,27.2,120,11.201166666666667,0.1902328662912041,10.94,11.56,120,813.075,17.41541985538948,784,841
P1,2025-08-27,18,120,26.460583333333332,0.15728951966739074,26.21,26.77,120,11.172666666666666,0.10596283900169418,11.01,11.4,120,744.1083333333333,23.15305153793359,706,785
P1,2025-08-27,19,119,26.071680672268908,0.09762709515302674,25.93,26.23,119,10.981848739495797,0.05635791172940253,10.83,11.13,119,674.8655462184873,15.464516174268136,653,703
P1,2025-08-27,20,120,25.943833333333334,0.18699832980575093,25.77,26.5,120,11.07325,0.23536191512740173,10.85,11.73,120,639.975,10.75429365103868,617,661
P1,2025-08-27,21,120,26.930416666666666,0.19751564487905027,26.51,27.2,120,12.155166666666666,0.26269445245406275,11.74,12.7,120,607.9916666666667,18.325945162704283,566,637
P1,2025-08-27,22,119,27.376638655462187,0.09494224212936014,27.2,27.54,119,11.92672268907563,0.1057027270922653,11.75,12.23,119,543.4285714285714,17.267865437147805,512,575
P1,2025-08-27,23,120,27.634416666666667,0.055576366316967836,27.54,27.72,120,11.93325,0.08792818402661702,11.76,12.23,120,496.65,10.255271241429648,477,518
P1,2025-08-28,0,120,27.78275,0.02904538610144322,27.73,27.84,120,12.20875,0.1552366721163152,11.97,12.65,120,467.34166666666664,6.739443451741091,455,479
P1,2025-08-28,1,120,27.87975,0.02430418230081148,27.84,27.92,120,12.582333333333334,0.19560607530104432,12.25,13.15,120,442.4,7.155417527999363,429,457
P1,2025-08-28,2,119,27.946806722689075,0.019826910881432805,27.91,27.98,119,12.787226890756303,0.14399225714675296,12.54,13.26,119,426.85714285714283,5.382466377965352,414,438
P1,2025-08-28,3,120,27.992666666666665,0.009233964827882081,27.97,28.01,120,12.8985,0.1651617490865981,12.55,13.3,120,418.3333333333333,3.1230596216787765,411,427
P1,2025-08-28,4,120,28.019416666666665,0.00928501397919571,28.0,28.04,120,12.990166666666665,0.13372481045031243,12.76,13.43,120,412.0416666666667,2.2205905541012374,410,417
P1,2025-08-28,5,119,28.0336974789916,0.011993327680211526,28.01,28.06,119,13.00890756302521,0.1467026851276817,12.76,13.43,119,412.93277310924367,3.5096262112936323,410,423
P1,2025-08-28,6,120,28.104,0.02873816892116372,28.06,28.15,120,13.157666666666668,0.212475340470661,12.76,13.76,120,411.7416666666667,2.437438500265597,410,420
P1,2025-08-28,7,120,27.792583333333333,0.580976425031663,26.66,28.3,120,13.04175,0.79800556273203,11.73,14.07,120,409.65,0.496204078374,409,411
P1,2025-08-28,8,116,26.579913793103447,0.35440947992438004,26.06,27.3,116,10.928017241379312,0.42349317499266664,10.35,11.75,116,427.0,21.06552922997968,409,478
P1,2025-08-28,9,117,26.47222222222222,0.10827894302179024,26.31,26.69,117,10.859743589743589,0.21324852563852117,10.39,11.27,117,572.4358974358975,30.41618914877745,495,613
P1,2025-08-28,10,120,26.288583333333335,0.03751292961040958,26.21,26.35,120,10.309750000000001,0.1319311158435756,10.08,10.54,120,633.6833333333333,10.724967597712629,610,658
P1,2025-08-28,11,120,26.648083333333332,0.25392149859943064,26.25,27.01,120,10.413166666666665,0.13712524688522312,10.12,10.65,120,780.9833333333333,44.780882650751735,660,821
P1,2025-08-28,12,120,26.861833333333333,0.048817673706420095,26.77,26.94,120,10.372583333333333,0.09759714689084195,10.22,10.64,120,847.0916666666667,21.578855131714576,815,889
P1,2025-08-28,13,119,26.720840336134454,0.09738600317009133,26.58,26.95,119,10.691680672268907,0.18952357452633237,10.43,11.13,119,848.8991596638656,27.974381427245227,802,888
P1,2025-08-28,14,120,26.885749999999998,0.05055428067055962,26.67,26.98,120,11.37425,0.09417186594803333,11.13,11.59,120,815.0916666666667,23.167637466308648,779,852
P1,2025-08-28,15,120,26.77808333333333,0.10607826374528884,26.58,26.97,120,11.590583333333333,0.12222238880389225,11.38,11.85,120,756.025,23.01240531364172,713,789
P1,2025-08-28,16,119,26.33378151260504,0.19249473511020818,25.96,26.6,119,11.43764705882353,0.13163705806054607,11.2,11.71,119,681.5126050420168,24.457803699439413,638,727
P1,2025-08-28,17,120,25.907,0.10367693843388884,25.6,26.01,120,11.363833333333334,0.18763088802234912,11.06,11.69,120,627.0666666666667,13.666331894512952,585,641
P1,2025-08-28,18,120,25.246,0.1880479109342098,24.92,25.62,120,11.499916666666667,0.09433086623650785,11.24,11.65,120,533.925,24.699594287825732,500,582
P1,2025-08-28,19,120,24.761666666666667,0.03881291765676712,24.71,24.91,120,11.55275,0.22511234356847284,11.16,11.9,120,471.4916666666667,10.452771602482668,457,499
P1,2025-08-28,20,119,25.04689075630252,0.24482351962441568,24.65,25.49,119,11.888319327731093,0.16510047956346724,11.62,12.31,119,457.2268907563025,5.627470417649857,441,469
P1,2025-08-28,21,120,26.264333333333333,0.34269013205904125,25.51,26.75,120,13.144666666666666,0.5269364979095067,12.26,13.91,120,459.1666666666667,4.321790271225587,449,467
P1,2025-08-28,22,120,27.07091666666667,0.16837830472301993,26.75,27.31,120,14.253083333333333,0.19317252198306814,13.92,14.59,120,439.225,6.01323819696554,428,450
P1,2025-08-28,23,119,27.43016806722689,0.0674471945777016,27.31,27.54,119,14.837563025210084,0.10239476935259169,14.61,15.0,119,424.0504201680672,3.505078009953716,417,433
P1,2025-08-29,0,120,27.657083333333333,0.05798284059893561,27.55,27.76,120,15.150333333333332,0.09064598544817677,14.95,15.3,120,413.8,3.4412231556123225,410,422
P1,2025-08-29,1,120,27.83875,0.04001181548182523,27.76,27.9,120,15.416666666666666,0.1095393972587973,15.21,15.77,120,410.0,0.0,410,410
P1,2025-08-29,2,119,27.954621848739496,0.03220142948628172,27.9,28.01,119,15.680504201680673,0.09495626771733628,15.47,15.89,119,410.0,0.0,410,410
P1,2025-08-29,3,111,28.04234234234234,0.02223653647634096,28.01,28.09,111,16.005855855855856,0.14216807254711167,15.75,16.33,111,410.0,0.0,410,410
P1,2025-08-29,4,106,28.112169811320754,0.022382166241863535,28.09,28.16,106,16.531603773584905,0.16800871174947843,16.25,16.9,106,410.0,0.0,410,410
P1,2025-08-29,5,60,28.185000000000002,0.015014117650180906,28.16,28.21,60,16.937,0.0894484038379244,16.76,17.13,60,410.03333333333336,0.25819888974716276,410,412
P1,2025-08-29,6,55,28.261090909090907,0.04552869373111793,28.2,28.35,55,17.119090909090907,0.1440713908330356,16.73,17.33,55,410.0181818181818,0.13483997249264865,410,411
P1,2025-08-29,7,54,27.63666666666667,0.5352728100063329,26.93,28.41,54,14.748703703703702,1.382337432928945,13.17,17.09,54,412.35185185185185,4.194144199064179,409,424
P1,2025-08-29,8,45,26.541777777777774,0.11722722474844381,26.43,26.89,45,12.844666666666667,0.20400089126364981,12.47,13.19,45,446.5111111111111,27.250206189563723,411,502
P1,2025-08-29,9,42,26.527619047619048,0.13094049148856277,26.42,26.8,42,12.725714285714286,0.19817635478487022,12.39,13.17,42,567.7142857142857,38.19161299468627,504,632
P1,2025-08-29,10,40,26.826749999999997,0.033846372376920834,26.79,26.91,40,12.13775,0.25198176063419275,11.78,12.62,40,662.3,15.531935669485033,636,691
P1,2025-08-29,11,35,27.17457142857143,0.11637522621808695,26.92,27.27,35,12.225714285714284,0.29395163381959616,11.86,12.78,35,702.4571428571429,15.995114800431656,682,737
P1,2025-08-29,12,23,27.25304347826087,0.03154142767978594,27.2,27.3,23,12.125652173913043,0.29655332322836253,11.63,12.56,23,731.7826086956521,15.594161266725633,706,756
P1,2025-08-29,13,29,27.354137931034483,0.061150706185579454,27.26,27.44,29,12.066896551724138,0.1834608453414496,11.78,12.54,29,764.0344827586207,10.189219648448812,744,779
P1,2025-08-29,14,24,27.334999999999997,0.039231752889496777,27.28,27.4,24,12.126666666666667,0.11570827886154665,11.99,12.41,24,758.9166666666666,15.30818668915899,733,783
P1,2025-08-29,15,20,27.165,0.15886107800610855,26.89,27.35,20,12.152,0.10050399311260678,11.99,12.39,20,744.6,28.610634754451553,694,780
P1,2025-08-29,16,16,26.600625,0.19549829496272902,26.31,26.87,16,12.408125,0.07458496273825417,12.3,12.55,16,664.75,21.650250191010112,638,696
P1,2025-08-29,17,47,25.539787234042556,0.3294955918534818,25.28,26.27,47,11.748936170212767,0.3020526447244152,11.51,12.52,47,599.1702127659574,13.711815198605311,580,638
P1,2025-08-29,18,120,25.041666666666668,0.14486930263495498,24.83,25.3,120,11.881416666666667,0.14281854170359634,11.51,12.12,120,566.5166666666667,20.30853748249418,524,600
P1,2025-08-29,19,119,24.805378151260506,0.0401013528654296,24.7,24.89,119,12.154705882352943,0.152403476145971,11.95,12.82,119,507.79831932773106,13.936040237111273,483,530
P1,2025-08-29,20,120,24.790583333333334,0.25684019107900746,24.44,25.4,120,12.424333333333333,0.3595368947847855,11.75,13.13,120,454.59166666666664,15.501962918989884,436,488
P1,2025-08-29,21,120,26.12933333333333,0.33971004277952316,25.42,26.64,120,13.924333333333333,0.6446896632526087,12.59,14.8,120,448.65833333333336,3.436081003274589,443,457
P1,2025-08-29,22,120,26.886000000000003,0.13226787182065478,26.65,27.1,120,15.26925,0.2551590787375318,14.81,15.71,120,435.7083333333333,4.362552320041335,428,444
P1,2025-08-29,23,119,27.294453781512605,0.10111830191088841,27.1,27.46,119,15.96798319327731,0.15511384464284883,15.64,16.25,119,424.01680672268907,3.9808507592488116,415,430
P1,2025-08-30,0,120,27.56975,0.06055017365302466,27.46,27.66,120,16.428083333333333,0.12191949288402228,16.21,16.66,120,414.25,2.453774317935777,410,421
P1,2025-08-30,1,120,27.758333333333333,0.04933734558595243,27.67,27.85,120,16.754666666666665,0.10215273893943484,16.56,16.95,120,410.55833333333334,1.1507822208775846,410,416
P1,2025-08-30,2,119,27.91016806722689,0.031244882788549228,27.85,27.96,119,17.04747899159664,0.08071941869776776,16.85,17.23,119,410.0,0.0,410,410
P1,2025-08-30,3,120,28.021166666666666,0.030491308400185744,27.96,28.07,120,17.357083333333332,0.1292603121275751,17.09,17.64,120,409.9916666666667,0.091287092917527,409,410
P1,2025-08-30,4,120,28.095166666666668,0.019184348195503863,28.07,28.13,120,17.58608333333333,0.06126531135438774,17.44,17.72,120,410.0,0.0,410,410
P1,2025-08-30,5,120,28.156083333333335,0.013859792117310915,28.13,28.18,120,17.825833333333332,0.09389412357851283,17.62,18.05,120,410.0,0.0,410,410
P1,2025-08-30,6,119,28.213949579831933,0.025816119238445238,28.17,28.26,119,18.118319327731093,0.20820182242372282,17.79,18.52,119,410.00840336134456,0.09166984970282142,410,411
P1,2025-08-30,7,120,28.356166666666663,0.05844171603973126,28.27,28.47,120,18.56608333333333,0.06573815940715967,18.34,18.74,120,410.0,0.0,410,410
P1,2025-08-30,8,120,28.60525,0.09824478518031114,28.47,28.8,120,18.578,0.0540245820176791,18.41,18.7,120,409.78333333333336,0.41370092988020596,409,410
P1,2025-08-30,9,120,29.036,0.14484648494761415,28.8,29.29,120,18.568416666666668,0.04627277242382866,18.49,18.68,120,409.0,0.0,409,409
P1,2025-08-30,10,119,29.504789915966388,0.12964651249662168,29.3,29.73,119,18.49,0.04228635232815012,18.36,18.58,119,409.0,0.0,409,409
P1,2025-08-30,11,120,29.984333333333332,0.14218424154391057,29.74,30.22,120,18.4495,0.033901736402320366,18.33,18.5,120,408.28333333333336,0.45250624831247394,408,409
P1,2025-08-30,12,120,30.443499999999997,0.1174208118640917,30.22,30.63,120,18.437250000000002,0.03914984143050472,18.34,18.52,120,408.0,0.0,408,408
P1,2025-08-30,13,119,30.818235294117645,0.11231498578508527,30.64,31.0,119,18.177899159663866,0.04210306059127204,18.1,18.33,119,408.0,0.0,408,408
P1,2025-08-30,14,120,31.188499999999998,0.07968055971589819,31.0,31.27,120,18.139083333333335,0.025470227580397364,18.08,18.22,120,408.0,0.0,408,408
P1,2025-08-30,15,120,31.263083333333334,0.01618152454791112,31.24,31.29,120,18.15491666666667,0.05835267786490487,18.07,18.3,120,408.0083333333333,0.09128709291752814,408,409
P1,2025-08-30,16,120,31.208416666666665,0.03191363959433789,31.14,31.25,120,18.272583333333333,0.042098241112448156,18.17,18.36,120,408.71666666666664,0.45250624831252634,408,409
P1,2025-08-30,17,119,31.01361344537815,0.09392325655967915,30.83,31.15,119,18.210504201680674,0.045077122979341105,18.12,18.37,119,409.0,0.0,409,409
P1,2025-08-30,18,120,30.63741666666667,0.0993888537900571,30.48,30.83,120,18.373916666666666,0.07735431776048016,18.2,18.62,120,409.0,0.0,409,409
P1,2025-08-30,19,120,30.343916666666665,0.08217930624768234,30.23,30.48,120,18.752,0.17493143915076742,18.32,19.03,120,409.0,0.0,409,409
P1,2025-08-30,20,119,30.128991596638656,0.06006204359933104,30.03,30.23,119,19.087394957983193,0.08439678466919538,18.89,19.25,119,409.0,0.0,409,409
P1,2025-08-30,21,120,29.98425,0.033119658281850914,29.92,30.03,120,19.17825,0.05557435022886945,19.03,19.3,120,409.0,0.0,409,409
P1,2025-08-30,22,120,29.863666666666667,0.036274706638873694,29.8,29.92,120,19.176750000000002,0.05701485137497492,19.07,19.35,120,409.0,0.0,409,409
P1,2025-08-30,23,120,29.749916666666664,0.026929594895445958,29.71,29.8,120,19.046916666666668,0.047488093745896125,18.93,19.14,120,409.0,0.0,409,409
P1,2025-08-31,0,119,29.671008403361345,0.01767862627837139,29.64,29.71,119,18.971596638655463,0.04443588398148393,18.87,19.06,119,409.0,0.0,409,409
P1,2025-08-31,1,120,29.616416666666666,0.021685135416664243,29.59,29.65,120,18.943833333333334,0.03353621730530171,18.86,19.05,120,409.0,0.0,409,409
P1,2025-08-31,2,120,29.56975,0.011984759229181975,29.55,29.59,120,19.013083333333334,0.03636407483183939,18.93,19.09,120,409.0083333333333,0.09128709291753058,409,410
P1,2025-08-31,3,119,29.529243697478993,0.01450655397559324,29.51,29.55,119,19.074453781512606,0.04157283742842445,18.99,19.22,119,409.01680672268907,0.1290902507386932,409,410
P1,2025-08-31,4,120,29.497166666666665,0.010626060665464959,29.48,29.52,120,19.132166666666667,0.040087788818103355,19.03,19.25,120,409.34166666666664,0.4762569981546867,409,410
P1,2025-08-31,5,120,29.46075,0.009628607585400852,29.44,29.48,120,19.195833333333333,0.03909874019190167,19.1,19.3,120,443.925,17.30505463633066,409,457
P1,2025-08-31,6,120,29.45025,0.008644471687515733,29.44,29.47,120,19.18525,0.04772051863883972,19.09,19.3,120,454.875,1.58014199978859,451,459
P1,2025-08-31,7,119,29.525126050420166,0.03461325175392038,29.47,29.59,119,19.28168067226891,0.043962991518696495,19.18,19.37,119,457.8235294117647,1.834911251830382,453,462
P1,2025-08-31,8,120,29.750666666666667,0.1062004868979774,29.6,29.96,120,19.299416666666666,0.047141764268800866,19.14,19.38,120,458.7083333333333,2.022544504951568,453,462
P1,2025-08-31,9,120,30.178083333333333,0.1281103504981581,29.96,30.4,120,19.283333333333335,0.031257492099092433,19.19,19.35,120,450.43333333333334,4.032917773809355,443,458
P1,2025-08-31,10,119,30.629327731092435,0.12378036242786948,30.4,30.83,119,19.26218487394958,0.03780322970386374,19.17,19.36,119,440.42857142857144,2.4271467121349866,435,447
P1,2025-08-31,11,120,31.077583333333333,0.1297120005289888,30.84,31.28,120,19.33625,0.04375375133976926,19.25,19.44,120,429.69166666666666,3.9167724522338028,420,438
P1,2025-08-31,12,120,31.440333333333335,0.08778251709835622,31.28,31.59,120,19.249916666666667,0.05959944494318014,19.09,19.36,120,420.475,3.3379974372003622,411,427
P1,2025-08-31,13,120,31.781166666666664,0.11542528838551823,31.6,32.01,120,19.03875,0.0504860826150583,18.92,19.12,120,411.98333333333335,2.165362675906172,410,417
P1,2025-08-31,14,119,31.991512605042015,0.011171896904485511,31.98,32.01,119,18.947731092436978,0.0366947318712319,18.88,19.02,119,410.0,0.0,410,410
P1,2025-08-31,15,120,31.809666666666665,0.11127174196634551,31.62,31.99,120,19.0535,0.12976157839241612,18.88,19.34,120,418.10833333333335,5.531872254875194,410,429
P1,2025-08-31,16,120,31.4055,0.09209832159347821,31.29,31.61,120,19.06475,0.17420147950630505,18.76,19.36,120,431.30833333333334,2.556244071582634,426,437
P1,2025-08-31,17,119,31.10512605042017,0.11541278566643645,30.9,31.29,119,18.66201680672269,0.06217225704161093,18.55,18.8,119,436.4621848739496,3.222773613231652,429,444
P1,2025-08-31,18,120,30.788999999999998,0.055327899567827354,30.68,30.89,120,18.529583333333335,0.04090151798735027,18.4,18.61,120,440.03333333333336,3.761667191023485,431,450
P1,2025-08-31,19,120,30.549083333333332,0.07248292564324563,30.45,30.68,120,18.430999999999997,0.04335509042253741,18.33,18.54,120,443.28333333333336,2.111128310903438,438,447
P1,2025-08-31,20,120,30.323916666666666,0.07306375520687887,30.23,30.45,120,18.308083333333332,0.03239192329390198,18.24,18.42,120,444.84166666666664,2.344296971656226,440,451
P1,2025-08-31,21,119,30.15747899159664,0.04423010876097976,30.09,30.24,119,18.25067226890756,0.032252475727782164,18.17,18.33,119,446.9159663865546,2.7233448773327233,439,452
P1,2025-08-31,22,120,30.047833333333337,0.0260956010116051,30.0,30.09,120,18.213,0.038818690811290225,18.1,18.3,120,452.4916666666667,2.278860961733517,447,458
P1,2025-08-31,23,120,29.95633333333333,0.018738955664172146,29.92,30.0,120,18.078666666666667,0.04579701897262223,17.98,18.2,120,455.0416666666667,2.1000033346645446,451,460
P1,2025-09-01,0,119,29.892268907563025,0.020684759590213965,29.87,29.93,119,17.980084033613448,0.048196205602095026,17.85,18.11,119,456.78991596638656,1.9522865758475056,452,462
P1,2025-09-01,1,120,29.844416666666667,0.014939420153065834,29.81,29.87,120,17.944000000000003,0.03614629471811445,17.85,18.02,120,456.43333333333334,3.2247293765246354,450,464
P1,2025-09-01,2,120,29.794500000000003,0.018600171680780934,29.76,29.82,120,17.8725,0.042391730603142774,17.76,17.97,120,458.7916666666667,2.3114469742665364,454,464
P1,2025-09-01,3,120,29.746916666666667,0.010984774285639622,29.73,29.77,120,17.82,0.031005556563543573,17.75,17.9,120,459.25,2.4640269015229075,452,464
P1,2025-09-01,4,119,29.706386554621847,0.013131092125242624,29.69,29.73,119,17.831092436974792,0.037252912887275946,17.73,17.92,119,461.2436974789916,2.336034545812834,454,467
P1,2025-09-01,5,120,29.66375,0.011231894861729087,29.65,29.69,120,17.785083333333333,0.03775186195716052,17.68,17.89,120,472.26666666666665,3.5068560300768397,462,478
P1,2025-09-01,6,120,28.90716666666667,0.8144454042639084,27.39,29.75,120,16.198166666666665,1.7051971882982886,13.0,17.85,120,449.375,25.457845367514953,417,480
P1,2025-09-01,7,120,26.516416666666665,0.41187783910006154,25.87,27.37,120,11.791333333333334,0.49860803442061996,11.1,12.91,120,424.8333333333333,7.909502139176385,412,440
P1,2025-09-01,8,119,25.94781512605042,0.21671335306432593,25.68,26.38,119,11.7590756302521,0.3803343569086936,11.19,12.54,119,495.3529411764706,42.97981162566739,435,582
P1,2025-09-01,9,120,26.474333333333334,0.16091510018573746,26.26,26.78,120,12.0245,0.2274441477289189,11.65,12.44,120,650.7333333333333,46.99789613266049,569,736
P1,2025-09-01,10,77,27.468181818181822,0.2959495301599822,26.79,27.78,77,12.152207792207793,0.27960321216730044,11.84,12.56,77,784.1038961038961,25.90599626564057,732,814
P1,2025-09-01,11,119,28.040756302521007,0.12370111370547164,27.8,28.32,119,12.356050420168065,0.18238169365927454,12.19,12.97,119,831.1932773109244,10.327909620746638,807,852
P1,2025-09-01,12,120,28.15533333333333,0.061328887915870246,28.06,28.3,120,12.300749999999999,0.20642276314122318,12.09,12.91,120,811.85,9.61847836460745,792,829
P1,2025-09-01,13,120,27.809,0.24929952286525342,27.3,28.24,120,12.183083333333334,0.3746837228341602,11.61,12.83,120,804.9916666666667,22.878008901924336,755,836
P1,2025-09-01,14,119,26.945966386554623,0.11580462307251776,26.78,27.28,119,11.680084033613445,0.12995759281148156,11.47,11.92,119,743.9831932773109,14.563701797810502,709,770
P1,2025-09-01,15,120,26.483999999999998,0.1250572977922167,26.31,26.78,120,11.907250000000001,0.16425007834181957,11.55,12.21,120,704.9083333333333,7.7913934777374605,688,725
P1,2025-09-01,16,120,26.35525,0.04763238958749786,26.28,26.44,120,12.218,0.19545508198977388,11.82,12.5,120,739.9333333333333,11.408925691500237,706,759
P1,2025-09-01,17,120,25.99625,0.3471348816388509,25.39,26.41,120,12.321416666666666,0.09823052832331755,12.11,12.48,120,713.95,40.59470719319014,644,763
P1,2025-09-01,18,119,25.15512605042017,0.10528303697627107,24.93,25.38,119,12.231680672268906,0.09857733200885868,12.04,12.45,119,627.5966386554621,14.39886961649194,600,652
P1,2025-09-01,19,120,24.788333333333334,0.10626851461688609,24.64,24.96,120,12.117583333333332,0.13423919347353655,11.88,12.35,120,582.375,12.622550515351792,571,613
P1,2025-09-01,20,120,24.629916666666666,0.05353858003179603,24.52,24.74,120,12.177999999999999,0.08050888567275584,11.99,12.32,120,555.6416666666667,18.728397452757623,520,581
P1,2025-09-01,21,119,24.933025210084036,0.4765688714022108,24.41,25.75,119,12.334957983193277,0.3783435662884064,11.8,13.13,119,504.52100840336135,6.570154319958099,493,521
P1,2025-09-01,22,120,26.261416666666666,0.26512180753217907,25.76,26.68,120,14.044333333333332,0.5854004351448568,13.15,15.15,120,496.15833333333336,6.513071321520701,483,508
P1,2025-09-01,23,120,26.940583333333333,0.1436750291651313,26.69,27.17,120,15.436333333333332,0.12828495941584772,15.17,15.71,120,485.4916666666667,2.256627338923902,480,492
P1,2025-09-02,0,120,27.365416666666665,0.1066124358815306,27.18,27.53,120,15.997000000000002,0.17262481783073005,15.67,16.3,120,481.175,2.417243725173487,475,488
P1,2025-09-02,1,119,27.63512605042017,0.0531206740407152,27.54,27.72,119,16.56453781512605,0.1582625361150251,16.31,16.97,119,476.47899159663865,2.086472733114566,471,481
P1,2025-09-02,2,120,27.822499999999998,0.06327544162315024,27.73,27.93,120,16.977083333333333,0.11462321052978963,16.78,17.28,120,474.0416666666667,2.3277494209959073,468,479
P1,2025-09-02,3,120,27.9925,0.03928456835609117,27.92,28.06,120,17.395833333333332,0.1151949996969639,17.11,17.63,120,472.2,2.2994336167811382,467,477
P1,2025-09-02,4,119,28.104453781512603,0.025334958730656255,28.05,28.15,119,17.67,0.06470270997389818,17.52,17.84,119,471.8151260504202,2.8343127183977628,463,479
P1,2025-09-02,5,120,28.190749999999998,0.021387285156997088,28.15,28.22,120,17.879583333333336,0.06932320883306937,17.76,18.05,120,463.2916666666667,2.3241365373526786,458,468
P1,2025-09-02,6,120,28.280666666666665,0.040329177738089465,28.22,28.36,120,18.076999999999998,0.12005320949164093,17.84,18.38,120,464.725,2.2378054225610553,459,470
P1,2025-09-02,7,120,28.325083333333335,0.2744467186915535,27.54,28.64,120,17.902416666666667,0.9300573722552189,15.24,18.64,120,461.25,6.706637875764456,447,482
P1,2025-09-02,8,119,27.007815126050417,0.18554162429367246,26.69,27.53,119,13.173781512605043,0.6652602289312746,12.38,15.11,119,513.8739495798319,41.72581094089611,457,588
P1,2025-09-02,9,120,26.822916666666668,0.12803883230110902,26.61,27.11,120,12.707583333333334,0.29445576013701963,12.03,13.2,120,675.0083333333333,47.737992169324976,583,750
P1,2025-09-02,10,120,26.892333333333333,0.2520728630601032,26.43,27.22,120,12.163666666666668,0.2000501337725333,11.88,12.5,120,765.8,12.801391731061837,737,792
P1,2025-09-02,11,119,26.39840336134454,0.06521130183419331,26.29,26.5,119,12.60655462184874,0.3128069664543254,12.29,13.37,119,814.1848739495798,13.733521026019178,789,843
P1,2025-09-02,12,120,26.245166666666666,0.049416483034695806,26.11,26.34,120,13.404333333333334,0.12771247468621194,13.15,13.67,120,824.1833333333333,21.585080177625112,783,866
P1,2025-09-02,13,120,25.79625,0.16853327975968369,25.54,26.11,120,13.047,0.14294971790367086,12.77,13.31,120,834.4333333333333,19.75468600225314,803,873
P1,2025-09-02,14,119,25.46344537815126,0.0653470134027607,25.37,25.59,119,12.545126050420167,0.12266024141546093,12.32,12.78,119,811.2016806722689,22.882374177494285,789,873
P1,2025-09-02,15,120,25.517833333333332,0.040917694254213995,25.46,25.59,120,12.878166666666667,0.15399434308792426,12.67,13.21,120,840.125,13.775854226285459,812,872
P1,2025-09-02,16,120,25.487583333333337,0.05591103126724698,25.41,25.62,120,12.636750000000001,0.08128342880513452,12.47,12.81,120,853.475,13.739449733944786,834,879
P1,2025-09-02,17,119,25.610840336134455,0.0993331991879017,25.37,25.72,119,12.935546218487394,0.12489790731845012,12.69,13.19,119,796.0588235294117,23.958754854904264,752,832
P1,2025-09-02,18,119,25.199411764705882,0.07815991991268545,25.08,25.4,119,12.851932773109244,0.1237909481023347,12.63,13.09,119,720.2352941176471,13.132767843311719,691,744
P1,2025-09-02,19,120,25.06775,0.13629221264214875,24.84,25.3,120,13.070500000000001,0.18817946913795333,12.73,13.33,120,665.6666666666666,25.982325386558315,626,705
P1,2025-09-02,20,119,24.913361344537815,0.2070833669466818,24.75,25.53,119,12.8918487394958,0.1250150254464672,12.68,13.35,119,599.7478991596639,15.846840292120879,573,624
P1,2025-09-02,21,118,26.11330508474576,0.2674285752867666,25.55,26.51,118,14.327796610169493,0.5056588079662824,13.36,15.13,118,564.5254237288135,10.026215095197268,542,581
P1,2025-09-02,22,85,26.722117647058823,0.134969962422396,26.51,26.98,85,15.58035294117647,0.23647433696876877,15.11,16.04,85,527.6117647058824,9.281438360470617,508,545
P1,2025-09-02,23,55,27.14090909090909,0.09502967815708546,26.99,27.29,55,16.31490909090909,0.14748349219956944,16.05,16.55,55,502.1272727272727,4.811462184218844,492,516
P1,2025-09-03,0,50,27.4056,0.06161632436758631,27.3,27.51,50,16.583,0.05421988489813591,16.47,16.7,50,488.8,4.218520874352354,480,498
P1,2025-09-03,1,100,27.6166,0.052285540809844794,27.52,27.7,100,16.7576,0.0942178863115176,16.58,16.93,100,481.3,2.949062511539828,475,488
P1,2025-09-03,2,83,27.709397590361448,0.018567569261191335,27.67,27.74,83,17.002048192771085,0.0653836526922183,16.84,17.09,83,478.27710843373495,2.0854504865858323,473,483
P1,2025-09-03,3,48,27.701666666666668,0.023368767421071305,27.67,27.74,48,17.026875,0.01925818422319316,16.98,17.06,48,473.7916666666667,2.45779985797134,467,478
P1,2025-09-03,4,41,27.761951219512195,0.020882949048820786,27.72,27.79,41,17.085365853658537,0.02460666179874903,17.03,17.13,41,463.2439024390244,19.483044535961152,421,478
P1,2025-09-03,5,40,27.834249999999997,0.022858258901323404,27.79,27.86,40,17.12725,0.022416511771459605,17.06,17.17,40,428.025,2.3478031193393365,422,434
P1,2025-09-03,6,35,27.883142857142857,0.03487552897102006,27.83,27.94,35,17.221714285714285,0.07023011396518702,17.07,17.36,35,433.1714285714286,4.375639209006495,426,445
P1,2025-09-03,7,37,28.041351351351352,0.0656659121006654,27.95,28.17,37,17.48918918918919,0.17756655056592066,17.07,17.84,37,437.5135135135135,2.467810788956514,433,443
P1,2025-09-03,8,34,27.034705882352938,0.41187844112963534,26.58,27.95,34,14.335588235294118,0.9132067746084311,13.33,16.61,34,448.47058823529414,24.771972547334947,425,508
P1,2025-09-03,9,29,26.816896551724138,0.1549908625941696,26.59,26.97,29,13.823793103448276,0.3314083992502248,13.28,14.29,29,581.8620689655172,38.01571492528826,508,622
P1,2025-09-03,10,34,26.35676470588235,0.2716138143966955,25.97,26.89,34,13.455882352941176,0.27927522698302204,12.99,13.9,34,610.7058823529412,7.902931607051883,596,630
P1,2025-09-03,11,26,26.26653846153846,0.1857728141078198,25.98,26.44,26,13.198461538461537,0.15462709484931297,12.8,13.37,26,667.4230769230769,24.713029886152093,615,699
P1,2025-09-03,12,26,26.549615384615382,0.05969795770247483,26.45,26.63,26,13.001923076923077,0.05993457971950614,12.92,13.1,26,688.8846153846154,14.92468270504112,666,719
P1,2025-09-03,13,33,26.69878787878788,0.030593869459171034,26.64,26.73,33,12.986666666666666,0.16024720486381963,12.69,13.24,33,696.4242424242424,15.070729708258806,672,728
P1,2025-09-03,14,30,26.461666666666666,0.1782304462038465,26.1,26.63,30,12.696666666666665,0.21398248934696967,12.22,12.99,30,702.4333333333333,14.875769080861886,672,724
P1,2025-09-03,15,32,25.7159375,0.1627556921357277,25.5,26.07,32,12.2409375,0.20996711532077908,11.94,12.63,32,714.75,13.013640486415609,692,734
P1,2025-09-03,16,31,25.381290322580647,0.10794263709594057,25.2,25.63,31,12.390645161290323,0.18804140472904665,12.1,12.85,31,710.4193548387096,13.891902182082859,691,737
P1,2025-09-03,17,31,25.62,0.21855586623713794,25.16,25.81,31,12.563548387096775,0.3770724809820758,12.06,13.17,31,701.7096774193549,20.113334794587,673,733
P1,2025-09-03,18,29,25.007241379310347,0.03926981317247298,24.97,25.13,29,12.507931034482759,0.08873633940519764,12.36,12.66,29,665.4827586206897,15.956683977155064,633,692
P1,2025-09-03,19,31,24.889032258064514,0.06144671614277837,24.81,24.97,31,12.571290322580644,0.07990585858720958,12.44,12.72,31,590.1935483870968,28.85067226812196,544,636
P1,2025-09-03,20,32,24.885,0.10175872792874906,24.77,25.03,32,13.0490625,0.3651456569732858,12.52,13.49,32,509.71875,20.019723137849038,473,539
P1,2025-09-03,21,27,25.11814814814815,0.3819286787732923,24.71,25.76,27,13.147407407407409,0.3622323159413742,12.67,13.87,27,453.6296296296296,7.966990302048481,445,478
P1,2025-09-03,22,28,26.16142857142857,0.20768056464487974,25.79,26.48,28,14.61,0.38459213604949255,13.89,15.16,28,441.67857142857144,4.181560681784946,434,452
P1,2025-09-03,23,27,26.702962962962964,0.12418394590949272,26.5,26.9,27,15.51,0.2003074559847352,15.16,15.84,27,428.4074074074074,4.361185964842978,422,436
P1,2025-09-04,0,33,27.03969696969697,0.0689422243841183,26.91,27.15,33,16.075757575757574,0.1195833993242341,15.78,16.26,33,419.1212121212121,3.1697552720752253,410,425
P1,2025-09-04,1,28,27.261428571428574,0.06035170289501359,27.15,27.35,28,16.44214285714286,0.11212946032607186,16.23,16.62,28,414.64285714285717,3.093772546815368,410,423
P1,2025-09-04,2,31,27.437096774193545,0.03883242188233044,27.36,27.49,31,16.83483870967742,0.11485849171166963,16.63,17.01,31,410.7741935483871,1.3344081689237242,410,414
P1,2025-09-04,3,41,27.539512195121954,0.023446878205017046,27.5,27.58,41,17.140975609756097,0.0962757726026857,16.98,17.31,41,410.2926829268293,0.7824289884399951,410,413
P1,2025-09-04,4,31,27.601612903225806,0.017906567546303348,27.57,27.63,31,17.391935483870967,0.06193649192728164,17.24,17.49,31,411.16129032258067,2.1923621080704723,410,416
P1,2025-09-04,5,25,27.6444,0.012274635093015178,27.63,27.66,25,17.5656,0.0835703296631031,17.42,17.71,25,415.36,2.177154105707723,410,420
P1,2025-09-04,6,27,27.685925925925925,0.02291443268054785,27.65,27.72,27,17.653333333333332,0.03125576869832327,17.58,17.69,27,419.6296296296296,2.884282981797791,411,424
P1,2025-09-04,7,20,27.5965,0.2888320400655392,26.86,27.8,20,17.2235,0.9195208992788192,14.97,18.0,20,416.9,5.169750070310364,410,425
P1,2025-09-04,8,27,26.057407407407407,0.25632900422027444,25.79,26.71,27,13.365925925925925,0.5361419104566896,12.63,14.66,27,436.3333333333333,26.063531846388194,410,482
P1,2025-09-04,9,61,26.44885245901639,0.257760213898211,25.82,26.62,61,13.145245901639344,0.1897507712533913,12.64,13.42,61,609.5409836065573,31.443904428093266,493,640
P1,2025-09-04,10,119,26.752016806722686,0.09917951394480046,26.59,26.92,119,13.178067226890757,0.13565457947953757,12.91,13.46,119,660.9495798319327,9.891657792794929,642,679
P1,2025-09-04,11,120,26.841166666666666,0.08605434410914668,26.66,26.97,120,13.016666666666667,0.17143650775280073,12.73,13.39,120,675.2333333333333,9.800302973650727,649,689
P1,2025-09-04,12,120,26.196166666666667,0.24020363676440967,25.81,26.66,120,12.897583333333333,0.10135216773588011,12.71,13.21,120,666.0583333333333,8.309451774667325,653,683
P1,2025-09-04,13,120,25.783166666666666,0.049160743601830224,25.7,25.87,120,13.07225,0.15252751508217433,12.82,13.41,120,710.725,18.582074356620083,680,748
P1,2025-09-04,14,119,26.41470588235294,0.32795158677797087,25.81,26.77,119,13.674117647058823,0.19379533046405223,13.11,13.95,119,715.2352941176471,12.215373671655932,694,742
P1,2025-09-04,15,120,26.768416666666667,0.029590931876165974,26.73,26.86,120,13.636500000000002,0.10310026122928105,13.23,13.82,120,726.45,13.607245968863174,700,752
P1,2025-09-04,16,120,26.7815,0.3171899995244491,26.15,27.09,120,13.772250000000001,0.1779314498348619,13.47,14.11,120,706.2333333333333,45.624468839239576,616,754
P1,2025-09-04,17,119,25.7609243697479,0.2091102685213823,25.42,26.15,119,13.566470588235294,0.16488613552066583,13.21,13.79,119,570.7731092436975,23.425481191732995,535,616
P1,2025-09-04,18,120,25.495749999999997,0.3077477481161894,25.18,26.14,120,13.500583333333333,0.4302262368172583,12.87,14.34,120,565.1333333333333,38.726998233233445,511,628
P1,2025-09-04,19,120,26.226666666666667,0.04865127725673608,26.13,26.31,120,13.838666666666667,0.13836338305457707,13.6,14.22,120,608.425,16.830176229997587,572,631
P1,2025-09-04,20,120,26.330083333333334,0.019030971366393555,26.28,26.37,120,13.881,0.08782526578909086,13.72,14.1,120,545.325,19.544890152989964,509,577
P1,2025-09-04,21,119,26.436050420168066,0.1416262596987651,26.29,26.71,119,14.1709243697479,0.4134148644688454,13.62,14.92,119,490.2352941176471,12.115059883140631,473,517
P1,2025-09-04,22,120,26.877333333333336,0.09969477227541841,26.71,27.03,120,15.447916666666666,0.27428408211757915,14.91,15.76,120,463.1166666666667,6.814694125374216,450,475
P1,2025-09-04,23,120,27.153000000000002,0.06290716115332289,27.04,27.26,120,15.907333333333334,0.13321325124822508,15.63,16.21,120,442.94166666666666,5.83857907390493,433,453
P1,2025-09-05,0,119,27.299999999999997,0.029687639384155255,27.26,27.36,119,16.283949579831933,0.11255295166181978,16.05,16.5,119,430.61344537815125,2.9317353098593184,423,437
P1,2025-09-05,1,120,27.405916666666666,0.030499919639873335,27.35,27.47,120,16.495833333333334,0.06375614431861323,16.33,16.64,120,425.775,2.9001955888838307,420,433
P1,2025-09-05,2,120,27.465,0.01782265577358159,27.44,27.5,120,16.783416666666668,0.1033025729041993,16.56,16.94,120,420.5833333333333,2.9265040185019964,411,427
P1,2025-09-05,3,120,27.48125,0.014642088522562836,27.45,27.51,120,17.018,0.06786788946304706,16.87,17.17,120,419.2416666666667,2.5634661190305312,412,426
P1,2025-09-05,4,119,27.522773109243698,0.04470097200148802,27.47,27.61,119,17.25403361344538,0.07029380626729845,17.12,17.42,119,419.327731092437,2.6905649450786515,413,427
P1,2025-09-05,5,120,27.584083333333336,0.03152952020341174,27.52,27.63,120,17.41508333333333,0.07094791358861038,17.29,17.55,120,422.55,3.654972438940064,415,431
P1,2025-09-05,6,120,27.582749999999997,0.030540302618567224,27.53,27.64,120,17.517,0.05913380355337384,17.4,17.63,120,427.4166666666667,4.249732237404602,415,439
P1,2025-09-05,7,119,27.275546218487396,0.46814943557820676,26.44,27.76,119,16.53058823529412,1.0338411953238045,14.56,17.53,119,421.33613445378154,10.412897243261247,409,436
P1,2025-09-05,8,120,25.905416666666667,0.19776012901353662,25.7,26.42,120,13.08,0.5230630535444009,12.49,14.51,120,429.96666666666664,21.715089178707363,410,480
P1,2025-09-05,9,118,26.582457627118643,0.2884202075755285,25.91,27.05,118,13.63228813559322,0.1552963035919237,13.04,14.03,118,538.4322033898305,29.49329311374574,479,581
P1,2025-09-05,10,120,27.0885,0.18639278126462613,26.76,27.51,120,13.865166666666665,0.21151308970095822,13.4,14.35,120,575.325,10.132037962685843,554,597
P1,2025-09-05,11,120,27.410166666666665,0.13616588581352995,27.17,27.68,120,13.556916666666666,0.44899663271619056,12.79,14.63,120,614.0166666666667,27.02379385233819,571,659
P1,2025-09-05,12,119,26.964285714285715,0.09097933671688252,26.85,27.22,119,12.734201680672268,0.15552260611917698,12.34,12.95,119,663.4285714285714,21.6390150738341,636,708
P1,2025-09-05,13,120,27.051916666666667,0.10531502030290102,26.83,27.23,120,13.1415,0.20517526838364902,12.64,13.51,120,728.5166666666667,11.11360989642755,706,747
P1,2025-09-05,14,120,27.21375,0.03220372388300246,27.13,27.29,120,13.42,0.18492333183095663,13.19,13.87,120,738.425,6.480303058583863,725,753
P1,2025-09-05,15,120,26.983,0.07534347121989508,26.86,27.13,120,13.171,0.10555495601579205,13.0,13.47,120,712.3583333333333,11.971110767059146,689,736
P1,2025-09-05,16,119,26.861932773109245,0.05330242006342065,26.76,26.98,119,13.150336134453783,0.09803953520339093,12.94,13.37,119,711.890756302521,5.364335958030243,700,724
P1,2025-09-05,17,120,26.559083333333334,0.1633164471348873,26.22,26.75,120,13.221666666666666,0.1453037001115475,12.94,13.47,120,672.0916666666667,20.360612756514314,630,703
P1,2025-09-05,18,120,25.788833333333333,0.21133104912655118,25.51,26.22,120,12.99625,0.08659829505181992,12.81,13.22,120,575.2,32.23589522840143,520,642
P1,2025-09-05,19,119,25.328319327731094,0.11933657946976185,25.18,25.56,119,12.765378151260503,0.0999982196109861,12.62,13.05,119,502.98319327731093,14.423370391326099,481,530
P1,2025-09-05,20,120,25.033583333333336,0.12183330555203886,24.87,25.26,120,12.644333333333332,0.17338805427983583,12.35,12.95,120,471.075,7.834595225851811,459,489
P1,2025-09-05,21,120,25.60216666666667,0.5103338556844034,24.9,26.29,120,13.825583333333332,0.7465132348484652,12.65,14.81,120,459.71666666666664,4.517349065218521,449,469
P1,2025-09-05,22,120,26.509999999999998,0.11847064664990146,26.3,26.7,120,14.877916666666666,0.16744192939610136,14.58,15.17,120,454.9,3.7132513103906,445,462
P1,2025-09-05,23,119,26.846134453781513,0.07442558840652184,26.71,26.96,119,15.410840336134454,0.10369920510240085,15.11,15.61,119,444.3193277310924,4.652196079034507,433,455
P1,2025-09-06,0,120,27.08175,0.06508769133272639,26.95,27.18,120,15.696083333333332,0.10906243554009969,15.54,15.94,120,434.825,4.172060933995864,424,445
P1,2025-09-06,1,120,27.214916666666667,0.026218084506353004,27.16,27.26,120,16.057833333333335,0.09317177894704456,15.86,16.28,120,427.31666666666666,3.5762600372933977,420,436
P1,2025-09-06,2,119,27.288487394957983,0.015218112283109302,27.25,27.31,119,16.23159663865546,0.04601000615704877,16.11,16.35,119,424.218487394958,3.680363983163719,414,433
P1,2025-09-06,3,120,27.3475,0.014681492379439337,27.31,27.37,120,16.367583333333332,0.08289910677903349,16.2,16.61,120,420.525,3.899929971360102,410,430
P1,2025-09-06,4,120,27.3875,0.010391496200131526,27.36,27.41,120,16.574,0.0813995230510638,16.39,16.8,120,421.85833333333335,3.539206181074632,415,433
P1,2025-09-06,5,120,27.409499999999998,0.012758256512695606,27.38,27.44,120,16.751583333333333,0.05659818320172952,16.63,16.94,120,421.6166666666667,3.1892238020220165,414,430
P1,2025-09-06,6,119,27.46201680672269,0.026024103297293114,27.43,27.53,119,16.89470588235294,0.11294834224526493,16.68,17.18,119,421.1848739495798,3.0669545059559895,413,428
P1,2025-09-06,7,120,27.65758333333333,0.07900639090555242,27.53,27.84,120,17.34625,0.06663663539278146,17.16,17.47,120,418.3666666666667,3.7121950591075503,410,426
P1,2025-09-06,8,120,28.04825,0.1229036823128244,27.85,28.27,120,17.29175,0.06000927799413852,17.12,17.4,120,411.775,2.2952728184084004,410,421
P1,2025-09-06,9,119,28.535882352941176,0.16201805593406265,28.27,28.8,119,17.414117647058823,0.057863248555536026,17.27,17.54,119,410.65546218487395,1.6592676288759838,410,418
P1,2025-09-06,10,120,29.092083333333335,0.16670759301432042,28.81,29.35,120,17.604833333333332,0.09090565183207547,17.38,17.84,120,409.84166666666664,0.36658389694772825,409,410
P1,2025-09-06,11,120,29.623,0.15391037444351327,29.35,29.87,120,17.82016666666667,0.09304361797532859,17.58,18.01,120,409.325,0.4703386943415771,409,410
P1,2025-09-06,12,120,30.098333333333336,0.11930705624340658,29.88,30.3,120,18.004916666666666,0.04539269984126851,17.88,18.12,120,409.0,0.0,409,409
P1,2025-09-06,13,119,30.484453781512606,0.09673217857141586,30.3,30.62,119,18.10798319327731,0.030548095780559358,18.05,18.2,119,409.0,0.0,409,409
P1,2025-09-06,14,120,30.71741666666667,0.04848105986121107,30.62,30.78,120,18.137249999999998,0.03183366697289393,18.07,18.28,120,408.98333333333335,0.12855586584927847,408,409
P1,2025-09-06,15,118,30.7778813559322,0.017919654248954447,30.73,30.81,118,18.09677966101695,0.04573953303144892,18.01,18.21,118,409.0,0.0,409,409
P1,2025-09-06,16,83,30.644819277108432,0.0621045822468602,30.51,30.73,83,18.007831325301208,0.034888260404840166,17.91,18.08,83,409.2289156626506,0.4226888726290055,409,410
P1,2025-09-06,17,75,30.249066666666664,0.09610204786373244,30.14,30.5,75,18.032,0.11167036433301777,17.85,18.34,75,409.8,0.40269363312841816,409,410
P1,2025-09-06,18,60,30.051,0.061249697335816575,29.96,30.14,60,18.252833333333335,0.07426684974974701,18.07,18.4,60,409.8333333333333,0.3758230140014134,409,410
P1,2025-09-06,19,45,29.968,0.04751076433054763,29.85,30.04,45,17.94511111111111,0.09731911477716124,17.76,18.14,45,409.8888888888889,0.317820863081863,409,410
P1,2025-09-06,20,47,29.718723404255318,0.09613434940741082,29.57,29.84,47,17.675744680851064,0.06955587934550414,17.56,17.81,47,410.0,0.0,410,410
P1,2025-09-06,21,39,29.41282051282051,0.06766592541957932,29.34,29.57,39,17.56153846153846,0.042645321921417984,17.46,17.64,39,410.0,0.0,410,410
P1,2025-09-06,22,37,29.287297297297293,0.03237357020855456,29.24,29.35,37,17.55918918918919,0.033942629569644264,17.48,17.63,37,410.8918918918919,1.6462716088817897,410,416
P1,2025-09-06,23,33,29.208484848484847,0.018894644102433408,29.18,29.25,33,17.552424242424244,0.03716771978396572,17.47,17.62,33,416.72727272727275,4.259348008151634,410,423
P1,2025-09-07,0,25,29.1596,0.016451950239004726,29.13,29.18,25,17.5224,0.029619813188697917,17.46,17.57,25,420.76,3.345145736735547,414,426
P1,2025-09-07,1,24,29.099999999999998,0.022650463091531164,29.06,29.13,24,17.406666666666666,0.04114308718592213,17.29,17.47,24,423.0,2.653955210788147,419,429
P1,2025-09-07,2,5,29.071999999999996,0.008366600265339905,29.06,29.08,5,17.39,0.04795831523312762,17.34,17.44,5,424.0,3.3166247903554,419,427
P1,2025-09-07,3,17,29.06529411764706,0.010073261052675156,29.04,29.08,17,17.493529411764705,0.05533321521367089,17.41,17.58,17,429.47058823529414,3.299955436419252,422,436
P1,2025-09-07,4,119,28.991932773109244,0.026273570883886207,28.95,29.04,119,17.60252100840336,0.050977204732746084,17.47,17.71,119,434.43697478991595,3.0825882132681093,427,441
P1,2025-09-07,5,120,28.948500000000003,0.011049924901829357,28.93,28.98,120,17.655250000000002,0.04599894956783935,17.54,17.77,120,438.175,4.111190917033938,428,448
P1,2025-09-07,6,120,28.949333333333335,0.01470913129376973,28.92,28.97,120,17.744000000000003,0.05925872626588893,17.6,17.86,120,439.575,2.6841035309216394,431,446
P1,2025-09-07,7,120,29.064583333333335,0.058149269428033466,28.97,29.16,120,18.0255,0.11044486057255727,17.7,18.19,120,444.69166666666666,3.3551561557000227,436,451
P1,2025-09-07,8,119,29.293529411764705,0.0856143128705388,29.16,29.48,119,18.219915966386555,0.08248775767739329,18.04,18.38,119,447.52100840336135,3.6309608839268526,435,458
P1,2025-09-07,9,120,29.65983333333333,0.12696842281511445,29.48,29.95,120,18.499916666666664,0.05726975580507022,18.31,18.63,120,445.375,8.37369079193828,434,471
P1,2025-09-07,10,120,30.175333333333334,0.11084801718192469,29.95,30.31,120,18.613333333333333,0.06314360494886377,18.42,18.73,120,462.0,3.5786481650304522,453,469
P1,2025-09-07,11,119,30.52268907563025,0.14856772397953688,30.3,30.76,119,18.84924369747899,0.08742221398521186,18.58,18.99,119,452.57142857142856,5.274774360298093,437,463
P1,2025-09-07,12,120,30.851,0.061280454613586506,30.76,31.0,120,18.99866666666667,0.08370549948633983,18.79,19.22,120,442.68333333333334,3.7281201096290313,433,450
P1,2025-09-07,13,120,31.124833333333335,0.04559565314186923,31.0,31.17,120,19.333000000000002,0.1508329812583937,18.95,19.6,120,435.8833333333333,3.60714355048943,424,444
P1,2025-09-07,14,120,31.051333333333332,0.07785931433766888,30.92,31.17,120,19.576999999999998,0.04963056797288205,19.43,19.7,120,443.51666666666665,6.276517973458572,430,457
P1,2025-09-07,15,119,30.791176470588237,0.07510643826459501,30.66,30.92,119,19.521428571428572,0.07257124744977553,19.35,19.66,119,453.47058823529414,4.490712693827632,442,462
P1,2025-09-07,16,120,30.561249999999998,0.056651114194657466,30.47,30.66,120,19.189416666666666,0.11416702958498365,18.93,19.45,120,454.65,3.700215755689855,446,467
P1,2025-09-07,17,120,30.384916666666665,0.045503639771929595,30.31,30.46,120,19.003666666666668,0.04027079207909537,18.88,19.1,120,456.85,3.296675177643498,447,463
P1,2025-09-07,18,119,30.208991596638654,0.04768176565777124,30.12,30.3,119,18.973781512605044,0.039034786672583255,18.87,19.06,119,454.9495798319328,3.509910278190301,445,463
P1,2025-09-07,19,120,30.068666666666665,0.033050339332177055,30.01,30.12,120,18.99725,0.05774418374436197,18.83,19.1,120,456.9916666666667,3.868632384526943,445,464
P1,2025-09-07,20,120,29.959833333333332,0.030402988943438305,29.9,30.01,120,18.8415,0.060330323214450365,18.71,19.01,120,459.375,4.672577788895304,450,468
P1,2025-09-07,21,120,29.870749999999997,0.02286836646711042,29.83,29.92,120,18.773000000000003,0.044146433185767345,18.65,18.91,120,460.3,5.070262618958731,448,469
P1,2025-09-07,22,119,29.791848739495798,0.02864056583082155,29.73,29.85,119,18.72168067226891,0.04096959037063162,18.54,18.8,119,459.5798319327731,3.805651012971499,450,470
P1,2025-09-07,23,120,29.725833333333334,0.024480598846595626,29.68,29.77,120,18.689166666666665,0.034240457993219224,18.59,18.79,120,460.4,3.699647950546539,451,467
P1,2025-09-08,0,120,29.664166666666667,0.012063092774363574,29.65,29.7,120,18.68275,0.041787025045878126,18.59,18.77,120,458.3333333333333,2.9854924662618973,450,467
P1,2025-09-08,1,119,29.627983193277313,0.02048479518531404,29.59,29.66,119,18.785462184873946,0.03854884419027677,18.68,18.88,119,457.109243697479,2.9250232969270415,451,466
P1,2025-09-08,2,120,29.57991666666667,0.017609004253858945,29.55,29.62,120,18.75025,0.03551452537490934,18.66,18.83,120,457.31666666666666,3.2149423543411353,449,465
P1,2025-09-08,3,120,29.54875,0.016579956513309357,29.52,29.58,120,18.713916666666666,0.033084964046202384,18.65,18.85,120,459.025,4.241575931956712,449,469
P1,2025-09-08,4,120,29.539333333333335,0.017762832186419306,29.51,29.57,120,18.75,0.046036156780214416,18.66,18.87,120,462.60833333333335,3.6834762384030073,453,470
P1,2025-09-08,5,119,29.51050420168067,0.012878094625343832,29.48,29.54,119,18.71941176470588,0.04032272601524083,18.62,18.81,119,465.2436974789916,4.5154469091178235,455,477
P1,2025-09-08,6,120,28.658333333333335,0.8145446047732879,27.29,29.79,120,16.71675,1.7545126271484996,13.44,18.84,120,444.6333333333333,20.04529884043241,412,476
P1,2025-09-08,7,120,26.543666666666663,0.3242494457685766,26.09,27.27,120,12.174666666666667,0.4223920146091799,11.7,13.4,120,416.7,4.961363325782527,410,429
P1,2025-09-08,8,120,26.185333333333332,0.2414971974134309,25.99,26.73,120,12.27525,0.3450099560127196,11.63,12.87,120,472.0833333333333,40.61493357290698,414,540
P1,2025-09-08,9,120,27.009999999999998,0.1416944279933797,26.74,27.31,120,12.749,0.15455221303695887,12.5,13.23,120,601.0916666666667,42.34869177055987,539,667
P1,2025-09-08,10,120,27.313666666666666,0.22334332516634126,27.06,27.86,120,12.965166666666667,0.26377983986948006,12.56,13.5,120,718.0916666666667,33.13506757321052,666,777
P1,2025-09-08,11,120,28.40225,0.25572261265255564,27.88,28.73,120,13.556166666666666,0.10323493100880335,13.34,13.81,120,798.925,10.145299445572494,773,819
P1,2025-09-08,12,119,28.78361344537815,0.15219151122476315,28.59,29.02,119,13.740588235294119,0.1439120147729602,13.45,14.04,119,801.6050420168067,17.943044772796053,768,839
P1,2025-09-08,13,120,28.695,0.13481390846632352,28.45,29.03,120,13.272666666666668,0.14721922904485107,12.86,13.62,120,823.95,9.217128738651365,800,853
P1,2025-09-08,14,120,28.03825,0.21424349023772557,27.76,28.45,120,12.414333333333333,0.2592482128276719,11.96,12.93,120,821.9666666666667,20.432275231810547,795,872
P1,2025-09-08,15,119,27.5981512605042,0.1537385320874324,27.35,27.89,119,12.942352941176472,0.12419712244785312,12.72,13.21,119,832.0504201680673,11.275328353665737,814,856
P1,2025-09-08,16,120,27.24816666666667,0.14956510250708488,27.02,27.51,120,13.028250000000002,0.09968574571702679,12.8,13.23,120,818.3166666666667,21.05294778990012,785,858
P1,2025-09-08,17,120,26.487416666666665,0.2760054068199376,26.16,27.0,120,12.854416666666667,0.21261791916915374,12.6,13.43,120,745.7583333333333,29.09445522655427,713,804
P1,2025-09-08,18,120,25.87458333333333,0.2291118982173577,25.53,26.27,120,12.742916666666668,0.2763215634773693,12.29,13.24,120,703.8083333333333,28.03667940674982,652,749
P1,2025-09-08,19,119,25.345966386554622,0.12615781969712397,25.08,25.56,119,12.285294117647059,0.10428792875375965,12.11,12.5,119,625.0756302521008,16.16187167371754,592,656
P1,2025-09-08,20,120,25.205333333333332,0.12327419280061887,25.02,25.41,120,12.540833333333333,0.33073278287685487,11.9,13.09,120,577.0833333333334,12.820403468613367,548,604
P1,2025-09-08,21,120,26.259,0.442155529881789,25.23,26.83,120,13.030666666666667,0.5496304844782417,11.88,13.95,120,550.95,9.877272103252253,530,568
P1,2025-09-08,22,119,27.08453781512605,0.1383727947884246,26.84,27.33,119,14.470336134453781,0.3287828936256596,13.8,14.96,119,518.6974789915967,11.009668033180125,500,547
P1,2025-09-08,23,120,27.52241666666667,0.104984959573716,27.33,27.68,120,15.361916666666668,0.3242737090412202,14.86,15.99,120,488.925,7.9548753614879395,475,502
P1,2025-09-09,0,120,27.782416666666666,0.06799648821052395,27.66,27.91,120,16.0585,0.11576308754078217,15.74,16.35,120,472.675,5.2694816609216515,459,489
P1,2025-09-09,1,120,27.948249999999998,0.028214737790227873,27.89,28.0,120,16.239916666666666,0.09753685649717168,15.96,16.45,120,464.64166666666665,3.3400946832383633,455,471
P1,2025-09-09,2,119,28.050672268907565,0.03394240117244408,28.0,28.11,119,16.24218487394958,0.08484442056768943,16.04,16.42,119,463.74789915966386,3.827240647358831,455,475
P1,2025-09-09,3,120,28.179333333333332,0.03518816964425846,28.11,28.24,120,16.33475,0.08669430985563331,16.16,16.61,120,461.475,3.514585455550856,451,469
P1,2025-09-09,4,120,28.248916666666666,0.017907128918576445,28.23,28.29,120,16.457666666666668,0.06656939682645101,16.32,16.62,120,461.475,3.266747412253071,453,468
P1,2025-09-09,5,119,28.300252100840336,0.015969366059079927,28.26,28.33,119,16.542521008403362,0.07607109172073531,16.32,16.7,119,462.2773109243698,2.9254128196236935,456,472
P1,2025-09-09,6,120,28.41283333333333,0.046961155650770865,28.34,28.5,120,16.7725,0.1292788660612487,16.47,17.03,120,460.55833333333334,2.776842512951844,453,467
P1,2025-09-09,7,120,28.233666666666668,0.42364947722358426,27.27,28.67,120,16.603583333333333,0.6516621228895866,14.91,17.42,120,457.65833333333336,5.576806461418848,445,474
P1,2025-09-09,8,120,26.4515,0.32739781265471535,26.05,27.23,120,13.55675,0.5506896554672667,12.81,14.96,120,472.68333333333334,23.342529200319888,439,521
P1,2025-09-09,9,119,26.20840336134454,0.09075935020493911,26.03,26.36,119,13.163193277310924,0.2172826510858529,12.73,13.54,119,578.6974789915967,24.70042702638081,521,621
P1,2025-09-09,10,120,26.126083333333334,0.08762310267988269,26.0,26.39,120,12.56625,0.11394427725571701,12.32,12.77,120,647.1666666666666,28.197184832763007,596,684
P1,2025-09-09,11,120,26.42075,0.22440645334420037,26.11,26.9,120,12.953083333333332,0.1391015337610515,12.6,13.15,120,719.3833333333333,15.562389121920665,679,742
P1,2025-09-09,12,119,27.03873949579832,0.1488632327706554,26.81,27.3,119,13.348487394957983,0.3463432182673227,12.86,14.0,119,762.6050420168067,22.493019062945194,725,805
P1,2025-09-09,13,120,27.034166666666668,0.08385244476458206,26.89,27.22,120,13.142,0.17037575872073046,12.88,13.47,120,775.7666666666667,7.650708028237174,761,796
P1,2025-09-09,14,120,26.7225,0.16892766091391836,26.5,27.09,120,12.95225,0.18634684611987304,12.66,13.3,120,754.5583333333333,19.799327648941535,718,791
P1,2025-09-09,15,120,26.671083333333335,0.04305157808199813,26.6,26.77,120,12.752749999999999,0.058208008632039517,12.62,12.86,120,777.6416666666667,9.94336553724554,759,801
P1,2025-09-09,16,119,26.5518487394958,0.12073199333441088,26.23,26.74,119,12.835210084033614,0.25134502162854044,12.56,13.5,119,773.2436974789916,12.767786786797856,745,800
P1,2025-09-09,17,120,26.192416666666666,0.2168839515948171,25.81,26.45,120,12.7745,0.16956122317133984,12.42,13.19,120,729.4166666666666,31.801269287425114,682,777
P1,2025-09-09,18,120,25.62408333333333,0.09560506854582793,25.45,25.81,120,12.540333333333333,0.10056924813017071,12.37,13.03,120,678.7916666666666,16.205557628147567,649,706
P1,2025-09-09,19,119,25.422016806722688,0.14942590608745066,25.2,25.71,119,12.873445378151262,0.17036071886893997,12.57,13.25,119,608.7478991596639,24.829663262969515,565,657
P1,2025-09-09,20,120,25.25408333333333,0.09859940028567431,25.12,25.47,120,12.959750000000001,0.14830392652202048,12.68,13.25,120,555.3416666666667,18.566933575821306,531,590
P1,2025-09-09,21,120,26.013333333333332,0.5005683044810014,25.07,26.59,120,13.367833333333333,0.38173021256126993,12.45,14.0,120,524.2833333333333,6.924785994124654,509,540
P1,2025-09-09,22,120,26.834833333333332,0.13335983630154846,26.6,27.05,120,14.411833333333334,0.20225195757207476,13.95,14.83,120,495.975,12.344129009711681,473,522
P1,2025-09-09,23,119,27.227647058823532,0.08436910313207382,27.05,27.35,119,15.059747899159664,0.1609793237848496,14.73,15.29,119,460.6470588235294,8.91921201514392,446,481
P1,2025-09-10,0,120,27.47891666666667,0.05822003803787947,27.35,27.56,120,15.294583333333332,0.11788682675162698,15.05,15.55,120,443.675,5.705905093951005,432,454
P1,2025-09-10,1,120,27.614166666666666,0.0393558070914698,27.55,27.68,120,15.622166666666667,0.060100522702646646,15.47,15.72,120,431.59166666666664,4.551287255961177,421,443
P1,2025-09-10,2,119,27.72344537815126,0.016335309306911534,27.67,27.75,119,15.739663865546218,0.037798143015754355,15.65,15.82,119,424.4621848739496,3.436567848261008,416,434
P1,2025-09-10,3,120,27.77675,0.02698155298867267,27.73,27.83,120,15.775416666666667,0.024899658575950934,15.72,15.85,120,420.6666666666667,3.408672412985378,412,428
P1,2025-09-10,4,120,27.89275,0.037906619009166205,27.83,27.96,120,15.787,0.026237441974106747,15.73,15.84,120,417.10833333333335,3.6686173828025255,410,425
P1,2025-09-10,5,120,27.963833333333334,0.021190743711524195,27.93,28.0,120,15.827583333333333,0.02439161701060733,15.71,15.89,120,415.5083333333333,3.0097763208252672,410,422
P1,2025-09-10,6,119,27.998823529411766,0.01563223910071873,27.96,28.03,119,15.865294117647059,0.017114941901482907,15.82,15.91,119,416.3697478991597,3.4293487700661367,410,428
P1,2025-09-10,7,120,28.01741666666667,0.10307454945377262,27.58,28.23,120,15.98525,0.19080529254678835,15.55,16.61,120,416.5083333333333,3.5574417995046317,410,423
P1,2025-09-10,8,120,26.879666666666665,0.25233342399045566,26.54,27.55,120,13.999083333333335,0.8023735753012666,12.96,15.6,120,444.10833333333335,25.061871617331022,410,502
P1,2025-09-10,9,120,26.776416666666666,0.06806812990029229,26.64,26.9,120,13.115916666666667,0.10321305234159815,12.88,13.38,120,592.3166666666667,47.7183584870088,499,666
P1,2025-09-10,10,119,26.76436974789916,0.04804021365379487,26.68,26.88,119,13.06436974789916,0.204614721273424,12.69,13.47,119,669.1008403361344,21.66908090077789,631,701
P1,2025-09-10,11,120,26.717333333333332,0.10516680095166944,26.54,26.98,120,12.661583333333335,0.08729353392105113,12.5,12.94,120,713.5333333333333,12.316507562755731,692,742
P1,2025-09-10,12,120,26.9055,0.08964777012885301,26.74,27.07,120,13.04375,0.37493318732539954,12.58,13.81,120,765.7,25.795446148822645,712,801
P1,2025-09-10,13,119,27.134453781512605,0.15913802493855078,26.77,27.36,119,12.862521008403363,0.12726069924315256,12.6,13.12,119,780.9579831932773,17.673304084238158,743,819
P1,2025-09-10,14,120,27.037416666666665,0.16166411820452065,26.67,27.26,120,12.659833333333333,0.1314430786050191,12.43,13.02,120,776.3916666666667,12.092984168783321,751,795
P1,2025-09-10,15,120,26.515666666666668,0.06902360250726372,26.41,26.67,120,12.3635,0.06219581439076943,12.26,12.53,120,803.9333333333333,11.461835344646586,780,828
P1,2025-09-10,16,120,26.24025,0.29302095746312234,25.68,26.53,120,12.267166666666666,0.0804314346898935,12.08,12.45,120,780.2916666666666,57.7471154408314,666,838
P1,2025-09-10,17,119,25.673193277310926,0.188017907428376,25.44,26.21,119,12.772436974789917,0.29374255529420734,12.1,13.02,119,604.2773109243698,29.065363034044616,556,663
P1,2025-09-10,18,120,26.634833333333333,0.15610265601739773,26.22,26.88,120,13.747833333333334,0.2960927158147308,13.06,14.19,120,551.9166666666666,21.306717027176884,509,587
P1,2025-09-10,19,120,26.99116666666667,0.07883802492242996,26.87,27.15,120,14.162583333333334,0.13122240939828583,13.81,14.41,120,494.375,14.459484108095667,469,524
P1,2025-09-10,20,119,27.165210084033614,0.049895632421470194,27.07,27.23,119,14.355462184873948,0.10201153058089578,14.04,14.61,119,461.70588235294116,8.466637358215682,441,476
P1,2025-09-10,21,120,27.233583333333335,0.038692839832991266,27.15,27.3,120,14.523666666666665,0.11412018825320616,14.24,14.87,120,445.55,4.7806507766976205,433,454
P1,2025-09-10,22,120,27.31683333333333,0.05471059586332428,27.24,27.45,120,14.672583333333334,0.1388820661256029,14.46,14.98,120,433.9166666666667,5.620465804036294,422,446
P1,2025-09-10,23,120,27.393250000000002,0.05182651247149408,27.32,27.5,120,14.612333333333334,0.14778324653079644,14.3,14.93,120,430.18333333333334,4.697546889463838,421,441
P1,2025-09-11,0,119,27.47873949579832,0.05681600726115356,27.38,27.59,119,14.609663865546219,0.14432738662739528,14.28,14.94,119,426.7310924369748,3.4950266820629765,414,435
P1,2025-09-11,1,120,27.519333333333336,0.06533344766468073,27.42,27.64,120,14.48075,0.18536886914220174,14.04,14.84,120,425.7,4.560701700396522,416,436
P1,2025-09-11,2,120,27.52733333333333,0.04328396239440562,27.47,27.61,120,14.476833333333333,0.16497508512343478,14.18,14.85,120,424.81666666666666,3.119424999087159,417,432
P1,2025-09-11,3,119,27.55142857142857,0.03764881690098096,27.49,27.62,119,14.61310924369748,0.09945400009134259,14.42,14.88,119,426.6218487394958,3.9316007794269496,417,437
P1,2025-09-11,4,120,27.578333333333333,0.04341190893677539,27.5,27.66,120,14.6435,0.11699780935965402,14.24,14.87,120,428.43333333333334,3.110657563312042,420,435
P1,2025-09-11,5,120,27.59775,0.05350665551942099,27.53,27.72,120,14.650833333333333,0.1381424385673471,14.36,14.96,120,426.7916666666667,3.3728920172789603,418,434
P1,2025-09-11,6,120,27.607333333333333,0.05968732722121485,27.51,27.75,120,14.729583333333332,0.10232093055251092,14.56,14.98,120,423.125,3.4067715563235064,414,432
P1,2025-09-11,7,119,27.658403361344536,0.08573691720406486,27.53,27.91,119,15.080420168067226,0.29002453127682926,14.43,15.57,119,431.25210084033614,6.268320251024752,421,454
P1,2025-09-11,8,120,26.706583333333334,0.26022774716035363,26.44,27.66,120,13.14875,0.544937838564326,12.35,14.57,120,441.0833333333333,21.61449223344846,410,494
P1,2025-09-11,9,120,26.86225,0.047446785760384094,26.73,26.98,120,12.872083333333334,0.3499553292821775,12.41,13.7,120,600.1166666666667,51.0096684414808,497,684
P1,2025-09-11,10,119,26.83075630252101,0.04057133629283135,26.76,26.93,119,12.434705882352942,0.13580159711381878,12.12,12.78,119,675.9747899159664,13.114529518415447,652,709
P1,2025-09-11,11,120,27.205166666666667,0.26693713524661067,26.85,27.51,120,12.748583333333332,0.37180526174472855,12.08,13.61,120,735.075,37.926989237283735,677,805
P1,2025-09-11,12,120,27.168416666666666,0.13412646630544345,27.0,27.51,120,12.44275,0.15033275416485214,12.18,12.85,120,759.7333333333333,13.818592598400087,731,792
P1,2025-09-11,13,120,27.005666666666666,0.048778927350869764,26.9,27.12,120,12.4335,0.15043717804391035,12.06,12.7,120,776.7083333333334,15.73808517355179,748,815
P1,2025-09-11,14,119,26.799747899159666,0.11141206295088484,26.55,27.0,119,11.968487394957982,0.12235429699160094,11.75,12.28,119,764.0504201680673,17.326793565045005,727,799
P1,2025-09-11,15,120,26.4545,0.07719722640552691,26.33,26.6,120,11.68875,0.10166316520580822,11.51,11.91,120,746.9083333333333,9.64233995915694,727,765
P1,2025-09-11,16,120,26.167166666666667,0.11642564138534975,26.01,26.44,120,11.786833333333334,0.06642090555448588,11.65,11.94,120,731.5083333333333,14.264603799917749,700,754
P1,2025-09-11,17,119,25.47781512605042,0.29428499867855074,24.96,26.02,119,11.837563025210084,0.09534919219263313,11.63,11.99,119,695.7647058823529,35.75474506434288,638,745
P1,2025-09-11,18,120,25.244000000000003,0.536067849712885,24.45,26.04,120,12.08,0.14990192872439717,11.73,12.42,120,635.6,34.194549666441816,571,683
P1,2025-09-11,19,120,24.989916666666666,0.47641253190929334,24.44,25.59,120,12.240583333333332,0.27359817138232784,11.77,12.59,120,542.2583333333333,10.584192933616748,526,574
P1,2025-09-11,20,120,25.645249999999997,0.0679466238858041,25.5,25.78,120,12.906,0.23018954557224325,12.24,13.25,120,516.5166666666667,14.556746873935342,491,548
P1,2025-09-11,21,119,25.789579831932773,0.16886658537910804,25.55,26.1,119,13.10873949579832,0.4473131739958603,12.36,14.28,119,484.98319327731093,7.022944470704479,466,499
P1,2025-09-11,22,120,26.26125,0.09137201178596915,26.1,26.41,120,14.71525,0.23078223756708074,14.29,15.05,120,454.94166666666666,5.852954196739596,442,467
P1,2025-09-11,23,120,26.536,0.05907408822115084,26.41,26.62,120,15.048916666666665,0.11122538124984674,14.87,15.32,120,450.825,3.7543532155654766,442,459
P1,2025-09-12,0,119,26.701344537815125,0.03773063247139002,26.62,26.75,119,15.25655462184874,0.12156770433356187,14.96,15.54,119,446.20168067226894,4.6002576050433355,436,457
P1,2025-09-12,1,120,26.80091666666667,0.03271973765929408,26.75,26.85,120,15.479666666666667,0.07756735574886686,15.29,15.65,120,440.875,3.4337976624365454,430,448
P1,2025-09-12,2,120,26.886000000000003,0.02034988076276173,26.85,26.91,120,15.693583333333333,0.08839175437164033,15.51,16.04,120,436.1166666666667,4.356359850661935,427,448
P1,2025-09-12,3,120,26.941916666666668,0.016917786042912476,26.91,26.97,120,15.80025,0.0709889623329528,15.65,15.97,120,432.325,3.983500635235855,423,443
P1,2025-09-12,4,119,26.988487394957986,0.010385669352625151,26.97,27.01,119,15.88126050420168,0.06289020054958772,15.73,16.02,119,429.7563025210084,3.5913417221607444,421,438
P1,2025-09-12,5,120,27.026083333333336,0.013737994504192988,27.0,27.05,120,15.876166666666668,0.05379986775363044,15.75,16.0,120,428.21666666666664,3.524663005128286,417,438
P1,2025-09-12,6,120,27.091,0.030359194196634087,27.05,27.15,120,15.860583333333333,0.08452830895034917,15.69,16.11,120,428.475,3.7190459154208244,418,436
P1,2025-09-12,7,120,26.687416666666664,0.643670535058959,25.59,27.47,120,15.240833333333335,1.0958114167430555,13.22,16.46,120,421.95,10.482358128435237,409,438
P1,2025-09-12,8,119,25.40109243697479,0.14104206558452242,25.23,25.63,119,12.87764705882353,0.45106222255267453,12.26,13.64,119,426.69747899159665,22.047158478599663,409,478
P1,2025-09-12,9,120,25.502916666666668,0.13136258010171953,25.27,25.8,120,12.369416666666666,0.19806329449812538,12.07,12.76,120,565.2166666666667,53.391873509577714,476,636
P1,2025-09-12,10,120,25.931583333333332,0.12534319832741983,25.7,26.18,120,12.301083333333334,0.18111603520197533,12.04,12.71,120,662.8833333333333,15.432250054243351,625,693
P1,2025-09-12,11,119,26.160336134453782,0.0834218681762487,26.03,26.32,119,12.521260504201681,0.15152644017111216,12.24,12.86,119,688.4873949579832,9.253369103543598,667,710
P1,2025-09-12,12,120,26.343583333333335,0.23731975321516693,26.07,26.78,120,12.65275,0.43600933322059,12.23,13.45,120,734.7916666666666,25.899254015191374,688,778
P1,2025-09-12,13,120,26.678416666666667,0.10249817242341584,26.49,26.84,120,13.074000000000002,0.1678254395235145,12.72,13.28,120,794.5083333333333,12.129549884152896,771,820
P1,2025-09-12,14,120,27.1205,0.1217922877054905,26.84,27.27,120,13.061166666666667,0.08640517543374679,12.88,13.27,120,839.5083333333333,17.235392467286555,801,868
P1,2025-09-12,15,119,27.021596638655463,0.13896703177663774,26.71,27.22,119,12.930504201680673,0.15659430872343053,12.68,13.26,119,807.8571428571429,7.058215209034577,795,825
P1,2025-09-12,16,120,26.489166666666666,0.12415484593969277,26.26,26.73,120,12.814916666666667,0.18257263241363048,12.43,13.21,120,784.9416666666667,10.190039487750148,769,805
P1,2025-09-12,17,120,25.95491666666667,0.12914714318883333,25.76,26.26,120,13.00375,0.25940158186153905,12.48,13.43,120,752.6333333333333,14.170589339928599,730,777
P1,2025-09-12,18,119,25.663781512605045,0.0788690353691851,25.55,25.81,119,12.889159663865545,0.18430621089956917,12.57,13.29,119,703.2268907563025,16.9252779436856,674,733
P1,2025-09-12,19,120,25.45358333333333,0.09981323596010828,25.29,25.61,120,12.86725,0.17985971424063368,12.6,13.29,120,655.2166666666667,14.443854401508956,627,682
P1,2025-09-12,20,120,25.276666666666664,0.08477685324390914,25.09,25.41,120,13.000166666666667,0.14454206641523243,12.61,13.29,120,607.2583333333333,21.99407706111607,564,637
P1,2025-09-12,21,120,26.11733333333333,0.4373290462316366,25.07,26.56,120,13.406,0.6677799667806849,12.28,14.41,120,560.45,15.794824170855362,533,587
P1,2025-09-12,22,119,26.710420168067227,0.09722762875433734,26.56,26.86,119,14.730336134453783,0.2005878343181754,14.36,15.09,119,520.9495798319327,9.39604022212881,502,539
P1,2025-09-12,23,120,27.032249999999998,0.08907991407965178,26.87,27.17,120,15.428833333333333,0.2222693624136856,15.02,15.87,120,488.925,8.566264200510096,474,509
P1,2025-09-13,0,120,27.258333333333333,0.05342603987471424,27.17,27.34,120,16.072,0.15414497159787022,15.73,16.39,120,469.7583333333333,4.3579268707316485,460,480
P1,2025-09-13,1,119,27.396806722689078,0.03167453056678355,27.34,27.45,119,16.541680672268907,0.13139614915629783,16.25,16.81,119,460.9495798319328,2.193398181971188,456,469
P1,2025-09-13,2,120,27.495416666666664,0.03615782011103358,27.44,27.55,120,16.89675,0.1061168097472095,16.69,17.14,120,455.68333333333334,3.0595856624337614,448,461
P1,2025-09-13,3,120,27.567083333333336,0.01692275248949232,27.54,27.6,120,17.204250000000002,0.1034908553586131,16.96,17.43,120,451.8666666666667,2.8928580074003625,442,458
P1,2025-09-13,4,120,27.592916666666667,0.0057094692586696204,27.58,27.6,120,17.363166666666665,0.05230780479600532,17.24,17.49,120,450.7916666666667,3.0730485598149175,443,457
P1,2025-09-13,5,119,27.616470588235295,0.011831316909816286,27.6,27.65,119,17.373361344537813,0.05625723774037354,17.23,17.5,119,448.93277310924367,2.7113418169025576,442,454
P1,2025-09-13,6,120,27.65925,0.014847261581543616,27.64,27.68,120,17.391166666666667,0.049725014135869564,17.27,17.51,120,449.80833333333334,2.6923353186011387,442,457
P1,2025-09-13,7,120,27.776416666666666,0.07085072286132418,27.68,27.91,120,17.391583333333333,0.09043309271335986,17.12,17.61,120,451.7916666666667,2.530140439631302,445,459
P1,2025-09-13,8,119,28.04672268907563,0.08348458950149736,27.91,28.2,119,17.515714285714285,0.07489621552036949,17.35,17.69,119,450.4117647058824,2.7721733647999818,444,455
P1,2025-09-13,9,120,28.438333333333333,0.13462886010060987,28.21,28.67,120,17.66466666666667,0.0839360834590377,17.48,17.9,120,417.9583333333333,13.764157468306047,410,451
P1,2025-09-13,10,120,28.885083333333334,0.12878877132361666,28.68,29.09,120,17.868583333333333,0.07902021689334855,17.74,18.07,120,410.01666666666665,0.12855586584927647,410,411
P1,2025-09-13,11,120,29.133249999999997,0.026950390153233274,29.09,29.2,120,18.088083333333334,0.07784163878215404,17.89,18.27,120,410.35833333333335,0.8381234875554825,410,413
P1,2025-09-13,12,119,29.237983193277312,0.05338665852402047,29.19,29.34,119,18.24932773109244,0.06279818485497347,18.12,18.39,119,413.0420168067227,2.5224247077950257,410,420
P1,2025-09-13,13,120,29.456666666666667,0.07281071734452449,29.34,29.56,120,18.428749999999997,0.09842936724440748,18.22,18.62,120,410.56666666666666,1.0747939676185336,410,415
P1,2025-09-13,14,120,29.499833333333335,0.037009726937057154,29.43,29.56,120,18.583583333333333,0.06724838985712146,18.43,18.74,120,410.5083333333333,1.1881475825296919,410,416
P1,2025-09-13,15,119,29.346134453781513,0.06010032916373289,29.26,29.43,119,18.600336134453784,0.09777987014344854,18.3,18.81,119,417.70588235294116,4.180975762310107,410,428
P1,2025-09-13,16,120,29.235583333333334,0.030370148803979206,29.17,29.27,120,18.739250000000002,0.06967104579270199,18.54,18.91,120,428.46666666666664,3.7504808281841027,419,437
P1,2025-09-13,17,120,29.094916666666666,0.04862816960931288,29.02,29.18,120,18.638250000000003,0.10438022366538967,18.39,18.87,120,433.05,2.117752098235255,429,439
P1,2025-09-13,18,120,28.994416666666666,0.017765788732838704,28.96,29.02,120,18.615083333333335,0.06428659352028769,18.41,18.76,120,428.8333333333333,4.175424968726873,420,440
P1,2025-09-13,19,119,28.960336134453783,0.016464279419258408,28.92,29.0,119,18.660336134453782,0.033872462019109956,18.59,18.78,119,423.218487394958,2.8999113483397227,417,429
P1,2025-09-13,20,120,28.91166666666667,0.03789266870697447,28.85,28.99,120,18.607000000000003,0.03458274694922978,18.53,18.68,120,419.51666666666665,2.9074905675788734,410,425
P1,2025-09-13,21,120,28.81341666666667,0.030774207069045965,28.76,28.87,120,18.530666666666665,0.04059915413560965,18.46,18.63,120,414.25,2.4708383226765234,410,420
P1,2025-09-13,22,119,28.712857142857143,0.02013273147174365,28.67,28.76,119,18.468151260504204,0.03316538900810133,18.41,18.55,119,413.8235294117647,2.1926188150691917,410,420
P1,2025-09-13,23,120,28.669583333333332,0.028057439084050152,28.62,28.72,120,18.33791666666667,0.05644802522517041,18.22,18.45,120,412.59166666666664,2.288061207580732,410,420
P1,2025-09-14,0,120,28.595833333333335,0.02522448234956902,28.54,28.64,120,18.262166666666666,0.03336035319456337,18.19,18.34,120,411.96666666666664,1.9785969620858472,410,417
P1,2025-09-14,1,120,28.513250000000003,0.0245689733969805,28.46,28.55,120,18.221999999999998,0.02871476649959298,18.15,18.28,120,412.625,2.070450363056852,410,417
P1,2025-09-14,2,119,28.48495798319328,0.012064371806457828,28.46,28.51,119,18.22294117647059,0.03886859525258577,18.15,18.3,119,413.30252100840335,2.245728985296837,410,421
P1,2025-09-14,3,120,28.449,0.019463389463600194,28.41,28.48,120,18.147166666666667,0.06449784483837617,18.01,18.28,120,413.975,2.3243775709718415,410,419
P1,2025-09-14,4,120,28.412583333333334,0.011264268884458672,28.39,28.43,120,18.017833333333332,0.05291793763223528,17.89,18.14,120,416.01666666666665,3.1032196165910393,410,423
P1,2025-09-14,5,120,28.395916666666665,0.01590390435300375,28.38,28.44,120,17.924416666666666,0.03953077374437658,17.82,18.03,120,418.6,3.262725570939122,412,427
P1,2025-09-14,6,119,28.408991596638657,0.024920040195819854,28.37,28.47,119,17.996050420168068,0.05802130653935246,17.86,18.16,119,421.0924369747899,2.1784444638344915,416,426
P1,2025-09-14,7,120,28.500083333333336,0.06585565873267005,28.41,28.65,120,18.308249999999997,0.18278730119729708,17.96,18.73,120,428.8333333333333,6.52510772419315,417,445
P1,2025-09-14,8,120,28.811333333333334,0.0858955133617947,28.65,28.95,120,18.675583333333336,0.08487059683590667,18.48,18.86,120,451.3,4.090571244856135,444,460
P1,2025-09-14,9,119,29.186050420168066,0.12215729292974223,28.96,29.38,119,18.92252100840336,0.0629530156706182,18.76,19.08,119,459.6218487394958,3.833376165260068,452,467
P1,2025-09-14,10,120,29.621083333333335,0.15476626906149593,29.38,29.87,120,18.936416666666666,0.0662157897508202,18.78,19.1,120,442.34166666666664,7.9910620588962145,427,455
P1,2025-09-14,11,120,30.043166666666664,0.0958288331667812,29.87,30.25,120,18.948833333333333,0.06182359470901885,18.79,19.07,120,419.98333333333335,6.015363150927369,410,432
P1,2025-09-14,12,120,30.432166666666667,0.09327994671624017,30.25,30.58,120,18.963083333333334,0.05416743158262298,18.81,19.07,120,409.8,0.4016771562027661,409,410
P1,2025-09-14,13,119,30.704537815126052,0.08569504365510547,30.58,30.86,119,19.051344537815126,0.05470915967290071,18.96,19.19,119,409.06722689075633,0.2514733681008603,409,410
P1,2025-09-14,14,120,30.962833333333332,0.045838285956000716,30.86,31.02,120,19.091833333333334,0.053136629555893516,18.93,19.17,120,409.0,0.0,409,409
P1,2025-09-14,15,120,31.066,0.017604430305652684,31.02,31.09,120,19.0455,0.08478197445965512,18.9,19.23,120,409.0,0.0,409,409
P1,2025-09-14,16,119,30.958151260504202,0.08075875758309109,30.79,31.08,119,18.817394957983193,0.0871046729065652,18.64,19.0,119,409.00840336134456,0.09166984970282191,409,410
P1,2025-09-14,17,120,30.6265,0.0898238238316013,30.47,30.79,120,18.849749999999997,0.1027476512234378,18.58,19.05,120,409.2916666666667,0.4564354645876446,409,410
P1,2025-09-14,18,120,30.3585,0.05968615396211944,30.26,30.47,120,18.556416666666667,0.07716397288556195,18.38,18.72,120,409.2416666666667,0.42988826637698424,409,410
P1,2025-09-14,19,120,30.232416666666666,0.04821164532660399,30.12,30.32,120,18.40675,0.04873461834476989,18.2,18.49,120,409.80833333333334,0.3952625620991838,409,410
P1,2025-09-14,20,119,30.072773109243695,0.051747830049453304,29.96,30.19,119,18.278823529411763,0.04956038040695068,18.16,18.39,119,410.0,0.0,410,410
P1,2025-09-14,21,120,29.880916666666668,0.054772191823943786,29.79,29.97,120,18.28308333333333,0.047893366031258176,18.17,18.38,120,410.0,0.0,410,410
P1,2025-09-14,22,120,29.743916666666667,0.030466839207843842,29.71,29.81,120,18.302833333333336,0.04703267831127324,18.15,18.4,120,410.0,0.0,410,410
P1,2025-09-14,23,119,29.649831932773107,0.029052354648798576,29.6,29.71,119,18.213025210084034,0.04805636912317516,18.09,18.33,119,410.05882352941177,0.3749376817611023,410,413
P1,2025-09-15,0,120,29.58308333333333,0.014712701500209573,29.56,29.61,120,18.278416666666665,0.055336948516778714,18.17,18.4,120,410.0,0.0,410,410
P1,2025-09-15,1,120,29.55875,0.015641063171757345,29.53,29.59,120,18.372833333333332,0.04296145102891413,18.27,18.49,120,410.175,0.5892952634825893,410,413
P1,2025-09-15,2,120,29.531833333333335,0.016802527487613468,29.5,29.56,120,18.488333333333333,0.04640583369103869,18.34,18.6,120,411.875,2.1792084755323127,410,417
P1,2025-09-15,3,119,29.483697478991598,0.011993327680211134,29.47,29.51,119,18.552268907563022,0.044387297289438375,18.43,18.67,119,413.47899159663865,2.321048636094293,410,419
P1,2025-09-15,4,120,29.482666666666667,0.02354089355711712,29.46,29.53,120,18.647,0.03494533546252142,18.55,18.72,120,416.0,2.967612287526091,410,423
P1,2025-09-15,5,120,29.504416666666668,0.02347162897940453,29.45,29.54,120,18.7125,0.059143039824342734,18.55,18.84,120,418.43333333333334,2.5527488342263793,412,426
P1,2025-09-15,6,119,29.505378151260505,0.08285979495678836,29.42,29.66,119,18.77126050420168,0.19001585403011667,18.47,19.23,119,426.3613445378151,8.66879372332598,417,445
P1,2025-09-15,7,120,28.793416666666666,0.8248498675041224,27.69,29.95,120,16.784583333333334,1.9430422718788463,13.9,19.51,120,422.53333333333336,16.484743816980796,409,452
P1,2025-09-15,8,120,27.159666666666666,0.20911149908032337,26.91,27.67,120,13.217833333333335,0.2500896757932576,12.77,13.92,120,473.71666666666664,41.10003850686891,422,575
P1,2025-09-15,9,120,27.15,0.0656576299431193,27.03,27.32,120,13.12075,0.15574792443685023,12.83,13.46,120,678.8083333333333,57.94249479510899,574,758
P1,2025-09-15,10,119,27.346554621848743,0.10669485218460521,27.12,27.49,119,13.047899159663865,0.14654711713869228,12.82,13.34,119,776.9579831932773,10.724907615249933,752,798
P1,2025-09-15,11,120,27.202833333333334,0.09834926044873121,26.99,27.34,120,13.022,0.20843796812150564,12.73,13.41,120,833.9916666666667,15.840855503451518,794,855
P1,2025-09-15,12,120,26.74975,0.201563062259006,26.38,27.12,120,12.903083333333333,0.1460217310484135,12.5,13.27,120,763.1666666666666,40.05192707904446,696,828
P1,2025-09-15,13,119,26.149159663865547,0.12344339148605867,25.94,26.4,119,12.534621848739494,0.09386060631006057,12.36,12.77,119,709.4033613445379,11.630846864055147,686,729
P1,2025-09-15,14,120,25.936416666666666,0.1895540801452731,25.77,26.45,120,12.267750000000001,0.19009711140547744,12.05,12.59,120,713.3,10.252771709693745,694,741
P1,2025-09-15,15,120,26.467916666666667,0.02615068915760014,26.43,26.53,120,12.702166666666667,0.21037055475546862,12.38,13.09,120,743.1583333333333,16.95916788495672,716,766
P1,2025-09-15,16,120,26.482666666666667,0.07612167762156262,26.39,26.63,120,13.092166666666666,0.15456734592329052,12.88,13.55,120,751.5916666666667,7.714981424174072,738,769
P1,2025-09-15,17,119,26.451848739495798,0.26705857412018424,25.94,26.71,119,13.182436974789915,0.21107861169762196,12.67,13.55,119,730.8571428571429,34.80022543134787,684,787
P1,2025-09-15,18,120,25.777583333333332,0.11033178255106968,25.58,25.98,120,12.9185,0.09204173331847328,12.77,13.17,120,682.7083333333334,11.39246089596565,659,705
P1,2025-09-15,19,120,25.81608333333333,0.11068386226974164,25.57,25.93,120,13.645333333333333,0.2802487890312874,12.97,14.0,120,633.0166666666667,18.6055848366787,595,659
P1,2025-09-15,20,119,25.798487394957984,0.04179527699094004,25.7,25.87,119,13.613361344537815,0.11514381067673524,13.4,13.82,119,553.5798319327731,24.994743785857672,515,597
P1,2025-09-15,21,120,26.287583333333334,0.3869987858173294,25.7,26.86,120,13.822583333333334,0.5097544240407632,13.07,14.88,120,498.4166666666667,5.234955769131352,489,516
P1,2025-09-15,22,120,27.20675,0.1832074752612348,26.86,27.49,120,15.595333333333334,0.33388704710439115,14.87,16.12,120,480.09166666666664,3.4348579737333953,473,489
P1,2025-09-15,23,120,27.703416666666666,0.11347450632382312,27.49,27.87,120,16.49475,0.1948581147243975,16.13,16.78,120,466.2583333333333,4.114936582893083,459,475
P1,2025-09-16,0,119,27.99058823529412,0.06335659260503536,27.87,28.1,119,16.969915966386555,0.10727357548414072,16.77,17.21,119,453.7647058823529,2.6607819748799875,448,459
P1,2025-09-16,1,120,28.190583333333333,0.051077397743266695,28.1,28.27,120,17.36325,0.12408429298144913,17.17,17.56,120,444.225,2.769772311122731,439,451
P1,2025-09-16,2,120,28.341,0.03937324092375866,28.27,28.4,120,17.767666666666667,0.10847865710645248,17.57,17.99,120,437.68333333333334,2.445999420536753,433,443
P1,2025-09-16,3,120,28.451166666666666,0.02701332796890074,28.4,28.49,120,18.127416666666665,0.090074626701143,17.96,18.3,120,434.8666666666667,1.5170367695688765,432,439
P1,2025-09-16,4,119,28.519411764705882,0.017721676741218318,28.48,28.56,119,18.390840336134456,0.07513355151061853,18.25,18.54,119,436.0,1.9915073926338722,430,440
P1,2025-09-16,5,120,28.562749999999998,0.013532562658304027,28.54,28.59,120,18.56208333333333,0.0260218341848098,18.48,18.62,120,439.1666666666667,1.5682422496226132,436,442
P1,2025-09-16,6,120,28.615833333333335,0.03513678752439922,28.57,28.69,120,18.567416666666666,0.05715224887807017,18.44,18.68,120,441.9916666666667,1.0884869873216814,439,445
P1,2025-09-16,7,119,28.795882352941177,0.10404865032807968,28.68,29.02,119,18.844789915966388,0.13416943967058229,18.3,19.05,119,444.7226890756302,2.626218425048876,439,453
P1,2025-09-16,8,120,27.81908333333333,0.42773194274678594,27.3,28.89,120,15.372416666666668,1.2283540916648539,13.7,18.21,120,429.1333333333333,13.936792086756109,411,473
P1,2025-09-16,9,120,27.156333333333333,0.07720901821029368,27.05,27.29,120,13.445583333333333,0.2626810566733227,13.03,13.92,120,548.475,46.769407960849804,474,627
P1,2025-09-16,10,120,27.196583333333333,0.07827441314696212,27.11,27.41,120,12.928166666666668,0.3328385263064305,12.5,13.59,120,696.975,29.2050020177562,627,744
P1,2025-09-16,11,119,27.620840336134453,0.1531952328767395,27.4,27.89,119,13.382605042016806,0.2242670252587985,13.11,13.93,119,751.6218487394958,12.659820062339815,725,773
P1,2025-09-16,12,120,27.90041666666667,0.14094158652550196,27.57,28.06,120,13.48925,0.4993696236340391,12.7,14.26,120,747.8083333333333,12.699034458984494,720,763
P1,2025-09-16,13,120,27.643916666666666,0.03928554876460906,27.57,27.71,120,12.69,0.09039595439746678,12.48,12.86,120,787.8833333333333,15.183019779867866,758,818
P1,2025-09-16,14,119,27.521596638655463,0.10117096784339392,27.35,27.71,119,12.60840336134454,0.1285906868103909,12.31,12.83,119,820.3781512605042,7.834075499130716,807,835
P1,2025-09-16,15,120,27.124166666666667,0.11376360078137782,26.87,27.34,120,12.532333333333332,0.15246288063653043,12.29,12.86,120,809.5166666666667,4.256450040442039,799,817
P1,2025-09-16,16,120,26.604583333333334,0.1321120980174588,26.4,26.85,120,12.249333333333334,0.19105955485502582,11.94,12.61,120,767.4333333333333,26.203063947257828,731,821
P1,2025-09-16,17,120,26.15325,0.16395409533814315,25.9,26.42,120,12.350333333333333,0.06647086091017775,12.22,12.5,120,695.6583333333333,20.803399784098506,667,735
P1,2025-09-16,18,119,25.804873949579832,0.09717070028353042,25.64,25.97,119,12.429243697478991,0.09503932873580322,12.29,12.79,119,675.7563025210084,7.673381667347925,663,692
P1,2025-09-16,19,120,25.577583333333333,0.08921690906293886,25.4,25.69,120,12.721916666666667,0.08024433102135209,12.54,12.89,120,627.925,23.962913397318577,575,668
P1,2025-09-16,20,120,25.325833333333332,0.05792756028779679,25.23,25.44,120,12.7755,0.07945031743911721,12.56,12.91,120,535.775,23.646366110928852,498,579
P1,2025-09-16,21,119,25.616974789915968,0.37420096708299494,25.24,26.27,119,13.011344537815125,0.4442722565216382,12.44,14.05,119,480.3529411764706,10.679132380245857,466,498
P1,2025-09-16,22,120,26.713833333333334,0.23917288614679266,26.28,27.09,120,14.67425,0.3632918184850159,14.07,15.16,120,457.4,6.759245147054801,446,469
P1,2025-09-16,23,120,27.358,0.13922112270917206,27.09,27.58,120,15.619833333333334,0.3062046971008273,15.15,16.19,120,439.48333333333335,4.570610045768149,430,447
P1,2025-09-17,0,120,27.72908333333333,0.08870682363959338,27.58,27.87,120,16.37783333333333,0.10771252849839666,16.17,16.59,120,426.8,3.8536242899468736,420,433
P1,2025-09-17,1,119,27.97621848739496,0.05940369783386213,27.87,28.06,119,16.77798319327731,0.15060094217147604,16.5,17.0,119,418.3613445378151,1.4245492444205647,414,421
P1,2025-09-17,2,120,28.140249999999998,0.03851143014873635,28.07,28.19,120,17.23075,0.1384983238681465,16.97,17.47,120,416.575,1.9344836238015213,410,421
P1,2025-09-17,3,120,28.228,0.019771807447678938,28.19,28.26,120,17.652916666666666,0.14596186812581857,17.41,17.9,120,419.71666666666664,1.6661904081438235,415,423
P1,2025-09-17,4,119,28.30579831932773,0.02226556961705767,28.26,28.35,119,17.909747899159665,0.06245625160216629,17.77,18.04,119,419.7226890756302,1.6308694247158004,417,423
P1,2025-09-17,5,120,28.36958333333333,0.009906778371555772,28.35,28.39,120,18.116083333333332,0.08177953385085507,17.97,18.32,120,418.3666666666667,1.9529479261467662,413,422
P1,2025-09-17,6,120,28.41075,0.027167779358898077,28.38,28.47,120,18.268166666666666,0.07765451750951699,18.07,18.42,120,420.025,1.9765962595100766,416,424
P1,2025-09-17,7,120,28.64925,0.13145061698555746,28.47,28.93,120,18.281083333333335,0.0591081594181718,18.12,18.44,120,419.375,3.717011766269814,411,428
P1,2025-09-17,8,119,28.201848739495798,0.36412180488233703,27.7,28.92,119,15.776974789915966,1.2359608590573492,14.08,18.27,119,437.88235294117646,15.959788702664659,414,480
P1,2025-09-17,9,120,27.549,0.07149543089355571,27.46,27.69,120,13.78475,0.13798040598931102,13.49,14.17,120,519.8333333333334,21.161775168716662,480,546
P1,2025-09-17,10,120,27.55525,0.15298136592189354,27.42,27.85,120,13.474166666666667,0.19356706146168723,13.14,13.81,120,589.4666666666667,40.99352958440035,543,661
P1,2025-09-17,11,119,27.890840336134453,0.031931596167186015,27.8,27.92,119,13.480588235294118,0.20436878479699688,13.12,13.8,119,692.2605042016806,12.836297967339952,664,706
P1,2025-09-17,12,120,27.6175,0.22767457979694478,27.3,27.95,120,13.71,0.14090344748303707,13.28,13.97,120,670.5916666666667,11.428620885747353,648,691
P1,2025-09-17,13,120,27.0475,0.1922456848965604,26.72,27.33,120,13.868500000000001,0.19664689166117005,13.44,14.28,120,669.425,16.11443452312235,636,688
P1,2025-09-17,14,120,26.650250000000003,0.07019136507500606,26.54,26.78,120,13.809333333333333,0.2470557156000317,13.43,14.21,120,684.0,18.33717810461396,656,728
P1,2025-09-17,15,119,26.518823529411762,0.0541838751201042,26.39,26.59,119,13.517226890756302,0.14712455445980605,13.14,13.85,119,756.0168067226891,9.87633980893977,732,776
P1,2025-09-17,16,120,26.300083333333337,0.05200995110559114,26.19,26.41,120,13.094833333333334,0.06751262979674803,12.94,13.22,120,769.4583333333334,5.551736549178482,761,785
P1,2025-09-17,17,120,26.264333333333333,0.04988614487991751,26.16,26.38,120,13.37275,0.17961659680758751,12.96,13.72,120,778.7583333333333,10.509696070039094,759,802
P1,2025-09-17,18,120,26.064666666666668,0.08299978063485353,25.94,26.22,120,13.229083333333334,0.11160401060030374,13.0,13.46,120,727.0416666666666,28.813919323457476,678,770
P1,2025-09-17,19,119,25.98470588235294,0.04772490962802601,25.9,26.07,119,13.529579831932773,0.2001287507529531,13.15,13.84,119,652.8991596638656,10.903579693628584,637,681
P1,2025-09-17,20,120,25.957,0.04974894956873963,25.87,26.07,120,13.637416666666667,0.13292757763669064,13.39,13.86,120,592.6583333333333,26.295187863217418,542,641
P1,2025-09-17,21,120,26.396916666666666,0.3327597761560905,25.87,26.85,120,14.129916666666666,0.3926798594132316,13.53,14.81,120,518.25,17.223810956508572,491,551
P1,2025-09-17,22,119,27.11352941176471,0.13891582767440538,26.85,27.32,119,15.294285714285714,0.281808840812866,14.76,15.74,119,475.25210084033614,10.41854481477819,459,493
P1,2025-09-17,23,120,27.452749999999998,0.07289871527726735,27.32,27.57,120,16.071083333333334,0.2018727273289164,15.73,16.43,120,446.275,6.4949398532610445,436,459
P1,2025-09-18,0,120,27.65941666666667,0.05053155821217492,27.58,27.74,120,16.505833333333335,0.07449080179337768,16.37,16.64,120,431.39166666666665,4.381580685063271,422,438
P1,2025-09-18,1,120,27.816333333333333,0.04246468296973161,27.74,27.88,120,16.772666666666666,0.07752184114390581,16.62,16.89,120,418.8,3.487311935834659,413,425
P1,2025-09-18,2,119,27.917394957983195,0.024956307068514046,27.88,27.96,119,16.940084033613445,0.046148173262398305,16.87,17.05,119,413.453781512605,1.740581916913367,410,417
P1,2025-09-18,3,120,27.969083333333334,0.014260236384322377,27.94,27.99,120,17.12875,0.046878396235507484,17.05,17.22,120,410.8333333333333,1.0949335832920437,410,414
P1,2025-09-18,4,120,27.995416666666664,0.006723323674534008,27.98,28.01,120,17.24458333333333,0.039019405500365104,17.17,17.34,120,410.0,0.0,410,410
P1,2025-09-18,5,119,28.011260504201683,0.006318471957617255,28.0,28.02,119,17.352268907563026,0.04201365748061092,17.27,17.46,119,410.0,0.0,410,410
P1,2025-09-18,6,120,28.018916666666666,0.009770116789107173,28.01,28.04,120,17.4515,0.044394147543728946,17.33,17.52,120,410.0,0.0,410,410
P1,2025-09-18,7,120,27.257333333333335,0.6885616885069644,26.21,28.07,120,15.755833333333333,1.6131844301264038,13.16,17.7,120,408.6666666666667,0.9730255451346292,407,410
P1,2025-09-18,8,120,26.06641666666667,0.13827749370778109,25.77,26.24,120,13.160333333333334,0.22324171372102092,12.77,13.62,120,443.7,40.641825539624556,408,520
P1,2025-09-18,9,119,26.385042016806725,0.17645700465215186,26.16,26.68,119,13.354117647058825,0.1572561969068401,13.05,13.63,119,585.7563025210084,38.452693010660525,518,657
P1,2025-09-18,10,120,26.179750000000002,0.18700857168149354,25.93,26.65,120,12.809583333333334,0.25060396233574583,12.47,13.46,120,638.3083333333333,24.832817752623477,603,678
P1,2025-09-18,11,120,26.265583333333332,0.2472429344338261,25.86,26.58,120,12.514000000000001,0.22846363004229026,12.05,13.02,120,723.9666666666667,29.48918996734173,673,767
P1,2025-09-18,12,119,25.88142857142857,0.34976816950245254,25.48,26.51,119,12.395882352941175,0.11210173772603316,12.14,12.62,119,740.0,17.696116590169765,707,787
P1,2025-09-18,13,120,26.24458333333333,0.2279609867600023,25.65,26.5,120,12.394499999999999,0.1821941433810463,12.01,12.67,120,829.7083333333334,16.894330923920844,792,859
P1,2025-09-18,14,120,26.2,0.3159964897156372,25.71,26.59,120,12.481833333333332,0.24940933022965184,11.98,12.85,120,796.3083333333333,48.981010869216384,737,870
P1,2025-09-18,15,120,26.301499999999997,0.23131937978082748,25.72,26.53,120,12.6035,0.12519329592489434,12.25,12.99,120,779.2333333333333,11.548024192263263,750,805
P1,2025-09-18,16,119,26.457899159663864,0.1008680456160777,26.16,26.56,119,12.569663865546218,0.1389240298008853,12.39,12.95,119,792.436974789916,18.31579787471729,739,818
P1,2025-09-18,17,120,26.57058333333333,0.05440736222631804,26.46,26.72,120,12.999666666666666,0.2124247106696426,12.74,13.44,120,788.1,14.525202670016052,758,823
P1,2025-09-18,18,120,26.634916666666665,0.05340499824487473,26.52,26.72,120,13.194583333333332,0.08215476104222275,13.07,13.36,120,734.5666666666667,21.40750411638396,684,761
P1,2025-09-18,19,119,26.461344537815126,0.060182270740116714,26.36,26.57,119,13.031848739495798,0.08185317970646519,12.91,13.18,119,647.0084033613446,19.374758958946735,617,685
P1,2025-09-18,20,120,26.43975,0.10883232419605891,26.3,26.66,120,12.687416666666667,0.2276127325577561,12.33,12.96,120,616.3083333333333,13.384297731682071,587,643
P1,2025-09-18,21,120,26.826166666666666,0.080148846124038,26.66,26.96,120,13.319583333333332,0.3940063469039058,12.42,13.91,120,557.825,15.255065283594279,535,589
P1,2025-09-18,22,120,27.082333333333334,0.08244920344344772,26.96,27.21,120,13.739166666666668,0.07938400801352377,13.57,13.91,120,515.775,10.683736560340382,497,536
P1,2025-09-18,23,119,27.273529411764706,0.0223450686666862,27.2,27.31,119,14.447647058823529,0.42293307136170527,13.57,14.97,119,483.65546218487395,7.368550871480209,473,501
P1,2025-09-19,0,120,27.317666666666664,0.024860394519924243,27.27,27.36,120,14.988083333333332,0.07111708694837275,14.84,15.17,120,472.7583333333333,2.7193543268912372,467,478
P1,2025-09-19,1,120,27.382583333333333,0.01667765744051401,27.35,27.41,120,15.11425,0.04818839952457032,15.0,15.23,120,467.71666666666664,1.8570027958388926,463,472
P1,2025-09-19,2,119,27.44,0.018039504672063316,27.41,27.47,119,15.201512605042018,0.05345104929068286,15.02,15.32,119,466.1512605042017,1.7975437830276753,463,471
P1,2025-09-19,3,120,27.483333333333334,0.015842360687629186,27.45,27.52,120,15.268916666666666,0.04573941229984314,15.15,15.36,120,465.10833333333335,1.659177853172893,461,469
P1,2025-09-19,4,120,27.507083333333334,0.008341032857605358,27.49,27.53,120,15.407416666666668,0.05231603757085245,15.28,15.53,120,463.89166666666665,1.407040121944613,460,467
P1,2025-09-19,5,120,27.52491666666667,0.010611222324299802,27.51,27.55,120,15.518416666666667,0.030623653003016206,15.46,15.6,120,464.4916666666667,1.4950665836797157,461,468
P1,2025-09-19,6,119,27.53168067226891,0.0207208781851682,27.51,27.58,119,15.661848739495799,0.09700573446752594,15.52,15.95,119,466.43697478991595,1.6805903697464457,462,470
P1,2025-09-19,7,120,27.68975,0.08593981184820434,27.58,27.87,120,16.016833333333334,0.1215514784145466,15.56,16.24,120,463.9916666666667,2.454616071002216,452,468
P1,2025-09-19,8,120,26.72233333333333,0.3267608621980697,26.38,27.74,120,13.988,0.5412894657337104,13.14,15.52,120,416.7583333333333,10.50649725616664,409,449
P1,2025-09-19,9,119,26.217899159663865,0.10598907802365838,26.02,26.4,119,13.002605042016807,0.12144233607483035,12.73,13.27,119,495.1932773109244,21.662776521624252,449,525
P1,2025-09-19,10,120,25.88883333333333,0.07929503818797524,25.76,26.04,120,12.995916666666666,0.07021570406995316,12.89,13.14,120,555.5166666666667,14.900219012170293,522,581
P1,2025-09-19,11,120,25.75358333333333,0.052208306646678825,25.65,25.86,120,13.042583333333333,0.188530343648418,12.85,13.6,120,595.7333333333333,9.268844835999708,578,614
P1,2025-09-19,12,120,25.77241666666667,0.04403962755880535,25.66,25.84,120,12.94425,0.13038831790224653,12.76,13.28,120,602.3916666666667,9.756097712560589,588,625
P1,2025-09-19,13,119,25.80546218487395,0.14791057707998498,25.67,26.19,119,12.785042016806724,0.30535856652766413,12.43,13.52,119,650.0,12.87093691030893,625,671
P1,2025-09-19,14,120,26.011000000000003,0.03216031272058357,25.96,26.08,120,13.233583333333334,0.05193395665979645,13.14,13.41,120,675.2166666666667,3.295485410320573,666,683
P1,2025-09-19,15,120,25.904166666666665,0.10626258370037188,25.71,26.06,120,13.217916666666667,0.31341677847685934,12.81,13.89,120,673.0916666666667,4.928046698003462,661,684
P1,2025-09-19,16,120,25.667250000000003,0.09086847545729437,25.48,25.81,120,13.386083333333334,0.15592659247510193,13.03,13.63,120,655.3666666666667,10.781195372938326,635,672
P1,2025-09-19,17,119,25.44689075630252,0.07746784898068385,25.34,25.67,119,13.112605042016808,0.2068220482332075,12.9,13.93,119,617.0504201680673,6.054622466495537,608,633
P1,2025-09-19,18,120,25.44,0.17588193136736005,25.2,25.77,120,13.66625,0.41560942900635756,13.08,14.28,120,588.875,14.014136020581585,572,620
P1,2025-09-19,19,120,26.019166666666667,0.1467667407503296,25.7,26.22,120,14.460583333333334,0.11262562236154268,14.2,14.65,120,564.225,16.045346716743246,532,590
P1,2025-09-19,20,119,26.2681512605042,0.0407132674530418,26.18,26.36,119,14.552941176470588,0.04572120639111013,14.41,14.64,119,506.26050420168065,16.76733213311743,480,534
P1,2025-09-19,21,120,26.743,0.24901351588304516,26.3,27.06,120,14.757249999999999,0.23851770013420412,14.28,15.23,120,462.8333333333333,8.239414735408792,454,483
P1,2025-09-19,22,120,27.23025,0.08853107985808555,27.06,27.36,120,15.513916666666667,0.1683548465050415,15.12,15.77,120,454.85833333333335,3.160405870470855,450,461
P1,2025-09-19,23,120,27.436333333333334,0.043885514413649705,27.36,27.51,120,16.022333333333332,0.1354589666750113,15.77,16.24,120,447.73333333333335,2.5887063487820536,441,452
P1,2025-09-20,0,119,27.55016806722689,0.022207923203487544,27.51,27.59,119,16.415378151260505,0.09921548126163812,16.22,16.58,119,440.2689075630252,2.2687915061025485,436,445
P1,2025-09-20,1,120,27.62775,0.021359763477111746,27.59,27.67,120,16.667583333333333,0.0472254708609585,16.57,16.75,120,435.375,1.593381795496085,431,438
P1,2025-09-20,2,120,27.686,0.01662235004469816,27.66,27.71,120,16.790166666666668,0.04670636566719816,16.7,16.93,120,432.0416666666667,1.8260295051015596,428,436
P1,2025-09-20,3,119,27.717731092436974,0.01428742334172598,27.7,27.75,119,16.937058823529412,0.02588609145482352,16.88,16.99,119,432.25210084033614,1.98391193504555,427,436
P1,2025-09-20,4,120,27.778000000000002,0.019255033173721403,27.74,27.8,120,16.812,0.06369042775986967,16.68,16.92,120,434.40833333333336,2.080303118400253,430,438
P1,2025-09-20,5,120,27.803333333333335,0.014800257398017122,27.78,27.84,120,16.623083333333334,0.074752205030104,16.42,16.72,120,438.76666666666665,2.1488059351134283,432,443
P1,2025-09-20,6,120,27.85033333333333,0.009252147907179263,27.83,27.87,120,16.422083333333333,0.057025658876583445,16.3,16.56,120,439.0,2.161543177353402,434,444
P1,2025-09-20,7,119,27.83873949579832,0.011012675428004461,27.81,27.85,119,16.404705882352943,0.040522509530680755,16.31,16.54,119,443.61344537815125,2.684258076005568,438,449
P1,2025-09-20,8,120,26.850166666666667,0.6842182355341933,25.82,27.84,120,15.334083333333332,0.8756044690809366,13.65,16.74,120,418.0083333333333,16.634224026493914,408,452
P1,2025-09-20,9,120,25.541583333333335,0.09510715613695686,25.36,25.79,120,13.531833333333333,0.26852846220467086,13.15,14.05,120,422.975,13.971436949010128,409,445
P1,2025-09-20,10,119,25.234873949579832,0.12036572479512693,25.0,25.41,119,14.358151260504203,0.11140068455617395,14.03,14.55,119,459.94117647058823,8.634081185987439,442,478
P1,2025-09-20,11,120,24.759666666666664,0.11314401719689368,24.51,25.0,120,14.506,0.14359958334248324,14.11,14.85,120,461.6,10.66164097291294,443,480
P1,2025-09-20,12,120,24.21516666666667,0.1322842834680702,24.01,24.5,120,13.878250000000001,0.10708248999657244,13.7,14.18,120,448.31666666666666,3.5455815403659763,438,455
P1,2025-09-20,13,120,23.826916666666666,0.08002936260869048,23.68,24.0,120,13.508833333333333,0.12733323800720941,13.31,13.82,120,446.7416666666667,2.7085170159647323,438,451
P1,2025-09-20,14,119,23.723361344537814,0.06403491249713553,23.63,23.83,119,13.372689075630252,0.18076906083238606,13.01,13.79,119,438.8151260504202,5.593528928485767,424,450
P1,2025-09-20,15,120,23.674500000000002,0.11225608478576514,23.53,24.05,120,13.28475,0.3164640845447121,12.89,14.45,120,430.64166666666665,5.890878625501656,418,445
P1,2025-09-20,16,120,24.833000000000002,0.46404795463580484,24.06,25.58,120,15.500166666666667,0.47720295584208994,14.42,16.23,120,440.23333333333335,6.210229205006125,429,450
P1,2025-09-20,17,119,25.871512605042017,0.10871856573135,25.59,26.05,119,16.012436974789917,0.36982580963033923,15.22,16.38,119,442.38655462184875,2.617118494682877,437,448
P1,2025-09-20,18,120,25.986583333333332,0.054131738361515074,25.88,26.04,120,15.277333333333333,0.1139344742638081,15.06,15.51,120,438.15833333333336,3.6437948482808595,431,447
P1,2025-09-20,19,120,26.07858333333333,0.045342688316347995,25.97,26.15,120,15.105333333333334,0.3267690915856088,14.46,15.53,120,427.3833333333333,3.576729958898135,421,434
P1,2025-09-20,20,120,25.727333333333334,0.15309541888283984,25.34,25.96,120,13.994916666666667,0.28499740772323645,13.36,14.5,120,415.0083333333333,4.32210622739612,409,425
P1,2025-09-20,21,119,25.082605042016805,0.11890362273617242,24.94,25.34,119,12.956554621848738,0.1774510530497292,12.7,13.33,119,409.6386554621849,0.48242137212992714,409,410
P1,2025-09-20,22,120,25.087,0.02427434236964951,25.05,25.15,120,13.056916666666666,0.05028984616650838,12.95,13.12,120,410.0,0.0,410,410
P1,2025-09-20,23,120,25.13133333333333,0.008395009855633543,25.11,25.15,120,12.827166666666667,0.0688462338953183,12.7,12.96,120,410.0,0.0,410,410
P1,2025-09-21,0,119,25.148991596638655,0.015644079292840198,25.12,25.18,119,12.618319327731092,0.047804675463331454,12.52,12.71,119,410.0,0.0,410,410
P1,2025-09-21,1,120,25.137999999999998,0.023500402285129354,25.04,25.17,120,12.506833333333333,0.04214786562841316,12.43,12.63,120,410.0,0.0,410,410
P1,2025-09-21,2,120,24.88566666666667,0.05880795311979607,24.78,25.03,120,12.321833333333332,0.11914953060863258,12.13,12.53,120,409.18333333333334,0.38856195407791655,409,410
P1,2025-09-21,3,120,24.993166666666664,0.025765044828491995,24.95,25.05,120,12.471083333333333,0.03502210186507656,12.42,12.54,120,410.0,0.0,410,410
P1,2025-09-21,4,119,25.040504201680672,0.017604349399775853,25.0,25.07,119,12.377394957983194,0.05768797108809706,12.27,12.46,119,410.0,0.0,410,410
P1,2025-09-21,5,120,25.04175,0.0207693414969868,25.0,25.09,120,12.292833333333332,0.03264742473361113,12.23,12.36,120,410.0,0.0,410,410
P1,2025-09-21,6,120,25.116416666666666,0.054815133672663635,24.99,25.21,120,12.351833333333333,0.06180728157767844,12.3,12.52,120,409.84166666666664,0.36658389694776156,409,410
P1,2025-09-21,7,119,24.913193277310924,0.032257774601158765,24.85,24.99,119,12.112436974789917,0.0669804725724195,12.0,12.3,119,409.2352941176471,0.4259760945178675,409,410
P1,2025-09-21,8,120,25.010749999999998,0.04907826882224124,24.93,25.15,120,12.090166666666667,0.04885208911238133,12.0,12.18,120,436.1166666666667,13.322239782751648,409,451
P1,2025-09-21,9,120,25.30091666666667,0.09500106884258494,25.16,25.48,120,11.980416666666667,0.08238458525692241,11.76,12.11,120,454.1666666666667,3.5416687263134334,448,461
P1,2025-09-21,10,120,25.71741666666667,0.09489043512320895,25.49,25.87,120,12.162833333333333,0.12467223133523467,11.93,12.43,120,458.48333333333335,3.73712542505296,449,465
P1,2025-09-21,11,119,26.190756302521006,0.18151975969324527,25.88,26.51,119,12.13890756302521,0.07153036472652345,11.98,12.28,119,451.6218487394958,4.97620030088755,440,461
P1,2025-09-21,12,120,26.541416666666667,0.06881098008597354,26.33,26.61,120,12.181666666666667,0.18554635803591513,11.82,12.48,120,445.725,3.9171300160992364,439,457
P1,2025-09-21,13,120,26.237666666666666,0.033824394094421215,26.17,26.33,120,11.672333333333334,0.05141254029631282,11.55,11.84,120,448.21666666666664,4.0087788818104135,441,456
P1,2025-09-21,14,120,26.176750000000002,0.11279610890839188,26.04,26.4,120,11.964416666666667,0.20077495170586768,11.58,12.36,120,457.8333333333333,4.239338249717596,451,470
P1,2025-09-21,15,119,26.002521008403363,0.0443831256565171,25.92,26.11,119,11.815210084033613,0.07056489667825788,11.68,11.93,119,476.14285714285717,5.365119162885535,466,485
P1,2025-09-21,16,120,25.895666666666667,0.041822621303085346,25.81,25.96,120,11.81025,0.06640166166798107,11.7,11.98,120,486.78333333333336,2.896486812388689,481,493
P1,2025-09-21,17,120,25.786,0.044991128910843815,25.66,25.84,120,11.81025,0.05650109688828908,11.63,11.91,120,486.56666666666666,2.375410918307056,480,492
P1,2025-09-21,18,119,25.997731092436975,0.19889285495935394,25.69,26.27,119,12.023949579831932,0.15318216964542575,11.67,12.26,119,469.0,12.589341739095309,454,491
P1,2025-09-21,19,120,26.43708333333333,0.09630480178027676,26.27,26.59,120,12.511833333333334,0.1520005712800695,12.27,12.73,120,448.96666666666664,4.056187996681825,440,458
P1,2025-09-21,20,120,26.707083333333333,0.058874540207072286,26.59,26.8,120,12.81175,0.05561969453501108,12.71,12.96,120,436.775,2.1749625709133538,433,442
P1,2025-09-21,21,120,26.87325,0.03808796761854231,26.79,26.93,120,13.044083333333333,0.07748673872264403,12.89,13.16,120,431.84166666666664,1.7537275227610933,429,437
P1,2025-09-21,22,119,26.97621848739496,0.025277832341049425,26.93,27.02,119,13.17235294117647,0.050635049868390396,13.07,13.29,119,432.1344537815126,2.00813755415445,428,437
P1,2025-09-21,23,120,27.06475,0.025796960931031197,27.01,27.11,120,13.302166666666666,0.030628797712278995,13.22,13.41,120,433.775,1.4920658511613283,431,439
P1,2025-09-22,0,120,27.137083333333333,0.019202408520736073,27.1,27.18,120,13.374833333333333,0.03887025030204146,13.31,13.47,120,435.8,1.9643888437403534,430,441
P1,2025-09-22,1,119,27.191260504201683,0.013688707572223183,27.16,27.21,119,13.396890756302522,0.030190016846960842,13.32,13.46,119,438.1512605042017,1.3060397861810775,435,441
P1,2025-09-22,2,120,27.22375,0.010695361438614607,27.2,27.25,120,13.411166666666666,0.033785863816655604,13.34,13.5,120,438.6166666666667,1.5887383786685325,435,444
P1,2025-09-22,3,120,27.262,0.011493512967588994,27.24,27.28,120,13.418416666666667,0.02831384236496135,13.35,13.49,120,438.01666666666665,1.4949963229393242,435,441
P1,2025-09-22,4,120,27.298,0.01171080087538813,27.27,27.31,120,13.442583333333333,0.03506286870615222,13.37,13.55,120,440.925,1.783031598338125,436,444
P1,2025-09-22,5,119,27.3253781512605,0.008516177622551654,27.31,27.35,119,13.520420168067227,0.026148045199749725,13.47,13.59,119,444.14285714285717,1.3547513017481962,440,447
P1,2025-09-22,6,120,27.396166666666666,0.07963343891756682,27.3,27.56,120,14.00975,0.3077362793806692,13.56,14.86,120,450.275,6.358957818527642,441,470
P1,2025-09-22,7,120,27.638333333333332,0.0247112172444666,27.56,27.66,120,13.717,0.6065311203887245,12.96,14.72,120,473.675,7.733113888995081,458,485
P1,2025-09-22,8,119,26.73067226890756,0.5894319746154315,26.01,27.66,119,13.095798319327733,0.35384928276372907,12.36,13.69,119,432.47058823529414,22.65205626517995,410,485
P1,2025-09-22,9,120,26.031583333333334,0.04462722975778488,25.93,26.09,120,12.153416666666667,0.09782934750111147,11.89,12.34,120,540.9166666666666,50.159339945353096,448,613
P1,2025-09-22,10,120,26.076666666666664,0.05824222577087033,25.99,26.2,120,12.3235,0.32073615429550306,11.97,12.91,120,659.6583333333333,26.740425391905255,607,699
P1,2025-09-22,11,120,25.919583333333332,0.03398951477803457,25.81,25.99,120,12.1,0.10427823157223008,11.93,12.39,120,677.6833333333333,16.87720521953837,645,700
P1,2025-09-22,12,119,25.834117647058825,0.06397048796132306,25.73,25.96,119,12.244117647058824,0.20337996403453495,11.9,12.6,119,670.3193277310925,17.442366487858433,644,712
P1,2025-09-22,13,120,26.12933333333333,0.12125903472072197,25.89,26.28,120,12.30725,0.17893223213686038,12.03,12.62,120,692.7166666666667,14.951003076623348,672,718
P1,2025-09-22,14,120,26.090500000000002,0.04299403906309032,26.0,26.16,120,12.342,0.15771796975358468,12.12,12.57,120,661.4916666666667,8.39567298850858,645,676
P1,2025-09-22,15,119,25.911932773109243,0.09742687227990099,25.76,26.1,119,12.394453781512606,0.1786517181699366,12.11,12.73,119,678.5882352941177,31.983685397483274,641,738
P1,2025-09-22,16,120,26.00041666666667,0.08556677900603983,25.8,26.11,120,12.4965,0.1355142710088471,12.2,12.73,120,739.8583333333333,25.856194366434494,684,775
P1,2025-09-22,17,120,25.636666666666667,0.07535164993853062,25.46,25.8,120,12.350333333333333,0.10613083200182824,12.1,12.54,120,630.5833333333334,26.66587008614167,586,685
P1,2025-09-22,18,120,25.454666666666665,0.07065043944546803,25.33,25.62,120,12.833,0.1990253562664175,12.29,13.22,120,644.15,25.37902594630437,583,671
P1,2025-09-22,19,119,25.262100840336135,0.0527526037525923,25.18,25.35,119,12.598823529411765,0.03462086347042046,12.51,12.67,119,634.2016806722689,18.733899225795074,608,664
P1,2025-09-22,20,120,25.11341666666667,0.035110769095001236,25.04,25.18,120,12.532916666666667,0.04276957674185671,12.43,12.62,120,587.8916666666667,12.211577254704851,562,610
P1,2025-09-22,21,120,25.47125,0.24666025523501775,25.04,25.91,120,13.368333333333334,0.3826869474124855,12.4,14.0,120,530.2,22.241077901452687,498,572
P1,2025-09-22,22,119,26.227899159663863,0.17548419190757794,25.92,26.52,119,14.341932773109244,0.18087957090578005,13.99,14.68,119,482.218487394958,8.855870086037482,469,499
P1,2025-09-22,23,120,26.740166666666667,0.11735161081222623,26.52,26.93,120,14.894583333333333,0.13762020465138955,14.67,15.14,120,459.71666666666664,5.589881815520328,450,470
P1,2025-09-23,0,120,27.0765,0.07943762417427423,26.93,27.2,120,15.29925,0.09276483776760658,15.11,15.51,120,443.2083333333333,3.786077621166974,437,451
P1,2025-09-23,1,120,27.292583333333333,0.0490325879173362,27.19,27.37,120,15.565583333333334,0.06808047429617363,15.44,15.69,120,432.90833333333336,3.056872222896316,427,439
P1,2025-09-23,2,119,27.421848739495797,0.02733862935806079,27.37,27.48,119,15.767815126050419,0.06658955565106466,15.65,15.93,119,428.47899159663865,1.6200478100069942,425,433
P1,2025-09-23,3,120,27.516833333333334,0.02759196489217037,27.47,27.56,120,15.905916666666666,0.050451671413932794,15.8,16.06,120,426.3666666666667,1.5444850836668789,423,430
P1,2025-09-23,4,120,27.587249999999997,0.018874307823029804,27.55,27.63,120,16.05625,0.052788821391138635,15.94,16.2,120,425.96666666666664,1.4890825856139478,423,429
P1,2025-09-23,5,119,27.64159663865546,0.011496734486792094,27.62,27.66,119,16.2090756302521,0.054243512408127185,16.11,16.37,119,426.96638655462186,1.9263242115369053,423,432
P1,2025-09-23,6,120,27.674333333333333,0.02427895770239986,27.64,27.72,120,16.42325,0.10249134007279202,16.25,16.66,120,430.25,1.373519064974627,427,433
P1,2025-09-23,7,120,27.886000000000003,0.14425351167390438,27.72,28.17,120,16.830416666666668,0.26967891220166823,16.57,17.56,120,427.7916666666667,5.717283002438489,410,436
P1,2025-09-23,8,120,27.255583333333334,0.48298754413246686,26.68,28.18,120,15.220666666666666,0.9116148137384853,14.06,17.3,120,429.0083333333333,17.96003772774638,410,469
P1,2025-09-23,9,14,26.627857142857145,0.036831961753261845,26.57,26.67,14,13.975714285714286,0.08224861801170463,13.84,14.1,14,468.92857142857144,1.9792883614022592,467,473
P2,2025-07-17,23,90,24.032467444444446,0.7460627451571172,23.14562,26.45305,90,12.923333333333332,1.0691832438776645,11.67,16.05,90,469.43333333333334,11.236027527856123,454,498
P2,2025-07-18,0,120,25.29943375,0.25646748455778723,24.29289,25.87297,120,12.92075,0.17449645441968734,12.48,13.36,120,466.2083333333333,3.225152809442901,458,474
P2,2025-07-18,1,120,25.02580191666667,0.19069313655690007,24.86047,25.55109,120,12.55825,0.14852587981490045,12.36,13.0,120,477.175,4.495866448867259,469,485
P2,2025-07-18,2,120,24.842083166666665,0.1906453197065757,24.62434,25.39699,120,12.322750000000001,0.14357361301068217,12.13,12.71,120,486.18333333333334,3.471331164844821,478,493
P2,2025-07-18,3,120,24.963333166666665,0.20682900529641587,24.69309,25.51008,120,12.603250000000001,0.22016098960655775,12.24,13.12,120,497.625,4.455310305238562,490,506
P2,2025-07-18,4,120,25.054194666666668,0.18219615624691055,24.91438,25.54309,120,12.857750000000001,0.13839695981991415,12.7,13.19,120,507.3833333333333,2.0830784157766074,503,512
P2,2025-07-18,5,120,24.86827633333333,0.21018675299043094,24.63508,25.46887,120,12.507666666666667,0.2633486149521174,12.08,13.12,120,509.9166666666667,1.8768081850805765,506,514
P2,2025-07-18,6,101,28.554806336633664,3.36743453320736,24.63664,32.72199,101,13.668811881188118,1.2855810259401874,12.03,15.56,101,469.08910891089107,35.68447814103518,425,512
P2,2025-07-18,7,86,32.481267093023256,0.2074796595154015,32.23859,32.98664,86,14.320116279069767,0.20820518265599228,13.78,14.82,86,516.2558139534884,25.96793771807229,462,562
P2,2025-07-18,9,10,32.51582,0.17061172950428755,32.42023,32.99328,10,13.887,0.15041054927541966,13.72,14.2,10,565.4,1.7126976771553524,562,568
P2,2025-07-18,10,120,32.05521325,0.3470662102797103,31.62785,33.02902,120,13.556833333333334,0.4966018700799926,12.79,14.93,120,706.925,70.94146746947558,567,816
P2,2025-07-18,11,120,32.353600166666666,0.32058426339436624,31.87863,33.18,120,14.261583333333334,0.45526794369933776,13.22,15.12,120,701.9416666666667,73.63300956798673,615,841
P2,2025-07-18,12,120,32.63630091666667,0.2860567599491349,32.11633,33.39641,120,14.669416666666667,0.6985137834017603,13.07,15.9,120,630.3583333333333,16.923851118899577,595,663
P2,2025-07-18,13,120,32.8284195,0.23775169347310618,32.40246,33.4382,120,14.246083333333333,0.5747126367550467,13.04,15.6,120,679.6916666666667,28.57124247138276,605,713
P2,2025-07-18,14,68,32.463410294117644,0.383399315304588,31.86242,33.31184,68,13.36455882352941,0.3136422233203648,12.94,14.12,68,726.1029411764706,13.337344838451562,704,747
P2,2025-07-18,15,120,32.093248833333334,0.22341070366683724,31.85617,32.74348,120,12.975666666666665,0.3587975561155761,12.42,13.75,120,758.1583333333333,6.721339193957004,743,769
P2,2025-07-18,16,120,31.943883916666667,0.19893926020501085,31.73254,32.47356,120,13.260083333333334,0.2930124494252893,12.66,13.95,120,773.4083333333333,7.976326141243504,753,786
P2,2025-07-18,17,120,31.951720666666667,0.1893088018157901,31.79836,32.46457,120,13.550416666666667,0.17112281615051586,13.26,14.03,120,786.15,10.426735190014567,751,798
P2,2025-07-18,18,120,31.974447833333333,0.19694260929247992,31.76516,32.5173,120,13.176,0.35791741219111056,12.41,13.93,120,784.4666666666667,16.865226187090936,736,809
P2,2025-07-18,19,120,31.812540916666666,0.19394591253292306,31.63859,32.31828,120,12.48425,0.13827668341579047,12.26,12.82,120,728.5333333333333,21.73906885876052,693,771
P2,2025-07-18,20,120,31.7555355,0.18611648969815403,31.61574,32.24817,120,12.620583333333334,0.15127633923494058,12.4,13.08,120,654.6,24.644838551447023,614,693
P2,2025-07-18,21,120,31.991184583333332,0.22033557367123946,31.64269,32.60559,120,13.082416666666667,0.3239125201783545,12.6,13.88,120,586.0833333333334,18.952653672573106,555,615
P2,2025-07-18,22,120,32.24273475,0.19235876016366363,32.05129,32.77844,120,14.026250000000001,0.2679710962088274,13.48,14.7,120,531.1666666666666,13.272409831869087,508,556
P2,2025-07-18,23,120,32.382965750000004,0.18855906768924308,32.21574,32.89563,120,14.663,0.20771506016292648,14.27,15.17,120,494.03333333333336,8.726404761184448,479,510
P2,2025-07-19,0,120,32.47919316666667,0.1872225122029985,32.33078,32.98019,120,15.056333333333333,0.1762681939275401,14.73,15.51,120,472.2416666666667,4.63997216981901,465,480
P2,2025-07-19,1,120,32.54461775,0.18535193015143211,32.40891,33.02883,120,15.321833333333332,0.16563087101797713,15.04,15.71,120,456.8666666666667,4.2425086389801105,450,466
P2,2025-07-19,2,120,32.60402716666667,0.19059715930401963,32.45793,33.07922,120,15.522166666666667,0.16433815993957498,15.26,15.9,120,446.175,2.9638224807633926,441,452
P2,2025-07-19,3,120,32.644820333333335,0.18653724303801683,32.51984,33.11887,120,15.645999999999999,0.15812132348667068,15.42,15.99,120,436.69166666666666,1.9694977960454405,434,440
P2,2025-07-19,4,120,32.65282583333333,0.18572754815998146,32.51633,33.12707,120,15.6635,0.15701870573145035,15.46,16.01,120,431.05,1.4886122351219633,428,434
P2,2025-07-19,5,120,32.685212166666666,0.18681978273319083,32.52805,33.17023,120,15.718416666666666,0.16282689593312163,15.47,16.08,120,427.94166666666666,1.34286682754715,424,431
P2,2025-07-19,6,120,32.77312475,0.18650081142483615,32.61731,33.2798,120,15.882,0.1686755126609344,15.6,16.3,120,421.64166666666665,1.8232662229877732,417,426
P2,2025-07-19,7,120,32.925234333333336,0.18994148641994532,32.74348,33.44836,120,16.0625,0.16658331248957786,15.78,16.46,120,413.26666666666665,2.690579061517108,410,418
P2,2025-07-19,8,120,33.10217316666667,0.19104241478978698,32.90012,33.6423,120,16.126833333333334,0.15957392498467313,15.92,16.46,120,410.0,0.0,410,410
P2,2025-07-19,9,120,33.33775433333333,0.20535125708021543,33.1175,33.9175,120,16.176333333333336,0.16681360469543458,15.93,16.58,120,410.0,0.0,410,410
P2,2025-07-19,10,120,33.616184000000004,0.2066451340443381,33.35754,34.20813,120,16.41275,0.18786264649892426,16.08,16.88,120,409.2583333333333,0.43955350403923715,409,410
P2,2025-07-19,11,120,33.87037625,0.19533439331103605,33.65793,34.41164,120,16.6285,0.1667214755817858,16.39,16.99,120,409.0,0.0,409,409
P2,2025-07-19,12,120,34.07696475,0.19466004867768052,33.86086,34.62551,120,16.77625,0.17161644991769393,16.49,17.17,120,409.0,0.0,409,409
P2,2025-07-19,13,120,34.32581225,0.2014575110674286,34.0843,34.89367,120,16.983583333333332,0.18549862774791376,16.64,17.41,120,409.0,0.0,409,409
P2,2025-07-19,14,120,34.496037083333334,0.18655193851946594,34.34133,34.98098,120,17.148500000000002,0.16994635831897717,16.89,17.55,120,409.1166666666667,0.3223686843157196,409,410
P2,2025-07-19,15,120,34.566658583333336,0.18494901776415554,34.42395,35.03664,120,17.281583333333334,0.16888659530237804,17.02,17.61,120,410.0,0.0,410,410
P2,2025-07-19,16,120,34.540482,0.18655662029024245,34.39856,35.01926,120,17.047,0.19335863835166667,16.72,17.53,120,411.2416666666667,1.3220548898032123,410,414
P2,2025-07-19,17,120,34.445809749999995,0.1892681422293827,34.27414,34.96594,120,16.81683333333333,0.1687820101396435,16.58,17.21,120,414.2583333333333,0.8744345912312591,412,416
P2,2025-07-19,18,120,34.320815833333334,0.19052528702935323,34.15461,34.84016,120,16.806583333333332,0.1652016635383991,16.59,17.13,120,416.25,0.6642111641550762,415,417
P2,2025-07-19,19,120,34.18275391666667,0.19462327101090707,34.00148,34.70832,120,16.729,0.17117193675591996,16.48,17.11,120,416.375,0.8507288027322834,414,418
P2,2025-07-19,20,120,34.086767916666666,0.18623858327603549,33.93332,34.57141,120,16.679416666666665,0.16272519410195282,16.44,17.03,120,417.225,0.9912431715830482,415,419
P2,2025-07-19,21,120,34.02813058333333,0.1863980277977307,33.89094,34.49719,120,16.64775,0.1636529557202263,16.42,17.0,120,417.5416666666667,0.7205953809740905,416,419
P2,2025-07-19,22,120,33.991774166666666,0.189668262640541,33.85442,34.47942,120,16.607833333333335,0.16532719447354427,16.35,16.99,120,417.9916666666667,0.8147364716319593,416,420
P2,2025-07-19,23,120,33.97445033333334,0.18491477147359467,33.84914,34.44484,120,16.552833333333332,0.16405667873492738,16.32,16.9,120,419.25,0.7805406443478796,418,421
P2,2025-07-20,0,120,33.924123916666666,0.18157506938549173,33.79621,34.39992,120,16.481083333333334,0.16174882402301718,16.27,16.82,120,417.59166666666664,1.0411357190271875,415,420
P2,2025-07-20,1,120,33.919862333333334,0.1905080205979707,33.79035,34.38508,120,16.443,0.1651513184421888,16.21,16.78,120,416.175,0.8060954757138811,414,418
P2,2025-07-20,2,120,33.887059083333334,0.18489171302741372,33.75578,34.36731,120,16.39225,0.16230204490859884,16.15,16.75,120,415.675,0.8215838362577657,414,418
P2,2025-07-20,3,120,33.89690458333333,0.1851566604592716,33.7718,34.37863,120,16.379666666666665,0.16012040287660678,16.17,16.74,120,415.81666666666666,0.7216150575732937,414,417
P2,2025-07-20,4,120,33.887664666666666,0.18550409907783155,33.73391,34.3718,120,16.340833333333332,0.16588232810854608,16.1,16.69,120,415.10833333333335,0.977011678910895,412,418
P2,2025-07-20,5,120,33.88092525,0.1860033710906332,33.74914,34.35773,120,16.341833333333334,0.1602623024988753,16.11,16.69,120,415.0833333333333,0.8942705898972855,412,417
P2,2025-07-20,6,120,33.93689325,0.18618385730583986,33.7923,34.42434,120,16.426416666666668,0.1659087317862235,16.19,16.79,120,415.075,0.9089887261136148,413,417
P2,2025-07-20,7,120,34.07936708333333,0.18891128533445206,33.91027,34.61965,120,16.59925,0.17180780007923777,16.31,16.99,120,412.10833333333335,1.2216247160150844,410,414
P2,2025-07-20,8,120,34.26101258333333,0.19645566846345214,34.05578,34.78117,120,16.747833333333332,0.1703539732159955,16.48,17.11,120,410.0083333333333,0.0912870929175326,410,411
P2,2025-07-20,9,120,34.42772658333333,0.19316230073708437,34.23898,34.98371,120,16.87225,0.17021717467582909,16.59,17.27,120,410.0,0.0,410,410
P2,2025-07-20,10,120,34.650788,0.19951398585629904,34.43254,35.21574,120,17.124000000000002,0.1950496596969595,16.79,17.61,120,410.0,0.0,410,410
P2,2025-07-20,11,120,34.902077166666665,0.19703645415042817,34.67316,35.45441,120,17.51291666666667,0.2041312637229574,17.11,17.99,120,409.3666666666667,0.4839149403228668,409,410
P2,2025-07-20,12,120,35.09762908333333,0.1895040194247708,34.90734,35.60617,120,17.782333333333334,0.17519608862011513,17.48,18.15,120,409.0,0.0,409,409
P2,2025-07-20,13,120,35.246120166666664,0.1919424795534207,35.07219,35.78156,120,17.94783333333333,0.19232842766901528,17.59,18.38,120,409.0,0.0,409,409
P2,2025-07-20,14,120,35.3638705,0.18314759072852638,35.24133,35.82238,120,18.13975,0.17363374231579587,17.86,18.48,120,409.0,0.0,409,409
P2,2025-07-20,15,120,35.401987250000005,0.18830069978476635,35.26262,35.86164,120,18.1255,0.17631546403291654,17.86,18.47,120,410.0083333333333,0.15855616046818088,409,411
P2,2025-07-20,16,120,35.3939965,0.18068635756795914,35.26613,35.87434,120,18.093916666666665,0.17141671585989074,17.85,18.43,120,410.56666666666666,0.7749582079633,410,413
P2,2025-07-20,17,120,35.31582875,0.19206642244160366,35.12199,35.83,120,17.897,0.2039096850663683,17.54,18.39,120,414.0083333333333,1.4406804725856952,410,417
P2,2025-07-20,18,123,35.13394300813008,0.19442059159450767,34.94152,35.67824,123,17.662926829268294,0.1809208309210838,17.36,18.11,123,417.7560975609756,1.0027949745065543,416,420
P2,2025-07-20,19,118,35.08925635593221,0.19344218635283486,34.65656,35.5007,118,17.745254237288137,0.27520842719781413,17.29,18.11,118,419.5,1.0106272910265068,417,422
P2,2025-07-20,20,69,35.01452246376812,0.20856880609924372,34.72824,35.3632,69,17.645507246376813,0.27442204631833206,17.23,17.99,69,420.1304347826087,1.2708617210643856,418,423
P2,2025-07-20,21,21,35.137013333333336,0.015368003231823236,35.10578,35.15969,21,17.90285714285714,0.030682708019805095,17.85,17.97,21,421.76190476190476,0.9436504599035611,420,423
P2,2025-07-20,22,16,35.097785625,0.008957209363594457,35.08039,35.12043,16,17.84625,0.019278658321228947,17.82,17.88,16,421.875,0.7187952884282462,421,423
P2,2025-07-20,23,13,35.068761538461544,0.01222168281249376,35.04778,35.08644,13,17.82923076923077,0.019774368283857872,17.8,17.87,13,421.6923076923077,0.7510676161988067,421,423
P2,2025-07-21,0,11,35.051804545454544,0.017078676976648003,35.01672,35.07258,11,17.784545454545455,0.02067057636527542,17.75,17.82,11,422.54545454545456,0.6875516509523332,422,424
P2,2025-07-21,1,12,35.027054166666666,0.011182256609414364,35.00207,35.04641,12,17.756666666666668,0.0339339822525319,17.69,17.82,12,423.6666666666667,1.0730867399773187,422,425
P2,2025-07-21,2,12,34.99225666666667,0.013643470188624189,34.96672,35.01203,12,17.699166666666667,0.017298624923455935,17.67,17.73,12,421.6666666666667,0.9847319278346679,420,423
P2,2025-07-21,3,8,34.9832475,0.013796318090604309,34.96164,35.00461,8,17.69625,0.019955307206711487,17.67,17.72,8,421.625,0.916125381312901,420,423
P2,2025-07-21,4,6,34.96779333333333,0.005236757266346558,34.95871,34.97297,6,17.706666666666667,0.028047578623948525,17.67,17.74,6,420.6666666666667,0.8164965809277303,420,422
P2,2025-07-21,5,7,34.97321857142857,0.005248585296923086,34.96437,34.97961,7,17.68857142857143,0.012149857925879517,17.67,17.71,7,421.0,0.8164965809277246,420,422
P2,2025-07-21,6,9,34.95858111111111,0.01153784581761931,34.93898,34.97395,9,17.66444444444444,0.016666666666667475,17.65,17.7,9,420.55555555555554,0.8819171036881973,419,422
P2,2025-07-21,7,5,34.941796,0.009886436668487994,34.92961,34.95656,5,17.651999999999997,0.014832396974191968,17.63,17.67,5,420.6,0.54772255750517,420,421
P2,2025-07-21,8,59,34.01891016949153,0.29417693664429007,33.79445,34.96066,59,15.925762711864406,0.4867032069845756,15.41,17.66,59,470.93220338983053,13.47777788752676,419,487
P2,2025-07-21,9,120,33.72055833333334,0.22642267422288184,33.45891,34.42648,120,14.695,0.6539794152955052,13.64,16.14,120,521.225,37.08234364335726,487,598
P2,2025-07-21,10,120,33.15720041666667,0.583847891377715,31.77453,34.07941,120,13.672416666666667,0.49727998949805086,12.47,14.46,120,590.6166666666667,15.26911714459453,564,620
P2,2025-07-21,11,120,31.621266666666667,0.3106372135074708,31.14016,32.58957,120,13.237916666666667,0.7628384586566185,12.26,14.87,120,543.85,26.7703115378198,507,591
P2,2025-07-21,12,120,31.412312333333333,0.33010485156962677,30.96828,32.49191,120,13.855083333333333,0.695934165525086,12.35,15.02,120,535.0333333333333,24.972231076336968,504,586
P2,2025-07-21,13,120,31.65311708333333,0.38089913511994344,31.14524,32.66809,120,13.6575,0.5749113925151397,12.82,15.21,120,734.0,116.3185281887626,554,958
P2,2025-07-21,14,120,31.40075158333333,0.40838832066484887,30.96066,32.59387,120,13.514000000000001,0.7883771225720327,12.58,15.56,120,1136.425,79.89148759358503,965,1240
P2,2025-07-21,15,120,31.3534765,0.39935310709189287,30.82355,32.50578,120,13.703416666666667,0.7045035153079316,12.7,15.63,120,1304.4333333333334,49.76950794983431,1064,1364
P2,2025-07-21,16,120,32.200286750000004,0.24936486462852384,31.56203,32.81008,120,13.184750000000001,0.16585385132700461,12.88,13.67,120,767.9916666666667,74.96155830884014,685,1045
P2,2025-07-21,17,120,32.32876675,0.2045009371068619,32.06945,32.87024,120,12.987166666666667,0.25778364758763417,12.5,13.58,120,711.4,10.295140405374944,691,735
P2,2025-07-21,18,120,32.14327316666667,0.18793988506959422,31.97883,32.65227,120,12.259333333333332,0.2320197518878625,11.89,12.92,120,684.3833333333333,9.345994813160363,666,703
P2,2025-07-21,19,120,32.24438166666667,0.20141089932510114,31.99328,32.78976,120,12.364416666666667,0.301756192512909,11.82,12.96,120,636.1666666666666,17.580228262747717,603,670
P2,2025-07-21,20,120,32.264556,0.1949279672015037,32.08899,32.87473,120,12.379916666666666,0.18605364652097878,11.99,12.84,120,565.7916666666666,16.87666373165876,534,602
P2,2025-07-21,21,120,32.65790991666667,0.21059497714606626,32.34484,33.25129,120,13.283333333333333,0.38067020361668574,12.44,14.05,120,501.09166666666664,15.253045340418469,479,533
P2,2025-07-21,22,120,32.932831916666665,0.1936138035928098,32.72922,33.4718,120,14.198083333333333,0.2754257081833357,13.65,14.84,120,460.7083333333333,9.178341177942304,446,478
P2,2025-07-21,23,120,33.11331416666666,0.18820475419112057,32.92609,33.61926,120,14.85075,0.19471661157571882,14.43,15.34,120,435.525,5.761306020237391,425,446
P2,2025-07-22,0,120,33.2370735,0.19174960832692572,33.0761,33.73488,120,15.209166666666667,0.1831405913239236,14.84,15.69,120,418.875,4.261538957432395,411,426
P2,2025-07-22,1,120,33.311538,0.1824418307969368,33.17902,33.81047,120,15.480083333333333,0.16507444632386836,15.21,15.92,120,410.43333333333334,0.7857270179768151,410,413
P2,2025-07-22,2,120,33.372647916666665,0.18443128012596038,33.24269,33.84367,120,15.66875,0.16423779900451863,15.41,16.06,120,410.0,0.0,410,410
P2,2025-07-22,3,120,33.408076,0.18908500921965435,33.27922,33.87082,120,15.776833333333334,0.16810852503807192,15.5,16.19,120,410.0,0.0,410,410
P2,2025-07-22,4,120,33.44086633333333,0.18525414952851943,33.31379,33.91242,120,15.908666666666667,0.1621594470714236,15.65,16.28,120,410.0,0.0,410,410
P2,2025-07-22,5,120,33.46903833333333,0.18467957968281334,33.34484,33.94601,120,16.020500000000002,0.16378326527210654,15.76,16.44,120,410.0,0.0,410,410
P2,2025-07-22,6,120,33.52324891666667,0.1859593442094723,33.38274,34.01516,120,16.206416666666666,0.168885600151035,15.93,16.62,120,410.0,0.0,410,410
P2,2025-07-22,7,120,33.34505841666667,0.5448972109929533,31.72453,34.09309,120,16.17025,0.5711693188156204,14.42,17.08,120,409.4166666666667,0.9036186201291865,407,410
P2,2025-07-22,8,120,31.501434,0.396647986732346,30.88371,32.66438,120,15.00775,0.7587212400928727,13.55,16.67,120,410.64166666666665,3.4490184533163353,408,425
P2,2025-07-22,9,120,31.755647833333335,0.338095731389053,31.11848,32.64153,120,14.300749999999999,0.511381655399362,12.96,15.09,120,465.96666666666664,39.805817178303144,422,608
P2,2025-07-22,10,120,30.687271416666665,0.5186940670362902,29.96848,32.03586,120,12.960666666666667,0.5717402791291797,12.24,14.58,120,824.7666666666667,116.84376794011129,614,1002
P2,2025-07-22,11,120,31.8853415,0.2990076866290867,31.20031,32.62727,120,13.218166666666667,0.17663513803543035,12.74,13.63,120,678.1,5.854539286066932,666,689
P2,2025-07-22,12,120,31.790178333333333,0.34309076437910735,31.16887,32.67355,120,13.058333333333334,0.3542380468520218,12.25,13.78,120,641.4916666666667,28.376814963116903,596,685
P2,2025-07-22,13,120,31.792944166666665,0.49534637312596813,30.96887,32.88586,120,13.244833333333332,0.7494894434015107,12.23,14.8,120,1006.2666666666667,149.6161887015191,678,1207
P2,2025-07-22,14,120,31.312239583333334,0.3223137165943574,30.82102,32.33977,120,13.113583333333334,0.7197359411131076,12.01,15.11,120,1307.125,48.56678023976004,1214,1358
P2,2025-07-22,15,120,31.626455333333336,0.32141758095105244,30.97141,32.51789,120,13.207083333333333,0.6520586608571969,12.41,15.04,120,963.6,183.47204123780367,750,1220
P2,2025-07-22,16,120,31.630535249999998,0.4836507699263587,30.32043,32.42062,120,12.529333333333334,0.28624410260214705,11.77,13.18,120,759.1583333333333,11.301815005076143,723,779
P2,2025-07-22,17,120,30.550363,0.5073863923187663,29.64836,31.6302,120,13.2005,0.9928203185239263,11.39,14.97,120,789.0,35.773799153603356,717,844
P2,2025-07-22,18,120,31.41159683333333,0.38454899435634277,30.4968,32.1841,120,12.767083333333334,0.27649485485611625,12.28,13.49,120,710.5416666666666,45.505359520588904,659,824
P2,2025-07-22,19,120,31.759268833333334,0.18733188453921557,31.5927,32.32668,120,12.524750000000001,0.2051765482855816,12.18,13.14,120,610.95,21.65305109791084,582,658
P2,2025-07-22,20,120,31.926886333333336,0.19584899140281992,31.72512,32.43078,120,13.151666666666667,0.255653170168817,12.75,13.9,120,560.9833333333333,17.072747625516893,521,585
P2,2025-07-22,21,120,32.196658416666665,0.22953687808278844,31.87766,32.84055,120,13.758666666666667,0.31778099676469423,13.26,14.55,120,511.89166666666665,15.759108788377604,488,537
P2,2025-07-22,22,120,32.49191608333334,0.19424171752151742,32.29211,33.03606,120,14.586583333333332,0.24482370894050146,14.13,15.16,120,472.725,8.861172504316842,458,487
P2,2025-07-22,23,120,32.66948741666667,0.1890591513034737,32.48742,33.18098,120,15.147583333333333,0.19962989214427404,14.73,15.65,120,446.025,6.1922457608710895,435,458
P2,2025-07-23,0,120,32.794458750000004,0.18775531593392758,32.62688,33.28703,120,15.5205,0.18537198577251002,15.18,16.01,120,428.75,4.819864358773428,420,437
P2,2025-07-23,1,120,32.89144091666667,0.1850142115413362,32.74094,33.37336,120,15.85075,0.18088560152852237,15.51,16.28,120,415.93333333333334,2.966857073800282,410,422
P2,2025-07-23,2,120,32.956276333333335,0.18396113873933964,32.82727,33.43605,120,16.106,0.17139761625279948,15.81,16.53,120,410.10833333333335,0.33795811319529634,410,412
P2,2025-07-23,3,120,33.00617558333333,0.18867432442920437,32.88117,33.47219,120,16.263666666666666,0.16620799631550706,16.0,16.65,120,410.0,0.0,410,410
P2,2025-07-23,4,120,33.04371116666667,0.184857760809225,32.91555,33.51555,120,16.36875,0.16750047033672683,16.12,16.74,120,410.0,0.0,410,410
P2,2025-07-23,5,120,33.083804083333334,0.18462979193895346,32.94914,33.55168,120,16.472,0.16585201462841065,16.21,16.84,120,410.0,0.0,410,410
P2,2025-07-23,6,120,33.16256725,0.18600763244917806,33.01203,33.66555,120,16.652666666666665,0.16952099264332549,16.38,17.03,120,410.0,0.0,410,410
P2,2025-07-23,7,120,32.342398333333335,1.037238612895428,30.59348,33.72141,120,15.737916666666667,1.2952738238347543,13.43,17.41,120,408.7583333333333,1.302846485041679,407,410
P2,2025-07-23,8,120,31.017158,0.6132016227135145,29.84895,32.18859,120,14.280083333333332,0.6763427302747611,12.79,15.96,120,415.1333333333333,9.90622699787024,408,443
P2,2025-07-23,9,120,31.601204583333335,0.3155937023205089,31.00383,32.36418,120,13.6455,0.43296680253899716,12.46,14.43,120,528.3416666666667,64.21647944642402,445,647
P2,2025-07-23,10,120,31.590835000000002,0.3646383475963779,30.78137,32.37297,120,13.074916666666667,0.24892371965580812,12.27,13.52,120,566.025,37.12152708482305,528,640
P2,2025-07-23,11,120,32.05827308333333,0.2061729200925464,31.81242,32.65266,120,13.08925,0.15086396844439054,12.87,13.56,120,526.0,8.903780709584469,514,546
P2,2025-07-23,12,117,32.30924863247863,0.19147843910723128,32.11789,32.82375,117,13.484786324786326,0.19828401039139132,13.13,13.98,117,595.4786324786324,35.87973164533627,545,663
P2,2025-07-23,13,93,31.345026344086023,0.5858215667163229,30.55734,32.81203,93,12.880537634408602,0.6771493406527959,11.58,13.92,93,671.494623655914,17.654672774671873,647,722
P2,2025-07-23,14,120,32.289466999999995,0.22161973982476707,31.95344,32.86848,120,14.025749999999999,0.2130477616392522,13.62,14.67,120,633.6583333333333,16.45288451802853,583,648
P2,2025-07-23,15,120,31.642916749999998,0.5135527956889544,30.70402,32.85891,120,13.165333333333333,0.6210575601320689,12.15,14.44,120,634.4333333333333,48.40250242390735,548,704
P2,2025-07-23,16,119,32.15134151260504,0.19606827209270886,31.90559,32.68898,119,13.869243697478993,0.16163968962104858,13.63,14.33,119,707.2941176470588,23.57726315724628,644,732
P2,2025-07-23,17,121,32.080402314049586,0.22613517188383866,31.73508,32.71496,121,13.476694214876034,0.4245593567252045,12.65,14.27,121,727.9256198347107,13.634004846495666,697,750
P2,2025-07-23,18,120,31.800328166666667,0.19037213978598488,31.64094,32.3302,120,12.862416666666666,0.17156715045382667,12.48,13.31,120,702.5916666666667,22.017371229425734,670,735
P2,2025-07-23,19,120,31.748870500000002,0.1892053712921449,31.5673,32.2675,120,12.947666666666667,0.21009694974301016,12.58,13.47,120,634.45,23.58601280420204,601,672
P2,2025-07-23,20,120,31.705287833333333,0.18982500379079145,31.5302,32.21106,120,13.400333333333332,0.22299313526507977,12.88,13.88,120,582.9333333333333,12.043850785222046,558,601
P2,2025-07-23,21,120,31.89831033333333,0.2294755916202622,31.6091,32.54543,120,13.801166666666667,0.3320832722674967,13.2,14.57,120,556.65,11.427998935240733,536,575
P2,2025-07-23,22,120,32.214912166666664,0.19740897539973618,31.99309,32.76067,120,14.634916666666667,0.2564167951385617,14.12,15.27,120,517.1166666666667,10.956125897317675,499,535
P2,2025-07-23,23,120,32.3988285,0.18997210159022024,32.2218,32.93527,120,15.227,0.21134861081662734,14.81,15.76,120,488.6333333333333,6.132888791586945,477,501
P2,2025-07-24,0,120,32.532322666666666,0.18631552599405762,32.3759,33.02394,120,15.606833333333332,0.17623028924092046,15.27,16.05,120,470.93333333333334,3.882157706660511,464,478
P2,2025-07-24,1,120,32.61998575,0.18641372875499396,32.47824,33.11028,120,15.890333333333333,0.1798315427101194,15.58,16.34,120,458.625,3.4129326456432687,453,464
P2,2025-07-24,2,120,32.69033041666667,0.1852374183681321,32.54699,33.16262,120,16.14725,0.1751780007100571,15.84,16.57,120,451.45,1.913464015291361,448,455
P2,2025-07-24,3,120,32.753966,0.1846605151336145,32.61574,33.2259,120,16.383666666666667,0.17571909082268705,16.06,16.79,120,445.10833333333335,1.9219905356291098,442,451
P2,2025-07-24,4,120,32.797294916666665,0.1890048832013144,32.66555,33.26144,120,16.546833333333332,0.17049105219791508,16.29,16.92,120,441.2083333333333,1.47753959314127,438,444
P2,2025-07-24,5,120,32.82803908333333,0.185838575736919,32.69914,33.29719,120,16.641333333333332,0.1696508195094391,16.4,17.01,120,438.6333333333333,1.1877054591535219,436,441
P2,2025-07-24,6,120,32.89303758333333,0.18825271610524275,32.73235,33.4132,120,16.77725,0.1766873633561487,16.51,17.21,120,435.45,2.343774159539291,429,440
P2,2025-07-24,7,120,33.042513666666665,0.19384857585123186,32.8509,33.6218,120,16.965416666666666,0.19093267691740604,16.69,17.53,120,429.3833333333333,1.5887383786685516,426,433
P2,2025-07-24,8,114,31.809831315789474,0.6770564160458725,30.5925,33.61203,114,14.655350877192983,1.11827472982756,13.19,17.66,114,459.5438596491228,36.931445783047,415,530
P2,2025-07-24,9,120,31.835075,0.2925178902091942,31.22512,32.62082,120,13.978333333333333,0.5802337015887518,12.9,15.69,120,630.825,84.29975153725958,533,829
P2,2025-07-24,10,120,32.03801125,0.3650467561731532,31.28215,32.86262,120,14.791833333333333,0.6272334658867393,13.43,16.16,120,871.8166666666667,95.57512627197914,639,1014
P2,2025-07-24,11,120,32.31985375,0.20562423280769684,32.06652,32.9175,120,13.990333333333332,0.16349097748771318,13.68,14.45,120,678.9,12.09791981563544,639,694
P2,2025-07-24,12,120,31.951100333333333,0.36347963278377354,31.21867,32.93742,120,13.632583333333335,0.6908288723065376,12.04,14.88,120,648.6833333333333,28.87876232052324,598,711
P2,2025-07-24,13,120,31.5355515,0.5073349452697385,30.73293,32.6716,120,13.90225,0.8241159893276835,12.59,15.52,120,892.725,115.72024818646085,712,1084
P2,2025-07-24,14,120,32.03210325,0.2032211348896063,31.45695,32.56418,120,13.8485,0.7378274376377539,13.11,16.06,120,813.1333333333333,123.19131349201503,711,1158
P2,2025-07-24,15,120,32.0653645,0.1909853602504653,31.90305,32.57199,120,13.3545,0.17798050124530293,13.06,13.84,120,719.625,14.109453592264556,681,737
P2,2025-07-24,16,120,31.89250816666667,0.1880447830980485,31.73313,32.45949,120,12.963833333333334,0.17693555458468552,12.69,13.47,120,731.975,9.737273530014452,698,742
P2,2025-07-24,17,120,32.02908225,0.19510958679573065,31.78801,32.54445,120,13.377,0.15962982388096805,12.99,13.75,120,723.975,5.635217144787608,699,732
P2,2025-07-24,18,120,32.02120775,0.192192317519152,31.81418,32.5384,120,13.37375,0.15465908564681594,13.05,13.8,120,698.1833333333333,16.14169575158371,662,729
P2,2025-07-24,19,120,31.834992,0.2050699562768649,31.56008,32.39738,120,13.255916666666668,0.27110262199518037,12.75,13.94,120,663.5666666666667,18.531251520422604,637,690
P2,2025-07-24,20,120,31.850398666666667,0.18682471397314723,31.68117,32.34348,120,13.72975,0.1469091212823985,13.52,14.13,120,603.4166666666666,22.026181263769303,551,638
P2,2025-07-24,21,120,31.86847675,0.1963037481551717,31.68723,32.45852,120,14.056999999999999,0.2943404534225784,13.66,14.86,120,533.35,14.282062558481186,510,560
P2,2025-07-24,22,120,32.12185708333333,0.19117151306894095,31.9132,32.65988,120,14.898249999999999,0.2369117216719046,14.4,15.48,120,492.35833333333335,9.851669511146886,475,511
P2,2025-07-24,23,120,32.279686,0.18741768436419426,32.11438,32.79269,120,15.304,0.16809561104853735,15.0,15.7,120,463.15,7.8928219703387805,450,478
P2,2025-07-25,0,120,32.39253108333333,0.18587426267697135,32.24562,32.88332,120,15.416,0.15679778767089603,15.21,15.8,120,443.025,4.64986220090382,435,451
P2,2025-07-25,1,120,32.48202025,0.18944398480534613,32.3261,32.97199,120,15.48325,0.16027372856219085,15.25,15.85,120,428.075,4.1427520995085505,421,436
P2,2025-07-25,2,120,32.54724933333333,0.1864127876412749,32.39777,33.03059,120,15.5665,0.16113906515593177,15.3,15.93,120,417.56666666666666,3.30706738332786,412,423
P2,2025-07-25,3,120,32.6153095,0.18559629090147928,32.47473,33.0925,120,15.654833333333332,0.162268494865055,15.42,16.03,120,410.5416666666667,1.0033208166207164,410,414
P2,2025-07-25,4,120,32.66675208333333,0.18395511847075524,32.53156,33.12707,120,15.702499999999999,0.15750283444161528,15.49,16.04,120,410.0,0.0,410,410
P2,2025-07-25,5,120,32.71940433333334,0.18511937562417646,32.56984,33.20344,120,15.747916666666667,0.15910408745301816,15.51,16.1,120,410.0,0.0,410,410
P2,2025-07-25,6,120,32.81014183333333,0.18620520666696833,32.65988,33.31242,120,15.7995,0.15904573624743099,15.57,16.17,120,410.0,0.0,410,410
P2,2025-07-25,7,120,32.49390208333333,0.7471974729534753,30.67805,33.44719,120,15.52025,0.7443472832967567,13.63,16.61,120,408.975,1.0245925609561446,407,410
P2,2025-07-25,8,120,30.908638083333337,0.5133762250329362,29.93098,32.05168,120,14.114333333333333,0.6260114281091429,12.74,15.59,120,417.3666666666667,14.500613335816025,407,447
P2,2025-07-25,9,120,31.770779416666667,0.20687079614981288,31.51184,32.34582,120,13.90275,0.17763129834367722,13.6,14.41,120,486.9916666666667,27.168783320473647,446,533
P2,2025-07-25,10,120,31.930858249999996,0.2284919381571133,31.49602,32.48879,120,13.901166666666667,0.3136319722311513,13.36,14.69,120,606.3666666666667,24.8534979136422,534,676
P2,2025-07-25,11,120,32.04803541666667,0.1938089796373198,31.86301,32.56789,120,13.205666666666668,0.17542138143460712,12.93,13.8,120,616.5916666666667,7.162572930196987,595,627
P2,2025-07-25,12,120,31.34537925,0.49203696944379466,30.45891,32.5468,120,12.581166666666666,0.6024364861858513,11.55,13.62,120,575.0166666666667,46.097263509683856,501,653
P2,2025-07-25,13,120,31.8133915,0.19433121042166598,31.64094,32.40149,120,13.077333333333334,0.21637088192133688,12.69,13.75,120,657.5666666666667,5.058869128841565,646,670
P2,2025-07-25,14,120,31.457574583333333,0.4036541849196954,30.82277,32.41769,120,12.895333333333333,0.482150179423598,12.15,13.86,120,689.8583333333333,27.716237947065878,639,749
P2,2025-07-25,15,120,31.99713716666667,0.19273674537335844,31.76516,32.51067,120,13.841166666666668,0.22237141817024833,13.4,14.39,120,666.5083333333333,21.402110880472925,608,692
P2,2025-07-25,16,120,31.82890133333333,0.1918249543572833,31.65441,32.38762,120,13.094833333333334,0.20398543090723048,12.8,13.75,120,682.375,9.222791006500117,646,695
P2,2025-07-25,17,120,31.864251000000003,0.18858972768660331,31.66145,32.36867,120,13.558166666666667,0.24316188657195312,12.99,14.34,120,675.2333333333333,7.341299467475088,654,686
P2,2025-07-25,18,120,31.818436166666668,0.1869812141608014,31.63176,32.31984,120,13.516833333333333,0.16400954744362034,13.2,13.93,120,645.1333333333333,17.02589887474373,616,676
P2,2025-07-25,19,120,31.666525583333335,0.1873397095549343,31.47922,32.21984,120,13.476833333333333,0.1844363812036114,13.16,14.0,120,598.7083333333334,15.384918858782585,570,621
P2,2025-07-25,20,120,31.664559,0.1927661529244092,31.45266,32.26281,120,13.642333333333333,0.18801811701251048,13.29,14.12,120,538.4833333333333,15.126904815583258,519,573
P2,2025-07-25,21,120,31.973929166666668,0.19702850052159632,31.73606,32.52824,120,14.2765,0.2414509710657045,13.78,14.86,120,498.09166666666664,11.637375193769454,480,521
P2,2025-07-25,22,120,32.178077583333334,0.18897135476309834,31.97707,32.69094,120,14.827916666666665,0.19462049186645783,14.43,15.32,120,464.7,7.808205121978445,453,480
P2,2025-07-25,23,120,32.30111,0.18571000116970912,32.1382,32.79133,120,15.250166666666667,0.19285115666609615,14.86,15.72,120,444.01666666666665,5.452596842324732,435,454
P2,2025-07-26,0,120,32.40151358333333,0.18337897013761573,32.2552,32.87727,120,15.564583333333333,0.17251425873761028,15.25,16.02,120,428.05,3.7726347701896072,421,435
P2,2025-07-26,1,120,32.47622775,0.18094970236408675,32.3423,32.96027,120,15.851833333333333,0.1827519940151861,15.52,16.37,120,417.7583333333333,2.933423254287609,412,423
P2,2025-07-26,2,120,32.535335333333336,0.18102769086631917,32.39484,33.02063,120,16.094666666666665,0.17676805927177863,15.78,16.51,120,411.3,1.3067375502410732,410,415
P2,2025-07-26,3,120,32.599739916666664,0.1837952621964867,32.47277,33.06613,120,16.273999999999997,0.1677302756754162,16.01,16.65,120,410.025,0.1567795647805397,410,411
P2,2025-07-26,4,120,32.65075891666667,0.18794783667885667,32.51281,33.10891,120,16.426166666666667,0.170777674201292,16.12,16.82,120,410.0,0.0,410,410
P2,2025-07-26,5,120,32.67480866666667,0.1837617810637451,32.54797,33.13977,120,16.551416666666668,0.17171060192173548,16.28,16.96,120,410.0,0.0,410,410
P2,2025-07-26,6,120,32.73071125,0.18585493545472018,32.57434,33.23742,120,16.72975,0.1783182995835995,16.41,17.18,120,410.0,0.0,410,410
P2,2025-07-26,7,120,32.81764358333333,0.18534161044137237,32.66906,33.30363,120,16.8555,0.1725822176492695,16.56,17.26,120,410.0,0.0,410,410
P2,2025-07-26,8,120,32.917265916666665,0.18594642460311445,32.76008,33.41008,120,16.98375,0.17311803181984367,16.69,17.38,120,409.9166666666667,0.2775442529128175,409,410
P2,2025-07-26,9,120,33.06891766666667,0.19092064497288413,32.86398,33.58918,120,17.245749999999997,0.19028356769425314,16.89,17.68,120,409.03333333333336,0.18025814045108035,409,410
P2,2025-07-26,10,120,33.24464425,0.18922686416162332,33.04152,33.76086,120,17.492166666666666,0.1778167470127816,17.16,17.9,120,409.0,0.0,409,409
P2,2025-07-26,11,120,33.37516158333333,0.1849264527073324,33.22336,33.86418,120,17.636833333333335,0.17123860856835377,17.4,18.0,120,409.0,0.0,409,409
P2,2025-07-26,12,120,33.453813333333336,0.18382001118802377,33.30539,33.92473,120,17.667333333333332,0.1723233882560811,17.41,18.02,120,409.0,0.0,409,409
P2,2025-07-26,13,120,33.54091475,0.1828917679893122,33.38508,34.01711,120,17.737166666666667,0.17094980998823583,17.49,18.08,120,409.0,0.0,409,409
P2,2025-07-26,14,120,33.623796,0.18872495246973897,33.45988,34.10735,120,17.828333333333333,0.1769647609289602,17.54,18.21,120,409.0,0.0,409,409
P2,2025-07-26,15,120,33.71630416666667,0.17882999230800173,33.56281,34.19289,120,17.936500000000002,0.17269806556165945,17.67,18.29,120,409.3333333333333,0.4733810683311162,409,410
P2,2025-07-26,16,120,33.751322,0.17366034432939775,33.64426,34.21672,120,17.93933333333333,0.17278603533156955,17.69,18.3,120,410.0,0.0,410,410
P2,2025-07-26,17,120,33.73117058333334,0.17897722417560905,33.59445,34.20793,120,17.876583333333333,0.17415580696043248,17.61,18.27,120,410.03333333333336,0.18025814045108024,410,411
P2,2025-07-26,18,120,33.66093275,0.18302367688574367,33.53078,34.13644,120,17.761833333333335,0.17616351902188426,17.46,18.14,120,411.3,0.8560216756856914,410,413
P2,2025-07-26,19,120,33.58254816666667,0.18352788504717135,33.44484,34.05441,120,17.629416666666668,0.1759740996666884,17.35,18.01,120,411.725,0.7665540046316395,410,414
P2,2025-07-26,20,120,33.527710750000004,0.18447833662147592,33.37941,33.9968,120,17.524583333333332,0.17343730048314185,17.24,17.92,120,413.2916666666667,0.8239669705925351,411,416
P2,2025-07-26,21,120,33.48916066666666,0.18365044576990464,33.36594,33.96692,120,17.462750000000003,0.1755948473622395,17.2,17.86,120,413.725,0.9254796621439229,411,416
P2,2025-07-26,22,120,33.46212441666667,0.18391701432798566,33.32258,33.92824,120,17.3945,0.1725919557606243,17.14,17.77,120,413.93333333333334,0.9233964827882221,412,416
P2,2025-07-26,23,120,33.44665375,0.18694067342774245,33.31477,33.90363,120,17.328,0.16893437639927464,17.08,17.72,120,413.30833333333334,1.043554312070482,411,416
P2,2025-07-27,0,118,33.414962372881355,0.18114008137764762,33.16125,33.87981,118,17.30906779661017,0.1891591257420953,17.02,17.89,118,413.1864406779661,0.7947386017859889,412,415
P2,2025-07-27,1,120,33.41822766666667,0.18238744188549583,33.29192,33.87824,120,17.212750000000003,0.16927905706159868,16.97,17.59,120,412.525,0.839792891634782,411,415
P2,2025-07-27,2,120,33.41387041666667,0.18676454608574633,33.28683,33.8718,120,17.184666666666665,0.17069769500855134,16.94,17.54,120,412.05,0.8873527810195766,410,415
P2,2025-07-27,3,120,33.4174525,0.18302858338214295,33.29602,33.8757,120,17.18575,0.16513128212466138,16.96,17.55,120,411.76666666666665,0.932452565611161,410,414
P2,2025-07-27,4,120,33.414001,0.18350236386818033,33.29113,33.87824,120,17.168583333333334,0.16825498773099867,16.92,17.53,120,410.9916666666667,0.7938400801352895,410,413
P2,2025-07-27,5,120,33.435311166666665,0.18367869018260866,33.30383,33.90891,120,17.191333333333333,0.17116473628285284,16.94,17.58,120,410.1333333333333,0.36514837167012243,410,412
P2,2025-07-27,6,120,33.46662008333333,0.18410766820420402,33.33684,33.95012,120,17.307916666666664,0.18205593301262654,17.01,17.76,120,410.01666666666665,0.12855586584928635,410,411
P2,2025-07-27,7,120,33.590677416666665,0.1877580882322594,33.41066,34.11711,120,17.523500000000002,0.1756412022640844,17.21,17.9,120,410.0,0.0,410,410
P2,2025-07-27,8,120,33.784531333333334,0.1883571416975196,33.58059,34.30227,120,17.676916666666667,0.173509478748818,17.39,18.06,120,409.95,0.218858766477073,409,410
P2,2025-07-27,9,120,33.94955091666667,0.19378385336989074,33.74895,34.48684,120,17.785666666666668,0.1766529776420561,17.5,18.16,120,409.26666666666665,0.44407080466053545,409,410
P2,2025-07-27,10,120,34.144380500000004,0.18955834093110677,33.95246,34.67375,120,17.896916666666666,0.1742537309359493,17.64,18.28,120,409.0,0.0,409,409
P2,2025-07-27,11,120,34.29258766666667,0.1827003820086501,34.14992,34.76242,120,17.933,0.1754734292414324,17.66,18.29,120,409.0,0.0,409,409
P2,2025-07-27,12,120,34.38555225,0.19001178206928812,34.20852,34.87746,120,18.053,0.17816808228809858,17.75,18.43,120,409.0,0.0,409,409
P2,2025-07-27,13,120,34.47506666666666,0.18469059782037825,34.33469,34.9552,120,18.141000000000002,0.17616550659617128,17.88,18.5,120,409.0,0.0,409,409
P2,2025-07-27,14,121,34.531588760330585,0.18192046972770926,34.4132,34.9884,121,18.173388429752066,0.17443505820700267,17.93,18.53,121,409.0,0.0,409,409
P2,2025-07-27,15,120,34.480211499999996,0.18600784286189176,34.29953,34.97512,120,18.04625,0.18707416630170548,17.67,18.46,120,409.21666666666664,0.4137009298802345,409,410
P2,2025-07-27,16,120,34.36218275,0.18373795062745482,34.22805,34.84387,120,17.858999999999998,0.17664663487722002,17.6,18.23,120,410.51666666666665,0.8597765327540372,410,413
P2,2025-07-27,17,120,34.29458983333333,0.1833207265051018,34.1552,34.77238,120,17.731333333333335,0.17346170639491038,17.47,18.11,120,412.78333333333336,1.5073117778078486,410,416
P2,2025-07-27,18,120,34.221723833333336,0.18952146494774416,34.06906,34.71184,120,17.603916666666667,0.1789572778148842,17.3,18.01,120,414.675,0.8215838362577654,413,417
P2,2025-07-27,19,120,34.12126491666667,0.1832397057491036,33.97863,34.60207,120,17.416999999999998,0.1760471670945523,17.12,17.81,120,415.71666666666664,1.0057259039308755,413,418
P2,2025-07-27,20,120,34.05754475,0.18288621623110915,33.91711,34.52453,120,17.266000000000002,0.1690924862540116,17.0,17.65,120,417.675,1.0859105306940742,414,420
P2,2025-07-27,21,120,34.0079055,0.18344086781931293,33.86906,34.47629,120,17.180333333333333,0.1675374451225981,16.94,17.55,120,418.4,0.844159370034342,417,420
P2,2025-07-27,22,120,33.962951249999996,0.1831266228347512,33.84152,34.44055,120,17.122166666666665,0.16660819702681667,16.88,17.46,120,417.69166666666666,1.0108307036712771,416,420
P2,2025-07-27,23,120,33.93610391666667,0.18329806088223216,33.81516,34.39738,120,17.102500000000003,0.16730814925377274,16.87,17.46,120,417.525,0.8497404448003033,415,420
P2,2025-07-28,0,120,33.90230308333334,0.18350392598916834,33.77863,34.36125,120,17.066583333333334,0.1688990341994334,16.83,17.42,120,417.275,1.276566429426827,414,420
P2,2025-07-28,1,120,33.88358125,0.18684046214185643,33.75676,34.33996,120,17.023666666666667,0.16973005425241153,16.78,17.38,120,415.175,1.213803661112862,412,418
P2,2025-07-28,2,120,33.85185533333333,0.1821260338518649,33.72824,34.32101,120,16.991916666666665,0.16646243088564588,16.77,17.36,120,414.14166666666665,0.9640237220601616,412,417
P2,2025-07-28,3,120,33.83272458333333,0.1826730505478682,33.69524,34.30363,120,16.981583333333333,0.16435254090850282,16.74,17.32,120,412.5083333333333,1.0690122145447964,410,415
P2,2025-07-28,4,120,33.82011216666667,0.182024427537834,33.69973,34.27785,120,16.983083333333333,0.16616179132507736,16.75,17.31,120,411.84166666666664,0.7669193348106685,410,413
P2,2025-07-28,5,120,33.811364499999996,0.18204562271399874,33.69504,34.26867,120,16.982583333333334,0.1650489911141147,16.75,17.32,120,411.21666666666664,0.8010846988164975,410,413
P2,2025-07-28,6,120,33.80426475,0.18570310151115094,33.64016,34.30422,120,16.931083333333333,0.23860517591198602,16.44,17.47,120,419.525,8.127102184417662,410,435
P2,2025-07-28,7,120,33.81961,0.1916893095479192,33.64563,34.42238,120,16.85325,0.1913251554972589,16.51,17.35,120,449.45,12.10517633566929,424,477
P2,2025-07-28,8,120,32.359811083333334,0.6425727752444576,31.29406,34.1968,120,14.995583333333334,0.6084417289560389,13.87,17.28,120,437.375,20.379616814665656,410,476
P2,2025-07-28,9,120,32.92172708333333,0.198775083581333,32.69308,33.52453,120,15.218250000000001,0.2689308508167262,14.71,15.96,120,530.4333333333333,27.671461904307986,477,566
P2,2025-07-28,10,120,32.66221066666667,0.21516876812405109,32.4173,33.29192,120,14.337333333333333,0.350454047224003,13.59,15.17,120,555.4916666666667,35.691722984970134,519,625
P2,2025-07-28,11,120,32.5252705,0.19279158362261373,32.33879,33.06145,120,13.86575,0.28093380451808925,13.27,14.7,120,626.4833333333333,22.85871230606227,576,662
P2,2025-07-28,12,120,31.98060225,0.39038963281683353,31.25207,32.99465,120,13.607833333333334,0.42502038178182816,12.74,14.49,120,600.025,33.021628384688675,548,660
P2,2025-07-28,13,120,31.300234083333333,0.6806779578207415,30.00363,32.72766,120,13.336333333333332,0.7260899466624317,12.07,14.75,120,831.275,125.55222305592888,574,995
P2,2025-07-28,14,120,30.430288,0.23249708969209332,29.99367,31.09758,120,12.84225,0.29550259848990507,12.1,13.58,120,1141.3916666666667,60.24003747380941,992,1221
P2,2025-07-28,15,120,30.804254833333335,0.7703496261291273,29.89797,32.47199,120,13.68175,1.3770609687899453,12.09,16.14,120,1160.9666666666667,97.50396960963081,957,1297
P2,2025-07-28,16,120,31.502822416666667,0.38527533596662383,30.87297,32.51984,120,14.81275,0.7584503911254303,13.57,16.46,120,843.3166666666667,68.97143280675967,679,952
P2,2025-07-28,17,120,31.6290255,0.34447673704639886,31.02941,32.47766,120,15.167583333333333,0.7974117751925199,13.69,16.95,120,667.2,14.950675204673223,637,687
P2,2025-07-28,18,120,31.532276916666667,0.40629808632652825,30.6093,32.44777,120,14.878666666666668,1.2695039283474625,12.97,16.97,120,658.2583333333333,25.176852058027933,588,699
P2,2025-07-28,19,120,31.811907416666667,0.20389640119678637,31.56887,32.3882,120,13.26075,0.4506431678233706,12.58,14.23,120,592.5666666666667,41.11568702925867,498,662
P2,2025-07-28,20,120,31.8558645,0.18787548261946208,31.6843,32.36633,120,13.318916666666667,0.26222639469135983,12.9,14.03,120,534.025,27.837603037207572,486,576
P2,2025-07-28,21,120,31.9535305,0.24192596049430679,31.6343,32.63742,120,12.975166666666667,0.328607920272939,12.5,13.94,120,482.225,9.157320165039692,460,494
P2,2025-07-28,22,120,32.331354749999996,0.1976136181897823,32.10012,32.8884,120,13.309416666666667,0.22539338471026138,12.89,13.9,120,457.7,9.098526983930583,443,473
P2,2025-07-28,23,120,32.532156666666666,0.19042130389489118,32.34328,33.05129,120,13.886416666666666,0.20974091994982721,13.48,14.43,120,431.48333333333335,5.90254657096488,422,443
P2,2025-07-29,0,120,32.67004291666667,0.18637343687815067,32.50168,33.15969,120,14.343250000000001,0.182591809530338,13.99,14.81,120,415.76666666666665,3.578021925080784,410,423
P2,2025-07-29,1,120,32.748296333333336,0.18401467973471966,32.60969,33.22121,120,14.660083333333334,0.1663927511012647,14.37,15.07,120,410.175,0.44272836295109025,410,412
P2,2025-07-29,2,120,32.810512833333334,0.1834973335147695,32.68078,33.28332,120,14.893,0.1605327265778563,14.64,15.3,120,410.0,0.0,410,410
P2,2025-07-29,3,120,32.856015666666664,0.1829517548689708,32.7343,33.31633,120,15.084833333333334,0.15781588748201733,14.83,15.45,120,410.0,0.0,410,410
P2,2025-07-29,4,120,32.8915455,0.18685720028199856,32.76926,33.34348,120,15.233749999999999,0.16076007750995938,15.0,15.61,120,410.0,0.0,410,410
P2,2025-07-29,5,120,32.921354,0.18374455261073164,32.79543,33.40246,120,15.346499999999999,0.15646649707168098,15.13,15.73,120,410.0,0.0,410,410
P2,2025-07-29,6,120,33.004601916666665,0.1853760067433952,32.8509,33.49719,120,15.648,0.20323269769346972,15.27,16.17,120,409.5416666666667,0.5003500175437455,409,410
P2,2025-07-29,7,120,32.97345083333333,0.32153896806479804,32.0091,33.57492,120,15.9845,0.3154344742779793,15.02,17.01,120,408.94166666666666,0.2686984919046232,408,410
P2,2025-07-29,8,120,31.087869,0.5380646061633455,30.22863,32.32863,120,13.961666666666668,0.5605374571751274,12.86,15.25,120,417.2416666666667,14.826161203170876,408,458
P2,2025-07-29,9,120,31.8812555,0.23172200407932372,31.61086,32.52414,120,13.918416666666667,0.19604490924932783,13.49,14.46,120,509.21666666666664,35.19696877068042,458,576
P2,2025-07-29,10,120,32.187657916666666,0.19163227279426068,31.98039,32.71223,120,13.736416666666665,0.3276162846562862,13.1,14.51,120,559.4666666666667,36.06015826373488,505,619
P2,2025-07-29,11,120,32.41153958333334,0.1920861416940773,32.20031,32.94191,120,13.732833333333334,0.3857573220103461,13.13,14.75,120,606.75,47.11906071170077,522,673
P2,2025-07-29,12,120,31.6640185,0.42844366424264635,30.91945,32.82883,120,13.031583333333334,0.33663184846440214,12.38,13.96,120,592.6833333333333,57.74370835287358,517,693
P2,2025-07-29,13,120,31.256915916666667,0.6345545329824468,30.23391,32.5302,120,12.971333333333332,0.8145555403355392,11.83,14.45,120,795.3916666666667,69.88108697299012,633,899
P2,2025-07-29,14,120,30.640027666666665,0.46094101477528954,30.15832,31.96672,120,12.463166666666666,0.5005845042931062,11.95,13.77,120,893.8,122.37328208423294,620,1036
P2,2025-07-29,15,120,32.3160765,0.3373516784465049,31.51887,33.18625,120,14.519,0.5224029804179723,13.52,15.83,120,645.1333333333333,59.82466444695266,531,725
P2,2025-07-29,16,120,30.976494083333332,0.6762040754296893,29.9802,32.63195,120,13.038333333333332,0.8547261916807605,11.82,15.02,120,687.15,43.93973145115934,553,767
P2,2025-07-29,17,120,30.795882083333332,0.6031782069833568,29.77941,31.88938,120,13.715583333333333,0.8793645488669206,12.0,15.0,120,633.2333333333333,49.78031289396162,518,690
P2,2025-07-29,18,120,31.527942333333332,0.19255401481943094,31.2966,32.05285,120,14.0625,0.26934483224198374,13.6,14.76,120,588.9833333333333,37.53966716214008,512,644
P2,2025-07-29,19,120,31.610299750000003,0.1861089596796625,31.42277,32.09719,120,14.067,0.3150712871183082,13.57,14.99,120,548.0,25.089084974824218,504,580
P2,2025-07-29,20,120,31.588447416666668,0.18750137733721964,31.41613,32.11496,120,13.547833333333333,0.26281662244008114,13.13,14.41,120,542.4083333333333,20.462918228076965,492,567
P2,2025-07-29,21,120,31.92741225,0.21291347839704605,31.61906,32.52649,120,13.7485,0.34544247596623,13.1,14.53,120,508.78333333333336,18.312498984235415,482,540
P2,2025-07-29,22,120,32.21479333333333,0.1917837284233305,32.00441,32.74895,120,14.714833333333333,0.2802789226998781,14.14,15.34,120,464.48333333333335,8.800289656551936,450,481
P2,2025-07-29,23,120,32.3962015,0.19074706765216173,32.21672,32.89953,120,15.422500000000001,0.2217321042393722,14.97,15.97,120,440.44166666666666,4.929410678352354,433,449
P2,2025-07-30,0,120,32.51905141666666,0.18733640851003258,32.35812,33.02473,120,15.927,0.20512590927394608,15.53,16.44,120,426.0833333333333,3.6243419184366186,420,434
P2,2025-07-30,1,120,32.61391966666667,0.1852375378039049,32.4716,33.09758,120,16.270500000000002,0.18131105172876727,15.95,16.71,120,417.01666666666665,2.0943434555497547,413,421
P2,2025-07-30,2,120,32.674137916666666,0.1830789660269738,32.54172,33.1302,120,16.501166666666666,0.17253027177243457,16.22,16.88,120,411.325,1.3851705595309831,410,415
P2,2025-07-30,3,120,32.703833,0.18298234610902542,32.57648,33.16183,120,16.662916666666668,0.1644057076097963,16.42,17.03,120,410.0,0.0,410,410
P2,2025-07-30,4,120,32.71724141666667,0.1828502339556616,32.60149,33.17082,120,16.756666666666668,0.1645280152044473,16.53,17.11,120,410.0,0.0,410,410
P2,2025-07-30,5,120,32.727445333333335,0.18282539397534722,32.60246,33.18449,120,16.83641666666667,0.16769217413495024,16.61,17.21,120,410.0,0.0,410,410
P2,2025-07-30,6,120,32.76466333333333,0.18771415085840717,32.6341,33.23254,120,16.900083333333335,0.17120676885883043,16.65,17.27,120,410.0,0.0,410,410
P2,2025-07-30,7,120,32.38180366666667,0.6201045472614579,30.94074,33.25891,120,16.41275,0.8471880948568808,14.37,17.51,120,409.43333333333334,0.8171824244597513,408,410
P2,2025-07-30,8,120,30.792806416666668,0.433994234713276,30.14113,31.8175,120,14.570666666666666,0.6275786914846618,13.31,15.44,120,414.23333333333335,8.432363957085963,408,442
P2,2025-07-30,9,120,31.50815375,0.19501979125190574,31.29601,32.11242,120,15.524583333333334,0.24652848824873633,14.94,16.1,120,460.325,22.76151938482753,437,519
P2,2025-07-30,10,120,31.730729166666666,0.1880776878219274,31.54953,32.24504,120,15.71425,0.26766548325170575,15.21,16.31,120,472.325,29.62799110879532,439,525
P2,2025-07-30,11,120,32.11037208333333,0.2610685074677181,31.68273,32.86301,120,16.059083333333334,0.44594907919233334,15.34,17.12,120,501.2083333333333,8.901794581920617,483,522
P2,2025-07-30,12,120,31.213425833333336,0.3589946229942683,30.61106,32.3423,120,14.662749999999999,0.40766389702937517,13.86,16.0,120,516.0416666666666,46.86766562602084,470,636
P2,2025-07-30,13,120,31.43580091666667,0.18953939598913422,31.25207,31.97941,120,13.8875,0.36455625149515875,13.16,14.61,120,644.5916666666667,31.23655901420033,573,677
P2,2025-07-30,14,120,31.01414575,0.7655219518367666,29.90559,32.49387,120,13.541416666666667,0.7446789346330908,12.38,15.04,120,742.025,35.63363119679103,676,820
P2,2025-07-30,15,120,30.818458333333336,0.45021867559480405,29.95402,31.80187,120,14.767166666666666,0.6632149648762862,13.09,15.91,120,764.5583333333333,47.29503248798137,701,843
P2,2025-07-30,16,120,31.290015999999998,0.1899178763757088,31.1009,31.81047,120,13.828083333333332,0.6276798625126694,12.78,14.92,120,605.3666666666667,30.919775112332275,552,691
P2,2025-07-30,17,120,31.383330166666667,0.19196118580440788,31.20676,31.93117,120,13.538333333333332,0.46840931130066693,12.58,14.39,120,618.5166666666667,44.18106049477061,560,689
P2,2025-07-30,18,120,31.054207333333334,0.36040560393458243,30.37219,31.88742,120,14.422500000000001,0.8099105148204994,13.04,15.98,120,679.7083333333334,27.55114291985864,642,741
P2,2025-07-30,19,120,31.304773333333333,0.19398634223488345,31.06301,31.8177,120,13.798583333333333,0.3866388144368486,13.17,14.72,120,613.8666666666667,35.58135035376248,550,671
P2,2025-07-30,20,120,31.338308583333333,0.20113004579083815,31.0923,31.90227,120,13.628583333333333,0.40747489654766195,13.02,14.6,120,573.5166666666667,20.82257313159749,531,600
P2,2025-07-30,21,120,31.600037583333336,0.194823302348072,31.36926,32.12336,120,13.649083333333333,0.21844367707952095,13.18,14.18,120,549.2083333333334,14.293969953473681,526,576
P2,2025-07-30,22,120,31.726938500000003,0.1853178108082789,31.57551,32.21672,120,14.055666666666667,0.17100166264528294,13.75,14.49,120,505.5416666666667,11.139977093147715,488,526
P2,2025-07-30,23,120,31.789529583333334,0.18276521215881142,31.66535,32.26848,120,14.340166666666667,0.1677331981758782,14.03,14.76,120,478.425,6.52166718386812,468,489
P2,2025-07-31,0,120,31.837687083333332,0.18328033907493138,31.71535,32.3007,120,14.54575,0.15013530312254197,14.33,14.91,120,459.48333333333335,4.248545640101102,453,467
P2,2025-07-31,1,120,31.868762833333335,0.1829708884875448,31.74836,32.3257,120,14.6985,0.15497166995097805,14.44,15.07,120,447.09166666666664,3.4421896327464214,441,454
P2,2025-07-31,2,120,31.8747005,0.18311090117510653,31.75461,32.33176,120,14.794416666666667,0.14941227061605158,14.58,15.14,120,439.0083333333333,2.0436243686705002,435,443
P2,2025-07-31,3,120,31.887785,0.18725031493617705,31.76066,32.34797,120,14.850333333333333,0.1530251439400438,14.66,15.21,120,432.98333333333335,1.3471621796856499,430,436
P2,2025-07-31,4,120,31.889857749999997,0.18828293792423778,31.7632,32.34699,120,14.820583333333333,0.15230054229080361,14.6,15.16,120,429.55,1.3893351290600477,427,432
P2,2025-07-31,5,120,31.899925,0.1824623298154459,31.77394,32.36125,120,14.808,0.15470003503663518,14.56,15.18,120,426.45,1.194173530173934,424,429
P2,2025-07-31,6,120,31.927423583333333,0.18291332913280822,31.8007,32.40305,120,14.795166666666667,0.15764540218202366,14.55,15.17,120,424.125,0.7166976086083142,422,426
P2,2025-07-31,7,120,31.4189615,0.7187358832725779,30.13664,32.45949,120,14.463583333333334,0.5054240183997506,13.43,15.41,120,415.5833333333333,6.659274613300571,408,424
P2,2025-07-31,8,120,30.701467833333332,0.3570709528182426,30.12687,31.60031,120,14.261916666666668,0.48605303828122226,13.09,15.18,120,426.075,16.93544961852247,408,457
P2,2025-07-31,9,120,30.620303,0.2784649463889412,30.20832,31.40695,120,14.437166666666666,0.46319348795391513,13.37,15.24,120,503.35,26.09924497442966,442,561
P2,2025-07-31,10,120,31.326594583333335,0.2648314058304101,30.84816,32.03391,120,14.455333333333334,0.17415791797146912,14.15,14.96,120,644.9333333333333,31.776460113847783,572,698
P2,2025-07-31,11,120,31.906571,0.27648166902446647,31.41496,32.65168,120,14.858,0.3458021973091922,14.16,15.57,120,662.5,15.746948483900642,640,697
P2,2025-07-31,12,120,31.812590833333335,0.21625175391559107,31.55871,32.48371,120,13.708166666666667,0.6689311470934989,12.76,15.33,120,745.4583333333334,43.032310673548146,665,816
P2,2025-07-31,13,120,31.525631583333332,0.36785490784895924,30.85305,32.40149,120,13.025833333333333,0.4363419045921223,12.07,13.88,120,923.8,70.39284723021557,781,1008
P2,2025-07-31,14,120,31.173711,0.3749244856256861,30.68254,32.16281,120,12.589166666666667,0.6254686758150007,11.81,14.02,120,1012.5833333333334,88.502251154328,793,1149
P2,2025-07-31,15,120,30.8462985,0.3644970336628153,30.15578,31.75871,120,13.307916666666667,0.745673116290606,11.86,14.65,120,1063.9166666666667,83.79653061683025,854,1171
P2,2025-07-31,16,120,30.535403916666667,0.4220511499852319,29.93312,31.69738,120,13.7715,0.8430094649428288,12.07,15.44,120,863.175,16.769150597591608,819,897
P2,2025-07-31,17,120,30.9015885,0.4248341925553053,30.05559,31.84934,120,14.324000000000002,0.7083219606930177,12.78,15.68,120,833.5916666666667,56.80402634464907,721,898
P2,2025-07-31,18,120,31.28118525,0.20461463331424834,31.04055,31.87219,120,13.6525,0.33447374945670666,12.97,14.33,120,716.3833333333333,29.575194958998107,653,745
P2,2025-07-31,19,120,31.45223,0.18845611276096974,31.28645,31.96926,120,13.224583333333333,0.2599059165047486,12.79,13.92,120,696.6583333333333,23.22541922203377,651,739
P2,2025-07-31,20,120,31.387511083333333,0.18952404272124612,31.20852,31.9341,120,12.741333333333333,0.3101204247887399,12.32,13.85,120,646.35,14.448197817308133,619,668
P2,2025-07-31,21,120,31.667136583333335,0.1984597399660426,31.40344,32.21809,120,13.388499999999999,0.34785452865996397,12.61,14.13,120,599.425,18.464438908390203,571,630
P2,2025-07-31,22,120,31.874816,0.19625862820148765,31.67356,32.39465,120,14.175916666666666,0.22914343910807214,13.71,14.72,120,547.0833333333334,13.201466262676774,526,571
P2,2025-07-31,23,120,32.024805916666665,0.18518792748142768,31.85988,32.51906,120,14.675916666666666,0.18895775986713406,14.3,15.16,120,508.10833333333335,9.624719429138533,494,527
P2,2025-08-01,0,120,32.13953325,0.18893722348197914,31.98039,32.62883,120,15.014999999999999,0.17269490268031742,14.73,15.48,120,484.9,4.967795446336204,476,495
P2,2025-08-01,1,120,32.216069,0.18465393605746266,32.08215,32.69601,120,15.22725,0.160634050933567,14.98,15.62,120,469.26666666666665,3.69358593115316,462,476
P2,2025-08-01,2,120,32.276041666666664,0.1824643221178826,32.14641,32.74504,120,15.384333333333332,0.1605334245325785,15.13,15.77,120,458.175,2.5525156482290368,453,463
P2,2025-08-01,3,120,32.32362833333333,0.18348409101614907,32.20031,32.78254,120,15.508666666666667,0.15637131704861382,15.3,15.86,120,450.375,1.7636025962917743,447,454
P2,2025-08-01,4,120,32.351450166666666,0.1861588256923784,32.22726,32.805,120,15.594083333333334,0.15902272885130764,15.37,15.93,120,445.85,1.0261292201621601,444,448
P2,2025-08-01,5,120,32.37377,0.18670843143272176,32.25012,32.8382,120,15.620333333333333,0.15752248516746245,15.42,15.98,120,442.8666666666667,1.243019725996226,441,445
P2,2025-08-01,6,120,32.43966125,0.1838728846884027,32.28683,32.92902,120,15.786166666666666,0.17171005135604264,15.49,16.23,120,439.14166666666665,0.9464292320699904,437,441
P2,2025-08-01,7,120,32.277496666666664,0.46738243560978304,30.96066,33.01477,120,15.669583333333332,0.6706066435013325,13.83,16.61,120,431.8666666666667,9.75320101156478,409,441
P2,2025-08-01,8,120,30.751917416666668,0.2317180080390236,30.41105,31.4218,120,14.388,0.6310024038095611,13.27,15.81,120,422.9166666666667,15.341810468760974,409,459
P2,2025-08-01,9,120,30.901899333333333,0.2713646231958779,30.46477,31.6507,120,14.519916666666667,0.9051806967879612,12.9,16.09,120,570.4916666666667,124.92794533894572,459,819
P2,2025-08-01,10,120,30.923131166666668,0.33415081855827405,30.31613,31.83742,120,13.519,0.7700217174717554,12.45,15.43,120,1036.9916666666666,95.69774685697344,825,1160
P2,2025-08-01,11,120,31.035471833333336,0.4032085412823034,30.55891,32.09152,120,13.170333333333334,1.0968342017399173,12.14,15.46,120,1027.6916666666666,231.55810552103975,613,1235
P2,2025-08-01,12,120,31.899319583333334,0.21279011452442817,31.54582,32.44094,120,14.445416666666667,0.5964275943902491,13.39,15.8,120,646.2666666666667,38.14231055326523,593,711
P2,2025-08-01,13,120,31.6284055,0.3024562774815285,31.0843,32.46555,120,13.014666666666667,0.38198493818107265,12.33,14.05,120,876.9916666666667,85.8733184448366,696,983
P2,2025-08-01,14,120,31.393531666666668,0.35912591372169556,30.80949,32.29895,120,13.028083333333333,0.5729362611877139,11.99,14.11,120,952.2333333333333,85.85787878896178,734,1083
P2,2025-08-01,15,120,31.151449833333334,0.37361448276407117,30.53723,32.12512,120,13.242666666666667,0.7049020831141818,12.18,14.73,120,998.975,149.23955490384958,649,1140
P2,2025-08-01,16,120,30.916819083333333,0.5443720643660668,30.13664,32.17863,120,12.868416666666667,0.7758161826745579,11.89,14.73,120,711.475,17.271904859597598,649,732
P2,2025-08-01,17,120,30.557568083333333,0.33808118498744344,29.82902,31.37648,120,13.622833333333334,0.7731711229955338,12.27,15.06,120,847.9083333333333,80.10654625872591,667,954
P2,2025-08-01,18,120,30.898644333333333,0.41452542730238057,29.87453,31.74934,120,13.017416666666666,0.17364358277095937,12.66,13.5,120,689.675,71.73013881992729,618,871
P2,2025-08-01,19,120,31.452903166666665,0.19936145426172747,31.20949,32.00031,120,12.95775,0.1822246397382393,12.6,13.48,120,601.65,17.118298234748,571,628
P2,2025-08-01,20,120,31.608954833333332,0.18695807908305473,31.45422,32.12707,120,12.684916666666668,0.15718637352648937,12.44,13.18,120,549.4916666666667,14.093920158500108,530,578
P2,2025-08-01,21,120,31.895092916666666,0.21088277632828742,31.58801,32.48684,120,13.30825,0.4131955048280223,12.49,14.13,120,509.5833333333333,12.550793160736253,490,532
P2,2025-08-01,22,120,32.15620275,0.1915120004137001,31.94426,32.69133,120,14.237166666666667,0.24100344616711503,13.73,14.84,120,477.975,6.433189284464465,468,490
P2,2025-08-01,23,120,32.32635716666667,0.18624426757715573,32.15754,32.83703,120,14.760333333333334,0.191433922748062,14.4,15.24,120,460.35,4.538629712134079,453,468
P2,2025-08-02,0,120,32.46037608333334,0.1841483100189913,32.3007,32.95871,120,15.136166666666666,0.17909287451788997,14.79,15.6,120,446.7583333333333,3.417689605697937,442,453
P2,2025-08-02,1,120,32.569591333333335,0.18865978623635,32.41555,33.05793,120,15.442583333333333,0.17827132485654087,15.14,15.9,120,436.775,2.454501951910469,433,442
P2,2025-08-02,2,120,32.648057,0.18407619278143383,32.51125,33.12668,120,15.6995,0.1721678387675304,15.43,16.13,120,430.1333333333333,1.6084510704209087,427,433
P2,2025-08-02,3,120,32.72100291666666,0.183468378725769,32.57746,33.19582,120,15.90425,0.16493269572054828,15.65,16.28,120,424.8833333333333,1.8750163397980386,422,429
P2,2025-08-02,4,120,32.77562341666667,0.18250521591024982,32.64523,33.24309,120,16.03183333333333,0.1620508444608551,15.8,16.41,120,421.98333333333335,0.8299370567743594,420,424
P2,2025-08-02,5,120,32.827866416666666,0.182883720911532,32.69563,33.30676,120,16.149416666666667,0.1684197229579499,15.89,16.56,120,419.95,0.868205916015924,418,422
P2,2025-08-02,6,120,32.91380266666667,0.18267561703296886,32.77238,33.39836,120,16.389916666666668,0.16926184693878957,16.11,16.79,120,419.2416666666667,0.7558826254236698,418,421
P2,2025-08-02,7,120,33.018586166666665,0.18281541634230197,32.86652,33.50207,120,16.562916666666666,0.16569890600417558,16.31,16.92,120,418.375,0.7340746189717426,417,420
P2,2025-08-02,8,120,33.133086416666664,0.18867313976441946,32.97453,33.63058,120,16.676833333333335,0.17207572758064732,16.43,17.09,120,417.4916666666667,0.7217606080620849,416,419
P2,2025-08-02,9,120,33.239430666666664,0.1855114162186535,33.08684,33.73215,120,16.8275,0.1685890533444063,16.59,17.2,120,418.09166666666664,0.799115407293402,416,420
P2,2025-08-02,10,120,33.34280308333334,0.18502867868011855,33.19387,33.8466,120,16.935333333333332,0.16911501398510384,16.7,17.32,120,417.5416666666667,0.7088377673291371,416,419
P2,2025-08-02,11,120,33.46699875,0.18747186004440294,33.30207,33.99777,120,17.070833333333333,0.17097635264932473,16.82,17.47,120,416.73333333333335,0.976473963073371,414,419
P2,2025-08-02,12,120,33.679054416666666,0.19410602616336767,33.4591,34.2341,120,17.355,0.200641827287187,16.98,17.83,120,413.125,1.5149812101893414,410,417
P2,2025-08-02,13,120,33.897483666666666,0.18786270176427494,33.71047,34.41867,120,17.6115,0.17701849117673346,17.32,18.01,120,410.1,0.3012578671520847,410,411
P2,2025-08-02,14,120,34.06419,0.18643188614458805,33.88801,34.57844,120,17.74825,0.17358146562949622,17.47,18.12,120,410.0,0.0,410,410
P2,2025-08-02,15,120,34.23340816666666,0.19051368116462475,34.05578,34.73176,120,17.9465,0.1819439843616111,17.65,18.33,120,410.0,0.0,410,410
P2,2025-08-02,16,120,34.288858166666664,0.18134930395606744,34.16926,34.73938,120,17.934416666666667,0.17679592676271702,17.64,18.31,120,410.0,0.0,410,410
P2,2025-08-02,17,120,34.22115541666667,0.18330471047460328,34.07082,34.70695,120,17.5975,0.1960202784913619,17.26,18.09,120,410.0,0.0,410,410
P2,2025-08-02,18,120,34.11111833333334,0.1837474500838721,33.95773,34.60363,120,17.3345,0.18148245742479213,17.03,17.77,120,410.0,0.0,410,410
P2,2025-08-02,19,120,34.006130166666665,0.18434006643724632,33.84563,34.50168,120,17.10141666666667,0.17672699276564602,16.8,17.52,120,410.64166666666665,0.9239650884064269,410,413
P2,2025-08-02,20,120,33.9162665,0.1836137104630256,33.78098,34.3968,120,16.879666666666665,0.171689250914411,16.62,17.29,120,411.4583333333333,0.7435530569228912,410,413
P2,2025-08-02,21,120,33.85216166666667,0.18267217840137714,33.71965,34.32355,120,16.737916666666667,0.1684875669718384,16.47,17.12,120,411.6,0.7713351950956636,410,413
P2,2025-08-02,22,120,33.808961583333335,0.18539130508649415,33.68176,34.26457,120,16.633416666666665,0.16566390920271437,16.41,16.99,120,410.59166666666664,0.679790295560603,410,412
P2,2025-08-02,23,120,33.77476716666667,0.18088343445659238,33.65891,34.22629,120,16.53725,0.16245988515850393,16.31,16.88,120,410.78333333333336,0.7354565646885407,410,412
P2,2025-08-03,0,120,33.7530585,0.18119358158095558,33.63488,34.20207,120,16.48125,0.160548233544059,16.26,16.81,120,412.0416666666667,1.040328271828278,410,415
P2,2025-08-03,1,120,33.74822475,0.1814822463431398,33.63156,34.19855,120,16.445916666666665,0.16093474763766452,16.25,16.77,120,411.525,0.7096276689725801,410,413
P2,2025-08-03,2,120,33.741422416666666,0.2025018767129343,33.4634,34.19601,120,16.5795,0.2406463635065102,16.27,17.07,120,411.90833333333336,0.9074466285977337,410,414
P2,2025-08-03,3,120,33.76206866666667,0.18041134790247781,33.64875,34.21418,120,16.499833333333335,0.1597318305882748,16.28,16.83,120,412.5416666666667,0.7658228214394878,410,414
P2,2025-08-03,4,120,33.777812749999995,0.1812600737784121,33.6634,34.22805,120,16.52175,0.16222539823323825,16.32,16.85,120,414.225,0.7386394487800771,412,415
P2,2025-08-03,5,120,33.794953166666666,0.18543419171985384,33.67668,34.24426,120,16.5225,0.1638571318675678,16.32,16.85,120,415.2083333333333,0.7658228214394827,412,417
P2,2025-08-03,6,120,33.83500183333334,0.18255515282648466,33.69875,34.31379,120,16.5975,0.16478277016890336,16.36,16.96,120,415.90833333333336,0.6481497043242992,415,417
P2,2025-08-03,7,120,33.91837575,0.18544420649381846,33.76477,34.42375,120,16.698083333333333,0.1642057319613538,16.47,17.04,120,415.625,0.6867595324873128,414,417
P2,2025-08-03,8,120,34.05704183333333,0.18964084800903472,33.88039,34.59387,120,16.80375,0.16654200519928358,16.56,17.18,120,412.425,1.7133313169614508,410,416
P2,2025-08-03,9,120,34.28370316666667,0.19428527031269302,34.05481,34.82687,120,16.993583333333333,0.17985893554304783,16.7,17.41,120,410.0,0.0,410,410
P2,2025-08-03,10,120,34.55331433333333,0.201156957529631,34.30637,35.1384,120,17.20358333333333,0.17737012449797082,16.93,17.62,120,409.4916666666667,0.5020267047925573,409,410
P2,2025-08-03,11,120,34.861329833333336,0.19894329529920932,34.62688,35.44211,120,17.377583333333334,0.1739699376779973,17.11,17.76,120,409.0,0.0,409,409
P2,2025-08-03,12,120,35.17516608333334,0.20390466006311533,34.92355,35.7552,120,17.558583333333335,0.1750980317658987,17.27,17.94,120,409.0,0.0,409,409
P2,2025-08-03,13,120,35.412565416666666,0.1898168928199655,35.21477,35.92981,120,17.675250000000002,0.17122378349287073,17.43,18.02,120,408.90833333333336,0.2897647070196042,408,409
P2,2025-08-03,14,120,35.549422166666666,0.18582389559316204,35.38567,36.04562,120,17.736416666666667,0.17111495881907085,17.49,18.1,120,408.3333333333333,0.4733810683311722,408,409
P2,2025-08-03,15,120,35.647637583333335,0.18120790535000836,35.50422,36.10226,120,17.826083333333333,0.16838479258932537,17.59,18.14,120,408.25,0.4348282767393712,408,409
P2,2025-08-03,16,120,35.658976833333334,0.1808935697719687,35.53469,36.11086,120,17.783333333333335,0.1713629659711882,17.5,18.12,120,411.8,3.2165538216225977,409,417
P2,2025-08-03,17,120,35.59423783333333,0.1831312929681163,35.44211,36.07512,120,17.564,0.18478422574460607,17.22,17.99,120,418.6666666666667,1.600070026478747,416,422
P2,2025-08-03,18,120,35.495942916666664,0.1834915213455569,35.34348,35.98059,120,17.294833333333333,0.17859386973836358,16.99,17.71,120,421.275,0.9434649174294536,420,424
P2,2025-08-03,19,120,35.408593833333335,0.18727957125300945,35.25754,35.88547,120,17.1585,0.16709404587856383,16.92,17.49,120,425.10833333333335,1.7479680079631355,422,429
P2,2025-08-03,20,120,35.31452841666667,0.18252040338574121,35.16945,35.80344,120,17.08425,0.16491231436303244,16.84,17.42,120,431.25,1.711306935815829,428,435
P2,2025-08-03,21,120,35.244215749999995,0.1827423012422096,35.11047,35.72551,120,17.028,0.16279388422018748,16.81,17.35,120,436.1,1.6972543324168161,433,439
P2,2025-08-03,22,120,35.18740416666667,0.18182151290186047,35.06047,35.6507,120,17.0595,0.16415738502675833,16.83,17.4,120,440.9916666666667,1.4580742066701378,438,444
P2,2025-08-03,23,120,35.14639375,0.1814932550639789,35.0177,35.60852,120,17.113999999999997,0.16475803496046426,16.89,17.45,120,443.9,0.7928249671721345,442,446
P2,2025-08-04,0,120,35.10166725,0.1814695471776968,34.98508,35.56438,120,17.135416666666668,0.1636295048148053,16.92,17.44,120,445.65833333333336,0.874434591231209,444,447
P2,2025-08-04,1,120,35.070365,0.18129988854998114,34.94543,35.52805,120,17.136916666666664,0.166636502872677,16.9,17.47,120,447.4,1.024079828821136,445,450
P2,2025-08-04,2,120,35.03817441666667,0.18549849646175876,34.90383,35.49602,120,17.057333333333336,0.16753644195742545,16.82,17.4,120,449.6166666666667,1.4791738173970261,447,454
P2,2025-08-04,3,120,34.99304875,0.18078510175363244,34.87473,35.44641,120,16.962916666666665,0.16152318996465678,16.74,17.3,120,452.7416666666667,1.1114063566652057,451,455
P2,2025-08-04,4,120,34.96656233333333,0.1811669113069302,34.84367,35.42453,120,16.909916666666668,0.16422210740403992,16.67,17.25,120,453.2583333333333,0.9303097282497855,451,455
P2,2025-08-04,5,120,34.94142791666666,0.18039468024398314,34.82434,35.39133,120,16.848666666666666,0.16205058517901968,16.63,17.17,120,452.3833333333333,0.8617290936323071,451,454
P2,2025-08-04,6,120,35.12719908333334,0.20553236564113697,34.82492,35.67336,120,17.510749999999998,0.37634054509493625,16.68,18.28,120,467.4583333333333,6.999274672305363,452,484
P2,2025-08-04,7,120,35.305822416666665,0.19093907691310844,35.11652,35.82121,120,18.085416666666667,0.21546469551647243,17.65,18.66,120,482.1,6.541913990221925,469,494
P2,2025-08-04,8,120,33.608489750000004,0.6644158434514795,32.60949,35.5675,120,14.114333333333333,1.4658875954782602,12.49,18.14,120,487.71666666666664,10.134543087156631,472,514
P2,2025-08-04,9,120,32.82648808333333,0.3668646179125634,32.2384,33.95871,120,12.912749999999999,0.28279506045630776,12.29,13.62,120,548.6166666666667,30.457625429089415,512,617
P2,2025-08-04,10,120,33.25919291666666,0.23159164431522622,32.90891,33.86496,120,13.2675,0.5570137212980365,12.38,14.36,120,636.1416666666667,20.3475251249749,606,679
P2,2025-08-04,11,120,33.511935083333334,0.25084728487214203,33.04328,34.13274,120,13.666166666666667,0.2878526214100912,12.98,14.3,120,675.4666666666667,32.86026778465983,628,742
P2,2025-08-04,12,120,33.69394558333333,0.18618624163575337,33.52394,34.21574,120,14.028916666666667,0.427324676975038,13.2,14.83,120,687.1416666666667,29.84196352646471,646,751
P2,2025-08-04,13,120,33.805474,0.21159824976798586,33.37453,34.39934,120,14.004166666666666,0.40972543242028364,13.07,14.83,120,745.85,95.91686263538408,632,948
P2,2025-08-04,14,120,32.373227916666664,0.6522567388920447,31.30109,33.86711,120,11.737333333333334,0.7857648774137366,10.36,13.27,120,1045.3,49.063087495813605,915,1103
P2,2025-08-04,15,120,32.60226075,0.3093176739107423,31.84426,33.36848,120,12.99575,0.46828071466919674,12.16,13.93,120,704.5833333333334,52.52811705394056,622,902
P2,2025-08-04,16,120,32.98376183333333,0.2101373457982504,32.62024,33.54192,120,12.92225,0.3374956271114161,12.21,13.75,120,716.2416666666667,32.295379338392145,660,766
P2,2025-08-04,17,120,32.24569825,0.5890910242254239,31.21926,33.57707,120,12.163083333333333,0.5998820554010228,10.88,13.29,120,741.525,35.2951451180975,685,801
P2,2025-08-04,18,120,32.735473999999996,0.20044967019095478,32.44875,33.26457,120,12.847666666666667,0.28752123292681014,12.26,13.61,120,674.7666666666667,27.230338164015013,617,707
P2,2025-08-04,19,120,32.79918266666667,0.1810402012634255,32.66906,33.26418,120,12.249666666666666,0.2395862446540931,11.85,12.93,120,626.6583333333333,22.6402244225793,589,662
P2,2025-08-04,20,120,32.76950508333333,0.18867507763613367,32.62062,33.35109,120,11.827916666666665,0.18055421604042357,11.49,12.37,120,572.55,10.85569981564494,556,596
P2,2025-08-04,21,120,33.169124583333335,0.21979609174424425,32.82824,33.79016,120,12.77975,0.4490615097019525,11.81,13.68,120,528.425,13.011089323271417,508,555
P2,2025-08-04,22,120,33.51125175,0.19774587672681965,33.26594,34.07922,120,13.949166666666667,0.2982570752105727,13.32,14.64,120,491.775,8.564596366692875,477,508
P2,2025-08-04,23,120,33.75445858333333,0.18733162702686407,33.55617,34.27922,120,14.72225,0.24036898281425675,14.21,15.29,120,468.2083333333333,5.820704617217508,458,478
P2,2025-08-05,0,120,33.924302,0.18358037554445117,33.75422,34.42219,120,15.2965,0.20936338077630484,14.85,15.8,120,451.6333333333333,3.8739234521561072,445,459
P2,2025-08-05,1,120,34.04625225,0.18626871236871848,33.89563,34.52219,120,15.746833333333335,0.18809073142847627,15.41,16.22,120,440.9583333333333,2.7421264929032274,437,446
P2,2025-08-05,2,120,34.129747583333334,0.18154277975823033,33.9841,34.59445,120,16.09925,0.18179849635602474,15.76,16.55,120,433.56666666666666,1.7283271813919363,431,437
P2,2025-08-05,3,120,34.19184108333333,0.18000557918895915,34.05695,34.64934,120,16.39525,0.1766873633561472,16.09,16.8,120,431.98333333333335,0.7098743329826,431,433
P2,2025-08-05,4,120,34.23001791666666,0.17689822993112794,34.11789,34.67278,120,16.600166666666667,0.16490375768829335,16.32,16.98,120,431.8333333333333,0.8233293074216559,430,433
P2,2025-08-05,5,120,34.26801483333334,0.176747806656703,34.14133,34.70988,120,16.7715,0.16398221875321572,16.51,17.15,120,433.8333333333333,1.0872317274305974,432,436
P2,2025-08-05,6,120,34.321012833333334,0.1770273577356414,34.19231,34.77805,120,16.947,0.16746051836204126,16.67,17.32,120,435.3833333333333,0.8010846988164634,433,438
P2,2025-08-05,7,120,33.731265,0.854877765624811,32.00949,34.82903,120,16.322166666666668,0.9847221024469905,14.37,17.76,120,425.6,11.822496714798763,409,437
P2,2025-08-05,8,121,30.70971289256198,0.8883172163482598,28.84855,32.46301,121,12.901074380165289,0.8067318861233613,11.83,14.76,121,419.25619834710744,12.736122464353068,409,449
P2,2025-08-05,9,120,29.032979916666665,0.30571931720137807,28.57355,29.5257,120,12.302666666666665,0.5598375114403165,11.5,13.63,120,506.14166666666665,68.63400629956188,422,622
P2,2025-08-05,10,120,29.54722758333333,0.37774503916011704,29.14562,30.30812,120,12.107166666666666,0.26325430505815417,11.67,12.85,120,655.525,31.753505066899546,606,704
P2,2025-08-05,11,120,30.06816375,0.15768193824545745,29.75695,30.31984,120,12.201416666666667,0.3297829585043614,11.63,12.84,120,916.6333333333333,98.50469709683928,692,1055
P2,2025-08-05,12,120,30.7696595,0.2816091765145944,30.06672,31.14934,120,13.148083333333334,0.29870672453581065,12.36,13.58,120,645.8083333333333,58.218120115681614,568,855
P2,2025-08-05,13,120,30.157193666666668,0.6938319618107429,29.23625,31.19563,120,11.532916666666667,0.8433032249029123,10.54,13.07,120,816.2083333333334,49.00212580422747,709,889
P2,2025-08-05,14,120,29.296175333333334,0.489095569472057,28.82004,30.2175,120,11.027,0.5389759976570572,10.33,12.04,120,845.225,98.43186121638173,653,960
P2,2025-08-05,15,120,30.569601416666668,0.1791663244885909,30.20793,30.88176,120,11.795250000000001,0.33165985030226536,11.39,12.73,120,688.2333333333333,18.993025404226792,648,713
P2,2025-08-05,16,120,30.54959758333333,0.4639161637822994,29.54367,30.92863,120,11.645083333333334,0.4336381092615388,10.98,12.65,120,691.3083333333333,15.991487143615688,651,729
P2,2025-08-05,17,120,28.867646833333332,0.48986697051168376,28.11106,29.58898,120,10.800083333333333,0.4337359608719349,10.37,11.68,120,712.4416666666667,16.005669076206484,685,734
P2,2025-08-05,18,120,29.359813083333332,0.5165744333991693,28.09309,29.91457,120,12.042,0.33286028057813505,10.93,12.54,120,692.2666666666667,41.81345795442464,641,765
P2,2025-08-05,19,120,30.125919,0.10110707048229708,29.9177,30.26789,120,11.541166666666667,0.10014429365580846,11.39,11.82,120,633.6583333333333,13.432993267446003,606,656
P2,2025-08-05,20,120,30.32811325,0.028477147115469982,30.25559,30.38234,120,11.303916666666668,0.08211792947789524,11.14,11.51,120,584.9416666666667,18.751491070497313,547,613
P2,2025-08-05,21,120,30.569770916666666,0.17521400390579547,30.3423,30.88117,120,11.46275,0.34588569176059436,11.04,12.1,120,533.225,11.311823590437584,514,547
P2,2025-08-05,22,120,31.0726775,0.11032582365487427,30.86144,31.26906,120,12.698666666666666,0.310872811229776,12.12,13.2,120,496.93333333333334,9.1004971083479,481,514
P2,2025-08-05,23,120,31.390988166666666,0.07852314753708706,31.25285,31.53371,120,13.582916666666668,0.21748522922252048,13.19,13.94,120,470.95,6.207680252529692,460,483
P2,2025-08-06,0,120,31.6267835,0.057600768518015204,31.51379,31.73254,120,14.231,0.14637582571224297,13.94,14.47,120,453.48333333333335,4.134266181893131,446,462
P2,2025-08-06,1,120,31.789618916666665,0.04021030161486964,31.71379,31.86555,120,14.629999999999999,0.0873994019555309,14.45,14.76,120,441.7416666666667,3.030644143011273,437,447
P2,2025-08-06,2,120,31.914522916666666,0.034036802286774956,31.84777,31.97746,120,14.93175,0.09240632322210444,14.75,15.06,120,433.1,2.405875161789882,429,438
P2,2025-08-06,3,120,32.01605308333333,0.02753610765643902,31.96223,32.0798,120,15.201666666666666,0.07557436466049723,15.05,15.33,120,427.35,1.4180706504783251,425,430
P2,2025-08-06,4,120,32.094751,0.023690486457041332,32.05676,32.15695,120,15.397083333333335,0.05392799172337563,15.31,15.5,120,423.4166666666667,0.9837617164973912,421,426
P2,2025-08-06,5,120,32.16443575,0.020905768479912833,32.13156,32.22238,120,15.595083333333333,0.05460316476396646,15.49,15.68,120,421.76666666666665,0.6576419977456066,420,423
P2,2025-08-06,6,120,32.23329783333333,0.023351301483647457,32.19211,32.29445,120,15.727166666666667,0.029850702265950678,15.66,15.78,120,419.53333333333336,0.9781936132985476,417,421
P2,2025-08-06,7,120,31.899249666666666,0.6278438226811436,30.45656,32.38664,120,15.460666666666667,0.6173101495425872,13.86,16.14,120,415.5416666666667,4.252326764627309,409,420
P2,2025-08-06,8,120,29.6683465,0.47436660361613003,28.79191,30.42668,120,12.065249999999999,0.5327003706343258,11.22,13.76,120,426.03333333333336,19.047897757064508,409,466
P2,2025-08-06,9,120,29.628045166666666,0.3834402091810136,28.95422,30.24797,120,11.820833333333333,0.36949791810589894,11.24,12.59,120,487.825,32.308820373848,458,550
P2,2025-08-06,10,120,29.815327416666666,0.2796465337730011,29.14348,30.1884,120,12.011416666666666,0.4268928108890998,11.16,12.79,120,655.7333333333333,37.073339382866465,551,698
P2,2025-08-06,11,120,29.15515925,0.23370600685247253,28.88918,29.80266,120,11.296333333333333,0.44526629428818437,10.65,12.04,120,696.8583333333333,14.952752386151772,675,726
P2,2025-08-06,12,120,30.334095083333334,0.2429848219245549,29.82043,30.67961,120,12.258916666666666,0.11811400157029033,11.96,12.5,120,687.1416666666667,22.29794271451345,642,735
P2,2025-08-06,13,120,29.970003249999998,0.43016140142107195,29.13488,30.68273,120,11.356666666666666,0.5332732809328294,10.33,12.13,120,857.6916666666667,60.27260144206359,736,926
P2,2025-08-06,14,120,29.071636833333333,0.3396814069638592,28.35266,29.52941,120,11.055166666666668,0.735909639289281,9.71,12.19,120,933.1,21.686614389929066,871,969
P2,2025-08-06,15,120,29.592817,0.385038297734161,28.82922,30.105,120,11.91775,0.5270680955160577,10.41,12.9,120,876.3,156.91514593948568,639,1066
P2,2025-08-06,16,120,30.319314666666667,0.10964220035664832,30.11281,30.49289,120,11.339,0.21142732227657232,11.06,11.87,120,644.775,17.191194980976434,628,703
P2,2025-08-06,17,120,29.37722941666667,0.45276168994795934,28.68508,30.12687,120,11.303583333333334,0.5015686248502538,10.71,12.29,120,742.9916666666667,15.827056842360598,705,767
P2,2025-08-06,18,120,29.871466083333335,0.23308545081581475,29.17512,30.13801,120,11.162,0.07553284109600002,11.0,11.29,120,723.1083333333333,13.36167593356077,695,747
P2,2025-08-06,19,120,30.22700725,0.03919791170828419,30.11828,30.28273,120,10.895666666666667,0.11012394341452315,10.68,11.07,120,673.8583333333333,19.34268403739005,645,702
P2,2025-08-06,20,120,30.337188166666667,0.023454291753377512,30.26633,30.37727,120,10.977916666666665,0.06393136857564775,10.81,11.12,120,608.5666666666667,18.357208797797504,581,645
P2,2025-08-06,21,120,30.32637341666667,0.022326869236624317,30.29582,30.38645,120,10.72125,0.0854406521628709,10.62,10.92,120,558.55,12.105176335669102,536,580
P2,2025-08-06,22,120,30.29006525,0.014071841897589189,30.26652,30.33098,120,10.504999999999999,0.09740325948336005,10.34,10.66,120,515.1166666666667,12.801118210960093,495,537
P2,2025-08-06,23,120,30.319151916666666,0.015194367393778527,30.29289,30.36555,120,10.704166666666667,0.13050376428669458,10.35,10.81,120,483.3333333333333,7.022572649011462,471,495
P2,2025-08-07,0,120,30.319114833333334,0.03820422502885873,30.26945,30.4175,120,10.666833333333333,0.043905615600199704,10.58,10.75,120,460.1,5.184657391661225,452,472
P2,2025-08-07,1,120,30.469377916666666,0.03896920466766116,30.39777,30.54894,120,10.744583333333335,0.034223581072128056,10.7,10.83,120,446.03333333333336,3.3126529350035194,440,453
P2,2025-08-07,2,120,30.5918425,0.041337423178534505,30.52277,30.67004,120,10.91825,0.08526441818486423,10.8,11.04,120,437.1666666666667,2.4813026306958332,432,441
P2,2025-08-07,3,120,30.62602825,0.03082479307862693,30.56301,30.68,120,11.198,0.10891057159450714,11.01,11.38,120,432.31666666666666,1.0922441113961145,430,435
P2,2025-08-07,4,120,30.494975916666665,0.03696768846911339,30.43645,30.58,120,10.951500000000001,0.08083232983292246,10.83,11.09,120,429.06666666666666,1.1862895570497227,427,432
P2,2025-08-07,5,120,30.376632916666665,0.03751185653226946,30.31887,30.46281,120,10.728250000000001,0.07536647160387039,10.55,10.84,120,426.2083333333333,1.3956464923655987,423,429
P2,2025-08-07,6,120,30.35422541666667,0.019227639677199874,30.31887,30.4007,120,10.500166666666667,0.0236921195043938,10.46,10.56,120,424.1,0.7029350233548509,423,426
P2,2025-08-07,7,120,30.46723175,0.07312990328214314,30.37492,30.62609,120,10.946916666666668,0.37179735113112683,10.45,11.97,120,426.5416666666667,2.2968587732138213,424,435
P2,2025-08-07,8,120,29.956804833333333,0.3465449981403663,29.36203,30.60012,120,11.455416666666668,0.2554116658408904,11.05,12.03,120,461.6,9.750156215081189,439,483
P2,2025-08-07,9,120,29.78565925,0.36099458626068054,29.15031,30.30871,120,11.510333333333334,0.39419087074287995,10.87,12.05,120,514.75,38.74008412028884,479,594
P2,2025-08-07,10,120,30.61888525,0.19529612831818524,30.27102,30.97336,120,12.017916666666668,0.2575446304908689,11.71,12.79,120,621.275,21.566766567292117,575,662
P2,2025-08-07,11,120,31.124495083333333,0.12278515661116284,30.94035,31.35656,120,12.422666666666666,0.2059808807858137,12.08,12.81,120,646.1833333333333,21.120694910475866,607,678
P2,2025-08-07,12,120,31.49145175,0.06936153435566234,31.35305,31.60793,120,12.529666666666666,0.22174606315921516,11.97,12.86,120,651.8833333333333,30.09904751091691,599,711
P2,2025-08-07,13,120,31.535834666666666,0.017965003557725855,31.49992,31.58137,120,11.975916666666667,0.26817621145835574,11.55,12.59,120,686.2333333333333,34.35106283955833,627,729
P2,2025-08-07,14,120,31.46771783333333,0.03034568450991588,31.42219,31.55793,120,11.924083333333334,0.3605772585504424,11.49,12.82,120,677.9833333333333,24.900468536421894,625,709
P2,2025-08-07,15,120,31.31318041666667,0.058169667951373405,31.19777,31.43957,120,11.536916666666666,0.14648139718028355,11.33,11.84,120,681.85,13.506705461990876,645,698
P2,2025-08-07,16,120,31.19019025,0.031343387183024096,31.12961,31.25734,120,11.792833333333334,0.24132053837354375,11.33,12.25,120,677.7166666666667,9.764610542546947,654,691
P2,2025-08-07,17,120,31.002761916666667,0.07290547273778035,30.87512,31.15656,120,11.487833333333333,0.19479436834358121,11.19,11.97,120,656.5833333333334,3.787603249463984,645,665
P2,2025-08-07,18,120,30.799116333333334,0.044758677106883867,30.68176,30.89231,120,11.276250000000001,0.1061239365834416,11.13,11.52,120,639.15,10.000546203570403,619,659
P2,2025-08-07,19,120,30.555292416666664,0.04624870189404288,30.50754,30.67297,120,11.396749999999999,0.03186532848824671,11.33,11.52,120,593.8333333333334,10.000280108121837,577,619
P2,2025-08-07,20,120,30.456057833333332,0.031060491838500678,30.40031,30.52141,120,11.43375,0.04631028889073049,11.38,11.58,120,549.3166666666667,19.668677198660326,519,579
P2,2025-08-07,21,120,30.514401333333335,0.11582227540019809,30.39094,30.75187,120,11.56125,0.18280982679579869,11.29,11.99,120,500.31666666666666,7.4269363639053925,488,520
P2,2025-08-07,22,120,30.93558275,0.10103088370454898,30.74484,31.10246,120,12.550916666666666,0.2822329803231211,12.01,13.0,120,470.9916666666667,8.857884332386524,457,488
P2,2025-08-07,23,120,31.21836408333333,0.06932359952608823,31.08684,31.3427,120,13.272166666666667,0.16453746391266647,12.97,13.57,120,446.60833333333335,5.9511962406459045,437,457
P2,2025-08-08,0,120,31.442945916666666,0.05901322463232668,31.3343,31.55109,120,13.830416666666668,0.14779838546174304,13.55,14.07,120,427.39166666666665,5.011408553119142,418,437
P2,2025-08-08,1,120,31.618050416666666,0.046100008064233665,31.53918,31.70774,120,14.277416666666666,0.11995444396707905,14.07,14.48,120,413.35,2.8598936337980203,410,420
P2,2025-08-08,2,120,31.753821833333333,0.03531041149060073,31.68469,31.8259,120,14.628833333333334,0.08430819146713416,14.48,14.77,120,410.0,0.0,410,410
P2,2025-08-08,3,120,31.861494083333334,0.02888417162705207,31.80539,31.92551,120,14.904416666666666,0.07087444020597536,14.77,15.03,120,410.0,0.0,410,410
P2,2025-08-08,4,120,31.94313783333333,0.02351640218521497,31.9007,31.99719,120,15.11575,0.05349408983297795,15.01,15.22,120,410.0,0.0,410,410
P2,2025-08-08,5,120,32.01242358333334,0.020570982205535247,31.97375,32.06438,120,15.279916666666667,0.042396603505417615,15.2,15.36,120,410.0,0.0,410,410
P2,2025-08-08,6,120,32.107682583333336,0.033360285413200866,32.04269,32.1718,120,15.47725,0.07534751422017794,15.35,15.6,120,410.0,0.0,410,410
P2,2025-08-08,7,120,32.232040833333336,0.051401725792286954,32.16027,32.35344,120,15.838666666666667,0.2627774510788903,15.58,16.56,120,410.60833333333335,2.030423366595997,410,421
P2,2025-08-08,8,120,30.840789500000003,0.51688499498283,30.02473,32.15344,120,13.2755,0.7105836753429291,12.35,15.62,120,437.15833333333336,4.852437373051206,424,446
P2,2025-08-08,9,120,30.30218575,0.3451808063489349,29.76769,31.06496,120,12.2355,0.38911848231266427,11.77,13.28,120,472.2083333333333,26.463514071846305,446,524
P2,2025-08-08,10,120,30.998171666666668,0.16550211578699564,30.62727,31.24855,120,12.36225,0.1052445132205255,12.17,12.53,120,555.1,17.329432872932667,524,577
P2,2025-08-08,11,120,31.426987666666665,0.107328288272089,31.23391,31.60656,120,12.0685,0.04986789270351362,12.0,12.2,120,589.225,9.701825610062436,575,606
P2,2025-08-08,12,120,31.654341083333335,0.03815704593228468,31.57941,31.73937,120,12.17325,0.1333042422745912,11.98,12.41,120,635.9416666666667,14.89475449561327,606,661
P2,2025-08-08,13,120,31.669931583333334,0.016123934450930265,31.64465,31.70832,120,11.993500000000001,0.16547690183834396,11.68,12.25,120,669.3583333333333,4.831263441645053,661,679
P2,2025-08-08,14,120,30.14241225,0.9784697691104035,29.0091,31.69133,120,10.998833333333332,0.7611713478109183,10.05,12.23,120,774.8166666666667,58.10320914687302,663,903
P2,2025-08-08,15,120,30.497408583333332,0.31419617553876145,29.6134,30.82355,120,11.811083333333332,0.08164069500703815,11.64,11.91,120,695.4,63.69061247662056,655,903
P2,2025-08-08,16,120,30.87023575,0.021699687937284662,30.82199,30.9134,120,11.395083333333334,0.1194384327412538,11.17,11.63,120,667.8,8.588246805563855,654,682
P2,2025-08-08,17,120,30.90046875,0.03754400140210792,30.8507,30.98078,120,11.20425,0.15653636783119168,10.96,11.46,120,684.15,3.5042591132468353,677,689
P2,2025-08-08,18,120,30.841528166666667,0.027691052493666914,30.79465,30.91594,120,11.103666666666667,0.028341653087280653,11.06,11.17,120,675.775,5.34752357669966,664,684
P2,2025-08-08,19,120,30.719571499999997,0.04202794529794043,30.64289,30.81691,120,11.013666666666666,0.02157392346490257,10.97,11.06,120,630.5166666666667,18.6028746912597,598,664
P2,2025-08-08,20,120,30.58313775,0.03846333874831852,30.52492,30.66281,120,11.033083333333334,0.1200895732453079,10.95,11.36,120,562.1416666666667,20.333478554837928,531,598
P2,2025-08-08,21,120,30.66018066666667,0.11956973659951098,30.51105,30.92238,120,11.333333333333334,0.22740898385590494,11.06,11.91,120,510.425,9.899208439622477,493,530
P2,2025-08-08,22,120,31.108564666666666,0.10544846817390671,30.90109,31.28742,120,12.599916666666667,0.37117912465146996,11.92,13.17,120,473.05833333333334,10.633936347416133,456,493
P2,2025-08-08,23,120,31.409365083333334,0.07955019754472618,31.27043,31.54797,120,13.610583333333333,0.2371089733985329,13.19,13.99,120,444.25,6.0644299752218656,434,456
P2,2025-08-09,0,120,31.635978083333335,0.05726718708356426,31.53469,31.74191,120,14.339,0.19489881020284847,14.0,14.66,120,426.2583333333333,4.64268799519516,418,434
P2,2025-08-09,1,120,31.803193583333332,0.043035743670472214,31.7216,31.8884,120,14.965750000000002,0.1665046621599784,14.66,15.25,120,413.35,2.83925070006423,410,420
P2,2025-08-09,2,120,31.929658,0.03197187983475205,31.87043,31.99523,120,15.480333333333334,0.13308829023320826,15.24,15.71,120,410.0,0.0,410,410
P2,2025-08-09,3,120,32.027915166666666,0.027889065264298244,31.97707,32.0966,120,15.906333333333333,0.1166041449119399,15.69,16.09,120,410.0,0.0,410,410
P2,2025-08-09,4,120,32.11385275,0.02167067479695739,32.07453,32.16926,120,16.2465,0.08196791747872152,16.09,16.39,120,410.0,0.0,410,410
P2,2025-08-09,5,120,32.185081333333336,0.0204937491569889,32.14894,32.23742,120,16.50725,0.06084782644591869,16.38,16.61,120,410.0,0.0,410,410
P2,2025-08-09,6,120,32.279454916666666,0.03826887646476084,32.20891,32.35812,120,16.72225,0.06317193425335796,16.61,16.83,120,410.0,0.0,410,410
P2,2025-08-09,7,120,32.42163758333333,0.04890770319618275,32.34504,32.52297,120,16.950666666666667,0.07731560697059237,16.81,17.09,120,410.0,0.0,410,410
P2,2025-08-09,8,120,32.62191633333334,0.07110542127250834,32.50227,32.75715,120,17.1445,0.031512302519559464,17.08,17.21,120,409.475,0.5014684319429243,409,410
P2,2025-08-09,9,120,32.51966475,0.2582971538701402,32.06242,32.84309,120,15.9835,1.1034328786324348,14.18,17.29,120,417.69166666666666,8.862910948226377,409,431
P2,2025-08-09,10,120,31.99909675,0.07432277991113095,31.86184,32.12668,120,13.57475,0.24004538261396777,13.18,14.15,120,421.075,6.225675354003426,412,435
P2,2025-08-09,11,120,32.114271333333335,0.05543305460413144,32.03645,32.22883,120,13.039833333333332,0.11505923453152585,12.83,13.21,120,414.15,3.7565628845903274,410,422
P2,2025-08-09,12,120,32.30293225,0.042478546665669255,32.21164,32.37551,120,13.265083333333333,0.10221082046793598,13.08,13.46,120,410.0,0.0,410,410
P2,2025-08-09,13,120,32.34877358333333,0.015349457702406871,32.32317,32.39289,120,12.873583333333332,0.0958797902254162,12.73,13.08,120,409.875,0.33210558207753726,409,410
P2,2025-08-09,14,120,32.47539575,0.1145991526701215,32.36438,32.75461,120,12.876083333333334,0.25310938889163725,12.68,13.47,120,409.0,0.0,409,409
P2,2025-08-09,15,120,33.00378658333333,0.12430166486507137,32.76067,33.19621,120,13.988583333333334,0.2723390615129841,13.48,14.41,120,408.375,0.48615279266413464,408,409
P2,2025-08-09,16,120,33.29415241666667,0.050629098983285756,33.19582,33.38625,120,14.7735,0.18893620816641132,14.43,15.09,120,408.0,0.0,408,408
P2,2025-08-09,17,120,33.42155783333333,0.02937388204727063,33.36438,33.47824,120,15.335166666666668,0.128245977762756,15.09,15.54,120,409.6,0.8033543124055337,408,410
P2,2025-08-09,18,120,33.472212750000004,0.00883615233980505,33.45754,33.49875,120,15.657083333333333,0.06675423170840897,15.52,15.77,120,410.0,0.0,410,410
P2,2025-08-09,19,120,33.478976583333335,0.008811977381446526,33.46652,33.50422,120,15.856666666666666,0.04280762779223943,15.76,15.93,120,410.7083333333333,1.0563599569007949,410,413
P2,2025-08-09,20,120,33.47604183333333,0.009430473399753425,33.46418,33.50617,120,15.983666666666666,0.033126529350030305,15.92,16.05,120,413.1,1.2728582274656508,411,416
P2,2025-08-09,21,120,33.4691655,0.008932489546355907,33.455,33.49777,120,16.03125,0.011850788010532295,16.0,16.06,120,415.65833333333336,0.7390185785105677,414,417
P2,2025-08-09,22,120,33.46647483333333,0.008839867102630357,33.45578,33.49524,120,16.081666666666667,0.02635674242292929,16.03,16.14,120,418.475,1.2364390452444418,416,421
P2,2025-08-09,23,120,33.471892,0.009050048107952962,33.4591,33.5007,120,16.208666666666666,0.047930855894495306,16.13,16.29,120,421.59166666666664,1.103819444903355,419,423
P2,2025-08-10,0,120,33.48229491666667,0.009297210568915188,33.46867,33.51086,120,16.35925,0.04928330891706643,16.26,16.44,120,422.34166666666664,0.7503033933502082,420,424
P2,2025-08-10,1,120,33.50960991666667,0.013012756991921198,33.47883,33.54582,120,16.54775,0.05792580737170824,16.43,16.66,120,423.5083333333333,0.6609877169091593,422,425
P2,2025-08-10,2,120,33.53130925,0.010873930212041428,33.51184,33.56262,120,16.717583333333334,0.03422603641422568,16.64,16.8,120,425.2583333333333,0.9570247429107445,423,428
P2,2025-08-10,3,120,33.544425833333335,0.008908850153888682,33.53176,33.57199,120,16.813416666666665,0.013871913061607736,16.77,16.84,120,427.80833333333334,1.2721703372374062,426,430
P2,2025-08-10,4,120,33.54261591666667,0.010550308251165177,33.52649,33.57453,120,16.7835,0.019731389487123985,16.74,16.82,120,430.51666666666665,0.621509862998109,429,432
P2,2025-08-10,5,120,33.54961275,0.009124816375498229,33.53527,33.5761,120,16.696416666666668,0.02915608051183289,16.65,16.76,120,431.0,0.7559289460184403,429,433
P2,2025-08-10,6,120,33.56935441666666,0.017450207665121183,33.54348,33.61731,120,16.6545,0.010029368638858435,16.63,16.68,120,431.51666666666665,0.6348867871463513,430,433
P2,2025-08-10,7,120,33.6327365,0.019268464445850494,33.59484,33.67512,120,16.69075,0.018017848293924853,16.65,16.72,120,431.0833333333333,0.6684150742499815,430,432
P2,2025-08-10,8,120,33.69192691666667,0.02223645575092355,33.65637,33.75558,120,16.688750000000002,0.020397829016134184,16.66,16.75,120,432.65833333333336,0.8451128245829209,431,435
P2,2025-08-10,9,120,33.8341425,0.0608431748829202,33.73469,33.95773,120,16.843583333333335,0.06632990926230958,16.73,16.97,120,431.30833333333334,2.015885789971045,427,434
P2,2025-08-10,10,120,34.08651916666667,0.0831191378683152,33.94406,34.24465,120,17.042749999999998,0.03893460364951243,16.96,17.11,120,421.875,3.324375217726593,416,427
P2,2025-08-10,11,120,34.38641616666666,0.08110428938477635,34.23859,34.52824,120,17.13075,0.026351295154173494,17.07,17.17,120,411.60833333333335,2.0673363422095847,410,417
P2,2025-08-10,12,120,34.66967291666666,0.08645930201468037,34.52668,34.81867,120,17.199,0.02705114980702365,17.15,17.25,120,410.0,0.0,410,410
P2,2025-08-10,13,120,34.918737166666666,0.05555955071756761,34.81164,35.00402,120,17.265333333333334,0.016800026677315574,17.23,17.3,120,409.51666666666665,0.5018174252567111,409,410
P2,2025-08-10,14,120,34.941869,0.03376059132661097,34.87746,35.00441,120,17.20225,0.04414381576832793,17.12,17.28,120,409.84166666666664,0.3665838969477776,409,410
P2,2025-08-10,15,120,34.80017133333333,0.04729362962650399,34.72766,34.89504,120,16.996666666666666,0.06922540619414876,16.89,17.13,120,410.0,0.0,410,410
P2,2025-08-10,16,120,34.68428425,0.028985974054180796,34.63723,34.7466,120,16.883416666666665,0.014752628783453427,16.85,16.91,120,410.03333333333336,0.1802581404510697,410,411
P2,2025-08-10,17,120,34.61460958333334,0.019221908473689448,34.57903,34.65852,120,16.861666666666668,0.010152892814021425,16.84,16.88,120,422.69166666666666,8.050049149944746,410,431
P2,2025-08-10,18,120,34.538229333333334,0.02961131148090563,34.48938,34.59953,120,16.81191666666667,0.02474392662375492,16.77,16.86,120,432.0416666666667,1.7888348084685972,429,435
P2,2025-08-10,19,120,34.45848625,0.021770046651253885,34.42395,34.51242,120,16.77625,0.010773645092140455,16.75,16.8,120,436.425,1.2942179105544722,433,439
P2,2025-08-10,20,120,34.40234733333333,0.015622546825006751,34.38,34.43918,120,16.769166666666667,0.009489785161370824,16.74,16.79,120,440.56666666666666,0.8956790141331413,438,442
P2,2025-08-10,21,120,34.366128499999995,0.017023497732304004,34.33879,34.41359,120,16.783916666666666,0.016051169926908027,16.75,16.82,120,442.73333333333335,0.7529586832698978,441,444
P2,2025-08-10,22,120,34.320653166666666,0.014210077261230449,34.29602,34.355,120,16.817916666666665,0.013590396592880766,16.78,16.85,120,444.28333333333336,0.9364992324208633,442,446
P2,2025-08-10,23,120,34.29728791666666,0.01730793051317626,34.26457,34.33899,120,16.887916666666666,0.015001167088118115,16.84,16.92,120,446.09166666666664,1.1226905956983828,443,448
P2,2025-08-11,0,120,34.25262708333333,0.014605509228534794,34.22277,34.29152,120,16.8855,0.017044183807994537,16.85,16.92,120,447.71666666666664,0.6633671852066272,447,450
P2,2025-08-11,1,120,34.211926999999996,0.011986912232678646,34.19035,34.24524,120,16.86075,0.012309899002239427,16.83,16.89,120,449.18333333333334,1.137469795209476,448,452
P2,2025-08-11,2,120,34.18595425,0.011356103727500275,34.16594,34.22141,120,16.854916666666668,0.013283959704625712,16.83,16.88,120,452.76666666666665,1.294677749940247,451,456
P2,2025-08-11,3,120,34.17516991666666,0.009411049780774136,34.15813,34.20363,120,16.86675,0.020215748083819467,16.82,16.9,120,456.6666666666667,0.9012907022553923,454,459
P2,2025-08-11,4,120,34.16345525,0.0092575652426991,34.1507,34.19328,120,16.897666666666666,0.012881707004515828,16.87,16.93,120,457.975,0.9996848242817129,456,460
P2,2025-08-11,5,120,34.15447775,0.009829628292764361,34.13684,34.18508,120,16.905833333333334,0.014757612098370544,16.87,16.94,120,459.275,1.0843617183091459,457,462
P2,2025-08-11,6,120,34.209248333333335,0.05425590823782933,34.1466,34.3257,120,17.43025,0.4327758021862842,16.89,18.08,120,466.31666666666666,9.35030969094218,457,482
P2,2025-08-11,7,120,31.491053,1.5319941842818021,29.78859,34.30207,120,14.254666666666667,1.9979956062456792,11.68,18.08,120,423.725,22.747411894524678,410,478
P2,2025-08-11,8,120,29.5740625,0.18288632823204987,29.23527,29.96144,120,11.879583333333333,0.55492962054075,11.46,13.54,120,422.4166666666667,12.677369059647678,410,450
P2,2025-08-11,9,120,29.232276416666664,0.10827691223130567,29.10148,29.56359,120,11.140666666666668,0.2641674199637557,10.82,11.66,120,585.6166666666667,66.14755384405228,450,703
P2,2025-08-11,10,120,30.242130666666664,0.4551708274363956,29.53742,30.84758,120,11.901333333333334,0.15350216013224813,11.46,12.15,120,723.275,36.34266481305811,676,811
P2,2025-08-11,11,120,31.21516066666667,0.18043481773197712,30.85832,31.50324,120,11.95275,0.16062881947850602,11.72,12.43,120,751.4666666666667,18.41671388006169,707,774
P2,2025-08-11,12,120,31.654664500000003,0.08209010984401485,31.50363,31.78059,120,11.850666666666665,0.11774301408978315,11.57,12.09,120,767.4,19.618804219207668,726,811
P2,2025-08-11,13,120,30.832373166666667,0.8683178238148758,29.21691,31.88723,120,11.533999999999999,0.6137806796316388,10.51,12.65,120,1014.9833333333333,126.19952078997393,811,1168
P2,2025-08-11,14,120,29.71590675,0.4552219515264326,28.8841,30.38547,120,11.726750000000001,0.9467832869442587,10.15,13.44,120,1316.8333333333333,72.90379678339256,1170,1413
P2,2025-08-11,15,120,30.143318583333333,0.5406542197373674,29.38801,30.92492,120,11.9825,0.3138383944247811,11.52,12.67,120,1006.4666666666667,278.1321532614865,650,1405
P2,2025-08-11,16,120,31.17267425,0.12249588117693956,30.92277,31.34035,120,12.780333333333335,0.27964543376828216,12.2,13.13,120,678.925,41.06833053715772,617,747
P2,2025-08-11,17,120,31.431334333333332,0.04981017883443689,31.31008,31.52394,120,12.36225,0.25399484709919007,11.96,12.89,120,726.3416666666667,29.131546282261045,664,767
P2,2025-08-11,18,120,31.48001975,0.029702256102593503,31.42316,31.54484,120,12.434583333333334,0.29623944390180273,11.93,12.98,120,717.6083333333333,34.000073117403744,670,772
P2,2025-08-11,19,120,31.428108333333334,0.028958375033725146,31.3673,31.49953,120,12.202499999999999,0.2527437670145518,11.8,12.7,120,686.1083333333333,22.90565077737397,638,723
P2,2025-08-11,20,120,31.333999,0.04762757642339127,31.23449,31.44055,120,11.966333333333333,0.23655771350925808,11.61,12.45,120,630.4666666666667,21.633281756400795,584,665
P2,2025-08-11,21,120,31.349055416666666,0.14020291817708447,31.20031,31.64465,120,11.704,0.2313693253348038,11.4,12.17,120,584.6916666666667,12.657608621789885,562,610
P2,2025-08-11,22,120,31.86911425,0.12073808874328892,31.63996,32.07219,120,12.792750000000002,0.32559696305853497,12.19,13.37,120,536.6083333333333,14.532661466494105,513,562
P2,2025-08-11,23,120,32.218283416666665,0.08734387675090056,32.06438,32.37863,120,13.828333333333335,0.26967871744773925,13.38,14.24,120,495.7416666666667,9.138059512427153,481,513
P2,2025-08-12,0,120,32.469658583333334,0.05769531174311757,32.36184,32.57101,120,14.552583333333333,0.15980290293707253,14.24,14.83,120,472.56666666666666,4.499735441958657,465,482
P2,2025-08-12,1,120,32.63358133333333,0.042440633612152216,32.55715,32.72258,120,15.014083333333334,0.11466059401873126,14.82,15.2,120,460.44166666666666,2.767748936169917,455,465
P2,2025-08-12,2,120,32.758311,0.029336890287893536,32.70637,32.82941,120,15.323333333333332,0.06392397445250034,15.2,15.46,120,453.80833333333334,1.4336638925713574,451,457
P2,2025-08-12,3,120,32.846748166666664,0.023765532699896817,32.80812,32.90617,120,15.516916666666667,0.04782313060359327,15.44,15.6,120,451.93333333333334,0.6949195386993644,450,454
P2,2025-08-12,4,120,32.911512333333334,0.017447145620645154,32.87863,32.96223,120,15.655666666666667,0.03559183489909985,15.58,15.72,120,452.0083333333333,0.8839924077902636,450,454
P2,2025-08-12,5,120,32.96353383333334,0.01741313814739073,32.93527,33.00851,120,15.775749999999999,0.043572840588774996,15.71,15.87,120,454.18333333333334,0.8694954910542333,452,456
P2,2025-08-12,6,121,33.03959991735537,0.02980095178836739,32.98781,33.11223,121,15.982314049586776,0.07326618513542045,15.86,16.12,121,456.2314049586777,0.8242201423013271,454,458
P2,2025-08-12,7,120,33.19148791666667,0.06969232451011739,33.08742,33.32004,120,16.456,0.354856818089407,16.1,17.14,120,458.725,3.2227200265843656,454,469
P2,2025-08-12,8,119,31.528291680672268,0.6843047812509552,30.59211,33.24836,119,14.638151260504202,0.644563926148884,13.7,16.82,119,482.5966386554622,27.85656947978129,448,544
P2,2025-08-12,9,121,31.00059991735537,0.49794775075553216,30.21086,32.00637,121,12.87495867768595,0.5859125702226432,11.99,14.63,121,564.2561983471074,44.07068733402799,520,646
P2,2025-08-12,10,120,31.6028955,0.26122268901948803,30.97844,31.97492,120,13.504,0.20082769905041062,13.15,13.98,120,712.8666666666667,51.752632918583224,638,809
P2,2025-08-12,11,120,31.671084166666667,0.2825240891628223,30.96867,32.04758,120,12.877333333333333,0.19359375872524057,12.55,13.22,120,748.0833333333334,12.336720709781392,730,796
P2,2025-08-12,12,120,32.286223916666664,0.11482196891288997,32.0468,32.44914,120,13.141333333333334,0.09838129675817761,12.98,13.34,120,767.4833333333333,24.31238690179845,742,817
P2,2025-08-12,13,120,30.781217666666667,1.2917529580274498,28.60871,32.49719,120,12.022250000000001,1.2012517718312565,10.11,13.83,120,1023.3916666666667,75.5371015560205,820,1097
P2,2025-08-12,14,120,29.757354916666667,1.0128412643830098,27.9802,30.97844,120,11.744416666666666,0.944572106080543,9.92,12.76,120,887.2416666666667,127.94168812480216,771,1112
P2,2025-08-12,15,120,29.296736333333335,0.9670963457803686,28.13645,31.00695,120,11.960666666666667,0.8807118333106068,10.69,13.3,120,759.6833333333333,13.248740757244043,738,784
P2,2025-08-12,16,120,29.957600916666667,0.47343618309708607,29.17531,30.58586,120,12.384083333333333,0.5604117571348919,11.32,13.12,120,771.1583333333333,17.6520981366932,746,823
P2,2025-08-12,17,120,28.961236666666665,0.26881510776350565,28.43098,29.36769,120,11.957833333333333,0.4405424145841332,11.41,12.93,120,778.3083333333333,51.423075589478664,712,836
P2,2025-08-12,18,120,29.1800925,0.6966172895581539,28.22453,30.13195,120,12.475916666666667,0.4018246112513272,11.73,12.9,120,675.1916666666667,36.664569904398256,627,729
P2,2025-08-12,19,120,30.455040666666665,0.155044627827087,30.14231,30.68625,120,12.2865,0.17424338237798664,12.07,12.64,120,603.1583333333333,16.761297874644995,569,626
P2,2025-08-12,20,120,30.795077499999998,0.06513863484906353,30.67805,30.92687,120,11.984833333333334,0.059238633393035506,11.89,12.13,120,530.35,23.247535335163246,496,568
P2,2025-08-12,21,120,31.0791015,0.13899442800421327,30.91672,31.34836,120,12.30875,0.34815374392897547,11.85,13.0,120,485.10833333333335,9.158543637971556,469,497
P2,2025-08-12,22,120,31.526897166666668,0.11012643236839005,31.32805,31.7216,120,13.550083333333333,0.3074194458492701,13.0,14.04,120,453.95,7.924910200164617,441,469
P2,2025-08-12,23,120,31.833704916666665,0.0725608786647321,31.69855,31.9632,120,14.422166666666667,0.19214920381466347,14.04,14.72,120,432.875,4.86725035830503,425,441
P2,2025-08-13,0,120,32.04089891666667,0.05250951052386742,31.94543,32.1509,120,14.916500000000001,0.12094619958178562,14.7,15.12,120,417.94166666666666,4.280689164128639,411,425
P2,2025-08-13,1,120,32.19164925,0.03826963715536779,32.12707,32.27023,120,15.265916666666667,0.0860866851896754,15.11,15.41,120,410.06666666666666,0.25048971643409645,410,411
P2,2025-08-13,2,120,32.294998666666665,0.027893618496510765,32.24719,32.35969,120,15.500416666666666,0.055781624535810946,15.4,15.59,120,410.0,0.0,410,410
P2,2025-08-13,3,120,32.36879916666667,0.023245807666963943,32.33059,32.41965,120,15.644416666666666,0.03867111560419031,15.57,15.71,120,410.0,0.0,410,410
P2,2025-08-13,4,120,32.429922166666664,0.016613022237724998,32.39797,32.47063,120,15.758833333333333,0.03368622722659477,15.69,15.82,120,409.8666666666667,0.34135994294036376,409,410
P2,2025-08-13,5,120,32.48547091666667,0.01800721092704923,32.45227,32.53625,120,15.882583333333335,0.04281081763342784,15.8,15.98,120,409.35,0.47896948201932166,409,410
P2,2025-08-13,6,120,32.559917416666664,0.02669165965149879,32.51555,32.61769,120,16.063750000000002,0.048369420508586704,15.95,16.14,120,409.0083333333333,0.0912870929175313,409,410
P2,2025-08-13,7,120,31.92629283333333,1.0220350431404164,29.57023,32.68586,120,15.582833333333333,0.9593504309165222,13.26,16.56,120,408.6333333333333,0.6601926550157102,407,409
P2,2025-08-13,8,120,29.480004666666666,0.5637030165018964,28.74309,30.44191,120,12.809583333333334,0.4257458030274846,12.03,13.37,120,411.2083333333333,7.49217612454704,407,440
P2,2025-08-13,9,120,30.406174916666664,0.3011691105110943,29.52121,30.69426,120,13.035583333333333,0.2538172300583818,12.26,13.33,120,487.9916666666667,34.19481896804981,438,553
P2,2025-08-13,10,120,29.29139025,0.2071420932493769,28.95695,29.63176,120,12.15775,0.26905206300090523,11.82,12.78,120,640.4166666666666,166.8317515742532,470,935
P2,2025-08-13,11,120,29.142114166666666,0.28358028274011493,28.74816,29.70031,120,11.889833333333334,0.4217709429196323,11.22,12.7,120,1022.4666666666667,50.23590288205574,936,1117
P2,2025-08-13,12,120,29.677399083333334,0.4015329020561191,29.06066,30.35402,120,12.427833333333332,0.2818134054976932,11.74,12.84,120,842.1583333333333,199.289367580943,619,1145
P2,2025-08-13,13,120,29.928220666666668,0.4933987729846401,28.99797,30.51672,120,12.508166666666666,0.7282948697931013,11.21,13.51,120,822.3583333333333,79.60361841289475,639,946
P2,2025-08-13,14,120,29.155330250000002,0.19129013144700627,28.90129,29.55852,120,11.915166666666666,0.3363870902841015,11.21,12.52,120,927.7083333333334,119.2256102876365,751,1049
P2,2025-08-13,15,120,29.4244645,0.43682965284896885,28.83274,30.04152,120,11.6555,0.3301969109486023,11.04,12.06,120,712.5166666666667,39.10704622476312,650,765
P2,2025-08-13,16,120,29.379583333333336,0.4100182982334758,28.65949,30.03078,120,11.588166666666666,0.4257805157813696,10.91,12.13,120,639.8833333333333,21.22278121682056,600,676
P2,2025-08-13,17,120,29.17048325,0.3891456262707478,28.73937,29.90207,120,11.8505,0.48662765086689874,11.14,12.5,120,727.4166666666666,53.96039371275792,657,814
P2,2025-08-13,18,120,29.641686083333333,0.14444665541064267,29.35539,29.87199,120,12.07725,0.14772767644065427,11.81,12.44,120,758.4,11.289468580953478,721,776
P2,2025-08-13,19,120,29.98001783333333,0.10310080308584554,29.69797,30.12531,120,11.95225,0.13384716293298712,11.74,12.22,120,676.5916666666667,21.786780292604146,644,718
P2,2025-08-13,20,120,30.157482166666668,0.03866248087227961,30.10871,30.26574,120,11.705666666666668,0.11183521290692962,11.58,11.96,120,602.7833333333333,23.51548152065923,555,649
P2,2025-08-13,21,120,30.276687499999998,0.12154622295532445,30.1507,30.54797,120,11.81375,0.13359327777080013,11.66,12.15,120,534.925,10.442449324711047,516,554
P2,2025-08-13,22,120,30.76268866666667,0.11581628241381384,30.54426,30.95793,120,12.800666666666666,0.34932042869658003,12.18,13.36,120,496.06666666666666,10.738866294899044,480,516
P2,2025-08-13,23,120,31.097056833333333,0.07934826053791123,30.94875,31.23078,120,13.788166666666665,0.2355290248963543,13.36,14.15,120,468.90833333333336,6.1644083229446345,459,480
P2,2025-08-14,0,120,31.334056166666667,0.06240555163010847,31.22102,31.4466,120,14.443999999999999,0.15273088321971923,14.15,14.68,120,451.64166666666665,3.7299510739425834,446,459
P2,2025-08-14,1,120,31.518316833333333,0.04596603791919396,31.43273,31.61965,120,14.869166666666667,0.10023990829847326,14.68,15.03,120,440.44166666666666,2.969864986698135,435,446
P2,2025-08-14,2,120,31.660091416666667,0.03777963902510466,31.59621,31.74191,120,15.170833333333333,0.08335993973018735,15.01,15.32,120,431.65833333333336,2.342503987183815,426,436
P2,2025-08-14,3,120,31.775160833333334,0.02926238976505307,31.71945,31.83488,120,15.425916666666666,0.06556151557835085,15.3,15.54,120,425.9583333333333,1.3054239359920936,423,428
P2,2025-08-14,4,120,31.855887583333335,0.02436751664039638,31.81301,31.9052,120,15.618833333333333,0.049994677587871496,15.52,15.72,120,422.6666666666667,0.748481188565127,421,424
P2,2025-08-14,5,120,31.926002416666666,0.020714426629310303,31.88469,31.97785,120,15.772666666666668,0.04222256621807185,15.7,15.85,120,422.05,0.9244575970478756,420,424
P2,2025-08-14,6,120,31.995901583333332,0.023955981937316313,31.95559,32.05578,120,15.951166666666667,0.053392211897584974,15.85,16.05,120,421.1,0.7821538888750734,418,423
P2,2025-08-14,7,120,32.1083935,0.05230872185978393,32.03762,32.22668,120,16.184416666666667,0.13449435859171432,16.03,16.55,120,420.69166666666666,1.389007464592854,418,425
P2,2025-08-14,8,120,30.315597166666667,0.9017489779425751,28.98586,32.24269,120,13.693666666666667,1.133063025929402,12.19,16.62,120,433.65833333333336,17.072507671905832,412,468
P2,2025-08-14,9,120,29.6314145,0.6043889058982289,28.65539,30.69758,120,12.775583333333334,0.6562803200945593,11.74,13.94,120,477.375,36.06927566584644,440,554
P2,2025-08-14,10,120,28.908153666666667,0.8512511502744613,27.6634,30.36203,120,12.287333333333333,0.8723509560241163,11.13,13.85,120,602.0333333333333,22.080423411683384,554,642
P2,2025-08-14,11,120,29.026066,0.6411381619457641,27.63449,29.87766,120,13.06225,0.7137361310077289,11.16,14.36,120,697.7916666666666,27.225450226874486,632,732
P2,2025-08-14,12,120,30.392384166666666,0.24199117429070882,29.86828,30.76008,120,12.864416666666667,0.17914266336508325,12.6,13.16,120,707.4,15.657789963932352,691,738
P2,2025-08-14,13,120,30.99106941666667,0.12715055728931798,30.74875,31.2425,120,12.531749999999999,0.09631585382209472,12.39,12.74,120,739.2583333333333,2.6773115617872913,733,746
P2,2025-08-14,14,120,29.833204333333335,0.8882526801977836,28.50637,31.29445,120,12.227083333333333,0.6431741087556891,11.17,13.32,120,695.75,21.948086189801646,663,740
P2,2025-08-14,15,120,28.71339191666667,0.31436785716842064,28.21477,29.45461,120,11.626,0.33410962826216084,10.98,12.09,120,689.2166666666667,20.263882401257295,655,721
P2,2025-08-14,16,120,29.746331416666667,0.2629054087661195,29.13488,30.11203,120,12.103583333333335,0.2556481163313239,11.83,12.61,120,693.7166666666667,11.43868075290817,680,724
P2,2025-08-14,17,120,28.643413,0.21905774493528746,28.14562,29.12375,120,11.744,0.1701378580924972,11.48,12.19,120,693.0583333333333,12.438957394589996,673,716
P2,2025-08-14,18,120,27.807908333333334,0.3629744906663709,27.28742,28.62258,120,11.559166666666666,0.4357309773172388,11.11,12.42,120,661.1,33.05035628280226,586,693
P2,2025-08-14,19,120,29.187909833333332,0.25892411732866016,28.63156,29.57277,120,12.060583333333334,0.1388021736766634,11.91,12.38,120,557.85,14.081783930151293,535,584
P2,2025-08-14,20,120,29.873494583333336,0.18894339282955172,29.56457,30.21867,120,12.15625,0.1595216720873576,11.97,12.55,120,524.7416666666667,6.384718933072989,507,534
P2,2025-08-14,21,120,30.497503166666668,0.15230578096689992,30.21203,30.74738,120,13.282583333333333,0.39366943397894233,12.57,13.89,120,482.96666666666664,11.86898601952385,465,508
P2,2025-08-14,22,120,30.961552333333334,0.11986368435903834,30.74074,31.15148,120,14.39575,0.2918231952928435,13.89,14.84,120,451.05,7.665101533091769,439,465
P2,2025-08-14,23,120,31.280895166666667,0.07194048654974494,31.14367,31.40578,120,15.110333333333333,0.14132585467238656,14.83,15.33,120,431.80833333333334,3.74007556957159,426,440
P2,2025-08-15,0,120,31.49327141666667,0.05168672194778249,31.39367,31.59172,120,15.491666666666667,0.07934959699593563,15.32,15.62,120,422.40833333333336,2.20196945205586,419,427
P2,2025-08-15,1,120,31.645175333333334,0.043053798667706894,31.56984,31.73527,120,15.678333333333335,0.03898574040828439,15.6,15.74,120,415.825,2.006973137954394,412,419
P2,2025-08-15,2,120,31.77487625,0.03294819279578768,31.71574,31.8427,120,15.78875,0.02891780586071831,15.74,15.85,120,410.85833333333335,0.9982828394052844,410,413
P2,2025-08-15,3,120,31.876241666666665,0.02710609814898702,31.82941,31.93625,120,15.888083333333332,0.031470830387299795,15.82,15.94,120,410.0,0.0,410,410
P2,2025-08-15,4,120,31.968497833333334,0.026574918648011807,31.91477,32.02375,120,15.988333333333335,0.03660677563524251,15.93,16.05,120,410.0,0.0,410,410
P2,2025-08-15,5,120,32.04142575,0.02368238176696325,31.99738,32.09758,120,16.08275,0.027285065327320824,16.04,16.15,120,410.0,0.0,410,410
P2,2025-08-15,6,120,32.12534175,0.03156062637602912,32.07668,32.1882,120,16.221666666666668,0.05867347808688289,16.13,16.33,120,410.0,0.0,410,410
P2,2025-08-15,7,120,32.16605825,0.19060532302593325,31.38762,32.31887,120,16.5825,0.28136895243604554,15.81,17.19,120,410.06666666666666,0.282049323218983,410,412
P2,2025-08-15,8,120,30.000198666666666,0.5213235503225412,29.17609,31.33019,120,13.884416666666668,0.5580108667857476,13.23,15.78,120,418.01666666666665,11.22196475654766,410,449
P2,2025-08-15,9,120,29.674493416666667,0.40849006539968913,29.03098,30.37824,120,13.102749999999999,0.35387877737387674,12.36,13.67,120,463.23333333333335,29.443788728318722,432,522
P2,2025-08-15,10,120,30.505084749999998,0.16765911518858417,30.1675,30.78801,120,13.404333333333334,0.09740958603228038,13.17,13.56,120,553.3583333333333,18.14405281796389,524,592
P2,2025-08-15,11,120,30.923297666666667,0.08693325539556189,30.77785,31.0673,120,13.345333333333334,0.13300618127629538,13.05,13.6,120,574.9666666666667,20.2857458476103,540,616
P2,2025-08-15,12,120,30.575366083333332,0.5299816612719036,29.67805,31.17141,120,13.102666666666666,0.2931593576258252,12.57,13.66,120,587.8333333333334,21.672246641956825,556,623
P2,2025-08-15,13,120,30.74639791666667,0.13772537884491484,30.38742,30.93859,120,13.33675,0.25318529601390255,12.93,13.83,120,594.3,31.44064703078298,534,652
P2,2025-08-15,14,120,30.949564249999998,0.030009559055859374,30.86887,31.00676,120,13.334,0.1862067162496325,12.97,13.7,120,588.05,22.223785425877917,548,626
P2,2025-08-15,15,120,28.508907333333333,1.282061315581468,26.96613,30.9173,120,11.634916666666667,0.9570314711098475,10.46,13.71,120,493.0083333333333,33.40017003764223,461,563
P2,2025-08-15,16,120,28.690901583333336,0.47198032830035835,27.42727,29.29641,120,12.814083333333334,0.4721833710057368,11.79,13.57,120,517.9333333333333,35.84765461974741,458,568
P2,2025-08-15,17,120,28.81309925,0.6766875641852451,27.60891,29.63059,120,13.045250000000001,0.8467455864870451,11.39,13.91,120,563.55,14.64185895347463,531,587
P2,2025-08-15,18,120,29.8691255,0.14174126073485466,29.63215,30.10207,120,13.453833333333334,0.22244320711623627,13.12,13.92,120,555.9916666666667,16.717874414230163,526,583
P2,2025-08-15,19,120,30.2235935,0.06576379370471518,30.08937,30.34992,120,13.29,0.20031907321180606,12.98,13.71,120,529.8666666666667,24.98131514637648,486,584
P2,2025-08-15,20,120,30.34154308333333,0.028102880674017994,30.30012,30.40266,120,13.135,0.2003106830598388,12.8,13.54,120,474.225,12.314821636254983,455,497
P2,2025-08-15,21,120,30.645989333333333,0.14166566935395042,30.39602,30.88469,120,13.149583333333334,0.35045563579583644,12.71,13.79,120,457.5833333333333,7.964821112249763,443,468
P2,2025-08-15,22,120,31.004407500000003,0.07781283474363397,30.86281,31.14797,120,14.224166666666667,0.2322725989523728,13.79,14.6,120,434.475,4.866214341436944,427,444
P2,2025-08-15,23,120,31.22465983333333,0.05300411065370119,31.12648,31.32746,120,14.906333333333333,0.16707535326752382,14.6,15.16,120,420.56666666666666,3.2712995216310623,414,427
P2,2025-08-16,0,120,31.3874775,0.04060887385429699,31.31066,31.46906,120,15.3505,0.10409150789957222,15.15,15.53,120,412.09166666666664,1.8379557210370603,410,415
P2,2025-08-16,1,120,31.515644416666664,0.036011197926857,31.44973,31.58859,120,15.690249999999999,0.08595936601116898,15.53,15.83,120,410.0,0.0,410,410
P2,2025-08-16,2,120,31.611686000000002,0.023906100497746594,31.56516,31.66555,120,15.946083333333332,0.06958817432295589,15.82,16.06,120,410.0,0.0,410,410
P2,2025-08-16,3,120,31.686782583333336,0.02065678298250456,31.64367,31.73664,120,16.160666666666668,0.05478350566545668,16.05,16.26,120,410.0,0.0,410,410
P2,2025-08-16,4,120,31.743831083333337,0.019027073757973856,31.70481,31.78898,120,16.3165,0.03713817035718813,16.24,16.39,120,410.0,0.0,410,410
P2,2025-08-16,5,120,31.79182925,0.014185808576846877,31.76613,31.82844,120,16.413166666666665,0.018696305002013244,16.37,16.46,120,410.0,0.0,410,410
P2,2025-08-16,6,120,31.841298166666668,0.020906313709341505,31.80578,31.89289,120,16.500166666666665,0.04008359611949221,16.44,16.58,120,410.0,0.0,410,410
P2,2025-08-16,7,120,31.921410666666667,0.035704568658388884,31.86652,32.00285,120,16.6245,0.032014964988159894,16.55,16.68,120,410.0,0.0,410,410
P2,2025-08-16,8,120,32.11158733333333,0.07449525573674179,31.98703,32.25598,120,16.856,0.09436563966603582,16.67,17.01,120,409.98333333333335,0.12855586584928033,409,410
P2,2025-08-16,9,120,32.40750666666666,0.09134645240482021,32.24367,32.56633,120,17.142999999999997,0.06702062895767792,17.0,17.24,120,409.075,0.26449571488643253,409,410
P2,2025-08-16,10,120,32.73780466666667,0.10174635145057973,32.56105,32.91125,120,17.2115,0.014931214835725747,17.17,17.24,120,409.0,0.0,409,409
P2,2025-08-16,11,120,33.09738633333333,0.10544797750336853,32.91301,33.29211,120,17.219916666666666,0.017704190897924743,17.18,17.25,120,409.0,0.0,409,409
P2,2025-08-16,12,120,33.446862333333335,0.0957968372904123,33.27414,33.61809,120,17.238,0.023248746238899238,17.2,17.3,120,409.0,0.0,409,409
P2,2025-08-16,13,120,33.73543358333333,0.06895565002408639,33.60188,33.85949,120,17.349749999999997,0.034990094636758604,17.28,17.41,120,409.0,0.0,409,409
P2,2025-08-16,14,120,33.90460925,0.03252696575324959,33.84074,33.96184,120,17.35575,0.03094213900792966,17.3,17.41,120,409.0,0.0,409,409
P2,2025-08-16,15,120,33.97323316666667,0.013725416035587041,33.94348,34.00656,120,17.318916666666667,0.01121192592345983,17.29,17.34,120,409.0,0.0,409,409
P2,2025-08-16,16,120,33.978755666666665,0.011098954809854226,33.9552,34.01164,120,17.394416666666665,0.043382136922030225,17.32,17.47,120,409.0,0.0,409,409
P2,2025-08-16,17,120,33.925303416666665,0.025299019826752093,33.87668,33.97141,120,17.48025,0.01871782954450526,17.44,17.52,120,409.025,0.15677956478053415,409,410
P2,2025-08-16,18,120,33.82330725,0.03676751116472045,33.7634,33.90129,120,17.373916666666666,0.06267557970467026,17.26,17.47,120,410.4916666666667,0.9526242686384139,410,413
P2,2025-08-16,19,120,33.70705941666667,0.03244311311715947,33.64914,33.77961,120,17.0875,0.0677644213929582,16.99,17.26,120,413.5,0.7100716024967453,411,415
P2,2025-08-16,20,120,33.61344916666666,0.022542980631903863,33.57101,33.66594,120,16.96475,0.019914206744236034,16.92,17.0,120,412.5,0.7100716024967191,411,414
P2,2025-08-16,21,120,33.540303083333335,0.02117631548384585,33.49855,33.58879,120,16.9235,0.013262064429834927,16.89,16.96,120,410.6666666666667,0.6900655593423374,410,413
P2,2025-08-16,22,120,33.47425308333333,0.01799720644969179,33.4427,33.51809,120,16.89725,0.009869952704371776,16.88,16.92,120,410.025,0.15677956478053112,410,411
P2,2025-08-16,23,120,33.423706583333335,0.017010288310211036,33.39641,33.4677,120,16.891666666666666,0.008919182738810654,16.87,16.91,120,410.0,0.0,410,410
P2,2025-08-17,0,120,33.38295925,0.014379221537964398,33.36164,33.4218,120,16.885583333333333,0.00950858376763303,16.87,16.91,120,410.0,0.0,410,410
P2,2025-08-17,1,120,33.350157,0.012441732133726511,33.3298,33.38664,120,16.86733333333333,0.019085536489214475,16.82,16.9,120,410.0,0.0,410,410
P2,2025-08-17,2,120,33.31319691666667,0.012133136361887582,33.29289,33.34836,120,16.791916666666665,0.019630872330576626,16.75,16.83,120,410.0,0.0,410,410
P2,2025-08-17,3,120,33.28343625,0.011394035153528412,33.2675,33.3175,120,16.73225,0.021042673728573425,16.69,16.78,120,410.0,0.0,410,410
P2,2025-08-17,4,120,33.259610583333334,0.010605977012817965,33.24016,33.28683,120,16.719916666666666,0.013503552805661486,16.68,16.75,120,410.06666666666666,0.25048971643405044,410,411
P2,2025-08-17,5,120,33.230872749999996,0.010410433515824744,33.2177,33.26418,120,16.682750000000002,0.023369969237996818,16.63,16.72,120,410.3,0.46017899330841205,410,411
P2,2025-08-17,6,120,33.23210841666667,0.012260232152369254,33.21555,33.26653,120,16.623749999999998,0.021344020869808668,16.59,16.67,120,411.25,0.8426648406177771,410,413
P2,2025-08-17,7,120,33.282996833333335,0.025997803785184487,33.24152,33.34602,120,16.683666666666667,0.02734569645933326,16.64,16.74,120,412.4916666666667,0.6609877169091453,411,414
P2,2025-08-17,8,120,33.41163325,0.0461565430809196,33.33117,33.51887,120,16.87575,0.06892527313918256,16.74,17.01,120,411.925,0.9363122728390937,410,414
P2,2025-08-17,9,120,33.617497166666666,0.07161381522723141,33.49817,33.7632,120,17.081166666666665,0.036717942247809054,17.0,17.14,120,411.2,1.025719669469192,410,413
P2,2025-08-17,10,120,33.917511833333336,0.10489750320251867,33.74641,34.11438,120,17.16125,0.03516019760749572,17.1,17.22,120,410.0,0.0,410,410
P2,2025-08-17,11,120,34.28484566666667,0.10890148242876702,34.09856,34.48254,120,17.151333333333334,0.027712004295483827,17.09,17.2,120,409.5,0.5020964452534005,409,410
P2,2025-08-17,12,120,34.635142083333335,0.0892840405332361,34.46828,34.79426,120,17.07725,0.016650762720056743,17.04,17.13,120,409.0,0.0,409,409
P2,2025-08-17,13,120,34.908489583333335,0.061620696354012613,34.78273,35.00402,120,17.103166666666667,0.013595805911213427,17.06,17.13,120,409.0,0.0,409,409
P2,2025-08-17,14,120,35.05319833333333,0.03231355815902836,34.98938,35.11555,120,17.158416666666668,0.029420047853230217,17.1,17.22,120,409.0,0.0,409,409
P2,2025-08-17,15,120,35.105334,0.009637450184070579,35.09094,35.13215,120,17.280083333333334,0.03306463833346939,17.21,17.32,120,409.0,0.0,409,409
P2,2025-08-17,16,120,35.07935758333333,0.020608277034876037,35.03899,35.12199,120,17.360833333333336,0.01881280331655898,17.31,17.4,120,409.3666666666667,0.48391494032293514,409,410
P2,2025-08-17,17,120,34.989289,0.03887203830539919,34.91711,35.06496,120,17.3095,0.0368474027909256,17.22,17.37,120,410.0,0.0,410,410
P2,2025-08-17,18,120,34.837096333333335,0.054839130970519984,34.74914,34.94035,120,17.058416666666666,0.09453109250918797,16.89,17.23,120,417.3666666666667,2.5302649854033867,410,420
P2,2025-08-17,19,120,34.66803758333333,0.04859278637192648,34.58625,34.7634,120,16.77466666666667,0.06906255030290674,16.67,16.91,120,417.3,0.6559360493526295,416,419
P2,2025-08-17,20,120,34.53641641666666,0.031958268345197195,34.48488,34.60363,120,16.684,0.014342743312012055,16.65,16.72,120,419.1333333333333,1.044660962518842,417,422
P2,2025-08-17,21,120,34.45010416666666,0.022611042129681985,34.40754,34.50227,120,16.778666666666666,0.040395800874487894,16.7,16.86,120,422.03333333333336,0.8592876992835847,420,424
P2,2025-08-17,22,120,34.37083575,0.024454972640085552,34.31965,34.43469,120,16.855916666666666,0.02031250942684528,16.81,16.9,120,423.5,0.7218091183695174,422,425
P2,2025-08-17,23,120,34.30306808333333,0.019770746971005008,34.27258,34.34484,120,16.902333333333335,0.01799782121890134,16.86,16.94,120,424.4916666666667,0.7558826254237578,423,426
P2,2025-08-18,0,120,34.236637333333334,0.028549525617724877,34.17355,34.28547,120,16.821,0.13312911531493962,16.48,16.95,120,424.65833333333336,0.6416343802128783,423,426
P2,2025-08-18,1,120,34.118960333333334,0.03164829035257243,34.06672,34.19113,120,16.06416666666667,0.24124879355586148,15.66,16.48,120,422.93333333333334,0.7529586832698829,421,425
P2,2025-08-18,2,120,34.02843966666667,0.027242318104126924,33.98508,34.08957,120,15.352083333333333,0.18459993460004692,15.03,15.67,120,421.5083333333333,0.8500700251267749,420,423
P2,2025-08-18,3,120,33.95615291666667,0.01904870684844057,33.92258,34.00461,120,14.776250000000001,0.15026062791869724,14.53,15.04,120,420.76666666666665,0.6043724898128269,419,422
P2,2025-08-18,4,120,33.9002275,0.015380851964144402,33.87414,33.94445,120,14.32175,0.10823769749797775,14.13,14.53,120,420.45,0.63311952752577,419,422
P2,2025-08-18,5,120,33.859178416666666,0.013850880140460412,33.8427,33.90031,120,13.969333333333333,0.10287247006871514,13.8,14.15,120,420.6666666666667,0.5550885058256189,419,422
P2,2025-08-18,6,120,32.14528308333333,1.5609463206349903,29.70031,33.88898,120,12.820916666666667,1.2259127937464187,11.03,14.66,120,417.7083333333333,11.977847783930745,409,454
P2,2025-08-18,7,120,28.40743175,0.5747451122716117,27.7425,29.69172,120,10.69725,0.10919077822975602,10.57,11.01,120,409.05,0.2855041243870341,408,410
P2,2025-08-18,8,120,27.384713583333333,0.306196833556997,27.0216,28.00031,120,10.59225,0.26645340299269404,10.33,11.23,120,414.89166666666665,7.864178795223904,410,437
P2,2025-08-18,9,120,28.745872583333334,0.9175815041759897,27.17629,29.86789,120,11.959833333333334,0.4522139438146429,11.07,12.67,120,500.6166666666667,48.91463724382187,439,589
P2,2025-08-18,10,120,28.886434,0.06770824024674281,28.76145,29.00969,120,10.972666666666667,0.15558905868367826,10.75,11.31,120,667.3166666666667,40.779790540494574,591,726
P2,2025-08-18,11,120,29.817685333333333,0.6367272046985603,28.92082,30.71477,120,11.092833333333335,0.24651583320835652,10.67,11.43,120,767.55,25.2586119767415,727,807
P2,2025-08-18,12,120,31.188274999999997,0.2269016974911603,30.72941,31.51476,120,11.311333333333332,0.08513887156276247,11.1,11.52,120,826.625,15.724018185538956,796,856
P2,2025-08-18,13,120,30.208173666666667,0.5854658600326385,29.46262,31.49289,120,11.170416666666666,0.3910928360921188,10.5,11.91,120,844.5416666666666,96.1110960665564,739,1050
P2,2025-08-18,14,120,28.395812166666666,0.49095916543505225,27.85227,29.63371,120,9.877999999999998,0.2741238142632247,9.54,10.65,120,1220.7916666666667,98.52439836319336,1053,1390
P2,2025-08-18,15,120,27.946715333333334,0.2032687611109609,27.49816,28.16066,120,10.055,0.1580500931121952,9.79,10.36,120,1441.5083333333334,24.02099775890544,1391,1484
P2,2025-08-18,16,120,29.23622675,1.168759020983947,27.39875,30.82824,120,11.060916666666666,0.711431266376951,9.77,12.05,120,1284.6583333333333,65.41188130367665,1223,1425
P2,2025-08-18,17,120,28.981598666666667,1.0314131118555054,27.88742,30.89855,120,10.843083333333334,0.6602225189357013,10.19,12.33,120,1158.1,67.11690540837417,1085,1295
P2,2025-08-18,18,120,28.69632258333333,0.6605063104342928,27.72102,29.59367,120,10.461333333333332,0.16590942822923008,10.18,10.71,120,1023.5833333333334,62.173190381714186,948,1147
P2,2025-08-18,19,120,29.913495916666665,0.16270404589442,29.59289,30.14582,120,10.405833333333334,0.059544254192013056,10.31,10.52,120,899.1833333333333,28.25989328761609,855,947
P2,2025-08-18,20,120,30.206152083333333,0.033447370244840326,30.12629,30.25988,120,10.123666666666667,0.12987992731060094,9.91,10.34,120,816.9333333333333,23.166816798175212,773,854
P2,2025-08-18,21,120,30.511902583333335,0.18540208407399764,30.23137,30.82121,120,10.032833333333334,0.08880327926920231,9.94,10.29,120,730.5416666666666,24.57603390657311,688,772
P2,2025-08-18,22,120,31.044259583333332,0.11918117661564412,30.8175,31.23996,120,10.672916666666667,0.20017805449499163,10.31,10.98,120,653.325,18.37662129130471,623,687
P2,2025-08-18,23,120,31.389370333333332,0.08412960032180958,31.23859,31.53371,120,11.166416666666667,0.08909249120321946,10.98,11.3,120,601.275,12.551047028539454,581,624
P2,2025-08-19,0,120,31.642159666666664,0.0645832383350105,31.52961,31.77121,120,11.419833333333335,0.05668701233039621,11.31,11.53,120,561.05,10.666723564274161,544,580
P2,2025-08-19,1,120,31.834852166666668,0.04883633210101969,31.74543,31.9343,120,11.604083333333334,0.04795824222382341,11.52,11.69,120,529.6,8.007769336581761,516,544
P2,2025-08-19,2,120,31.98591475,0.04141619954571639,31.91535,32.06457,120,11.752833333333333,0.03735326098806646,11.67,11.81,120,504.90833333333336,5.74089828905418,496,517
P2,2025-08-19,3,120,32.103843166666664,0.03201037350198626,32.04602,32.17199,120,11.8385,0.017616359852527092,11.8,11.89,120,490.8666666666667,3.1885650030557673,484,497
P2,2025-08-19,4,121,32.191146033057855,0.027373682935722937,32.1423,32.25012,121,11.923801652892562,0.027302508991763126,11.87,11.97,121,480.27272727272725,2.101586702153159,476,485
P2,2025-08-19,5,120,32.27014041666667,0.023752394285184296,32.21984,32.32238,120,12.00225,0.024407689241663633,11.96,12.06,120,473.1166666666667,1.9838987730569388,470,476
P2,2025-08-19,6,119,32.35113134453782,0.025318046652792105,32.30715,32.41301,119,12.14159663865546,0.05540273494560502,12.05,12.26,119,468.2689075630252,1.3573246304403142,466,471
P2,2025-08-19,7,121,32.47561165289256,0.05826088981679688,32.39719,32.60793,121,12.530247933884299,0.24680107647630434,12.27,13.24,121,467.3305785123967,6.415331155069182,464,507
P2,2025-08-19,8,120,30.92082633333333,0.7732705087456108,29.73566,32.6132,120,11.98425,0.6951798781791726,11.08,13.57,120,506.6166666666667,22.939153469663243,480,559
P2,2025-08-19,9,120,30.094379749999998,0.5269131437752631,29.19211,31.12434,120,11.5205,0.31198968416473416,11.06,12.09,120,590.9416666666667,59.6922493784104,531,729
P2,2025-08-19,10,120,28.356467916666666,0.9165228437592795,27.3216,30.19934,120,10.949583333333333,0.6126569712537117,10.16,11.95,120,955.825,118.20688760521082,737,1182
P2,2025-08-19,11,120,27.692654,0.43242735692538686,27.03684,28.60676,120,11.061666666666667,0.41211145863920834,10.49,11.71,120,1221.4333333333334,114.32606570559422,917,1357
P2,2025-08-19,12,120,29.83580241666667,0.5184079884940512,28.67629,30.5427,120,12.009833333333335,0.11767340741359159,11.75,12.18,120,889.9416666666667,28.859932922502058,835,929
P2,2025-08-19,13,120,30.513676999999998,0.4400626799541234,29.57824,31.02531,120,12.36925,0.5406689950282632,11.37,13.21,120,1400.4583333333333,245.3637291733184,930,1776
P2,2025-08-19,14,120,30.332659,0.33468884736963156,29.92238,30.97473,120,11.63125,0.5469019891299409,11.04,13.0,120,1833.7083333333333,194.80606153465604,1180,1987
P2,2025-08-19,15,120,29.709464416666666,0.5966463797399552,28.86457,30.69484,120,10.868666666666666,0.5024426608589102,10.32,11.85,120,1227.1333333333334,30.495056310552155,1151,1266
P2,2025-08-19,16,120,30.003396666666667,0.4497462429312861,28.84445,30.43684,120,10.66825,0.16109218875324602,10.35,10.84,120,1014.475,66.42199728018637,962,1192
P2,2025-08-19,17,120,29.27453475,0.4886018644074684,28.60168,30.42297,120,10.92825,0.3383143148467892,10.45,11.58,120,970.3666666666667,12.418428521627751,951,997
P2,2025-08-19,18,120,29.184891999999998,0.5794740011519922,28.35988,29.94875,120,10.946083333333332,0.2495922585302029,10.64,11.34,120,861.0666666666667,67.93283055921552,805,967
P2,2025-08-19,19,120,30.19661,0.11913178219691456,29.95168,30.37629,120,10.447750000000001,0.08687344702680908,10.3,10.64,120,777.8833333333333,19.984945314303076,748,815
P2,2025-08-19,20,120,30.447527833333332,0.03227379224470724,30.36672,30.50598,120,10.15875,0.09864257266949751,9.96,10.31,120,711.2333333333333,24.109948897796244,669,748
P2,2025-08-19,21,120,30.706216083333334,0.15309628318436216,30.46789,30.9468,120,9.851416666666667,0.09114856128370533,9.72,10.03,120,636.2166666666667,17.936481453918997,606,668
P2,2025-08-19,22,120,31.104443333333332,0.08616548338291619,30.94777,31.25383,120,10.287666666666667,0.1264095872689325,10.05,10.48,120,576.2166666666667,16.110012197301224,550,606
P2,2025-08-19,23,120,31.353959916666668,0.06566788795443172,31.2343,31.48371,120,10.604999999999999,0.0724829739497856,10.47,10.74,120,528.1416666666667,12.015603184524416,509,549
P2,2025-08-20,0,120,31.55378066666667,0.051424732478412456,31.46144,31.65383,120,10.784333333333334,0.032506840478142444,10.72,10.83,120,493.425,8.560867092657764,479,509
P2,2025-08-20,1,120,31.707888833333335,0.039860965282462885,31.63957,31.78645,120,10.852666666666666,0.021093363221375276,10.81,10.9,120,469.35,5.5830626214735055,460,479
P2,2025-08-20,2,120,31.832330666666667,0.03198564417305208,31.76789,31.90227,120,10.931166666666666,0.025901667099696234,10.87,10.97,120,451.09166666666664,4.883509953689774,442,460
P2,2025-08-20,3,120,31.931597916666664,0.026341983995767822,31.88391,31.99211,120,10.966666666666667,0.01686990923315871,10.93,11.0,120,436.075,3.4547799064022358,430,442
P2,2025-08-20,4,120,32.0147775,0.02243003389626528,31.97023,32.0761,120,10.978583333333335,0.015572861188691304,10.94,11.01,120,425.71666666666664,2.741475200418558,421,431
P2,2025-08-20,5,120,32.09073733333334,0.0216469733841771,32.05109,32.1384,120,11.01525,0.022713506143800834,10.97,11.07,120,418.3833333333333,1.8884137371288723,415,422
P2,2025-08-20,6,120,32.16713383333333,0.026994915119783695,32.11848,32.23254,120,11.218166666666667,0.08158084440399807,11.07,11.36,120,413.15,1.1714388193853933,410,416
P2,2025-08-20,7,120,31.655849166666666,0.7888292842615198,29.94309,32.29133,120,11.556083333333333,0.44119641738287646,10.76,12.42,120,410.1666666666667,1.0069784517262395,409,413
P2,2025-08-20,8,122,29.476601065573767,0.502766947456003,28.66984,30.26574,122,10.822049180327868,0.21607673309752834,10.48,11.37,122,429.89344262295083,23.25702857488562,409,481
P2,2025-08-20,9,121,29.38753950413223,0.3486369915849709,28.9218,30.24816,121,11.191404958677687,0.1932455509842508,10.8,11.49,121,504.6198347107438,33.79306048050577,471,578
P2,2025-08-20,10,152,29.850773486842105,0.3213110827341042,29.40715,30.51359,152,11.334736842105263,0.10501937612720424,11.16,11.53,152,667.1052631578947,40.06107223402214,575,715
P2,2025-08-20,11,126,30.014176587301588,0.38803558454175535,29.40363,30.60793,126,11.378492063492065,0.17654491761732558,11.11,11.78,126,735.3492063492064,49.21565888378488,652,814
P2,2025-08-20,12,120,29.087037416666664,0.1492671488310781,28.88215,29.40891,120,11.574833333333334,0.18646640418036445,11.39,12.14,120,622.175,7.089656923583727,613,650
P2,2025-08-20,13,120,28.442166333333333,0.3329341791989516,28.07004,29.05109,120,10.85975,0.49321524866188504,10.27,12.06,120,751.6083333333333,104.71412029327985,599,929
P2,2025-08-20,14,120,28.860465416666667,0.3876693506348865,28.14387,29.6509,120,11.230416666666667,0.2755510775855245,10.75,11.79,120,981.2166666666667,85.87230928186645,840,1093
P2,2025-08-20,15,120,29.069202333333333,0.46353830435711735,28.36848,29.74934,120,10.885333333333334,0.44630120087757214,10.26,11.63,120,1003.4583333333334,71.73889347860762,840,1102
P2,2025-08-20,16,120,29.438270666666664,0.5666156281555843,28.32023,30.0298,120,11.177416666666666,0.28627863207384446,10.42,11.4,120,933.2833333333333,81.01687585725278,874,1121
P2,2025-08-20,17,120,30.23815116666667,0.10336637592842464,30.03176,30.42101,120,11.099916666666667,0.05718164824800447,11.0,11.28,120,908.9333333333333,4.990298711749884,898,917
P2,2025-08-20,18,120,30.43211116666667,0.015693926737519362,30.40285,30.47414,120,11.097333333333333,0.14397556593198008,10.87,11.29,120,880.65,14.692163348722476,844,898
P2,2025-08-20,19,120,30.38983575,0.019337166054766774,30.36496,30.45305,120,10.722833333333334,0.062054236691112735,10.64,10.88,120,791.6166666666667,26.98184367227691,742,843
P2,2025-08-20,20,120,30.36677716666667,0.02096864955531311,30.3259,30.42414,120,10.708499999999999,0.017568593062191884,10.67,10.75,120,710.65,20.325357759883026,676,742
P2,2025-08-20,21,120,30.508627750000002,0.12977928609087466,30.33859,30.73098,120,10.47475,0.09902858003559148,10.33,10.69,120,639.375,22.25296222373767,604,676
P2,2025-08-20,22,120,30.87592258333333,0.07804647778696233,30.72492,31.01105,120,10.77125,0.119758598224676,10.55,10.98,120,577.2166666666667,13.995307336781908,555,604
P2,2025-08-20,23,120,31.10975116666667,0.05635348442669602,31.00754,31.21652,120,11.15875,0.08790333212296257,10.98,11.3,120,533.4583333333334,11.63080221756384,515,555
P2,2025-08-21,0,120,31.281748333333333,0.04987789239874045,31.19484,31.38254,120,11.387666666666666,0.059546371074343504,11.29,11.5,120,499.01666666666665,9.045155937758881,485,516
P2,2025-08-21,1,120,31.433806916666665,0.04034037695785619,31.36106,31.51418,120,11.556416666666667,0.03516577388116044,11.49,11.63,120,474.775,5.523764548739955,466,485
P2,2025-08-21,2,120,31.562442583333333,0.03531273675748685,31.49406,31.63391,120,11.702333333333334,0.035944245652376326,11.62,11.76,120,457.60833333333335,4.703468831364715,450,467
P2,2025-08-21,3,120,31.660246166666663,0.026210443751538616,31.61418,31.71691,120,11.811916666666667,0.03949887421719768,11.74,11.87,120,443.2916666666667,3.905169668536242,437,450
P2,2025-08-21,4,120,31.745578833333333,0.022940842818335402,31.69699,31.7968,120,11.90475,0.027652176354544547,11.85,11.95,120,433.35833333333335,2.921366761209751,428,439
P2,2025-08-21,5,120,31.816780416666667,0.023060243404509736,31.77902,31.86945,120,12.00225,0.043684554892256075,11.93,12.09,120,425.7,1.8177463191194447,422,430
P2,2025-08-21,6,120,31.89225275,0.026245744912028416,31.84758,31.95969,120,12.195333333333334,0.08422592001421923,12.08,12.36,120,419.55833333333334,2.3543124505565474,416,424
P2,2025-08-21,7,120,32.01542466666667,0.05954375373026369,31.93684,32.16281,120,12.63125,0.23677299166043284,12.35,13.39,120,415.35833333333335,0.9330156522175708,413,417
P2,2025-08-21,8,120,31.04352241666667,0.528167512966229,30.1927,32.13918,120,12.83775,0.3621747164147219,12.02,13.5,120,460.48333333333335,29.806091344429824,419,521
P2,2025-08-21,9,120,30.466324999999998,0.4910407948087266,29.65305,31.38,120,12.007583333333335,0.3983305409932264,11.35,13.07,120,544.2333333333333,51.6366968287453,493,644
P2,2025-08-21,10,120,30.23473275,0.4432873828908178,29.69621,31.06125,120,11.561416666666666,0.49100701843951455,11.06,12.74,120,777.6833333333333,66.701893354168,646,877
P2,2025-08-21,11,120,30.161556416666667,0.16284717335147306,29.77941,30.55246,120,12.035416666666666,0.31279411929322953,11.68,12.67,120,957.4,64.50137123159709,819,1049
P2,2025-08-21,12,120,31.183269583333335,0.2821456465513708,30.56105,31.5468,120,12.2575,0.07082052116786083,12.15,12.47,120,794.4083333333333,11.692485436650143,738,814
P2,2025-08-21,13,120,31.069744583333332,0.25410307346170125,30.56965,31.5427,120,12.686666666666667,0.44721422184909165,12.08,13.51,120,1012.725,129.5077274551147,739,1209
P2,2025-08-21,14,120,30.088671833333333,0.40612749048713787,29.51613,30.92434,120,12.358,0.42496584143499583,11.79,12.97,120,1095.8583333333333,143.37922307867422,814,1230
P2,2025-08-21,15,120,30.0833385,0.48715575812399337,29.53918,30.99719,120,12.14175,0.4504613181613532,11.6,13.19,120,870.0583333333333,11.787542087279618,815,883
P2,2025-08-21,16,120,29.078925833333336,0.5534029478615182,28.28547,30.02453,120,11.340083333333332,0.46933977556773365,10.62,12.44,120,787.225,64.33714539292941,707,889
P2,2025-08-21,17,120,29.993116333333333,0.36978517125108884,28.96027,30.38352,120,11.418583333333334,0.0816870008412774,11.26,11.56,120,789.8,29.495648447032558,718,818
P2,2025-08-21,18,120,30.483023749999997,0.04003910842497085,30.38449,30.55285,120,11.141083333333334,0.0676595013523557,11.04,11.27,120,778.0333333333333,19.77560390491063,742,808
P2,2025-08-21,19,120,30.543520583333336,0.036080922291959215,30.49328,30.62023,120,10.991416666666668,0.11478365351759089,10.82,11.18,120,716.5916666666667,13.157415286857029,694,743
P2,2025-08-21,20,120,30.50566325,0.032456414164858054,30.45324,30.58586,120,10.888333333333332,0.09871726312665233,10.69,11.09,120,660.2916666666666,19.033537774782925,632,692
P2,2025-08-21,21,120,30.77809075,0.14460073637993184,30.49484,31.00324,120,10.868166666666667,0.17352975834366613,10.64,11.19,120,604.9083333333333,16.41018121834882,577,633
P2,2025-08-21,22,120,31.136759583333333,0.08032918178372281,30.99211,31.26848,120,11.517333333333333,0.18565683231099725,11.2,11.81,120,554.4666666666667,13.601120402028581,532,577
P2,2025-08-21,23,120,31.36207841666667,0.05986190399220677,31.2552,31.47707,120,11.997666666666667,0.10492681189448974,11.81,12.18,120,512.8333333333334,9.924363818345336,497,532
P2,2025-08-22,0,120,31.54205891666667,0.04705029375587344,31.46242,31.63293,120,12.31475,0.07512412697517125,12.17,12.42,120,484.98333333333335,6.545231548418299,474,496
P2,2025-08-22,1,120,31.684789833333333,0.03922450293151308,31.6134,31.76476,120,12.548083333333333,0.0683576338563765,12.41,12.67,120,465.05,4.965172824431312,457,475
P2,2025-08-22,2,120,31.801126083333333,0.03146417590217334,31.74133,31.8675,120,12.713916666666668,0.03280438158204536,12.66,12.79,120,450.5416666666667,4.186604956814754,444,458
P2,2025-08-22,3,120,31.893057666666667,0.02613832058325866,31.84621,31.94641,120,12.8445,0.032818574367717616,12.77,12.9,120,438.525,2.4901908401100226,434,443
P2,2025-08-22,4,120,31.96261225,0.01969847268158674,31.9259,32.00988,120,12.913333333333332,0.031230596216788323,12.86,12.98,120,429.8833333333333,2.6159926159961477,425,434
P2,2025-08-22,5,120,32.02270325,0.019687831722163086,31.98762,32.06867,120,12.990083333333333,0.016977287513515092,12.96,13.03,120,423.7916666666667,1.3150443858268621,421,426
P2,2025-08-22,6,120,32.09441416666667,0.02398171325673591,32.04719,32.14602,120,13.115833333333335,0.06490566306601908,13.02,13.23,120,419.6666666666667,1.2524485821702955,417,423
P2,2025-08-22,7,120,32.206516,0.04976993122815133,32.13058,32.32101,120,13.372166666666667,0.10648851544447996,13.22,13.67,120,416.2083333333333,1.2628887342842399,414,419
P2,2025-08-22,8,120,32.22397975,0.1596705188106009,31.9343,32.42844,120,13.1995,0.6693140223424308,12.05,14.01,120,439.51666666666665,20.8072318283462,414,478
P2,2025-08-22,9,120,31.842864333333335,0.039792684808359034,31.77219,31.94836,120,11.76825,0.12722416199353745,11.53,12.04,120,528.3916666666667,37.490233088509974,478,590
P2,2025-08-22,10,120,31.792638333333333,0.015111950935085206,31.77375,31.84504,120,11.242416666666665,0.18578471245975384,11.01,11.63,120,637.2,24.916532933884966,590,673
P2,2025-08-22,11,120,31.582695333333334,0.23345410336517808,31.15148,31.89289,120,11.392833333333334,0.20185768900550977,11.06,11.77,120,739.7666666666667,18.998776313240885,674,770
P2,2025-08-22,12,120,31.380441333333334,0.28532392388193206,30.92043,31.89602,120,11.317583333333333,0.2885897202095821,10.84,11.83,120,824.2916666666666,24.356731105385574,770,871
P2,2025-08-22,13,120,31.697425333333335,0.169693546347986,31.42375,31.96105,120,11.045416666666666,0.19682733905776342,10.78,11.49,120,824.5583333333333,20.400525546588966,809,887
P2,2025-08-22,14,120,30.729604166666665,0.6179476295065345,29.76906,31.75949,120,10.79425,0.2951247065851563,10.44,11.37,120,820.9166666666666,25.88974143332822,767,860
P2,2025-08-22,15,120,29.468056666666666,0.2084524962322008,29.14934,29.82102,120,10.11275,0.2197934955185636,9.76,10.44,120,878.85,23.276074201894456,840,931
P2,2025-08-22,16,120,29.757670666666666,0.38612802451890804,29.05715,30.23371,120,10.07625,0.11662669383243732,9.88,10.28,120,868.9,22.625337176557935,844,920
P2,2025-08-22,17,120,30.28387025,0.021278964499927125,30.21594,30.32902,120,9.850333333333333,0.09970488666946216,9.7,10.01,120,851.1583333333333,3.701001075869281,844,859
P2,2025-08-22,18,120,30.330921583333335,0.024541841444880187,30.26789,30.37941,120,9.808583333333333,0.11455647635341058,9.6,9.97,120,854.6333333333333,4.403843495744872,847,861
P2,2025-08-22,19,120,30.383822416666664,0.06200282987572969,30.29172,30.48273,120,9.690499999999998,0.09886626226942145,9.54,9.85,120,828.65,14.102058971188944,799,847
P2,2025-08-22,20,121,30.513852066115703,0.046006643214451755,30.46125,30.66887,121,9.853553719008264,0.022688451692885744,9.81,9.9,121,764.5867768595041,21.955511616861045,725,799
P2,2025-08-22,21,120,30.946202583333335,0.12874730461727354,30.6843,31.14894,120,10.229000000000001,0.22912108281045282,9.85,10.59,120,682.475,23.79144769015271,642,724
P2,2025-08-22,22,129,31.273443643410854,0.07471493668581881,31.13469,31.41457,129,10.804341085271318,0.1137351979465363,10.59,11.0,129,612.0387596899225,17.137496854838716,582,642
P2,2025-08-22,23,120,31.506481333333333,0.059439487878143744,31.40129,31.61203,120,11.095916666666666,0.05753326890428275,11.0,11.19,120,558.8916666666667,14.03883918286105,533,582
P2,2025-08-23,0,120,31.680340249999997,0.042471406267715714,31.59973,31.76125,120,11.240083333333333,0.046390665413799485,11.16,11.31,120,512.8916666666667,11.56770049222708,495,533
P2,2025-08-23,1,120,31.805685166666667,0.033077154673829316,31.74953,31.88234,120,11.297583333333334,0.01865186738272496,11.25,11.34,120,480.8,7.746617586638322,468,495
P2,2025-08-23,2,120,31.914998416666666,0.029395313380415223,31.85988,31.97434,120,11.332666666666666,0.01809096219567239,11.3,11.37,120,457.71666666666664,6.080943277852439,447,468
P2,2025-08-23,3,120,32.00840166666667,0.027468449872091818,31.95266,32.07219,120,11.377166666666666,0.017594084822128195,11.35,11.42,120,438.825,4.837984336164677,430,447
P2,2025-08-23,4,120,32.0900915,0.019407173136744265,32.05324,32.14387,120,11.463750000000001,0.028375113371114258,11.41,11.52,120,423.51666666666665,3.8150152996671953,417,430
P2,2025-08-23,5,120,32.160812666666665,0.01973706021094454,32.12082,32.20403,120,11.563749999999999,0.03500450151124351,11.51,11.64,120,412.94166666666666,2.205020373134583,410,418
P2,2025-08-23,6,120,32.229982666666665,0.024963346566929518,32.18567,32.29035,120,11.716416666666667,0.05753765056459425,11.63,11.82,120,410.0,0.0,410,410
P2,2025-08-23,7,120,32.332937916666666,0.043838263607571586,32.26555,32.42668,120,11.965166666666667,0.08518870139835728,11.81,12.1,120,410.0,0.0,410,410
P2,2025-08-23,8,120,32.54596358333333,0.08592894149359531,32.41457,32.72824,120,12.377583333333332,0.20311438940181953,12.1,12.72,120,409.6,0.49195203701446194,409,410
P2,2025-08-23,9,120,32.904598166666666,0.11851715633692542,32.70578,33.13781,120,13.054416666666667,0.18199545581792764,12.71,13.4,120,409.0,0.0,409,409
P2,2025-08-23,10,120,33.3302685,0.11911662945557365,33.11984,33.54504,120,13.649083333333333,0.14508181310211463,13.4,13.87,120,409.0,0.0,409,409
P2,2025-08-23,11,120,33.70424975,0.0960390210302189,33.53137,33.87473,120,14.014416666666667,0.09087618165480114,13.85,14.15,120,409.0,0.0,409,409
P2,2025-08-23,12,120,33.94972833333333,0.04072157703053683,33.85598,34.01672,120,14.1865,0.025786779232647,14.11,14.23,120,409.0,0.0,409,409
P2,2025-08-23,13,120,34.022202916666664,0.01691828598485596,33.98938,34.0634,120,14.131583333333333,0.04490879334704956,13.95,14.18,120,409.0,0.0,409,409
P2,2025-08-23,14,120,34.00161525,0.015540499162599593,33.98098,34.0468,120,13.620916666666666,0.11744475428099405,13.46,13.93,120,409.0,0.0,409,409
P2,2025-08-23,15,120,34.103974916666665,0.044122228777125405,34.03762,34.19582,120,14.165,0.26591525787315995,13.84,14.61,120,409.0,0.0,409,409
P2,2025-08-23,16,120,34.21127991666666,0.019041197154288893,34.17043,34.24621,120,14.870166666666668,0.12791136199185493,14.59,15.0,120,409.0,0.0,409,409
P2,2025-08-23,17,120,34.20418316666667,0.018904740456735247,34.16496,34.24524,120,14.672583333333334,0.23324346508659907,14.19,14.98,120,409.0,0.0,409,409
P2,2025-08-23,18,120,34.13120491666667,0.022713582394741978,34.08957,34.18762,120,13.864,0.13826901072811307,13.66,14.18,120,409.2583333333333,0.4395535040391988,409,410
P2,2025-08-23,19,120,34.04320175,0.02996310528673288,33.98781,34.10519,120,13.513833333333334,0.09282841615549361,13.35,13.66,120,410.0,0.0,410,410
P2,2025-08-23,20,120,33.96198941666667,0.022050112303532356,33.92141,34.0173,120,13.277,0.05243002539599969,13.2,13.36,120,410.0,0.0,410,410
P2,2025-08-23,21,120,33.900387916666666,0.019037089314606206,33.8757,33.94894,120,13.124666666666666,0.054154049381608824,13.04,13.22,120,410.0,0.0,410,410
P2,2025-08-23,22,120,33.85177625,0.016468271815084,33.82805,33.89856,120,12.991666666666667,0.035511468932875136,12.92,13.05,120,410.0,0.0,410,410
P2,2025-08-23,23,120,33.805903666666666,0.01464172637186599,33.78215,33.84582,120,12.8485,0.03605900859480779,12.79,12.93,120,410.0,0.0,410,410
P2,2025-08-24,0,120,33.7778505,0.013273464579104175,33.75402,33.81223,120,12.727833333333333,0.04861412689057801,12.64,12.8,120,410.0,0.0,410,410
P2,2025-08-24,1,120,33.7514125,0.009368229544046678,33.73645,33.78,120,12.597666666666667,0.023505169584561374,12.56,12.65,120,410.0,0.0,410,410
P2,2025-08-24,2,120,33.7470315,0.009253527026866782,33.73332,33.77512,120,12.56225,0.01362539028814214,12.54,12.59,120,410.0,0.0,410,410
P2,2025-08-24,3,120,33.73523475,0.009756592079857527,33.72043,33.76574,120,12.536583333333333,0.008549984847728741,12.52,12.55,120,410.0,0.0,410,410
P2,2025-08-24,4,120,33.720707,0.009213482685349396,33.70539,33.74641,120,12.503583333333333,0.02168513541666777,12.45,12.54,120,410.0,0.0,410,410
P2,2025-08-24,5,120,33.71237958333333,0.00990812317580566,33.69855,33.74484,120,12.463,0.009666714961727687,12.44,12.49,120,410.0,0.0,410,410
P2,2025-08-24,6,120,33.73088916666667,0.012413821084641116,33.71086,33.76926,120,12.561083333333332,0.06427090554613163,12.47,12.7,120,410.0,0.0,410,410
P2,2025-08-24,7,120,33.79244325,0.029670652709462512,33.74348,33.86047,120,12.840166666666667,0.0796418805130377,12.68,12.98,120,410.0,0.0,410,410
P2,2025-08-24,8,120,33.950322666666665,0.06729001984676578,33.84426,34.08957,120,13.289833333333332,0.19190326402929517,12.98,13.63,120,410.0,0.0,410,410
P2,2025-08-24,9,120,34.222788916666666,0.09186093811254126,34.07375,34.4009,120,13.835083333333333,0.11281721539568461,13.64,14.07,120,409.525,0.5014684319429163,409,410
P2,2025-08-24,10,120,34.60006883333333,0.11880424193246919,34.39523,34.81281,120,14.367833333333333,0.16254893682440633,14.06,14.62,120,409.0,0.0,409,409
P2,2025-08-24,11,120,35.0081155,0.11685082193970489,34.80109,35.21203,120,14.463583333333332,0.06257494106509208,14.37,14.6,120,408.8,0.4016771562027636,408,409
P2,2025-08-24,12,120,35.414526583333334,0.1129009910303058,35.21203,35.62141,120,14.389333333333333,0.025095894516208177,14.34,14.48,120,408.0,0.0,408,408
P2,2025-08-24,13,120,35.74254275,0.06942012033625752,35.59953,35.86105,120,14.5235,0.03224512209869241,14.47,14.6,120,408.0,0.0,408,408
P2,2025-08-24,14,120,35.86281758333334,0.018765636079590215,35.83664,35.91613,120,14.670833333333333,0.047075539748121197,14.59,14.81,120,408.0,0.0,408,408
P2,2025-08-24,15,120,35.887692333333334,0.019382241318886523,35.84719,35.93293,120,15.0585,0.11877986134940564,14.8,15.22,120,408.03333333333336,0.18025814045107924,408,409
P2,2025-08-24,16,120,35.794606333333334,0.03469794801607856,35.7257,35.86613,120,15.136750000000001,0.05086086640131541,15.0,15.21,120,408.95,0.21885876647708924,408,409
P2,2025-08-24,17,120,35.65881866666667,0.04387657017101083,35.57551,35.74348,120,14.813333333333333,0.12677203342765964,14.58,15.02,120,409.0,0.0,409,409
P2,2025-08-24,18,120,35.49923691666667,0.0519131078603851,35.41125,35.59641,120,14.368583333333333,0.16006456592921067,14.05,14.6,120,411.23333333333335,5.721452088902108,409,427
P2,2025-08-24,19,120,35.3415665,0.04136725739382178,35.26867,35.43449,120,13.883416666666667,0.10504497502837429,13.74,14.07,120,426.4583333333333,0.684717120432956,425,428
P2,2025-08-24,20,120,35.22584858333333,0.029860137990860684,35.17199,35.28645,120,13.598833333333333,0.07457648866140072,13.48,13.77,120,427.6666666666667,1.006978451726272,426,430
P2,2025-08-24,21,120,35.12380075,0.029213672554792167,35.07824,35.18977,120,13.399750000000001,0.061895310095066665,13.31,13.49,120,429.05833333333334,0.8126710119534651,427,430
P2,2025-08-24,22,120,35.041715833333335,0.024087275296971047,34.99699,35.09563,120,13.283166666666666,0.04963705808178051,13.17,13.35,120,430.43333333333334,0.6702982320489714,429,432
P2,2025-08-24,23,120,34.976300333333334,0.02118332394440109,34.93547,35.02199,120,13.12725,0.03707730964830247,13.03,13.19,120,430.25,0.6890500097717038,429,432
P2,2025-08-25,0,120,34.915599416666666,0.016491542334316156,34.88898,34.95559,120,13.001666666666667,0.015574884616340427,12.97,13.04,120,430.7416666666667,0.7503033933502589,429,432
P2,2025-08-25,1,120,34.85652041666666,0.02108941366497694,34.82492,34.91145,120,12.948333333333332,0.05023195496613442,12.84,13.02,120,432.51666666666665,0.7776643908280283,431,434
P2,2025-08-25,2,120,34.81028691666667,0.016216268405561087,34.77746,34.85344,120,12.892916666666668,0.022092085100542454,12.84,12.92,120,434.45,0.696328909050792,433,436
P2,2025-08-25,3,120,34.75868833333333,0.015112102464457256,34.73332,34.80285,120,12.874833333333333,0.017246767244682534,12.84,12.92,120,434.65833333333336,0.7275587513697181,433,437
P2,2025-08-25,4,120,34.71793441666667,0.012007416951279284,34.69914,34.75422,120,12.787833333333333,0.020049658239437218,12.76,12.85,120,435.89166666666665,0.7310155631047544,434,438
P2,2025-08-25,5,120,34.692750833333335,0.010746531321035209,34.67668,34.72102,120,12.740416666666667,0.03979772032940298,12.68,12.81,120,436.925,0.8317491945827525,436,439
P2,2025-08-25,6,120,33.480130583333334,1.3182944909042156,31.10363,34.72551,120,12.337250000000001,0.6251641297096548,10.88,13.14,120,427.18333333333334,12.241946990019306,410,445
P2,2025-08-25,7,120,30.313517333333333,0.40674383891918037,29.60734,31.06398,120,9.865166666666665,0.4041902026125251,9.49,10.84,120,410.0,0.0,410,410
P2,2025-08-25,8,120,29.895433083333334,0.5503432496908887,29.22746,30.93566,120,10.036333333333335,0.14839156317799662,9.73,10.26,120,472.84166666666664,29.948133268611432,410,522
P2,2025-08-25,9,120,31.438509083333333,0.2671049219270223,30.94543,31.86555,120,10.230833333333333,0.11157831280296063,10.01,10.4,120,607.2166666666667,47.63784656940648,524,679
P2,2025-08-25,10,120,31.430524,0.21122212405368287,31.18234,31.90559,120,10.677666666666665,0.2850968679056938,10.29,11.2,120,826.7083333333334,71.98218685264881,672,928
P2,2025-08-25,11,120,32.14657416666667,0.2231371766936869,31.63508,32.42219,120,10.540333333333333,0.1397592968801194,10.33,10.86,120,831.4,11.44691804692903,810,854
P2,2025-08-25,12,120,31.756686166666668,0.41782089392904276,30.96809,32.4216,120,10.265916666666667,0.22772346429491397,9.87,10.8,120,866.0333333333333,47.26715300820852,801,940
P2,2025-08-25,13,120,30.983145750000002,0.6689486451877972,30.17219,32.14738,120,10.481833333333332,0.19251970687442277,10.21,11.03,120,1111.7583333333334,115.56285319779748,907,1288
P2,2025-08-25,14,120,29.566427416666667,0.43302143231934687,28.87434,30.17668,120,9.944083333333333,0.23734347635927996,9.41,10.25,120,1347.45,68.57037726785121,1201,1449
P2,2025-08-25,15,120,27.968452666666668,0.49704325869892063,27.17902,28.86223,120,9.52725,0.24696804304548098,9.18,9.97,120,999.1166666666667,97.57575667816515,850,1196
P2,2025-08-25,16,120,28.918256666666665,0.8885539201613913,27.14289,29.99465,120,10.114833333333333,0.32788085388100346,9.26,10.47,120,865.55,21.79771401166773,821,894
P2,2025-08-25,17,120,30.42249866666667,0.19559930400166983,30.00031,30.68,120,10.658833333333332,0.11999428090946676,10.44,10.81,120,872.9416666666667,18.6661495776718,843,899
P2,2025-08-25,18,120,30.859825583333336,0.09867732648730836,30.66066,31.01203,120,10.490833333333335,0.08730881474199824,10.31,10.64,120,859.425,4.4337561138736445,844,874
P2,2025-08-25,19,120,31.04681,0.026644567768992294,30.98996,31.11125,120,10.245083333333334,0.06489805623500022,10.13,10.33,120,861.6,10.425727711739148,836,876
P2,2025-08-25,20,120,31.0804285,0.012969760411280812,31.05383,31.11691,120,10.115083333333333,0.08752426634299491,10.0,10.38,120,795.7916666666666,27.095503621940814,745,837
P2,2025-08-25,21,120,31.2431575,0.14469220054854745,31.08019,31.50324,120,10.46275,0.06532353224945843,10.34,10.59,120,711.15,16.87554543158393,682,744
P2,2025-08-25,22,120,31.685314166666668,0.09665356392533349,31.50578,31.84562,120,10.725916666666667,0.07710623287685524,10.6,10.87,120,654.975,16.490110354263813,627,682
P2,2025-08-25,23,120,31.97088708333333,0.07061944370523439,31.84211,32.10559,120,10.936416666666668,0.03832185310981434,10.85,11.0,120,605.75,11.623107960242727,587,628
P2,2025-08-26,0,120,32.18939025,0.058561038636246975,32.0798,32.30871,120,11.075166666666666,0.0538123620381343,10.98,11.17,120,567.5666666666667,10.459793636261102,549,586
P2,2025-08-26,1,120,32.3679625,0.045265243595186765,32.28742,32.46359,120,11.218,0.030114626949417873,11.16,11.27,120,534.7666666666667,8.299775569845472,521,549
P2,2025-08-26,2,120,32.49992708333333,0.031636362585480055,32.44406,32.56438,120,11.297,0.016883187400693476,11.26,11.33,120,511.7083333333333,5.165164234429132,504,521
P2,2025-08-26,3,120,32.60043458333333,0.026955138700183148,32.54855,32.65832,120,11.374,0.030442120311760464,11.31,11.43,120,495.2416666666667,3.6713650824492654,489,502
P2,2025-08-26,4,120,32.677887,0.02110561459409942,32.64328,32.73215,120,11.492583333333332,0.039630559326018416,11.42,11.56,120,483.525,3.2847048138737516,478,490
P2,2025-08-26,5,120,32.73549516666667,0.017306461560261114,32.7093,32.78371,120,11.554499999999999,0.012492014255836919,11.54,11.59,120,476.7083333333333,1.4916903351642905,474,480
P2,2025-08-26,6,120,32.82039575,0.03188856518171749,32.76281,32.88937,120,11.654666666666666,0.03955494706778348,11.58,11.73,120,471.7583333333333,1.8195753190611799,468,476
P2,2025-08-26,7,121,32.952745041322316,0.057901218051721104,32.87062,33.05754,121,12.033140495867768,0.21169566622021083,11.74,12.41,121,471.1404958677686,5.296706185803821,466,488
P2,2025-08-26,8,120,31.61960825,0.6699332827206834,30.54797,33.0091,120,11.598749999999999,0.438414949639296,10.9,12.66,120,523.475,30.56855156100489,489,592
P2,2025-08-26,9,120,32.065785999999996,0.10699899218405812,31.85324,32.22942,120,11.654,0.1659421788536265,11.34,11.97,120,651.375,37.536774685387044,594,712
P2,2025-08-26,10,120,31.627480833333333,0.45504070413107833,30.97941,32.34094,120,12.056000000000001,0.4181037626026829,11.52,13.04,120,808.3416666666667,38.12220417263923,713,868
P2,2025-08-26,11,120,32.156841666666665,0.15941951181325137,31.78645,32.40305,120,12.060166666666667,0.10661312556818416,11.9,12.27,120,785.5,26.52000988630566,720,840
P2,2025-08-26,12,120,32.056482583333334,0.21349332114598762,31.64367,32.43898,120,12.356333333333334,0.2997532131529503,11.68,12.75,120,782.5083333333333,29.215799752566635,711,824
P2,2025-08-26,13,120,31.600958833333333,0.5249230376628803,30.86789,32.40969,120,11.691833333333333,0.6658374184341924,10.69,12.79,120,1247.5916666666667,216.82407754269545,791,1575
P2,2025-08-26,14,120,30.905791083333334,0.15910134617368146,30.67649,31.2093,120,11.258833333333333,0.22123861916637397,11.03,11.88,120,1741.775,108.91407935006511,1350,1908
P2,2025-08-26,15,120,31.460055333333333,0.30699252991194553,30.80266,31.84934,120,11.815750000000001,0.3441434684702834,11.14,12.25,120,1017.775,118.13647303226972,845,1294
P2,2025-08-26,16,120,30.49722458333333,0.17751113141044025,30.1632,30.80324,120,11.481166666666667,0.39352358547478444,10.96,12.36,120,1390.45,70.49892424234379,1237,1477
P2,2025-08-26,17,120,30.087241,0.4484632813340175,29.51203,30.81184,120,11.17925,0.3427549348706056,10.67,11.66,120,1210.975,204.9938905627853,923,1476
P2,2025-08-26,18,120,31.06156525,0.10435513983518177,30.82414,31.21164,120,11.235083333333334,0.1290495041052236,11.06,11.52,120,897.25,17.51985668181294,863,923
P2,2025-08-26,19,120,31.232620666666666,0.014338753548808349,31.19465,31.2675,120,10.85925,0.11712352525461062,10.69,11.06,120,776.4583333333334,30.90046254401658,739,873
P2,2025-08-26,20,126,31.26723992063492,0.04482015169088055,31.18957,31.35207,126,10.831587301587302,0.11004299304117776,10.66,11.03,126,697.5714285714286,22.510949716590414,663,738
P2,2025-08-26,21,71,31.240621267605636,0.0534935737376705,31.1759,31.36965,71,10.712957746478873,0.06743026802762547,10.63,10.87,71,652.9859154929577,5.7083721916559815,642,663
P2,2025-08-26,22,38,31.51237052631579,0.07030161602645843,31.36965,31.60754,38,11.063157894736841,0.10261724377399961,10.87,11.21,38,625.2368421052631,8.960677491659432,612,642
P2,2025-08-26,23,29,31.69412896551724,0.05391844683970427,31.61574,31.83547,29,11.343103448275862,0.08944684967205853,11.22,11.59,29,592.7931034482758,12.63888362595147,556,610
P2,2025-08-27,0,28,31.824607500000003,0.040175611601974824,31.71984,31.96027,28,11.563571428571427,0.061295537008357395,11.38,11.73,28,560.0714285714286,10.547699666466057,525,588
P2,2025-08-27,1,22,31.898963181818182,0.023373538433829662,31.8634,31.93937,22,11.665454545454544,0.03334199021786471,11.63,11.73,22,541.9090909090909,6.148240870433336,529,550
P2,2025-08-27,2,16,31.9675375,0.014201825000094344,31.94543,31.98723,16,11.73875,0.009574271077563281,11.72,11.75,16,520.25,5.183306537979994,513,528
P2,2025-08-27,3,15,32.01049533333333,0.012862242565332463,31.98723,32.02668,15,11.774666666666667,0.013020130933435937,11.75,11.79,15,507.73333333333335,3.7314621160893027,502,513
P2,2025-08-27,4,13,32.03926923076923,0.030460727574353128,31.94133,32.05598,13,11.808461538461538,0.028823067684914647,11.72,11.83,13,500.6923076923077,8.420061513874828,496,528
P2,2025-08-27,5,12,32.05701833333333,0.026874502898855766,31.97531,32.07883,12,11.845833333333333,0.035791906991114564,11.74,11.88,12,495.0,7.555852638247331,488,518
P2,2025-08-27,6,4,32.11179,0.04801381259595994,32.08391,32.18352,4,11.915000000000001,0.05686240703077276,11.88,12.0,4,476.25,15.56438241627338,453,486
P2,2025-08-27,7,215,32.25830604651163,0.08690516794533149,32.08879,32.45187,215,12.343441860465116,0.38460717320243326,11.88,13.52,215,430.0,23.63013283014073,410,484
P2,2025-08-27,8,77,31.440556623376626,0.6328269342873295,30.63879,32.5132,77,12.706623376623376,0.6860290203881796,11.88,14.11,77,434.90909090909093,10.16078868957817,413,456
P2,2025-08-28,9,120,30.388158916666665,0.16670156668163183,29.96672,30.6548,120,11.070833333333333,0.26043784507720685,10.59,11.49,120,627.9666666666667,161.51072151800363,446,931
P2,2025-08-28,10,120,29.71396475,0.17034672473173074,29.34934,29.95344,120,10.82475,0.45851232308430584,10.12,11.65,120,1158.35,130.0653778720858,934,1347
P2,2025-08-28,11,120,30.66323733333333,0.2495347921136039,29.96848,30.93762,120,10.682166666666665,0.12254433828593816,10.43,10.86,120,789.9833333333333,96.41149407864299,705,1244
P2,2025-08-28,12,120,30.616248083333335,0.218047641638305,30.21613,30.98313,120,10.50575,0.2797197351852414,10.06,10.97,120,760.6416666666667,23.922773452002826,704,791
P2,2025-08-28,13,120,30.7494075,0.18348538348697174,30.48,31.04445,120,10.867333333333333,0.18536239016120426,10.64,11.52,120,934.975,62.29672320988539,738,1011
P2,2025-08-28,14,120,31.031197833333334,0.14542369842695593,30.72238,31.24445,120,11.840083333333332,0.19131344263624678,11.57,12.26,120,652.725,29.638426822923925,587,711
P2,2025-08-28,15,120,31.19223141666667,0.02415650804999669,31.13703,31.2425,120,11.98325,0.17847233384919636,11.72,12.39,120,630.875,26.507193410865042,560,661
P2,2025-08-28,16,120,31.14561183333333,0.057178079098414686,31.06125,31.24445,120,11.650749999999999,0.16101131282348793,11.37,11.9,120,626.2416666666667,14.879909095080937,592,650
P2,2025-08-28,17,120,30.98446458333333,0.060775418666680965,30.87922,31.07668,120,11.5175,0.08803408430829383,11.39,11.72,120,582.175,9.971945942610915,564,599
P2,2025-08-28,18,120,30.788798166666666,0.06343499623922595,30.6757,30.89992,120,11.365,0.09331432379442044,11.19,11.52,120,553.5583333333333,19.10334381981445,522,582
P2,2025-08-28,19,120,30.593294500000003,0.032636480538385464,30.54133,30.68684,120,11.278083333333333,0.0946314907819704,11.12,11.42,120,534.0166666666667,13.07379400311383,510,555
P2,2025-08-28,20,120,30.49859025,0.030117518994057128,30.45559,30.55988,120,11.409416666666667,0.05852954196739563,11.32,11.6,120,514.7083333333334,7.399064025901078,504,530
P2,2025-08-28,21,120,30.86469875,0.17251056823338753,30.5132,31.10832,120,12.445333333333334,0.5161573164744843,11.61,13.28,120,495.125,8.596034360255144,479,508
P2,2025-08-28,22,120,31.263090916666666,0.08646286408359295,31.09914,31.40695,120,13.86075,0.2970786685275769,13.28,14.32,120,465.10833333333335,6.9895430097106,454,479
P2,2025-08-28,23,120,31.514034499999998,0.05994937815293933,31.40383,31.61769,120,14.670333333333334,0.17548939173250355,14.34,14.95,120,446.65,4.028574408485746,440,454
P2,2025-08-29,0,120,31.68596775,0.045160227806852894,31.60188,31.77492,120,15.1715,0.12882565901313492,14.93,15.38,120,436.1666666666667,2.766344350298005,431,441
P2,2025-08-29,1,120,31.805696333333334,0.030013380711551834,31.75246,31.86691,120,15.495416666666667,0.07743683610165346,15.35,15.63,120,429.3666666666667,1.5874154954460042,426,432
P2,2025-08-29,2,120,31.893115083333335,0.02268834643288329,31.8507,31.94543,120,15.761500000000002,0.07145134090867011,15.64,15.89,120,425.3333333333333,0.9197490828210598,424,428
P2,2025-08-29,3,118,31.960539576271188,0.01723966656399846,31.92394,31.99777,118,15.991949152542373,0.06289672004514955,15.87,16.09,118,423.54237288135596,0.6997443708651181,422,425
P2,2025-08-29,4,119,32.012833697478996,0.017512611817011275,31.97531,32.04211,119,16.189327731092437,0.05439546174422911,16.07,16.28,119,422.5378151260504,0.7105728885475433,421,424
P2,2025-08-29,5,36,32.04339,0.006523082969621081,32.0298,32.05012,36,16.294722222222223,0.014037930476518464,16.27,16.32,36,422.02777777777777,0.8101538164751276,421,424
P2,2025-08-29,6,21,32.06843095238095,0.013877660071050086,32.04914,32.08781,21,16.378571428571426,0.021280440382126488,16.34,16.41,21,421.0952380952381,0.83094896983882,420,423
P2,2025-08-29,7,25,32.104986,0.017112214935535795,32.08293,32.13762,25,16.4616,0.038695391629150644,16.42,16.53,25,419.88,0.7810249675906619,419,421
P2,2025-08-29,8,19,32.17091315789474,0.0174134772367166,32.14582,32.19563,19,16.623157894736845,0.03512717080345267,16.57,16.67,19,418.36842105263156,0.5972647203701505,417,419
P2,2025-08-29,9,17,32.24935705882353,0.01963932304227138,32.2216,32.28527,17,16.73941176470588,0.03799187219579083,16.65,16.8,17,416.94117647058823,0.4287464628562739,416,418
P2,2025-08-29,10,10,32.056874,0.11689777796576516,31.89855,32.19211,10,15.653,0.48618812088417873,15.0,16.24,10,423.7,2.5407785333546014,421,428
P2,2025-08-29,11,8,31.82467875,0.04804305968533563,31.75305,31.88137,8,14.655,0.2272820777297294,14.32,14.95,8,433.625,5.9985117201805,428,445
P2,2025-08-29,12,4,31.7029,0.016789820328600772,31.67805,31.7134,4,14.3125,0.1596610994158147,14.17,14.5,4,449.5,4.358898943540678,447,456
P2,2025-08-29,13,6,31.475088333333332,0.10787456742284808,31.32102,31.6218,6,13.935,0.2235844359520585,13.63,14.26,6,459.3333333333333,0.5163977794943226,459,460
P2,2025-08-29,17,202,30.61472,0.782632721821463,29.09328,32.00813,202,12.183960396039604,0.5483363880353207,10.96,14.56,202,756.6732673267327,198.36436191470645,434,1196
P2,2025-08-29,18,120,30.20746558333333,0.13622512777249637,29.89894,30.36359,120,11.658166666666666,0.07969462022619359,11.53,11.79,120,623.2583333333333,15.98607368370149,590,660
P2,2025-08-29,19,120,30.41546191666667,0.029943081222579937,30.35285,30.46652,120,11.708833333333333,0.07224123142781859,11.57,11.83,120,563.05,16.969002882418692,535,590
P2,2025-08-29,20,120,30.467869583333332,0.0469676840519412,30.38645,30.55949,120,11.993416666666667,0.17063153005121617,11.73,12.3,120,497.75,17.604549641136014,477,534
P2,2025-08-29,21,120,30.889673249999998,0.16106955981634796,30.55149,31.13195,120,12.902166666666666,0.5849645300362755,11.89,13.84,120,460.39166666666665,8.971753838953633,445,476
P2,2025-08-29,22,120,31.29653025,0.10100334580915094,31.1173,31.47297,120,14.542333333333334,0.3771381249172614,13.82,15.15,120,435.3833333333333,4.9538769018359075,427,445
P2,2025-08-29,23,120,31.583608333333334,0.06843553250909572,31.45871,31.70305,120,15.577416666666666,0.23278906610861028,15.16,15.94,120,420.59166666666664,3.2911795370502217,414,427
P2,2025-08-30,0,120,31.772249499999997,0.045851003376938336,31.68547,31.85539,120,16.22275,0.14860111007649585,15.94,16.43,120,411.60833333333335,1.6717918396685354,410,415
P2,2025-08-30,1,120,31.897301333333335,0.03194379580833248,31.83137,31.95949,120,16.616583333333335,0.10420161318557578,16.42,16.78,120,410.0,0.0,410,410
P2,2025-08-30,2,120,31.990236083333333,0.026534866971647794,31.93918,32.05012,120,16.924333333333333,0.07896104063634553,16.76,17.05,120,410.0,0.0,410,410
P2,2025-08-30,3,120,32.06995283333333,0.024502003525803548,32.02063,32.11984,120,17.18791666666667,0.07916471322962013,17.04,17.32,120,410.0,0.0,410,410
P2,2025-08-30,4,120,32.132275916666664,0.02062956092665078,32.09309,32.18059,120,17.417916666666667,0.056059629617303486,17.31,17.52,120,410.0,0.0,410,410
P2,2025-08-30,5,120,32.19047033333333,0.016496706721694905,32.15813,32.2341,120,17.589833333333335,0.04775609131517221,17.5,17.68,120,410.0,0.0,410,410
P2,2025-08-30,6,120,32.25184733333334,0.02523228952841799,32.21418,32.3175,120,17.770083333333332,0.058790267206465574,17.67,17.87,120,410.0,0.0,410,410
P2,2025-08-30,7,120,32.38809941666667,0.05460857046804484,32.29406,32.49719,120,17.92941666666667,0.02419444457844396,17.86,17.97,120,410.0,0.0,410,410
P2,2025-08-30,8,120,32.60550183333333,0.08290679479693236,32.47707,32.76184,120,17.982083333333332,0.057568312848801206,17.91,18.12,120,409.34166666666664,0.476256998154758,409,410
P2,2025-08-30,9,120,32.94505266666667,0.11839806985662384,32.75969,33.17141,120,18.266916666666667,0.07555726675988506,18.11,18.37,120,409.0,0.0,409,409
P2,2025-08-30,10,120,33.369349166666666,0.12856309549007391,33.15266,33.60754,120,18.348916666666664,0.011867322079281449,18.32,18.37,120,409.0,0.0,409,409
P2,2025-08-30,11,120,33.830402,0.13748455715020155,33.59582,34.08488,120,18.354333333333333,0.014185643904916974,18.32,18.39,120,408.30833333333334,0.46374133135733436,408,409
P2,2025-08-30,12,120,34.27789075,0.11684262876943881,34.0716,34.47844,120,18.366,0.01191002684698143,18.34,18.4,120,408.0,0.0,408,408
P2,2025-08-30,13,120,34.61274408333334,0.07864950705820282,34.46574,34.74699,120,18.28825,0.031640376821053535,18.24,18.37,120,408.0,0.0,408,408
P2,2025-08-30,14,120,34.83920741666667,0.04978880029130468,34.73371,34.93547,120,18.162,0.06817673523197498,18.05,18.26,120,408.0,0.0,408,408
P2,2025-08-30,15,120,34.95431875,0.021554136944733085,34.91242,34.99524,120,18.141916666666667,0.06061721520089677,18.06,18.27,120,408.0,0.0,408,408
P2,2025-08-30,16,120,34.92899275,0.02598409539279767,34.87844,34.9841,120,18.36875,0.05212400372866664,18.26,18.47,120,408.0,0.0,408,408
P2,2025-08-30,17,120,34.79501758333333,0.054933959052073995,34.6966,34.90109,120,18.47308333333333,0.012216247160149116,18.45,18.5,120,408.09166666666664,0.28976470701965057,408,409
P2,2025-08-30,18,121,34.59996454545454,0.05675264419685887,34.50285,34.7093,121,18.415537190082645,0.03685445276632244,18.36,18.48,121,408.702479338843,0.45906840628916606,408,409
P2,2025-08-30,19,120,34.410962749999996,0.054160875270078894,34.31594,34.51203,120,18.30891666666667,0.03933898857887586,18.24,18.38,120,414.06666666666666,4.869271395349447,409,420
P2,2025-08-30,20,120,34.265198833333336,0.030874832730016413,34.20852,34.34133,120,18.277416666666667,0.02471674264434069,18.23,18.33,120,419.675,0.8215838362577467,417,421
P2,2025-08-30,21,120,34.16307966666667,0.029043343961387726,34.1093,34.22942,120,18.3665,0.027612261312499213,18.3,18.43,120,420.96666666666664,0.7325944839207785,420,423
P2,2025-08-30,22,120,34.07573766666666,0.026210811251137455,34.02297,34.13371,120,18.4445,0.018690311155582603,18.4,18.48,120,421.7916666666667,0.5782592441988287,420,423
P2,2025-08-30,23,120,33.993561166666666,0.021880572142504117,33.95422,34.04778,120,18.4335,0.01569938177875838,18.4,18.48,120,422.18333333333334,0.63488678714632,421,424
P2,2025-08-31,0,120,33.93024308333334,0.017528779926373642,33.89602,33.97863,120,18.381166666666665,0.018928584641401826,18.34,18.43,120,423.14166666666665,0.8126710119534681,421,425
P2,2025-08-31,1,120,33.879198,0.015281380640680884,33.85031,33.91965,120,18.36575,0.011715284851837409,18.34,18.39,120,423.28333333333336,0.7579642497648391,422,425
P2,2025-08-31,2,120,33.8431675,0.01128695359380068,33.82473,33.87668,120,18.39675,0.022978342013312055,18.35,18.46,120,424.05,0.8183812676006382,422,427
P2,2025-08-31,3,120,33.81092025,0.011689185080074887,33.79485,33.84875,120,18.459833333333332,0.02397419247361147,18.4,18.51,120,424.8,0.629792549544828,423,426
P2,2025-08-31,4,120,33.77736158333333,0.013836259877145195,33.75363,33.81574,120,18.52375,0.017396150448309496,18.48,18.56,120,426.73333333333335,0.9935365347778926,425,429
P2,2025-08-31,5,120,33.74943508333333,0.010296653776092618,33.73078,33.78059,120,18.58475,0.02442489775315478,18.53,18.64,120,428.1333333333333,1.0685207974942685,426,431
P2,2025-08-31,6,120,33.757108583333334,0.014832479141126119,33.73332,33.80617,120,18.630916666666668,0.02404463053787999,18.58,18.7,120,430.35,0.9317012540996183,428,432
P2,2025-08-31,7,120,33.8459265,0.03076786186561253,33.78527,33.92141,120,18.697499999999998,0.01154093918669197,18.67,18.73,120,433.44166666666666,1.0108307036712634,431,435
P2,2025-08-31,8,120,34.011800083333334,0.07143311495207778,33.9048,34.14387,120,18.861,0.09013901495360434,18.71,18.99,120,436.96666666666664,1.4078610830375426,434,440
P2,2025-08-31,9,120,34.30565008333333,0.1050074684938635,34.1343,34.49524,120,19.055166666666665,0.04146443922071147,18.98,19.12,120,438.14166666666665,1.8393268467838952,434,441
P2,2025-08-31,10,120,34.70436375,0.1275113036417076,34.49367,34.92863,120,19.099083333333333,0.027592345587393867,19.05,19.15,120,427.68333333333334,3.7707038179778936,421,435
P2,2025-08-31,11,120,35.133390416666664,0.11322069080286179,34.92453,35.32961,120,19.159583333333334,0.01600398234754089,19.12,19.19,120,416.625,2.8522805264701474,412,422
P2,2025-08-31,12,120,35.48352275,0.087952819131698,35.32512,35.64738,120,19.12066666666667,0.023469391234755704,19.07,19.17,120,410.1,0.35266095318193585,410,412
P2,2025-08-31,13,120,35.764673,0.07631365062422778,35.62395,35.89973,120,19.056416666666667,0.02332798057849888,19.0,19.1,120,410.0,0.0,410,410
P2,2025-08-31,14,120,35.94676483333333,0.02953279678062736,35.88254,36.01203,120,18.94183333333333,0.043443836694962344,18.87,19.02,120,410.0,0.0,410,410
P2,2025-08-31,15,120,35.929441833333335,0.04823289720805512,35.82707,36.01457,120,18.947666666666667,0.0766606988299686,18.84,19.07,120,410.0,0.0,410,410
P2,2025-08-31,16,120,35.576229166666664,0.1573777795415304,35.31496,35.83449,120,18.80675,0.18059268669410755,18.5,19.07,120,411.2916666666667,1.1181905651792627,410,413
P2,2025-08-31,17,120,35.16443025,0.0820271302573527,35.02434,35.32863,120,18.32525,0.09547724001742007,18.14,18.5,120,414.28333333333336,1.1965168870787044,412,416
P2,2025-08-31,18,120,34.90462275,0.06899122861021567,34.78879,35.04172,120,18.024416666666664,0.07061311127966494,17.89,18.15,120,417.10833333333335,0.9330156522175259,415,419
P2,2025-08-31,19,120,34.71004358333333,0.044093030810353276,34.63469,34.80812,120,17.81,0.04363715940196429,17.72,17.91,120,420.875,3.0556807545863465,417,427
P2,2025-08-31,20,120,34.58703783333333,0.026226668933232167,34.54699,34.64836,120,17.697833333333335,0.014330043267765161,17.67,17.73,120,427.7,1.0737509843863153,426,430
P2,2025-08-31,21,120,34.5050655,0.0245990231017972,34.46359,34.56691,120,17.6545,0.03185708633224207,17.6,17.73,120,432.1,1.7267057088693778,429,435
P2,2025-08-31,22,120,34.437594833333335,0.02204564142533397,34.40344,34.48605,120,17.608999999999998,0.012394089130634745,17.58,17.64,120,436.425,1.5044052958287584,433,440
P2,2025-08-31,23,120,34.374017249999994,0.020909142906403423,34.34289,34.43059,120,17.532333333333334,0.034707259147553335,17.46,17.61,120,438.68333333333334,0.8299370567743869,437,441
P2,2025-09-01,0,120,34.322622333333335,0.017577920343017993,34.29504,34.37141,120,17.40875,0.03713619041656742,17.35,17.49,120,438.1333333333333,0.732594483920766,437,440
P2,2025-09-01,1,120,34.273549,0.017731358225978263,34.23762,34.31555,120,17.32925,0.017010253951538074,17.29,17.37,120,437.43333333333334,0.7186978576872135,436,439
P2,2025-09-01,2,120,34.231820166666665,0.013576783444951975,34.20871,34.26653,120,17.286333333333335,0.01644616035663702,17.25,17.32,120,437.65,0.6565762994312113,436,439
P2,2025-09-01,3,120,34.18770058333334,0.01587869363082331,34.16183,34.22746,120,17.241416666666666,0.021626929732070064,17.2,17.29,120,437.75,0.9097972809571127,436,440
P2,2025-09-01,4,120,34.1573495,0.01232816341526532,34.13723,34.19172,120,17.232916666666664,0.013744110019352716,17.2,17.26,120,438.55,0.7316379689758105,437,440
P2,2025-09-01,5,120,34.119109916666666,0.012669365387449743,34.09953,34.15363,120,17.248583333333332,0.01367668895341104,17.22,17.28,120,440.44166666666666,1.1286627272222252,438,443
P2,2025-09-01,6,120,33.134632583333335,1.1938567256011066,30.84719,34.14543,120,15.8595,1.7203536132498658,12.69,17.59,120,431.7416666666667,15.398076837973102,410,449
P2,2025-09-01,7,120,29.811870083333336,0.5283438150039605,29.15285,30.82726,120,11.633000000000001,0.5077129474169335,10.96,12.64,120,409.15833333333336,0.3665838969477619,409,410
P2,2025-09-01,8,120,29.472241583333336,0.5239811555932135,28.88605,30.39973,120,11.776666666666667,0.47446800519653665,11.15,12.46,120,452.84166666666664,24.31826641092031,410,495
P2,2025-09-01,9,120,29.902519333333334,0.2495553962002481,29.61242,30.43684,120,11.817833333333335,0.3294665495659801,11.27,12.5,120,537.6083333333333,22.46240400842117,500,591
P2,2025-09-01,10,78,31.102750897435897,0.39560243938484063,30.155,31.5427,78,12.637307692307692,0.1986099294997723,12.31,13.05,78,652.7692307692307,28.794806113965343,591,682
P2,2025-09-01,11,120,31.908989333333334,0.21667435631284626,31.5343,32.27883,120,13.024750000000001,0.14898515238188037,12.8,13.62,120,681.4,29.567583885172525,619,720
P2,2025-09-01,12,120,32.02311191666667,0.2320104572342459,31.57902,32.35363,120,12.77375,0.5148289468724693,11.8,13.69,120,653.45,21.190155475494517,603,679
P2,2025-09-01,13,120,31.93711,0.41521950336311236,30.85363,32.40129,120,12.834333333333332,0.7744401429510244,11.33,13.93,120,786.55,97.49224058759702,678,986
P2,2025-09-01,14,120,30.217226750000002,0.33089545536332693,29.66887,30.83625,120,11.321833333333334,0.1470150242898541,10.93,11.55,120,1134.9,67.96444943170383,991,1208
P2,2025-09-01,15,120,29.375263166666667,0.17467284267463853,29.04856,29.69543,120,11.517166666666666,0.30220529316291994,11.08,12.04,120,1239.8083333333334,20.2315569435112,1190,1271
P2,2025-09-01,16,120,30.401780666666664,0.3324350097216396,29.41027,30.77375,120,12.191666666666666,0.0816256399548545,11.97,12.34,120,718.3416666666667,114.90789119718355,649,1174
P2,2025-09-01,17,120,30.83128925,0.03371783766411168,30.75656,30.91105,120,12.061916666666667,0.10417580352085559,11.88,12.27,120,670.8833333333333,9.062048791047022,650,682
P2,2025-09-01,18,120,30.85301433333333,0.0291137928192996,30.80676,30.9259,120,11.805583333333335,0.10944317303171328,11.66,12.06,120,641.1666666666666,17.01523456444012,617,668
P2,2025-09-01,19,120,30.802977,0.025073995488315792,30.76223,30.86184,120,11.665833333333333,0.07701995085126649,11.55,11.78,120,608.375,11.924173949156737,591,624
P2,2025-09-01,20,120,30.748144333333336,0.026920419781874667,30.7009,30.80383,120,11.671583333333333,0.039936837385952904,11.58,11.74,120,604.9916666666667,15.395347891317076,572,623
P2,2025-09-01,21,120,30.747076666666665,0.09865520254297924,30.65969,30.9759,120,11.712083333333334,0.1469802240932755,11.56,12.14,120,549.0333333333333,10.299655973151099,531,571
P2,2025-09-01,22,120,31.234843666666666,0.13365635096960546,30.97746,31.45324,120,12.9665,0.4693901818925735,12.13,13.71,120,509.475,11.661156161599376,493,531
P2,2025-09-01,23,120,31.620349666666666,0.09212933965408814,31.44445,31.7759,120,14.3545,0.32221358853818544,13.73,14.87,120,486.675,3.550742613770193,481,494
P2,2025-09-02,0,120,31.883655416666667,0.06345869145225766,31.76418,32.01398,120,15.272416666666667,0.23227770916226534,14.87,15.65,120,477.725,2.4766557147516863,473,482
P2,2025-09-02,1,120,32.073976583333334,0.04738726172656732,31.98762,32.16613,120,15.997416666666668,0.18704466654495766,15.64,16.31,120,471.35833333333335,1.6992130325453376,468,475
P2,2025-09-02,2,120,32.22161358333333,0.03734976923410996,32.1468,32.28996,120,16.535333333333334,0.13432641376204946,16.29,16.74,120,467.2083333333333,0.8391255285480806,465,470
P2,2025-09-02,3,120,32.33451375,0.031191779569460606,32.2757,32.40442,120,16.946833333333334,0.11014111142425922,16.73,17.12,120,466.14166666666665,0.9009409957767288,464,468
P2,2025-09-02,4,120,32.42576066666667,0.02171744555809097,32.38313,32.47512,120,17.255999999999997,0.07435323369797024,17.11,17.38,120,464.325,0.7236984840376035,463,466
P2,2025-09-02,5,120,32.49491758333333,0.020332303601435994,32.45637,32.53742,120,17.483249999999998,0.06431490933699699,17.36,17.59,120,464.56666666666666,0.7186978576872391,463,466
P2,2025-09-02,6,120,32.58093408333333,0.03869757438157554,32.51691,32.66262,120,17.665916666666664,0.04726993525182102,17.58,17.75,120,464.475,1.1949649268788183,462,467
P2,2025-09-02,7,120,32.568195083333336,0.33726790372145055,31.47668,32.83156,120,17.43375,0.8479912621438184,14.77,18.32,120,463.7916666666667,4.246394087351997,449,471
P2,2025-09-02,8,120,30.518917583333334,0.40149819690459443,29.89894,31.41809,120,13.055583333333335,0.47315106020203307,12.39,14.71,120,492.675,29.55102765208199,451,546
P2,2025-09-02,9,120,31.073570583333332,0.25642212106916046,30.29445,31.36887,120,13.272333333333334,0.5592878625227509,11.81,14.28,120,617.3,51.60346545590553,525,690
P2,2025-09-02,10,120,29.43983225,0.31572617251482304,28.90695,30.25676,120,11.501916666666666,0.2931581035370998,11.14,12.13,120,710.45,15.293679696379932,678,733
P2,2025-09-02,11,120,28.899305333333334,0.38536454961380145,28.44836,29.81496,120,11.865666666666668,0.6030590552256363,11.34,13.42,120,693.7083333333334,8.732625807934234,672,706
P2,2025-09-02,12,120,30.580750416666667,0.29223074705621693,29.84582,30.90969,120,14.21425,0.5449827111589727,13.45,15.28,120,721.0916666666667,48.421988864587576,670,794
P2,2025-09-02,13,120,29.769884416666667,0.543289940182822,29.18469,30.80324,120,12.819833333333333,0.5266063593454625,12.28,14.03,120,1083.1583333333333,154.0275537848016,772,1304
P2,2025-09-02,14,120,29.833256916666667,0.39813532675639557,29.06535,30.34172,120,13.764583333333333,0.7746117442575583,12.3,15.09,120,1317.5166666666667,196.17664751649818,905,1490
P2,2025-09-02,15,120,29.87221783333333,0.3210424811629024,29.47082,30.52121,120,14.42775,0.7658218658748918,13.34,15.92,120,1013.325,48.47578664401744,910,1091
P2,2025-09-02,16,120,30.16625025,0.2944575261704523,29.61379,30.6634,120,14.385833333333332,0.5442234207130943,13.55,15.69,120,961.1833333333333,98.21490613504069,822,1087
P2,2025-09-02,17,120,29.736449666666665,0.3619051378328377,29.09074,30.15246,120,13.411416666666666,0.2901355691041415,12.78,13.86,120,758.975,19.881777687963766,732,821
P2,2025-09-02,18,120,30.21169925,0.03612221789264622,30.12844,30.27746,120,13.000333333333334,0.0908682057285419,12.86,13.19,120,730.6166666666667,12.265400768927739,715,753
P2,2025-09-02,19,120,30.308501166666666,0.022685930974365453,30.24738,30.35305,120,13.052916666666667,0.09872630730206318,12.87,13.19,120,674.75,39.30408279517216,599,718
P2,2025-09-02,20,120,30.289101666666667,0.015281194975784609,30.26223,30.34523,120,12.88775,0.042869010961770405,12.81,12.99,120,568.3166666666667,18.114010239225692,541,597
P2,2025-09-02,21,120,30.563273,0.12057705996964865,30.3341,30.77746,120,13.682166666666665,0.3920045089205039,12.98,14.31,120,512.4833333333333,16.544812248101433,487,541
P2,2025-09-02,22,90,30.854363555555555,0.05331803125472085,30.755,30.93371,90,14.62388888888889,0.17177653660159994,14.31,14.89,90,475.4,5.890002956829481,467,487
P2,2025-09-02,23,45,30.999946888888886,0.03923884878201222,30.9382,31.09953,45,15.11111111111111,0.1285446901810299,14.91,15.46,45,459.93333333333334,4.484316102717428,448,467
P2,2025-09-03,0,37,31.107205945945942,0.030852779854900005,31.05324,31.15285,37,15.48837837837838,0.10825672967312275,15.3,15.66,37,447.6756756756757,2.944430279301852,443,455
P2,2025-09-03,1,200,31.31812405,0.06583356519000115,31.16359,31.41809,200,16.20845,0.22367442577039903,15.68,16.48,200,429.715,5.076675899735462,424,443
P2,2025-09-03,2,86,31.42374930232558,0.015643650904606506,31.39719,31.4425,86,16.526162790697676,0.024646613161969227,16.46,16.56,86,423.2325581395349,0.9782868411866364,421,425
P2,2025-09-03,3,34,31.44192382352941,0.005295727274117679,31.43273,31.45207,34,16.565882352941177,0.011577838563870221,16.54,16.59,34,422.0882352941176,1.0834190285590413,420,424
P2,2025-09-03,4,28,31.456331785714287,0.004328324501396868,31.45168,31.46691,28,16.571071428571425,0.009560445408144165,16.55,16.59,28,421.4642857142857,0.9615628812527865,420,423
P2,2025-09-03,5,26,31.475155384615384,0.008651060157351884,31.46144,31.48586,26,16.607692307692307,0.021411714981793006,16.57,16.63,26,420.34615384615387,0.8458041235325237,419,422
P2,2025-09-03,6,19,31.496160000000003,0.008669090045802125,31.48215,31.50969,19,16.660526315789475,0.02296704987840229,16.61,16.7,19,420.7368421052632,0.7334928056269119,419,422
P2,2025-09-03,7,22,31.507734545454547,0.006906559151079794,31.49816,31.52336,22,16.674090909090907,0.021965143579489508,16.63,16.71,22,421.27272727272725,1.031956910406168,419,422
P2,2025-09-03,8,20,31.532548,0.00996760362901745,31.5134,31.54523,20,16.744,0.02458069417888285,16.7,16.78,20,422.25,0.7163503994113732,421,424
P2,2025-09-03,9,22,31.563380454545452,0.017135055539886382,31.54035,31.59895,22,16.72863636363636,0.017807289717964334,16.69,16.75,22,424.1363636363636,0.5602256811793057,423,425
P2,2025-09-03,10,21,31.63939380952381,0.040204823526065685,31.54113,31.69816,21,16.823809523809523,0.07081498361760837,16.72,16.93,21,424.0,1.0000000000000007,423,426
P2,2025-09-03,11,20,31.726036,0.23235883826530043,30.76731,31.87199,20,16.978,0.6318610773363317,14.35,17.32,20,424.5,8.870412083230162,421,462
P2,2025-09-03,12,23,30.812065217391304,0.654316427307358,29.99094,31.88898,23,14.991739130434782,1.2965746908118154,13.61,17.43,23,451.60869565217394,11.064846589064201,426,471
P2,2025-09-03,13,7,30.796879999999998,0.00976478195694555,30.78898,30.81555,7,14.185714285714285,0.034572215654164816,14.15,14.23,7,469.57142857142856,3.2586880211286773,466,475
P2,2025-09-04,9,49,30.64733857142857,0.06204903178804099,30.53,30.75285,49,13.485714285714284,0.02708012801545454,13.43,13.54,49,550.6530612244898,7.052041726833988,536,568
P2,2025-09-04,10,120,30.955162833333336,0.10783411193174197,30.76066,31.1052,120,13.591000000000001,0.11707499571577488,13.37,13.83,120,575.4166666666666,8.874080218247297,561,593
P2,2025-09-04,11,120,30.885265583333332,0.24537971530949879,30.43215,31.25715,120,13.492333333333333,0.46024058986602123,12.56,14.27,120,610.0833333333334,15.67826914073416,569,631
P2,2025-09-04,12,120,30.27314625,0.32041146455024316,29.72277,30.89543,120,13.109416666666668,0.3932482608707549,12.46,13.87,120,565.2583333333333,37.23996584346455,500,633
P2,2025-09-04,13,120,29.50530266666667,0.6893173158938877,28.46828,30.42473,120,12.942499999999999,0.5612998868922109,11.98,14.19,120,609.3666666666667,50.85734428563007,520,670
P2,2025-09-04,14,120,28.947314416666664,0.3138224335988574,28.3632,29.44836,120,14.00925,0.6912236896082413,12.58,15.02,120,459.78333333333336,30.615584358333628,422,521
P2,2025-09-04,15,120,29.172489,0.3406767695089081,28.62746,29.64445,120,13.986083333333333,0.6338362535849033,12.74,15.09,120,523.3,43.65787539532385,433,579
P2,2025-09-04,16,121,29.928491983471073,0.12419057543831971,29.66027,30.08937,121,14.34611570247934,0.043615209518898884,14.21,14.42,121,591.2314049586777,11.054230208822426,572,608
P2,2025-09-04,17,120,30.1016015,0.016446603524101974,30.05734,30.14016,120,14.003416666666668,0.15711953290106268,13.66,14.23,120,531.6083333333333,18.177599953129636,507,571
P2,2025-09-04,18,120,30.270113833333333,0.21267218360890958,30.06027,30.65207,120,13.892583333333333,0.3020587505693523,13.5,14.56,120,532.5333333333333,27.901065710598147,498,590
P2,2025-09-04,19,120,30.314462166666665,0.04586232714034426,30.24855,30.43801,120,13.875083333333333,0.11375187381102078,13.73,14.14,120,539.0083333333333,9.582455811729742,522,553
P2,2025-09-04,20,120,30.257264083333332,0.018619194600089376,30.22727,30.30441,120,13.835583333333334,0.058263323334136495,13.73,13.95,120,530.0583333333333,12.754498849282818,504,553
P2,2025-09-04,21,120,30.292418583333333,0.07727104746907458,30.21184,30.47551,120,13.981916666666667,0.23791565426305336,13.75,14.53,120,482.175,8.628331776403638,467,504
P2,2025-09-04,22,120,30.578713999999998,0.06707559184114918,30.45617,30.70305,120,14.996416666666667,0.2636517815315546,14.52,15.4,120,456.4,6.877560638491994,445,468
P2,2025-09-04,23,120,30.769446666666667,0.049491320236096925,30.68312,30.85813,120,15.654166666666667,0.13785013987815073,15.4,15.89,120,436.73333333333335,4.799743223757508,429,445
P2,2025-09-05,0,120,30.903515333333335,0.03617932303145407,30.83996,30.97883,120,16.057166666666667,0.10216302126094898,15.9,16.23,120,422.6,3.115156766628735,418,429
P2,2025-09-05,1,120,31.00424,0.023144152427701015,30.95715,31.05539,120,16.335416666666667,0.06435061305504504,16.23,16.45,120,415.93333333333334,1.268449283745422,413,419
P2,2025-09-05,2,120,31.075957000000002,0.02136766120909217,31.03957,31.1218,120,16.548416666666665,0.04763297765439665,16.45,16.66,120,411.26666666666665,1.3203853100314829,410,415
P2,2025-09-05,3,120,31.1391405,0.020794292480090567,31.08879,31.18449,120,16.726833333333335,0.06073753056428301,16.62,16.83,120,410.0083333333333,0.09128709291754512,410,411
P2,2025-09-05,4,120,31.190932583333332,0.01441982304439673,31.16379,31.22688,120,16.909,0.04399006763373463,16.82,16.98,120,410.0,0.0,410,410
P2,2025-09-05,5,120,31.231332666666667,0.015507539978684233,31.19934,31.27199,120,17.019333333333332,0.030396078178402064,16.95,17.07,120,410.0,0.0,410,410
P2,2025-09-05,6,120,31.289643583333334,0.03223783386690763,31.24816,31.36769,120,17.168166666666664,0.08433609565786257,17.05,17.35,120,410.0,0.0,410,410
P2,2025-09-05,7,120,31.029158583333334,0.5139070695023842,29.98996,31.48469,120,16.742916666666666,0.990335989020122,14.99,18.02,120,409.775,0.4193332041878328,409,410
P2,2025-09-05,8,120,29.28111158333333,0.2994052437357485,28.82766,29.99113,120,13.831666666666667,0.6337792916119854,12.83,14.92,120,412.19166666666666,3.1202667234982737,410,419
P2,2025-09-05,9,112,28.814711607142858,0.1427339872942801,28.61848,29.1466,112,13.094732142857142,0.34975141705546436,12.48,13.68,112,449.61607142857144,43.54747756696473,410,534
P2,2025-09-05,10,120,29.485286833333337,0.5726540899922442,28.60578,30.26281,120,13.867333333333333,0.7520344768305066,12.56,14.87,120,521.4416666666667,19.401895356314167,499,567
P2,2025-09-05,11,120,30.305571750000002,0.20521991389301325,30.02551,30.72082,120,14.008000000000001,0.30603344684565986,13.3,14.89,120,593.0416666666666,36.262672854838314,500,654
P2,2025-09-05,12,120,30.488341583333334,0.19508225101350735,30.10715,30.75852,120,13.229083333333334,0.42316334894217156,12.41,14.05,120,582.6333333333333,8.680058603889005,564,601
P2,2025-09-05,13,120,31.006914333333334,0.16311968889571177,30.63234,31.21301,120,13.990166666666665,0.4961413856047521,12.9,14.82,120,638.1666666666666,53.535087580398184,531,732
P2,2025-09-05,14,120,31.227688583333336,0.0918026550145671,30.86848,31.37023,120,14.702916666666665,0.41246827396881497,14.19,15.64,120,675.6583333333333,107.37012837743622,565,877
P2,2025-09-05,15,120,29.93579575,0.5731167620921835,28.96809,30.83078,120,13.098166666666666,0.8068675641680242,11.9,14.16,120,823.775,113.0074335697294,636,943
P2,2025-09-05,16,120,30.857125666666665,0.07667148173967242,30.70305,30.98313,120,14.25075,0.15946424219183172,14.04,14.61,120,583.4166666666666,24.92360877781951,530,635
P2,2025-09-05,17,120,30.96986325,0.03793373869480018,30.89699,31.04152,120,13.995083333333334,0.17126320513809798,13.63,14.24,120,580.9416666666667,12.791998440026356,552,601
P2,2025-09-05,18,120,30.79935491666667,0.06442946189172592,30.68156,30.92785,120,13.61625,0.17453930957877242,13.34,14.02,120,544.9583333333334,10.746424719770852,527,562
P2,2025-09-05,19,120,30.597154916666668,0.06337357321080725,30.50754,30.71359,120,13.08375,0.1188676440698749,12.96,13.36,120,499.45,12.671578732069277,481,526
P2,2025-09-05,20,120,30.456716916666668,0.03725273053656613,30.38195,30.53,120,12.897666666666668,0.1300208989880848,12.72,13.11,120,475.05,3.6801762836842147,470,484
P2,2025-09-05,21,120,30.539326000000003,0.14310346109421798,30.35813,30.79621,120,13.453,0.4961356550735831,12.79,14.29,120,459.44166666666666,7.76741289498848,446,473
P2,2025-09-05,22,120,30.92265958333333,0.0748241246473123,30.78078,31.04797,120,14.755166666666668,0.2402798904825545,14.28,15.13,120,436.05,4.871198151232551,428,445
P2,2025-09-05,23,120,31.12893325,0.04996543904973131,31.03371,31.21594,120,15.484416666666668,0.18671326074142214,15.13,15.78,120,422.03333333333336,3.7883796969538213,416,430
P2,2025-09-06,0,120,31.265578249999997,0.032776261256496186,31.19719,31.32844,120,15.96025,0.10053188381735376,15.77,16.12,120,412.23333333333335,2.314489737522786,410,417
P2,2025-09-06,1,120,31.350994333333333,0.027163849733144802,31.30676,31.40578,120,16.206166666666668,0.05202105800722643,16.1,16.3,120,410.0,0.0,410,410
P2,2025-09-06,2,120,31.4167135,0.020275642614856555,31.37902,31.46398,120,16.33975,0.03848960352916216,16.27,16.41,120,410.0,0.0,410,410
P2,2025-09-06,3,120,31.467463916666667,0.016498198083213404,31.43605,31.50578,120,16.461333333333332,0.04085089372593118,16.38,16.53,120,410.0,0.0,410,410
P2,2025-09-06,4,120,31.5034265,0.015801974328836718,31.47102,31.54172,120,16.58641666666667,0.030453045088829896,16.52,16.63,120,410.0,0.0,410,410
P2,2025-09-06,5,120,31.545113916666665,0.017162323562886567,31.51418,31.59016,120,16.658583333333333,0.025114722768129122,16.6,16.71,120,410.0,0.0,410,410
P2,2025-09-06,6,120,31.603961916666666,0.025763834279854403,31.55871,31.66203,120,16.7525,0.03021630702260415,16.69,16.8,120,410.0,0.0,410,410
P2,2025-09-06,7,120,31.748634583333335,0.06525656879773817,31.64524,31.8798,120,16.886,0.03619276124291317,16.8,16.94,120,409.39166666666665,0.4901694670646836,409,410
P2,2025-09-06,8,120,32.03593908333333,0.10172041004715268,31.86906,32.22844,120,17.085083333333333,0.10831013541757528,16.92,17.31,120,409.0,0.0,409,409
P2,2025-09-06,9,120,32.46279675,0.14023154692583123,32.23078,32.70051,120,17.504916666666666,0.10235870222686973,17.31,17.66,120,409.0,0.0,409,409
P2,2025-09-06,10,120,32.97453125,0.1562005894691881,32.7134,33.26613,120,17.806916666666666,0.0788765212356721,17.67,17.95,120,409.0,0.0,409,409
P2,2025-09-06,11,120,33.50443666666667,0.14872195268569857,33.24992,33.77512,120,18.06208333333333,0.07185297586082656,17.93,18.2,120,408.75,0.4348282767393142,408,409
P2,2025-09-06,12,120,33.98141941666667,0.126407292679329,33.7591,34.20148,120,18.24975,0.03486980586903712,18.18,18.31,120,408.0,0.0,408,408
P2,2025-09-06,13,120,34.35382541666667,0.09234548316148208,34.1882,34.51301,120,18.38533333333333,0.046434798117259035,18.3,18.5,120,408.0,0.0,408,408
P2,2025-09-06,14,120,34.57622925,0.03826650210650638,34.49719,34.6468,120,18.585166666666666,0.03714571202129008,18.5,18.64,120,408.0,0.0,408,408
P2,2025-09-06,15,132,34.644366742424246,0.010531429841096517,34.62395,34.67512,132,18.605833333333333,0.0249286513681219,18.56,18.66,132,408.1363636363636,0.34448162788460934,408,409
P2,2025-09-06,16,98,34.60375612244898,0.025419402915950393,34.56633,34.66047,98,18.524183673469388,0.02214867613217141,18.48,18.57,98,408.9591836734694,0.1988817887999318,408,409
P2,2025-09-06,17,92,34.38560684782608,0.08748748535847797,34.29914,34.56633,92,18.359239130434784,0.08615388348064282,18.27,18.51,92,409.0,0.0,409,409
P2,2025-09-06,18,44,34.260741136363634,0.021380970589050516,34.22121,34.29016,44,18.279318181818184,0.013188742076011183,18.26,18.3,44,409.0,0.0,409,409
P2,2025-09-06,19,15,34.150026000000004,0.037015909861264316,34.08957,34.21047,15,18.188,0.05684565569529955,18.11,18.28,15,409.0,0.0,409,409
P2,2025-09-06,20,23,33.92892173913043,0.07864105183173321,33.83644,34.08176,23,17.81304347826087,0.15055759340799452,17.65,18.07,23,409.0,0.0,409,409
P2,2025-09-06,21,16,33.791375625,0.023612668342435396,33.75558,33.83644,16,17.583750000000002,0.03810074364978744,17.52,17.65,16,410.625,4.440345331915824,409,422
P2,2025-09-06,22,19,33.69025842105263,0.038820606106541776,33.56027,33.7466,19,17.45157894736842,0.058334586452703896,17.29,17.53,19,424.1578947368421,1.3442535266308995,422,428
P2,2025-09-06,23,13,33.63611615384615,0.02724990689234082,33.59875,33.66848,13,17.356923076923074,0.03750213669126299,17.31,17.4,13,425.3076923076923,0.6304251719561206,424,426
P2,2025-09-07,0,7,33.55985428571429,0.013123932156106048,33.5466,33.58313,7,17.285714285714285,0.02070196678026967,17.26,17.32,7,427.42857142857144,1.1338934190276848,426,429
P2,2025-09-07,1,7,33.53477142857143,0.014699626331499469,33.50285,33.54953,7,17.267142857142858,0.017994708216849134,17.23,17.28,7,428.7142857142857,1.3801311186847118,427,431
P2,2025-09-07,2,1,33.50285,,33.50285,33.50285,1,17.23,,17.23,17.23,1,431.0,,431,431
P2,2025-09-07,3,96,33.3785178125,0.07816796460797762,33.24406,33.50891,96,17.1478125,0.07441283314618669,17.02,17.25,96,436.9479166666667,4.4612242635654065,431,446
P2,2025-09-07,4,120,33.26687416666667,0.009682385512655264,33.25129,33.29504,120,17.082416666666667,0.04142414010879637,17.02,17.16,120,447.35833333333335,1.6285056991994253,444,450
P2,2025-09-07,5,120,33.25364775,0.0096082115145506,33.2382,33.28273,120,17.171583333333334,0.024801593650791143,17.12,17.23,120,451.4,1.2119849681514936,449,454
P2,2025-09-07,6,120,33.297772583333334,0.02337175047276383,33.25851,33.36164,120,17.310333333333336,0.062348078664586616,17.2,17.43,120,454.43333333333334,0.9233964827883013,453,457
P2,2025-09-07,7,120,33.40936575,0.042092284960728935,33.33899,33.49719,120,17.49458333333333,0.05311942836163926,17.42,17.62,120,455.2916666666667,0.823966970592542,453,457
P2,2025-09-07,8,120,33.58038083333334,0.058286279538950214,33.48547,33.70383,120,17.838416666666667,0.1325445593907534,17.61,18.09,120,454.825,0.8950142010985738,453,457
P2,2025-09-07,9,120,33.83815633333333,0.08754464551228483,33.69601,34.00402,120,18.277833333333334,0.10899991005572786,18.08,18.46,120,453.2083333333333,0.8686494233741655,451,456
P2,2025-09-07,10,120,34.22631508333333,0.11897001628470891,34.01516,34.42473,120,18.6805,0.10100212161844775,18.48,18.84,120,446.73333333333335,2.9211869733609506,442,452
P2,2025-09-07,11,120,34.595427,0.11978540308653819,34.40402,34.82121,120,19.00766666666667,0.11238987763067322,18.83,19.2,120,437.7083333333333,3.6377937568486964,431,443
P2,2025-09-07,12,120,34.9283415,0.07308700867040097,34.80305,35.07258,120,19.273416666666666,0.050932412511661605,19.18,19.38,120,425.95,3.039930339759244,421,432
P2,2025-09-07,13,120,35.179302166666666,0.06391402806505161,35.05852,35.29192,120,19.512666666666668,0.06839987878181925,19.37,19.63,120,419.90833333333336,1.0289574827953554,417,422
P2,2025-09-07,14,120,35.26610075,0.024600629019847504,35.21223,35.30949,120,19.68225,0.023990982199377297,19.61,19.72,120,424.9916666666667,2.903188144189069,419,431
P2,2025-09-07,15,120,35.11526941666667,0.055480891377664106,35.02238,35.23156,120,19.521083333333333,0.06985935249952133,19.36,19.64,120,433.14166666666665,1.7455626014320667,429,436
P2,2025-09-07,16,120,34.935711833333336,0.05407411889642641,34.83977,35.03703,120,19.115666666666666,0.1426680541307925,18.89,19.36,120,435.34166666666664,0.6920415945790069,433,437
P2,2025-09-07,17,120,34.7733895,0.04616373018530489,34.70695,34.86262,120,18.820416666666667,0.05091426032814355,18.75,18.91,120,435.59166666666664,0.628401110105701,434,437
P2,2025-09-07,18,120,34.639488166666666,0.03806594095087962,34.56731,34.71496,120,18.68375,0.038415300260671116,18.61,18.76,120,433.5833333333333,1.2063092774364508,431,436
P2,2025-09-07,19,120,34.51270858333333,0.03313050804805991,34.44992,34.57844,120,18.593083333333333,0.018093865125558807,18.55,18.64,120,433.7583333333333,1.1522417560676066,432,436
P2,2025-09-07,20,121,34.38570272727273,0.03634588979513262,34.32375,34.46418,121,18.50314049586777,0.035707913638555064,18.43,18.58,121,428.2314049586777,3.908879486882979,424,436
P2,2025-09-07,21,120,34.287473999999996,0.024070310398682404,34.25188,34.34289,120,18.414083333333334,0.016009232280389467,18.37,18.45,120,426.2416666666667,1.0370921965234068,424,428
P2,2025-09-07,22,120,34.21136108333334,0.02624289198029847,34.16672,34.27023,120,18.362000000000002,0.028450162823891817,18.3,18.41,120,424.55833333333334,0.5768041966148701,423,426
P2,2025-09-07,23,120,34.14601291666667,0.0181068415685824,34.1093,34.19035,120,18.322083333333335,0.019613742109853987,18.27,18.36,120,424.0833333333333,0.9665266004966786,422,426
P2,2025-09-08,0,120,34.088462666666665,0.019494145500524723,34.04485,34.13234,120,18.28033333333333,0.01555328781656118,18.25,18.32,120,421.96666666666664,0.8592876992835089,421,424
P2,2025-09-08,1,120,34.030626749999996,0.015485374838421695,34.00441,34.07258,120,18.302416666666666,0.013472401502364227,18.27,18.33,120,420.9583333333333,0.7378806049184544,420,422
P2,2025-09-08,2,120,33.98163783333333,0.022058887314454594,33.95051,34.03547,120,18.28475,0.020082288697449255,18.24,18.33,120,420.55,0.6591310806756147,419,422
P2,2025-09-08,3,120,33.93243725,0.013098064451439129,33.90363,33.97297,120,18.25025,0.01416959106411995,18.22,18.28,120,421.3333333333333,0.7814373024773169,420,423
P2,2025-09-08,4,120,33.886732583333334,0.012700245646797852,33.86769,33.92473,120,18.257916666666667,0.01828329049937855,18.21,18.3,120,422.675,0.9628607585399415,421,425
P2,2025-09-08,5,120,33.85353658333334,0.014002625533870364,33.83234,33.9007,120,18.222583333333333,0.02299052904502476,18.17,18.28,120,425.15833333333336,1.0923402779872058,423,427
P2,2025-09-08,6,120,32.680934666666666,1.1168095943633867,30.99875,33.8843,120,16.319583333333334,1.7078299148941294,13.42,18.29,120,420.39166666666665,12.686455314995705,409,447
P2,2025-09-08,7,120,30.034640083333333,0.4599422904072098,29.5257,30.99367,120,12.266583333333333,0.36977734802830564,11.93,13.34,120,409.0083333333333,0.15855616046817936,408,410
P2,2025-09-08,8,29,29.35775448275862,0.07715942899451134,29.25266,29.53234,29,11.912413793103447,0.07351652741360629,11.82,12.09,29,412.2068965517241,3.3951573742698646,410,422
P2,2025-09-09,8,12,31.470915833333333,0.0706437938415924,31.25031,31.51691,12,13.407499999999999,0.052070756057154687,13.29,13.47,12,509.6666666666667,4.599077641388049,504,517
P2,2025-09-09,9,120,31.293578916666664,0.6173937855153206,30.21301,31.94582,120,13.428500000000001,0.3739178222753301,12.73,14.03,120,575.25,27.58188724873052,518,626
P2,2025-09-09,10,120,30.1687515,0.40431782788705767,29.42394,31.01555,120,12.640083333333333,0.2953092548878357,12.15,13.33,120,654.4083333333333,17.971263631882263,616,691
P2,2025-09-09,11,120,31.35708491666667,0.3307295062624435,30.3925,31.74953,120,13.3305,0.17646315110379035,12.97,13.9,120,712.5916666666667,13.257942495564052,686,733
P2,2025-09-09,12,120,30.709466416666665,0.38585254981183453,30.10793,31.70226,120,13.016166666666667,0.6872673734268424,11.9,14.12,120,629.9416666666667,26.669875944840186,599,703
P2,2025-09-09,13,120,30.034658,0.2993307703022647,29.5218,30.47902,120,12.64775,0.5167114216633029,11.93,13.65,120,955.8583333333333,143.8995503892936,601,1175
P2,2025-09-09,14,120,30.084676333333334,0.3190190109583276,29.61848,30.82277,120,12.772833333333333,0.3720874193238022,12.14,13.49,120,1177.525,147.1678263672027,828,1299
P2,2025-09-09,15,120,29.656751333333332,0.5030379537545236,28.97922,30.60676,120,12.449833333333334,0.4791536364079005,11.83,13.38,120,886.7583333333333,14.265192893589544,840,908
P2,2025-09-09,16,120,29.276792166666667,0.4617311876194599,28.29563,29.97277,120,13.459833333333334,0.8768325188463539,11.89,14.49,120,779.775,43.878836708877834,711,853
P2,2025-09-09,17,120,30.180683166666665,0.47282400846382927,29.15363,30.67316,120,13.450083333333334,0.20585340232626573,13.15,13.85,120,713.2333333333333,9.643854082711268,694,741
P2,2025-09-09,18,121,30.804029917355372,0.056007575611041124,30.67199,30.89953,121,12.922727272727274,0.14138599647772848,12.65,13.2,121,716.8264462809917,6.646650391927289,705,728
P2,2025-09-09,19,120,30.962025,0.02669937477630141,30.88313,31.02004,120,12.832583333333334,0.08039289898543642,12.7,13.0,120,673.0,15.559049894303982,647,703
P2,2025-09-09,20,120,30.990382416666666,0.01881698343356748,30.95148,31.04035,120,12.893833333333333,0.04396681967680743,12.76,13.0,120,623.875,13.020063702744675,602,647
P2,2025-09-09,21,120,31.164317750000002,0.1298933076303899,30.96965,31.39484,120,13.187000000000001,0.27656840751180123,12.78,13.65,120,574.7916666666666,19.701510343217947,542,604
P2,2025-09-09,22,120,31.51710125,0.0738942848742695,31.37551,31.66184,120,13.981166666666667,0.18575389579742418,13.66,14.35,120,519.1916666666667,10.789269360495915,498,541
P2,2025-09-09,23,120,31.722591166666668,0.03992064410199538,31.64524,31.8007,120,14.554166666666667,0.11776335288583129,14.32,14.73,120,486.3333333333333,5.851572127090578,477,498
P2,2025-09-10,0,120,31.865400083333334,0.04010091858576029,31.78898,31.97648,120,14.914666666666667,0.093178543111378,14.73,15.09,120,468.375,4.462848508152922,460,476
P2,2025-09-10,1,120,31.982273916666667,0.033672994398444435,31.92649,32.05988,120,15.2095,0.08012437810296477,15.07,15.35,120,456.2083333333333,2.5000700270304637,451,460
P2,2025-09-10,2,120,32.06798308333334,0.033691084519899155,32.0132,32.14191,120,15.433833333333332,0.05082815558880809,15.34,15.54,120,450.2083333333333,1.8005406906571042,447,454
P2,2025-09-10,3,120,32.12904666666667,0.014311856067247686,32.09914,32.1673,120,15.522666666666668,0.027462222587906798,15.46,15.58,120,446.475,0.7096276689725498,445,448
P2,2025-09-10,4,120,32.15340366666667,0.01586588125895494,32.11379,32.21359,120,15.51,0.032591177854588683,15.43,15.57,120,445.03333333333336,1.0446609625187884,442,447
P2,2025-09-10,5,120,32.19864925,0.023513083150975944,32.15656,32.26613,120,15.543583333333334,0.026498639043325466,15.5,15.6,120,443.30833333333334,0.591193541846982,442,445
P2,2025-09-10,6,120,32.286614916666664,0.03185307301496682,32.21867,32.36516,120,15.627666666666666,0.030006535235888396,15.56,15.72,120,440.7,1.6982442737855714,438,444
P2,2025-09-10,7,120,32.37456233333333,0.048516830792419474,32.2798,32.4925,120,15.800166666666666,0.09125624954616747,15.67,16.1,120,438.28333333333336,2.021661407342581,436,451
P2,2025-09-10,8,120,30.874571666666668,0.6065436598975441,29.87082,32.21047,120,14.045083333333334,0.7891427066662865,12.79,15.7,120,457.8666666666667,17.937301321868095,435,494
P2,2025-09-10,9,120,31.10576325,0.46522506931549173,29.93605,31.54016,120,13.449416666666668,0.46498449569043965,12.27,14.1,120,578.7416666666667,50.37331156681372,496,666
P2,2025-09-10,10,120,29.74453275,0.309749446466802,29.21945,30.2841,120,12.42425,0.517532384404652,11.58,13.41,120,693.7,29.761404141447816,621,737
P2,2025-09-10,11,120,29.828274583333332,0.5526754565342009,29.05754,30.68,120,12.547583333333334,0.5764262484376942,11.55,13.46,120,675.7083333333334,51.179761597714375,586,757
P2,2025-09-10,12,120,29.816652083333334,0.6810129088472751,28.69992,30.77531,120,12.867916666666668,0.8298819353442061,11.46,14.02,120,547.3166666666667,30.89912656385228,499,615
P2,2025-09-10,13,120,29.30134875,0.5724303922889398,28.49562,30.64602,120,12.09825,0.6616692190680963,11.35,13.76,120,807.3666666666667,86.64948547644885,615,934
P2,2025-09-10,14,120,29.751513499999998,0.5429679724953491,28.58332,30.40363,120,12.742583333333332,0.5776546260065598,11.61,13.74,120,789.8333333333334,94.93149527695317,668,971
P2,2025-09-10,15,120,29.505167416666666,0.5502697514832832,28.79758,30.55305,120,12.057416666666667,0.6331201856423363,11.29,13.25,120,746.225,66.58935520705069,653,828
P2,2025-09-10,16,120,30.441433333333336,0.2315670278133437,29.89484,30.6673,120,12.774083333333333,0.2061634165940618,12.35,13.37,120,673.8,16.175300186842158,655,709
P2,2025-09-10,17,120,30.738510666666667,0.10268520995785758,30.5509,30.91574,120,12.917416666666666,0.2569814950449123,12.53,13.38,120,589.15,39.78928743968632,508,656
P2,2025-09-10,18,120,31.118160666666665,0.07871308306076018,30.91633,31.25734,120,13.858666666666666,0.3084303806694269,13.36,14.6,120,478.2083333333333,30.094499855764752,432,526
P2,2025-09-10,19,120,31.273020416666668,0.05482557681351152,31.1632,31.38508,120,14.407666666666668,0.19435190007927797,14.07,14.89,120,437.10833333333335,13.746074051187426,414,459
P2,2025-09-10,20,120,31.3232695,0.06611844455726684,31.19016,31.43293,120,14.588583333333334,0.21836787953434322,14.13,14.98,120,420.64166666666665,7.961879590313077,410,434
P2,2025-09-10,21,120,31.36932125,0.06592865235195905,31.24035,31.50578,120,14.770416666666668,0.21973397144566165,14.28,15.16,120,412.5083333333333,3.1702287204642468,410,420
P2,2025-09-10,22,120,31.409425416666668,0.06606173356672936,31.28586,31.51672,120,14.935833333333333,0.24119305470069963,14.44,15.35,120,410.0083333333333,0.09128709291753702,410,411
P2,2025-09-10,23,120,31.413865583333333,0.061855354418555344,31.29699,31.51223,120,14.99025,0.25005028905966653,14.52,15.39,120,410.0,0.0,410,410
P2,2025-09-11,0,120,31.381209249999998,0.06551784471992084,31.26027,31.52141,120,15.019583333333333,0.24577572557702523,14.54,15.43,120,410.0,0.0,410,410
P2,2025-09-11,1,120,31.374488666666664,0.05558281311856921,31.2757,31.48117,120,15.048916666666665,0.24709674162134934,14.62,15.51,120,410.0,0.0,410,410
P2,2025-09-11,2,120,31.380895416666664,0.056177015843391825,31.2923,31.49641,120,15.097916666666666,0.24758631746087542,14.69,15.54,120,410.0,0.0,410,410
P2,2025-09-11,3,120,31.404805083333333,0.05534787966296695,31.29328,31.51418,120,15.20325,0.25109562442432637,14.74,15.64,120,410.0,0.0,410,410
P2,2025-09-11,4,120,31.426944833333334,0.06503174261751815,31.31828,31.54426,120,15.210666666666667,0.2581828331824952,14.69,15.66,120,410.0,0.0,410,410
P2,2025-09-11,5,120,31.439587083333333,0.0666385537763595,31.31379,31.55539,120,15.130500000000001,0.2599187009286505,14.64,15.59,120,410.0,0.0,410,410
P2,2025-09-11,6,120,31.515629416666666,0.08792737491430211,31.35559,31.67356,120,15.14575,0.23537084095764502,14.51,15.51,120,410.0,0.0,410,410
P2,2025-09-11,7,120,31.62622575,0.10089543939241766,31.41652,31.81418,120,15.390916666666667,0.32889168566012295,14.6,15.97,120,410.35,0.9928314487939481,410,417
P2,2025-09-11,8,120,30.0161845,0.5985454152420778,29.06711,31.4843,120,13.357833333333334,0.5837133855982826,12.34,15.07,120,421.53333333333336,16.523949175622096,409,459
P2,2025-09-11,9,120,31.1703755,0.15488612689854298,30.78605,31.39367,120,13.641083333333334,0.22666673360519424,13.26,14.09,120,532.7666666666667,48.798803769147156,460,644
P2,2025-09-11,10,120,30.421024833333334,0.5585460421366621,29.59797,31.3632,120,12.280916666666666,0.4570070625078721,11.78,13.42,120,945.025,122.70977322682218,657,1125
P2,2025-09-11,11,120,30.803706083333335,0.7469763720688002,29.60227,31.63234,120,12.951833333333333,0.703138203579733,11.8,13.87,120,812.8333333333334,232.76620554233634,577,1178
P2,2025-09-11,12,120,31.368126333333336,0.22210884347046408,30.97902,31.70676,120,12.691916666666666,0.2917875819790809,12.25,13.55,120,609.075,35.14631183060491,561,670
P2,2025-09-11,13,120,31.602052083333334,0.159920338098818,31.25715,31.79563,120,12.944666666666667,0.2633269154981512,12.39,13.33,120,798.1333333333333,75.17575298947803,670,901
P2,2025-09-11,14,120,30.953412583333332,0.36241628457044717,30.43996,31.74895,120,11.863583333333334,0.3164716080653747,11.5,12.97,120,895.2333333333333,63.11637022576781,722,985
P2,2025-09-11,15,120,29.98490191666667,0.44433522531147435,29.41555,30.76398,120,11.456916666666666,0.37551263746558344,10.83,12.24,120,745.0,45.2013236959445,684,855
P2,2025-09-11,16,120,30.42221675,0.6551263679564988,29.1634,31.08215,120,11.74025,0.26470044112054697,11.28,12.21,120,662.1583333333333,33.39677331400604,609,707
P2,2025-09-11,17,120,28.535659083333332,0.3761329645620612,27.95774,29.18977,120,11.165083333333333,0.2091840725066656,10.87,11.67,120,589.7916666666666,14.186569476141916,569,613
P2,2025-09-11,18,120,29.583839166666667,0.6142052017989984,27.94699,30.19211,120,11.7735,0.2833789220202855,10.86,12.08,120,597.1,13.42917931754801,571,611
P2,2025-09-11,19,120,30.265066416666667,0.0688874105876492,30.16711,30.40324,120,11.993083333333335,0.17064285684972919,11.76,12.29,120,563.975,25.052369518418963,520,601
P2,2025-09-11,20,120,30.465450333333333,0.0698790046002517,30.32395,30.55988,120,12.6215,0.19695859736409163,12.22,12.8,120,503.65,11.807026821048172,484,522
P2,2025-09-11,21,120,30.648855500000003,0.1560435869664593,30.45969,30.91828,120,12.912583333333334,0.20430038781016535,12.66,13.31,120,474.4166666666667,7.976418325270981,462,489
P2,2025-09-11,22,120,31.068078083333333,0.07794579930354847,30.91125,31.19016,120,13.711500000000001,0.19294989988477956,13.33,14.02,120,448.7916666666667,5.935077089307416,441,462
P2,2025-09-11,23,120,31.270363333333332,0.04770253718977535,31.18,31.35285,120,14.299083333333334,0.14398877076509178,14.02,14.53,120,436.775,2.247173761854387,433,441
P2,2025-09-12,0,120,31.395610833333333,0.03632306657877457,31.33762,31.46711,120,14.761666666666667,0.12148474561593055,14.55,14.95,120,430.78333333333336,2.200776537258401,426,434
P2,2025-09-12,1,120,31.500491166666666,0.02789996422344644,31.43488,31.57297,120,15.104666666666667,0.09116365682074203,14.94,15.25,120,423.275,2.0248975490215915,420,427
P2,2025-09-12,2,120,31.56178075,0.02371998689763625,31.51691,31.60949,120,15.3475,0.06976852484339643,15.23,15.47,120,418.35,1.2545714725880885,416,421
P2,2025-09-12,3,120,31.62173841666667,0.013284071841829746,31.5882,31.65891,120,15.484916666666667,0.018741758225965813,15.44,15.53,120,415.7916666666667,0.808524263453991,414,417
P2,2025-09-12,4,120,31.659428833333333,0.014094138610259887,31.62258,31.70559,120,15.563333333333333,0.020715493058601295,15.51,15.61,120,412.7583333333333,1.466693722694245,410,416
P2,2025-09-12,5,120,31.682251166666667,0.018756070935746393,31.64973,31.73762,120,15.558083333333334,0.023985143627795334,15.51,15.61,120,411.3333333333333,0.823329307421636,410,413
P2,2025-09-12,6,120,31.763476333333333,0.04288616961709255,31.70715,31.85227,120,15.63825,0.05869251165497773,15.55,15.77,120,410.125,0.356512047953696,410,412
P2,2025-09-12,7,120,31.199757166666664,0.845097823385589,29.63918,31.95617,120,15.119499999999999,0.9764778500286809,13.33,16.34,120,409.35,0.8466443897464757,408,410
P2,2025-09-12,8,120,29.916292083333335,0.4219885055523593,29.30149,30.63449,120,13.283166666666666,0.4035430965985256,12.75,14.13,120,430.05,21.75719720580054,408,473
P2,2025-09-12,9,120,30.72983375,0.12116320754374982,30.36066,30.92492,120,12.959916666666667,0.23661299052020232,12.65,13.53,120,563.9583333333334,63.4635336082007,474,654
P2,2025-09-12,10,120,31.002949166666667,0.16019314339539015,30.6175,31.25578,120,12.673166666666667,0.2463855806286901,12.39,13.32,120,708.4,71.53507689861509,630,842
P2,2025-09-12,11,120,31.340089083333332,0.14425231489627602,30.96301,31.58254,120,13.0735,0.38464138050480084,12.47,13.72,120,709.4416666666667,25.91381832907213,682,769
P2,2025-09-12,12,120,31.3150005,0.22760110401605785,30.87297,31.59934,120,13.059333333333333,0.3985008320760026,12.51,13.87,120,667.675,18.911631074975194,635,699
P2,2025-09-12,13,120,30.786879166666665,0.4667216335257875,30.16398,31.55305,120,12.578750000000001,0.5469404012513691,11.93,13.83,120,721.6333333333333,14.593617422277166,683,755
P2,2025-09-12,14,120,30.297600666666664,0.24137689286250097,29.94055,30.65617,120,12.570666666666666,0.5692140140909523,11.9,13.5,120,748.05,21.834692155205822,692,777
P2,2025-09-12,15,120,29.958590833333336,0.18459330874360944,29.64582,30.30149,120,12.196166666666667,0.38827172182891306,11.82,13.01,120,772.4,13.493478038661047,749,797
P2,2025-09-12,16,120,29.50237925,0.2945872568916811,29.12531,30.13547,120,11.868500000000001,0.2957873696884762,11.59,12.56,120,741.9083333333333,20.757501765670714,706,788
P2,2025-09-12,17,120,30.296872,0.24414452528414363,29.86535,30.6673,120,12.596,0.11328108863361568,12.41,12.87,120,742.2916666666666,11.64704732902684,711,756
P2,2025-09-12,18,120,30.7502715,0.04134374669775652,30.63547,30.81359,120,12.074083333333334,0.20555109705715746,11.82,12.42,120,723.6166666666667,14.51292286109139,695,746
P2,2025-09-12,19,120,30.827429583333334,0.028582893379480334,30.78332,30.89641,120,11.954,0.1256137871788432,11.81,12.24,120,681.975,7.247674214022347,664,694
P2,2025-09-12,20,120,30.872190583333335,0.02535002064526919,30.79973,30.9177,120,12.043416666666667,0.057810118525408,11.89,12.14,120,641.5083333333333,15.438681004168169,607,664
P2,2025-09-12,21,120,31.11959775,0.18004434657947876,30.80949,31.37121,120,12.432166666666665,0.48221858311844623,11.83,13.27,120,573.4666666666667,20.59612973896034,539,607
P2,2025-09-12,22,120,31.518901333333336,0.08006783456957543,31.36613,31.65109,120,13.898166666666667,0.3298178344504254,13.26,14.45,120,513.9416666666667,13.315370428037493,495,538
P2,2025-09-12,23,120,31.732786333333333,0.05208284578532724,31.63078,31.83859,120,14.8385,0.23007726141122042,14.42,15.22,120,479.8333333333333,8.404013980259162,466,495
P2,2025-09-13,0,120,31.879504750000002,0.038224979886612984,31.81203,31.96926,120,15.500416666666666,0.16079318013744243,15.2,15.77,120,457.85,4.61209589790025,450,466
P2,2025-09-13,1,120,31.994326166666667,0.028153976216137622,31.93273,32.04758,120,15.995583333333334,0.1278904194369284,15.77,16.21,120,444.925,3.2310533703970363,440,451
P2,2025-09-13,2,120,32.092099833333336,0.029421827345391824,32.03508,32.1468,120,16.420166666666667,0.12010487947135351,16.21,16.62,120,436.84166666666664,1.8651867382724505,434,441
P2,2025-09-13,3,120,32.16380083333333,0.026570202795814537,32.11848,32.22531,120,16.738916666666668,0.07808415879256413,16.6,16.88,120,431.775,2.0144957873649747,427,435
P2,2025-09-13,4,120,32.22651091666667,0.014296194416107195,32.19465,32.26144,120,16.929916666666667,0.026425599802656213,16.87,16.97,120,428.43333333333334,0.923396482788291,426,431
P2,2025-09-13,5,120,32.2609815,0.01232986826825927,32.24016,32.29973,120,17.001250000000002,0.030029747156536026,16.94,17.07,120,427.46666666666664,0.8192365100407355,425,429
P2,2025-09-13,6,120,32.31400708333334,0.01736893897167046,32.2843,32.37238,120,17.049,0.010240798288212186,17.02,17.07,120,425.25,1.0551992125429626,422,427
P2,2025-09-13,7,120,32.44174683333333,0.06710635926462627,32.34289,32.58566,120,17.088583333333336,0.017164348107000807,17.06,17.13,120,421.7583333333333,1.837955721037051,417,425
P2,2025-09-13,8,120,32.725219,0.08409883089946607,32.57687,32.88391,120,17.260166666666667,0.08978951421377224,17.11,17.44,120,419.98333333333335,1.365747453390559,417,423
P2,2025-09-13,9,120,33.06751641666667,0.10704747324149863,32.88195,33.27863,120,17.67008333333333,0.13598378445922485,17.45,17.9,120,419.73333333333335,4.8346322991296,411,425
P2,2025-09-13,10,120,33.47189783333333,0.12674983807645168,33.26086,33.67629,120,18.05816666666667,0.09836463917941632,17.89,18.23,120,411.2583333333333,1.4922535737237814,410,415
P2,2025-09-13,11,120,33.77079908333334,0.0531626123441367,33.65988,33.88605,120,18.314666666666668,0.05332527950393685,18.2,18.42,120,416.35833333333335,0.877312869590173,415,418
P2,2025-09-13,12,120,33.927649583333334,0.043908543021211485,33.85402,34.0091,120,18.457,0.042734277663190746,18.39,18.56,120,415.675,1.1461480978411955,413,419
P2,2025-09-13,13,120,34.10849616666666,0.06535246369673567,33.9882,34.22551,120,18.67375,0.07776351243062442,18.56,18.8,120,413.90833333333336,2.7069652868896465,410,419
P2,2025-09-13,14,120,34.230682,0.020200763634786855,34.19524,34.27121,120,18.787750000000003,0.025551480412306836,18.72,18.83,120,410.10833333333335,0.36197017689801525,410,412
P2,2025-09-13,15,120,34.16516958333333,0.04637541348015251,34.07668,34.24152,120,18.618833333333335,0.07619284835242895,18.48,18.74,120,418.19166666666666,4.565666229943824,411,426
P2,2025-09-13,16,120,34.068997333333336,0.03389958547461047,34.00851,34.13117,120,18.483,0.02986242967144655,18.42,18.55,120,427.5833333333333,2.194658654698822,423,431
P2,2025-09-13,17,120,33.94539041666666,0.04091069725933465,33.87219,34.04016,120,18.472916666666666,0.02213009029259919,18.43,18.53,120,430.23333333333335,0.7640376308798936,429,432
P2,2025-09-13,18,120,33.81883975,0.034131272987334926,33.7591,33.88937,120,18.513083333333334,0.012284842976073478,18.49,18.55,120,427.85,1.0819372603316815,425,430
P2,2025-09-13,19,120,33.72395708333333,0.036319602142983236,33.64484,33.79328,120,18.472083333333334,0.021958548930846717,18.43,18.53,120,423.0833333333333,2.014999774103183,419,426
P2,2025-09-13,20,120,33.585202083333336,0.031918474482189256,33.50871,33.64738,120,18.364416666666667,0.03918917346062004,18.29,18.43,120,415.53333333333336,1.939996245917427,413,419
P2,2025-09-13,21,120,33.47209183333333,0.02593941538585721,33.4173,33.5423,120,18.271333333333335,0.025269416640812295,18.23,18.34,120,410.925,0.9886966210134467,410,414
P2,2025-09-13,22,120,33.4077155,0.028192189956395185,33.35402,33.46672,120,18.203333333333333,0.029056113007089625,18.13,18.26,120,410.15,0.47896948201936373,410,412
P2,2025-09-13,23,120,33.344587000000004,0.02136584262930723,33.3007,33.39367,120,18.102666666666668,0.0359442456523744,18.04,18.17,120,410.0,0.0,410,410
P2,2025-09-14,0,120,33.304661583333335,0.014947553746958744,33.27473,33.34953,120,18.04025,0.019161520439311915,17.99,18.09,120,410.01666666666665,0.128555865849278,410,411
P2,2025-09-14,1,120,33.29801416666667,0.011825288568142004,33.26965,33.33488,120,18.042083333333334,0.015551261578876778,18.01,18.08,120,410.06666666666666,0.25048971643406914,410,411
P2,2025-09-14,2,120,33.29833216666667,0.013016298973348052,33.27727,33.33644,120,18.0765,0.021523877692565623,18.03,18.13,120,410.3,0.5438734405426717,410,412
P2,2025-09-14,3,120,33.2945505,0.0161646605856323,33.26301,33.33586,120,18.080750000000002,0.026094930123516668,18.01,18.13,120,412.025,0.7036817940140766,411,414
P2,2025-09-14,4,120,33.283304333333334,0.014168112838371667,33.25441,33.31652,120,17.997,0.03455843911819104,17.94,18.07,120,414.59166666666664,0.8934479837796222,413,416
P2,2025-09-14,5,120,33.27373133333334,0.013237186855757296,33.24465,33.3134,120,17.902083333333334,0.02347520892715315,17.83,17.96,120,416.2583333333333,0.6546001837459571,415,418
P2,2025-09-14,6,120,33.29897183333333,0.015465184536414213,33.26398,33.34035,120,17.943166666666666,0.05065923946742876,17.86,18.05,120,417.9166666666667,0.8052697583751001,416,419
P2,2025-09-14,7,120,33.37873741666667,0.06076239693680508,33.29797,33.50832,120,18.09241666666667,0.03768502440526665,18.03,18.19,120,421.4583333333333,2.5827346374110807,417,427
P2,2025-09-14,8,120,33.66713241666667,0.0850734546378939,33.50617,33.80793,120,18.323500000000003,0.0858535982713304,18.17,18.46,120,433.14166666666665,3.2209811995656494,427,439
P2,2025-09-14,9,120,33.98257983333333,0.10595539314307993,33.80754,34.17238,120,18.744500000000002,0.14983940983431177,18.46,18.96,120,439.93333333333334,0.9050124966251079,438,442
P2,2025-09-14,10,120,34.348634749999995,0.12483608311973388,34.15149,34.57766,120,19.091166666666666,0.08676427384405583,18.92,19.19,120,434.6333333333333,4.0061577252884035,425,440
P2,2025-09-14,11,120,34.73246908333333,0.09472198785491069,34.56223,34.93117,120,19.22725,0.0357150840246938,19.16,19.31,120,415.19166666666666,6.1920195770504876,410,428
P2,2025-09-14,12,120,35.075661,0.09233785250759119,34.90578,35.24309,120,19.228416666666664,0.03167576899992846,19.16,19.3,120,409.46666666666664,0.5009794328681397,409,410
P2,2025-09-14,13,120,35.34126108333333,0.07179613780014997,35.22433,35.49777,120,19.25041666666667,0.03311289152934397,19.2,19.33,120,409.0,0.0,409,409
P2,2025-09-14,14,120,35.56731166666667,0.052097612557329545,35.46906,35.67375,120,19.351083333333335,0.030563223721617606,19.28,19.41,120,409.0,0.0,409,409
P2,2025-09-14,15,120,35.67576233333333,0.014692572109128782,35.62902,35.70891,120,19.387999999999998,0.021207260529350205,19.33,19.44,120,409.0,0.0,409,409
P2,2025-09-14,16,120,35.650456500000004,0.0304656329218199,35.5843,35.71281,120,19.235166666666665,0.03927886367568213,19.18,19.35,120,409.0,0.0,409,409
P2,2025-09-14,17,120,35.43008033333333,0.08448187299908833,35.28801,35.59074,120,19.00275,0.11992268167378427,18.77,19.21,120,409.0,0.0,409,409
P2,2025-09-14,18,120,35.17538750000001,0.06855640558430555,35.07277,35.29758,120,18.57766666666667,0.09054209600213274,18.43,18.76,120,409.0,0.0,409,409
P2,2025-09-14,19,120,34.97818241666666,0.04483456122976063,34.90871,35.07414,120,18.355583333333335,0.03890941501783711,18.28,18.44,120,409.0,0.0,409,409
P2,2025-09-14,20,120,34.80931533333333,0.048609766904830834,34.73996,34.92219,120,18.22191666666667,0.03168372679180265,18.15,18.29,120,409.0,0.0,409,409
P2,2025-09-14,21,120,34.712138833333334,0.03229647833609125,34.64484,34.77297,120,18.170916666666667,0.0183337789607176,18.13,18.21,120,409.43333333333334,0.49761335152810415,409,410
P2,2025-09-14,22,120,34.6174405,0.029887924175372633,34.56574,34.69094,120,18.149833333333333,0.0179627688407397,18.11,18.2,120,410.0,0.0,410,410
P2,2025-09-14,23,120,34.53593283333333,0.020951525733481777,34.48801,34.59641,120,18.099833333333333,0.01953163059853161,18.06,18.14,120,410.0,0.0,410,410
P2,2025-09-15,0,120,34.49822141666667,0.024627119276479526,34.45754,34.55246,120,18.12475,0.022861015953366693,18.08,18.19,120,410.0,0.0,410,410
P2,2025-09-15,1,120,34.44072283333333,0.014501324377834331,34.41164,34.47726,120,18.232333333333333,0.02343355825864375,18.16,18.27,120,410.0,0.0,410,410
P2,2025-09-15,2,120,34.41549733333333,0.014651607003573335,34.38351,34.45539,120,18.312749999999998,0.03970399933288143,18.22,18.39,120,410.0,0.0,410,410
P2,2025-09-15,3,120,34.382856749999995,0.015378107606281506,34.35266,34.42336,120,18.377000000000002,0.022884437484713287,18.32,18.42,120,410.0,0.0,410,410
P2,2025-09-15,4,120,34.34800333333333,0.017588811967914394,34.29953,34.39953,120,18.458833333333335,0.027013327968898236,18.4,18.52,120,410.0,0.0,410,410
P2,2025-09-15,5,120,34.337980583333334,0.014848948370980377,34.30793,34.37863,120,18.487166666666667,0.016862435669105315,18.44,18.53,120,410.0,0.0,410,410
P2,2025-09-15,6,120,34.342103083333335,0.027714882413961736,34.30481,34.41535,120,18.892916666666668,0.4545704331690329,18.46,19.68,120,419.75,11.763245707704648,410,441
P2,2025-09-15,7,120,32.979228666666664,1.2156593538044813,31.20031,34.40305,120,17.18658333333333,2.2815667975802825,13.93,19.96,120,415.3833333333333,8.886949484972831,408,431
P2,2025-09-15,8,120,30.93587225,0.25486453700141265,30.54426,31.58254,120,13.27525,0.2814427490776821,12.75,13.86,120,445.64166666666665,23.04792078824167,409,483
P2,2025-09-15,9,120,32.0976905,0.23365770857075802,31.5968,32.44406,120,13.835166666666668,0.1408138608850963,13.57,14.08,120,565.3333333333334,53.03325947595765,484,687
P2,2025-09-15,10,120,32.47696666666666,0.1561960305628308,32.15442,32.70773,120,13.745083333333334,0.20742517465638477,13.44,14.28,120,719.275,13.201071066808385,688,744
P2,2025-09-15,11,120,32.07129583333333,0.39614293352375246,31.22258,32.48273,120,13.470083333333333,0.42147499269563654,12.62,14.12,120,714.4083333333333,38.97133094794602,642,765
P2,2025-09-15,12,120,32.12213725,0.22737663404400418,31.35656,32.30617,120,13.499916666666667,0.1916557480753147,12.89,13.95,120,688.7166666666667,13.643838966240228,652,705
P2,2025-09-15,13,120,31.497275416666664,0.3796757491251882,30.64133,32.1673,120,13.06075,0.2750192124686772,12.56,13.73,120,718.825,65.08219270063582,658,874
P2,2025-09-15,14,120,30.149167666666663,0.1427502928854409,29.95539,30.6425,120,12.411833333333334,0.222438673762983,12.11,12.87,120,1029.1666666666667,88.09299262790442,881,1154
P2,2025-09-15,15,120,30.698741583333334,0.5488836583634779,29.93762,31.4177,120,12.378916666666667,0.1199705554445318,12.22,12.65,120,926.775,190.79622913050483,751,1200
P2,2025-09-15,16,120,31.506194750000002,0.0740881865401744,31.38645,31.61496,120,12.506,0.10050628142082572,12.39,13.06,120,753.9083333333333,6.139821574246581,742,764
P2,2025-09-15,17,120,30.30016425,0.7551082453058298,29.29836,31.61262,120,12.364083333333333,0.5316827509135942,11.8,13.51,120,714.825,36.440042270451045,671,798
P2,2025-09-15,18,120,30.509879,0.5323913396965293,29.25617,30.97688,120,12.36675,0.19258158807951226,11.76,12.52,120,704.525,15.02488831597646,669,720
P2,2025-09-15,19,120,31.12525875,0.09492034339835007,30.92649,31.23332,120,12.922416666666667,0.3232788837747959,12.34,13.31,120,676.9833333333333,22.9884820752318,636,713
P2,2025-09-15,20,120,31.147423166666666,0.028170214050230628,31.08879,31.2093,120,12.8795,0.0717939394928213,12.75,13.01,120,592.6416666666667,25.163597768623262,549,635
P2,2025-09-15,21,120,31.36736125,0.2229440092333656,31.07902,31.71828,120,13.338750000000001,0.4627331345187104,12.8,14.21,120,525.9166666666666,13.333841026749049,500,549
P2,2025-09-15,22,120,31.930650583333332,0.10735492544501918,31.7132,32.11066,120,14.910833333333333,0.35401083241588405,14.23,15.46,120,481.28333333333336,9.611952759681136,465,499
P2,2025-09-15,23,120,32.2189225,0.06792617093506693,32.0802,32.34074,120,15.906583333333334,0.2523685974196983,15.46,16.32,120,456.9916666666667,4.349240894517463,451,467
P2,2025-09-16,0,120,32.39936866666667,0.04042225202423806,32.30715,32.47629,120,16.660166666666665,0.19722436710607388,16.34,16.97,120,445.1666666666667,2.8471815145913775,440,451
P2,2025-09-16,1,120,32.528079749999996,0.0360817877536624,32.44563,32.59933,120,17.223916666666664,0.14192136438700123,16.96,17.46,120,434.625,2.9847300456453634,429,440
P2,2025-09-16,2,120,32.630761916666664,0.027385844263840744,32.58215,32.69191,120,17.6255,0.10995682880876774,17.45,17.82,120,426.7,1.653110132218464,423,430
P2,2025-09-16,3,120,32.69869775,0.02211604651338183,32.66106,32.75558,120,17.95325,0.08634659978318625,17.81,18.1,120,423.425,0.8367855663391954,421,425
P2,2025-09-16,4,120,32.769396666666665,0.015900861788037374,32.73176,32.80539,120,18.222166666666666,0.06649929971620507,18.09,18.35,120,421.9916666666667,0.8744345912312673,420,424
P2,2025-09-16,5,120,32.80973175,0.0189623626183992,32.77356,32.85793,120,18.416999999999998,0.04568065990193488,18.33,18.5,120,424.26666666666665,0.8474711103708868,422,426
P2,2025-09-16,6,120,32.855226333333334,0.015828737291949623,32.82531,32.90539,120,18.568916666666667,0.053386112714939336,18.47,18.67,120,426.8833333333333,1.4271281224442922,424,429
P2,2025-09-16,7,120,33.01900633333334,0.08345944289468303,32.88742,33.17766,120,18.62408333333333,0.06478790001841032,18.5,18.87,120,430.85,7.222339293743376,424,463
P2,2025-09-16,8,120,31.886284083333333,0.49963585248312803,31.20988,33.06184,120,15.8305,1.0142164670408462,14.67,18.57,120,480.21666666666664,11.51774906035754,459,502
P2,2025-09-16,9,120,31.34853375,0.3603055974629388,30.95793,32.13567,120,14.000916666666665,0.4723301719311656,13.38,15.29,120,562.8,45.90757979193567,491,645
P2,2025-09-16,10,120,30.583186416666667,0.17183695400781163,30.31789,31.00383,120,13.100416666666666,0.33415740223401685,12.72,13.84,120,560.775,10.760543002761791,544,582
P2,2025-09-16,11,120,31.276170166666667,0.4972368781475148,30.56359,32.07473,120,14.154166666666667,0.5488958869201603,13.34,15.13,120,641.9666666666667,30.287955099174777,580,688
P2,2025-09-16,12,120,32.207678083333334,0.25561674715751576,31.55402,32.57531,120,14.543916666666666,1.1303783079339513,12.44,15.77,120,616.6166666666667,21.68226760030691,578,655
P2,2025-09-16,13,120,32.21291683333333,0.21532012441897938,31.59582,32.47707,120,13.5855,0.2364650381889761,12.86,14.19,120,706.7416666666667,40.54554360768361,600,790
P2,2025-09-16,14,120,32.13742558333333,0.25274105774203964,31.67961,32.57746,120,13.1555,0.27331715809213775,12.69,13.84,120,771.25,13.465330521395261,741,796
P2,2025-09-16,15,120,30.849840500000003,0.5765941220969227,30.30402,32.30891,120,12.235916666666666,0.6266336576472415,11.24,13.87,120,706.1833333333333,15.712748842595268,682,751
P2,2025-09-16,16,121,30.681664132231404,0.25306057981133545,30.31613,31.13625,121,12.607768595041321,0.26995520493625813,12.01,13.07,121,740.9421487603306,25.173166110186376,703,798
P2,2025-09-16,17,120,31.199929583333336,0.12108390390081004,30.86301,31.34523,120,12.571499999999999,0.17809283765365,12.36,13.0,120,708.2583333333333,8.163760701755015,692,741
P2,2025-09-16,18,120,31.343605416666666,0.01505682993050217,31.31848,31.38352,120,12.354666666666667,0.11354437427707188,12.22,12.65,120,701.7,6.567810476390306,685,712
P2,2025-09-16,19,120,31.31063933333333,0.046672362698794,31.20246,31.38801,120,12.388583333333335,0.07181086073769032,12.25,12.49,120,669.5166666666667,20.66214145813211,631,701
P2,2025-09-16,20,120,31.144174916666667,0.04183976746074584,31.07141,31.22883,120,12.346416666666666,0.07824542119750824,12.17,12.48,120,586.75,23.9986869388705,547,631
P2,2025-09-16,21,120,31.116512083333337,0.10298283782038098,30.99328,31.35441,120,12.652583333333332,0.26776540539235255,12.37,13.33,120,516.25,15.508875203702853,491,547
P2,2025-09-16,22,120,31.559783333333332,0.10597599177404317,31.35539,31.7216,120,14.252666666666666,0.492091631375162,13.33,15.06,120,470.31666666666666,12.008388757873524,452,491
P2,2025-09-16,23,120,31.82725275,0.05238558002823809,31.71477,31.92101,120,15.563916666666668,0.287443953859954,15.05,16.04,120,442.825,5.462880854173128,433,453
P2,2025-09-17,0,120,31.993092333333333,0.03907971750870732,31.91906,32.07414,120,16.371,0.18581367734662624,16.03,16.67,120,425.15833333333336,3.949249121979033,419,433
P2,2025-09-17,1,120,32.08859208333333,0.02516658448448533,32.04758,32.155,120,16.920916666666667,0.13749252589821662,16.68,17.16,120,416.7583333333333,1.359657849529478,414,420
P2,2025-09-17,2,120,32.162129416666666,0.016367782265649444,32.12766,32.19973,120,17.339,0.10831327114385395,17.16,17.52,120,413.575,0.9929372436100162,412,415
P2,2025-09-17,3,120,32.19747091666667,0.010721501603396159,32.17434,32.23195,120,17.660500000000003,0.07083950376815068,17.49,17.77,120,412.3833333333333,0.7354565646885184,411,414
P2,2025-09-17,4,120,32.20959308333333,0.01005271432017808,32.19211,32.23957,120,17.84325,0.047335074138502506,17.76,17.94,120,412.125,0.6292919857755582,411,413
P2,2025-09-17,5,120,32.212140833333336,0.0096795283918161,32.1927,32.23801,120,17.983333333333334,0.03844308973611982,17.91,18.06,120,411.46666666666664,0.7210325618042948,410,413
P2,2025-09-17,6,120,32.230815166666666,0.019772352184206716,32.20129,32.28547,120,18.168916666666668,0.07880190921772066,18.04,18.31,120,411.2083333333333,0.7767182993380755,410,413
P2,2025-09-17,7,120,32.35480175,0.05434050485909132,32.27453,32.46555,120,18.235083333333332,0.063298623099356,18.08,18.31,120,417.9583333333333,8.292343165961805,411,439
P2,2025-09-17,8,120,31.904778916666665,0.5529985648024806,30.64211,32.50266,120,16.15475,1.5387487891577547,13.39,18.29,120,451.875,12.326484774288094,438,482
P2,2025-09-17,9,120,30.605514333333335,0.35049035227550185,30.13547,31.19309,120,13.554333333333334,0.47470244255068317,12.89,14.49,120,493.3666666666667,39.59053730700952,443,559
P2,2025-09-17,10,120,30.52971,0.44931944035845045,29.81887,31.14953,120,13.406583333333334,0.6876503604356518,12.23,14.47,120,548.75,22.74604037939737,510,607
P2,2025-09-17,11,120,31.52746558333333,0.19531743516729008,31.11672,31.83547,120,14.0235,0.22826584089093757,13.62,14.57,120,634.35,24.193078390663928,585,670
P2,2025-09-17,12,120,31.566736583333334,0.29527803915272044,30.99406,32.00695,120,13.914666666666667,0.4910594503250109,13.13,14.97,120,630.8666666666667,31.129421715774708,577,695
P2,2025-09-17,13,120,31.360353416666666,0.49729017831094907,30.42121,31.78762,120,13.643333333333334,0.2952632590703811,13.03,14.24,120,690.1666666666666,24.136284388646747,630,727
P2,2025-09-17,14,120,30.567744333333334,0.34908136694393566,29.82609,30.9591,120,13.387416666666667,0.3968923310029578,12.83,14.31,120,654.7833333333333,72.49447192292486,520,740
P2,2025-09-17,15,120,29.956597833333333,0.3704712924774184,29.51672,30.84406,120,13.827583333333333,0.6085386764440615,12.95,15.03,120,679.6166666666667,13.108585507429902,659,721
P2,2025-09-17,16,120,29.918366416666668,0.19843013116106675,29.51359,30.21047,120,13.632083333333332,0.8318006142728909,12.5,15.25,120,724.525,31.34920220662084,679,769
P2,2025-09-17,17,120,30.636269000000002,0.2129175498503717,30.1884,30.96867,120,12.979333333333333,0.5425162869155434,12.37,14.18,120,782.45,9.227152113975938,760,795
P2,2025-09-17,18,120,30.60757475,0.02041494147018535,30.55734,30.64797,120,12.258583333333332,0.08363883776137265,12.1,12.44,120,759.55,22.400423915556498,722,795
P2,2025-09-17,19,120,30.632192,0.02846094034599533,30.58352,30.70305,120,12.416333333333334,0.1611457575677157,12.15,12.62,120,680.7916666666666,18.432204112893807,656,721
P2,2025-09-17,20,120,30.646023166666666,0.026600176627428432,30.59465,30.70676,120,12.582583333333334,0.04096515907088713,12.5,12.66,120,626.7166666666667,23.375697835566804,588,667
P2,2025-09-17,21,120,30.78016125,0.12449309378139652,30.61184,31.00246,120,13.000666666666666,0.38080572106899946,12.51,13.71,120,547.5583333333333,20.468789865143837,509,586
P2,2025-09-17,22,120,31.12299158333333,0.07227322104807536,30.9841,31.25266,120,14.402666666666667,0.3566575301848154,13.7,14.99,120,478.35,14.378234016922145,455,507
P2,2025-09-17,23,120,31.330571666666668,0.05197318916669106,31.23332,31.43234,120,15.449250000000001,0.26592525170768977,14.99,15.89,120,440.14166666666665,8.460780337626534,428,456
P2,2025-09-18,0,120,31.47092325,0.028835996737343144,31.41652,31.53918,120,16.13075,0.13146979395544658,15.87,16.35,120,421.0833333333333,3.7853839504944387,414,428
P2,2025-09-18,1,120,31.553427833333334,0.01958311557015994,31.5134,31.59309,120,16.496083333333335,0.08347792777597467,16.33,16.64,120,411.39166666666665,1.7742122566515819,410,415
P2,2025-09-18,2,120,31.60286425,0.022543212869760562,31.56828,31.66086,120,16.744416666666666,0.08384455237870382,16.63,16.91,120,410.0,0.0,410,410
P2,2025-09-18,3,120,31.6491045,0.015321982058525014,31.62023,31.69543,120,16.986666666666668,0.058443872856869694,16.87,17.11,120,410.0,0.0,410,410
P2,2025-09-18,4,120,31.680407166666665,0.009622422272595252,31.66184,31.71242,120,17.10983333333333,0.026975972294478276,17.06,17.17,120,410.0,0.0,410,410
P2,2025-09-18,5,120,31.700663583333334,0.014158895341937263,31.6716,31.73606,120,17.222916666666666,0.050947259487625664,17.12,17.31,120,410.0,0.0,410,410
P2,2025-09-18,6,120,31.729842416666667,0.01738737245823063,31.69699,31.77961,120,17.34283333333333,0.042489412093560656,17.26,17.44,120,410.0,0.0,410,410
P2,2025-09-18,7,120,30.865400166666667,0.8363940629830218,29.69035,31.82883,120,16.09075,1.2393886826668576,13.92,17.79,120,408.81666666666666,1.053073399832165,407,410
P2,2025-09-18,8,120,29.301284333333335,0.3604646892687763,28.86984,30.16301,120,13.844666666666665,0.47835139387526465,12.82,15.48,120,410.96666666666664,3.7325129150566565,409,424
P2,2025-09-18,9,120,30.223087916666667,0.2180238508535297,29.79543,30.61027,120,13.914916666666667,0.13575184870111498,13.73,14.51,120,486.76666666666665,26.382364026990768,426,526
P2,2025-09-18,10,120,30.226637416666666,0.30779121373030555,29.61535,30.62121,120,13.384333333333332,0.48898408376313246,12.57,14.56,120,655.625,51.855659804707194,529,753
P2,2025-09-18,11,120,29.8629145,0.40123488965155674,29.07941,30.35988,120,12.965499999999999,0.6478845342712686,11.62,14.09,120,740.6833333333333,47.75427005120326,675,844
P2,2025-09-18,12,120,29.484449666666666,0.5408553330969219,28.51867,30.2552,120,12.70175,0.5233451911268778,11.89,13.81,120,648.6416666666667,43.846331320968346,583,720
P2,2025-09-18,13,120,30.555984916666667,0.1535377769188092,30.02316,30.82726,120,12.772833333333333,0.3481552424266084,12.48,13.63,120,742.675,17.416384877030804,709,760
P2,2025-09-18,14,120,30.7147495,0.05188693643738406,30.62316,30.80344,120,12.616833333333334,0.13055784212392418,12.42,12.88,120,757.2333333333333,8.048939940990396,739,770
P2,2025-09-18,15,120,30.55664225,0.635361632181101,29.47199,31.42687,120,13.807166666666665,1.0000951075220983,11.77,15.08,120,732.3833333333333,23.628846966443092,681,783
P2,2025-09-18,16,120,29.27693383333333,0.7671980770114442,28.35266,31.19055,120,12.046249999999999,0.6670328913563849,11.36,13.85,120,869.6833333333333,53.356259953172064,781,990
P2,2025-09-18,17,120,29.552431333333335,0.48043064001696684,28.78215,30.13976,120,13.280916666666666,0.6350927886065589,11.93,14.42,120,885.0666666666667,147.93410600631603,673,1059
P2,2025-09-18,18,120,30.23405908333333,0.05913601375374061,30.13254,30.32941,120,13.087916666666667,0.07429099986582766,12.92,13.24,120,636.3833333333333,15.073034151869457,614,672
P2,2025-09-18,19,120,30.305621416666668,0.01756442409458862,30.26242,30.34875,120,12.763833333333334,0.09746521321535606,12.61,12.93,120,582.5833333333334,14.99220152087652,561,615
P2,2025-09-18,20,120,30.360882166666666,0.0660454375320157,30.27902,30.52375,120,12.599916666666667,0.11194608421158915,12.4,12.87,120,555.775,13.704236295283845,528,571
P2,2025-09-18,21,120,30.624640333333332,0.06624061286827458,30.49836,30.74035,120,13.292833333333334,0.2470130242996673,12.85,13.67,120,498.925,14.546455573365659,476,528
P2,2025-09-18,22,120,30.799257416666666,0.046143686449536946,30.71828,30.87922,120,13.953583333333334,0.1494909897699829,13.66,14.17,120,461.9583333333333,7.644843193354561,450,476
P2,2025-09-18,23,120,30.91761758333333,0.029562028051439655,30.85207,30.97238,120,14.342416666666667,0.09566218428094025,14.17,14.48,120,440.975,4.950956956984804,433,450
P2,2025-09-19,0,120,30.999944083333332,0.023379817321277415,30.94738,31.04856,120,14.56825,0.060539069959790755,14.47,14.69,120,429.975,2.93475980721601,425,436
P2,2025-09-19,1,120,31.048953333333333,0.017681160715789047,31.01594,31.09582,120,14.747083333333334,0.03918059529434451,14.67,14.84,120,424.2583333333333,1.0884869873217509,422,427
P2,2025-09-19,2,120,31.08899225,0.01548235050785209,31.05676,31.13957,120,14.864083333333333,0.05006711182277739,14.77,14.99,120,421.71666666666664,1.0783065881460598,420,424
P2,2025-09-19,3,120,31.127572999999998,0.011108896623952463,31.10871,31.16066,120,15.00575,0.03693424773109836,14.92,15.09,120,420.675,0.5821215905792421,420,422
P2,2025-09-19,4,120,31.162804416666667,0.01685994905122774,31.12551,31.20481,120,15.116833333333334,0.04770327285308887,15.03,15.22,120,419.53333333333336,0.6342246418727117,418,421
P2,2025-09-19,5,120,31.2106525,0.015521162958358826,31.18449,31.25617,120,15.248999999999999,0.03131300371539946,15.18,15.31,120,419.48333333333335,0.7445412928069937,418,421
P2,2025-09-19,6,120,31.297387833333335,0.038858840469850275,31.23449,31.38469,120,15.372250000000001,0.06987939790883287,15.28,15.54,120,418.925,0.9089887261136227,417,421
P2,2025-09-19,7,120,31.468720833333336,0.06506680723949668,31.3759,31.60402,120,15.660583333333333,0.09503909707056914,15.52,15.85,120,419.0833333333333,1.7324550673030439,416,424
P2,2025-09-19,8,120,31.39809875,0.10816203546953261,31.26965,31.62375,120,14.808083333333334,0.5128013290556452,14.11,15.87,120,452.5,20.05538549604461,424,490
P2,2025-09-19,9,120,30.91000125,0.46272458111966924,29.85422,31.31066,120,13.405166666666666,0.5709817335572359,12.3,14.12,120,519.575,17.699956084074117,491,549
P2,2025-09-19,10,120,29.617258666666665,0.38319660719347953,29.01476,30.25773,120,12.147083333333335,0.334338418180069,11.61,12.58,120,508.26666666666665,41.51373840297292,464,589
P2,2025-09-19,11,120,30.45849466666667,0.10462207930068419,30.24406,30.67258,120,12.478916666666667,0.09730654873013685,12.35,12.81,120,621.8916666666667,15.568118593028863,590,640
P2,2025-09-19,12,120,30.80192183333333,0.0877551153909693,30.66887,30.95539,120,12.524583333333334,0.12714641750593522,12.33,12.83,120,633.6666666666666,6.701728528231013,624,648
P2,2025-09-19,13,120,30.96912916666667,0.04630546321622623,30.93019,31.13449,120,12.120000000000001,0.193521110393847,11.84,12.7,120,680.8416666666667,13.553501723303446,650,699
P2,2025-09-19,14,120,31.192488333333333,0.019824797023701417,31.13527,31.23547,120,12.561333333333332,0.07572543652363563,12.45,12.72,120,703.6166666666667,4.195202008003455,693,709
P2,2025-09-19,15,120,31.160781333333333,0.05081260418858154,31.06652,31.23957,120,12.37125,0.20934697385485238,12.06,12.87,120,702.9083333333333,2.6788804676999796,698,708
P2,2025-09-19,16,120,31.12756358333333,0.06492935876711955,30.9925,31.23098,120,12.679833333333333,0.11553298727402272,12.41,12.84,120,702.3833333333333,7.102116305891563,687,711
P2,2025-09-19,17,120,30.866056083333334,0.05702320985951322,30.79074,31.00129,120,12.302083333333334,0.08721552395673432,12.16,12.57,120,665.625,9.725702324988443,654,687
P2,2025-09-19,18,120,30.817018166666667,0.07993333730939765,30.68723,30.96574,120,12.887416666666667,0.24506386008183195,12.45,13.31,120,634.9916666666667,13.04452351899209,619,656
P2,2025-09-19,19,120,31.0460955,0.0620068966732097,30.91789,31.14289,120,13.685083333333333,0.1612086483142763,13.33,13.91,120,599.15,15.412888855018243,572,621
P2,2025-09-19,20,120,31.150008500000002,0.01734017803258544,31.12102,31.1927,120,13.93825,0.013821339000425844,13.89,13.97,120,539.1583333333333,18.887546843629668,507,572
P2,2025-09-19,21,120,31.260476750000002,0.06592819222218244,31.1632,31.37277,120,14.095583333333334,0.2079988519414564,13.84,14.51,120,494.35,9.388577003532575,476,507
P2,2025-09-19,22,120,31.42355175,0.04060065511875483,31.35207,31.4966,120,14.86125,0.2145409894040166,14.52,15.2,120,465.7416666666667,5.657590771108726,457,476
P2,2025-09-19,23,120,31.539106166666667,0.03412721086342852,31.47199,31.6091,120,15.498416666666666,0.15170180742282152,15.22,15.76,120,449.7416666666667,4.493685267451752,442,457
P2,2025-09-20,0,120,31.629022000000003,0.02716505851953544,31.57941,31.68781,120,15.941166666666668,0.11064504024117924,15.75,16.12,120,437.025,3.027777563624812,432,443
P2,2025-09-20,1,120,31.70984866666667,0.022419274942858988,31.65441,31.76125,120,16.261666666666667,0.06461694932489921,16.13,16.39,120,429.03333333333336,1.9356597612918935,426,433
P2,2025-09-20,2,120,31.770772916666665,0.022192662705857777,31.72648,31.8216,120,16.428083333333333,0.043333683471974145,16.34,16.51,120,424.2,1.3510033619623216,422,427
P2,2025-09-20,3,120,31.834355249999998,0.014607398434100367,31.80149,31.87316,120,16.4985,0.014987389657289104,16.46,16.54,120,421.21666666666664,0.6633671852065947,420,423
P2,2025-09-20,4,120,31.84239266666667,0.010160975663910552,31.82531,31.87512,120,16.3905,0.054785295211663934,16.29,16.47,120,422.775,1.1336154699074827,421,425
P2,2025-09-20,5,120,31.834716583333332,0.012829047889103022,31.80031,31.86965,120,16.239916666666666,0.044655466006501235,16.15,16.3,120,426.7,1.387822186077176,424,429
P2,2025-09-20,6,120,31.81706375,0.011844212078856468,31.79367,31.84973,120,16.078583333333334,0.05511326508922418,15.96,16.2,120,429.3333333333333,0.7021375925554496,427,430
P2,2025-09-20,7,120,31.8283085,0.014593662585072609,31.79816,31.86594,120,16.004,0.021396614826892955,15.95,16.05,120,431.1,1.3118720987053851,428,434
P2,2025-09-20,8,120,31.75406925,0.13617506931444337,31.38391,31.92101,120,15.56,0.5358618284218991,14.21,16.14,120,454.90833333333336,15.649520535696992,434,477
P2,2025-09-20,9,120,31.1947425,0.07699040596401661,31.10168,31.38039,120,13.499166666666667,0.25799023932202125,13.22,14.18,120,482.25,14.754717234575118,467,511
P2,2025-09-20,10,63,31.159637301587303,0.04451581358046063,31.09758,31.25168,63,14.00063492063492,0.4734937851411901,13.4,15.07,63,529.1428571428571,12.171962948828378,509,548
P2,2025-09-23,8,21,29.573359523809525,0.6654844706112713,28.38781,30.44563,21,14.986190476190476,0.05305432974566682,14.84,15.07,21,414.2857142857143,20.07023382310943,409,500
P2,2025-09-23,9,15,30.671862666666666,0.07400575551619955,30.5341,30.7718,15,14.709333333333332,0.1238355284045666,14.54,14.88,15,409.0,0.0,409,409
P3,2025-07-17,23,55,24.94542236363636,0.9088652559830793,22.76398,27.12043,55,13.223818181818181,1.1704264669248192,11.57,15.9,55,524.6909090909091,12.268406771614897,500,558
P3,2025-07-18,0,120,26.272526333333335,0.3515658287568155,24.64328,26.87707,120,12.823,0.18013813560476147,12.39,13.35,120,500.59166666666664,7.749758286643557,481,527
P3,2025-07-18,1,120,26.053142833333332,0.18498132894736197,25.85832,26.56398,120,12.43825,0.14469128248409063,12.23,12.84,120,511.4916666666667,8.630603972490698,487,532
P3,2025-07-18,2,120,25.874250833333335,0.19332857586595575,25.65949,26.44406,120,12.208416666666666,0.1433453597325799,12.02,12.63,120,522.7083333333334,8.15129605958339,504,540
P3,2025-07-18,3,120,25.972545500000003,0.2034107407360938,25.71184,26.56008,120,12.484833333333334,0.2198738497500813,12.11,13.02,120,533.475,9.003232379390823,514,558
P3,2025-07-18,4,120,26.066364,0.18620082370991822,25.90285,26.54777,120,12.74175,0.14323197673586663,12.59,13.1,120,545.375,7.880475287462187,529,561
P3,2025-07-18,5,120,25.927225083333333,0.20826439481556103,25.71398,26.50461,120,12.391666666666667,0.26682803240954994,11.95,13.03,120,547.8833333333333,7.764585984983836,531,567
P3,2025-07-18,6,98,28.369869591836736,2.3549797040178304,25.69055,31.47336,98,12.088061224489797,0.16193837547052137,11.75,12.52,98,509.11224489795916,34.62788419728596,452,556
P3,2025-07-18,7,87,31.163481494252874,0.21489819267546992,30.80305,31.72883,87,11.680344827586206,0.21616879857821597,11.29,12.25,87,585.183908045977,35.316024670156246,522,654
P3,2025-07-18,9,10,31.125076999999997,0.17299362788842967,31.0007,31.60656,10,11.36,0.10862780491200216,11.25,11.61,10,655.3,3.128720008068629,652,661
P3,2025-07-18,10,120,31.360078333333334,0.30813212307844434,30.9466,32.24406,120,11.358166666666667,0.17621121461718275,11.11,12.0,120,668.1416666666667,6.007412554689497,657,681
P3,2025-07-18,11,120,32.382349,0.4108531803033545,31.72688,33.2968,120,11.745916666666666,0.15871593902226644,11.45,12.16,120,683.6166666666667,6.08094327785254,674,700
P3,2025-07-18,12,120,33.125867666666664,0.277572041840164,32.7841,33.9882,120,11.994916666666667,0.1426224718190902,11.74,12.37,120,726.5166666666667,17.243185638981767,697,752
P3,2025-07-18,13,120,30.661204083333335,1.150838210221885,28.99328,33.69719,120,11.206666666666667,0.6780252261405294,10.11,12.83,120,877.7833333333333,65.82101824324087,750,966
P3,2025-07-18,14,8,30.589032500000002,0.27172756575816415,30.25344,31.09387,8,13.06375,0.20791052333704876,12.8,13.44,8,960.125,1.1259916264596088,959,962
P3,2025-07-18,16,33,29.919949696969695,0.9311635003501143,26.53195,31.05363,33,12.210909090909091,0.21810782362692252,11.49,12.64,33,837.7878787878788,7.175294313465345,821,859
P3,2025-07-18,17,120,30.254268833333334,0.29576826223387276,29.86359,31.11867,120,11.630833333333333,0.20407439462954866,11.31,12.27,120,835.0083333333333,4.486198880138578,824,848
P3,2025-07-18,18,120,29.941624583333333,0.3400511045772333,29.25754,30.76301,120,11.719583333333333,0.26940143996337873,11.28,12.41,120,822.225,16.55368780157255,783,842
P3,2025-07-18,19,120,29.552837166666666,0.18999251932280814,29.35676,30.07922,120,11.33625,0.1772671273919157,11.05,11.94,120,758.5416666666666,16.325932268197324,732,787
P3,2025-07-18,20,118,29.56591288135593,0.23369401246074537,28.16477,30.27375,118,11.246016949152542,0.15629874873321953,10.72,11.67,118,695.2372881355932,29.946013522942682,500,736
P3,2025-07-18,21,120,31.02956375,0.40243037563916323,29.80187,31.84836,120,11.8795,0.46739192342619035,11.08,12.82,120,607.8666666666667,16.29658588430709,585,653
P3,2025-07-18,22,120,31.414766916666668,0.18767663276777863,31.22199,31.93781,120,13.011333333333333,0.25609522038640475,12.44,13.58,120,565.6083333333333,10.754163417594249,546,585
P3,2025-07-18,23,120,31.487922916666665,0.18502882419736205,31.28801,31.9884,120,13.410083333333334,0.15103839922091228,13.14,13.79,120,537.6833333333333,6.470337402828732,516,558
P3,2025-07-19,0,120,31.538901083333332,0.1941781126784227,31.30617,32.10656,120,13.647333333333334,0.16389037806536882,13.37,14.09,120,516.4666666666667,6.565677668702589,500,532
P3,2025-07-19,1,120,31.52987425,0.1987384052351193,31.26203,32.10598,120,13.892833333333334,0.15020536828310893,13.67,14.27,120,499.40833333333336,3.5301720703016595,487,510
P3,2025-07-19,2,120,31.557957166666665,0.19308891520949245,31.32355,32.11867,120,14.036833333333334,0.14882725496604568,13.83,14.4,120,487.31666666666666,3.860995067746809,478,499
P3,2025-07-19,3,120,31.465322583333332,0.19141798572667326,31.21223,31.99504,120,14.109666666666667,0.14650513131423276,13.92,14.44,120,481.45,2.592328695830624,472,491
P3,2025-07-19,4,120,31.479482166666667,0.19879071488124647,31.24465,32.05774,120,14.092583333333332,0.14616955639149484,13.9,14.42,120,477.7416666666667,2.708517015964747,469,487
P3,2025-07-19,5,120,31.50929358333333,0.2008798324171087,31.20519,32.08723,120,14.084083333333332,0.1439391551738334,13.91,14.4,120,472.7083333333333,3.4038925649670118,462,481
P3,2025-07-19,6,120,31.615136416666665,0.1931283200831627,31.33957,32.13039,120,14.1115,0.14605541713318826,13.92,14.47,120,468.7916666666667,3.2329600697077785,455,477
P3,2025-07-19,7,120,31.60074475,0.1869162402805321,31.37277,32.14953,120,14.201666666666666,0.14464290037001792,14.02,14.52,120,468.7916666666667,2.4110942225761285,460,476
P3,2025-07-19,8,120,31.586985000000002,0.18725744953598744,31.37121,32.10695,120,14.23575,0.14713888996854804,14.05,14.59,120,466.8666666666667,3.1003749660278217,452,476
P3,2025-07-19,9,120,31.833611583333333,0.2010010073848923,31.53215,32.4632,120,14.266,0.14680576546276802,14.08,14.63,120,461.65833333333336,4.633629053698934,446,480
P3,2025-07-19,10,120,32.061676,0.2018811137894647,31.80324,32.67531,120,14.348166666666666,0.14750008308405746,14.14,14.68,120,453.78333333333336,3.972982989837081,442,462
P3,2025-07-19,11,120,32.22662925,0.1983462702013693,31.99855,32.80695,120,14.299166666666668,0.1464170590541716,14.11,14.63,120,448.725,3.2795841609734193,442,457
P3,2025-07-19,12,120,32.5675265,0.2304787327641132,32.24914,33.30188,120,14.360166666666666,0.1455270533244581,14.17,14.71,120,440.125,4.934124870257545,424,452
P3,2025-07-19,13,120,33.142737583333336,0.21582987008716534,32.80051,33.72063,120,14.386833333333334,0.15159090975902384,14.14,14.74,120,432.59166666666664,3.5230235136699024,421,447
P3,2025-07-19,14,120,33.484669583333336,0.2193958362343501,33.09172,34.08195,120,14.2725,0.1467877333276257,14.07,14.6,120,432.65,3.5471612510818438,420,442
P3,2025-07-19,15,120,33.29581366666667,0.2190321747015964,32.93195,33.89387,120,14.150916666666665,0.1430989305395698,13.96,14.46,120,442.825,3.9014380025055515,433,452
P3,2025-07-19,16,120,32.9443315,0.19601633107940883,32.76242,33.53976,120,14.267166666666666,0.16001671831423114,14.02,14.66,120,449.125,3.050175638970886,442,458
P3,2025-07-19,17,120,32.760578083333336,0.19289448722163327,32.5134,33.30305,120,14.488083333333332,0.16176700660446952,14.23,14.89,120,452.675,2.7229571789360363,444,462
P3,2025-07-19,18,120,32.6133885,0.19316594925263572,32.44582,33.13723,120,14.696916666666668,0.15389506319629234,14.46,15.09,120,455.19166666666666,2.922804665872507,443,466
P3,2025-07-19,19,120,32.53542041666667,0.18901370477809945,32.31789,33.08586,120,14.869083333333332,0.1580553877672018,14.62,15.23,120,456.89166666666665,3.8995708303689782,442,467
P3,2025-07-19,20,121,32.48305314049587,0.1837286574817731,32.2675,33.01887,121,14.994380165289256,0.15075306830478027,14.77,15.33,121,443.68595041322317,16.11264154727129,423,473
P3,2025-07-19,21,120,32.467882833333334,0.1927410515560437,32.21984,33.0632,120,15.110833333333334,0.15236832493197885,14.85,15.45,120,428.89166666666665,3.573468605031881,414,436
P3,2025-07-19,22,119,32.427561596638654,0.19502110330389846,32.15207,32.97277,119,15.114621848739496,0.1539083477872047,14.91,15.47,119,430.83193277310926,3.5351008130114443,414,442
P3,2025-07-19,23,121,32.43316570247934,0.20139730591059163,32.16223,32.9757,121,15.120330578512396,0.15297022523080278,14.93,15.45,121,429.97520661157023,3.4867912897996516,419,445
P3,2025-07-20,0,120,32.38315125,0.19838013602004292,32.16985,32.955,120,15.124833333333333,0.1530309098965091,14.94,15.46,120,431.06666666666666,2.9383964452517146,423,447
P3,2025-07-20,1,120,32.3652645,0.18786006336672775,32.15266,32.87961,120,15.120416666666667,0.15046368574606703,14.93,15.45,120,430.525,3.3805238020860835,417,443
P3,2025-07-20,2,120,32.3949595,0.20066796475037618,32.15129,32.97726,120,15.1025,0.1578918361815238,14.9,15.42,120,429.7583333333333,2.7774476928061995,422,437
P3,2025-07-20,3,120,32.32531408333333,0.19958711728813475,32.08703,32.88781,120,15.10475,0.152237996449721,14.92,15.44,120,431.0,3.1992646213852174,417,441
P3,2025-07-20,4,120,32.313110916666666,0.1951278025880745,32.03899,32.87863,120,15.111583333333334,0.14996355766469066,14.93,15.44,120,430.675,3.165365352550326,416,446
P3,2025-07-20,5,120,32.35162858333334,0.20271528564079858,32.04348,32.99602,120,15.077666666666666,0.15430915892004127,14.85,15.43,120,431.09166666666664,4.070793355528798,412,447
P3,2025-07-20,6,120,32.36853741666667,0.1922058798866936,32.09933,32.94231,120,15.049833333333334,0.15110229899609312,14.86,15.38,120,432.9916666666667,2.974671320967593,421,442
P3,2025-07-20,7,119,32.37530579831933,0.20318542902221715,32.07453,32.98078,119,15.056722689075631,0.15519866570552507,14.86,15.43,119,434.8067226890756,3.0539702165318894,421,450
P3,2025-07-20,8,121,32.429632561983475,0.18416881900640739,32.23645,32.96516,121,15.088677685950413,0.15107361422366408,14.88,15.44,121,434.58677685950414,2.7588325474362203,425,446
P3,2025-07-20,9,120,32.507816416666664,0.1999950355005492,32.27805,33.0468,120,15.067083333333333,0.15546836708882644,14.85,15.42,120,435.7,3.441223155612371,424,454
P3,2025-07-20,10,120,32.67514383333334,0.18990182276920192,32.45051,33.23449,120,15.038083333333333,0.15216253932998836,14.85,15.4,120,433.725,2.9533131942835453,418,443
P3,2025-07-20,11,120,32.90820633333333,0.20923600977069462,32.62219,33.5382,120,15.08525,0.1599472733500038,14.85,15.48,120,429.4916666666667,3.707806512165006,417,437
P3,2025-07-20,12,120,33.13062358333333,0.1876231558642577,32.91183,33.76262,120,15.193666666666667,0.15483758546021203,14.97,15.58,120,424.075,3.791105246705334,409,434
P3,2025-07-20,13,120,33.46486041666667,0.20723737355337957,33.1759,34.0802,120,15.278666666666668,0.1543483636678629,15.05,15.63,120,416.55,3.8169238351092862,406,427
P3,2025-07-20,14,120,33.691043416666666,0.18989815527620216,33.48879,34.24797,120,15.242083333333333,0.14982284122756906,15.05,15.56,120,412.9583333333333,3.7019091902234926,404,425
P3,2025-07-20,15,120,33.824188166666666,0.2005142994166762,33.54328,34.4091,120,15.21125,0.15483014548071639,14.99,15.56,120,412.0416666666667,3.5084431974121713,400,423
P3,2025-07-20,16,120,33.932908833333336,0.2075054523255865,33.56496,34.53859,120,15.156749999999999,0.1535472034830947,14.93,15.5,120,411.175,4.771523548594299,400,430
P3,2025-07-20,17,120,33.64855133333334,0.2112632548829872,33.32785,34.31047,120,15.128833333333334,0.1535144770953918,14.9,15.49,120,419.05,3.7233083689219044,408,427
P3,2025-07-20,18,123,33.37413504065041,0.19260121306996436,33.13567,33.97356,123,15.293252032520325,0.1602073243600994,15.03,15.68,123,425.0081300813008,2.993150472901737,414,431
P3,2025-07-20,19,124,33.39649483870968,0.21781072780915556,32.80207,33.83586,124,15.668064516129032,0.31752517964134325,15.22,16.04,124,428.9032258064516,3.2244476550727654,420,437
P3,2025-07-20,20,67,33.31240388059701,0.21730198122731986,32.85578,33.66125,67,15.706567164179104,0.3082578232131964,15.24,16.09,67,436.32835820895525,14.951829785358967,424,473
P3,2025-07-20,21,17,33.403967058823525,0.07851053733135469,33.26477,33.52356,17,16.03470588235294,0.015857824196127666,16.01,16.06,17,465.7647058823529,1.7149858514251,462,469
P3,2025-07-20,22,15,33.386356,0.07702169711006104,33.23801,33.53762,15,16.048666666666666,0.02416215064537052,16.02,16.11,15,467.93333333333334,2.1201976547572343,464,470
P3,2025-07-20,23,13,33.35101923076923,0.07652965541338695,33.23078,33.44817,13,16.10076923076923,0.018912755158682612,16.07,16.13,13,471.6923076923077,4.441933051135422,468,485
P3,2025-07-21,0,11,33.32707272727273,0.046658171865366325,33.25012,33.37766,11,16.08727272727273,0.027961011816780148,16.05,16.13,11,471.27272727272725,2.2843339988236933,469,476
P3,2025-07-21,1,17,33.297014705882354,0.06408987918517912,33.22414,33.43742,17,16.08235294117647,0.01888432278528445,16.05,16.11,17,472.05882352941177,2.726503902328359,469,477
P3,2025-07-21,2,9,33.32676555555556,0.07274407262985992,33.24191,33.41359,9,16.102222222222224,0.017159383568312838,16.06,16.12,9,471.3333333333333,4.387482193696059,461,475
P3,2025-07-21,3,8,33.29958,0.0652300515757219,33.21555,33.40617,8,16.1325,0.028660575211055327,16.1,16.18,8,472.125,2.2320714274285387,470,476
P3,2025-07-21,4,3,33.28684,0.09118286406995732,33.20598,33.38567,3,16.14,0.034641016151377324,16.12,16.18,3,473.6666666666667,3.7859388972001873,471,478
P3,2025-07-21,5,5,33.303712000000004,0.03597373027641249,33.25734,33.3425,5,16.131999999999998,0.01303840481040452,16.12,16.15,5,473.0,2.000000000000001,471,476
P3,2025-07-21,6,2,33.38586,0.1077206470459553,33.30969,33.46203,2,16.119999999999997,0.014142135623731905,16.11,16.13,2,471.0,2.8284271247461903,469,473
P3,2025-07-21,7,3,33.22843666666667,0.03446758235405429,33.19777,33.26574,3,16.10666666666667,0.011547005383791756,16.1,16.12,3,473.6666666666667,1.1547005383792557,473,475
P3,2025-07-21,8,59,31.692526440677966,0.4582262755969569,31.31242,33.33644,59,13.793728813559323,0.6513140518639715,13.2,16.12,59,526.4915254237288,20.37017163552015,466,562
P3,2025-07-21,9,120,30.912594916666666,0.3115437551771913,30.37297,31.73918,120,11.998083333333334,0.6850066500730152,10.91,13.45,120,612.2583333333333,32.60367969987425,556,658
P3,2025-07-21,10,120,31.76744775,0.30735402084871005,30.51711,32.37219,120,11.705416666666668,0.219529274223045,11.11,12.11,120,725.3666666666667,28.880784613440678,661,763
P3,2025-07-21,11,120,30.685988000000002,0.5564865810723605,30.11984,32.44484,120,10.848083333333333,0.34575042204130046,10.41,11.99,120,739.7916666666666,11.259278775455336,722,766
P3,2025-07-21,12,120,30.155345333333333,0.20455459412596663,29.90832,30.7757,120,10.558666666666666,0.1481762142727052,10.28,10.97,120,771.35,8.237697728464227,752,787
P3,2025-07-21,13,120,29.080943833333333,1.0569500133829508,28.00207,31.7177,120,10.07325,0.3929380016099804,9.46,10.97,120,828.9166666666666,34.108719734178905,768,900
P3,2025-07-21,14,118,30.342743050847456,0.8983642867913132,28.81867,31.97219,118,11.374661016949153,0.7576094682160351,9.86,12.41,118,903.5847457627119,12.227422082741276,877,927
P3,2025-07-21,15,120,30.88687675,0.7510377642847169,29.48684,32.2552,120,11.463249999999999,0.8381463766786188,9.74,12.54,120,879.6833333333333,15.86814542458188,849,908
P3,2025-07-21,16,120,29.586371916666668,0.24931448083045293,29.1925,30.36633,120,10.52875,0.4514878531174511,9.51,11.56,120,857.225,4.976351638525207,843,878
P3,2025-07-21,17,120,29.868997333333333,0.367893605022374,29.24523,30.94191,120,10.707249999999998,0.21072488935006534,10.33,11.29,120,839.85,12.655519936926783,813,862
P3,2025-07-21,18,120,29.206820583333336,0.18629055327856325,28.96281,29.7718,120,10.4815,0.20501957274875765,10.16,11.05,120,802.525,20.77488889027713,758,829
P3,2025-07-21,19,120,29.502706250000003,0.2809977354676005,29.00617,30.23371,120,11.279833333333332,0.28262866731001135,10.71,11.9,120,736.85,16.073701053155776,704,762
P3,2025-07-21,20,115,30.025896782608694,0.8012305176256351,28.14738,31.89543,115,11.089217391304349,0.1728357288542326,10.77,11.59,115,651.6347826086957,27.952130268999845,605,706
P3,2025-07-21,21,120,31.877334083333334,0.2571552963767523,31.30812,32.57727,120,12.367916666666668,0.4071707998175836,11.47,13.15,120,585.6833333333333,10.162530728727093,567,611
P3,2025-07-21,22,120,32.093629916666664,0.20599594681292663,31.75539,32.73645,120,13.217083333333333,0.2404840910314355,12.74,13.8,120,550.9833333333333,11.352253937777549,531,571
P3,2025-07-21,23,120,32.244972583333336,0.20628976518722575,31.98098,32.88117,120,13.7375,0.1680648634287604,13.4,14.15,120,522.95,7.954545236276326,505,540
P3,2025-07-22,0,120,32.36335283333333,0.2000406907563863,32.07863,32.96496,120,14.033166666666666,0.1689213597219372,13.74,14.48,120,503.89166666666665,5.666940593148483,492,515
P3,2025-07-22,1,120,32.423620416666665,0.2132087585876312,32.11613,33.09465,120,14.283916666666666,0.14401386390621862,14.06,14.62,120,491.7083333333333,2.437093713895289,485,499
P3,2025-07-22,2,120,32.3626305,0.1984603577622212,32.07121,32.92297,120,14.369666666666665,0.14269867961991153,14.19,14.7,120,485.45,2.448975090031935,480,493
P3,2025-07-22,3,120,32.32772,0.18901685435498095,32.04738,32.85793,120,14.444416666666665,0.14778360192253764,14.24,14.81,120,481.71666666666664,2.5509376537196835,476,487
P3,2025-07-22,4,120,32.352505,0.20234392181995112,32.1009,32.93,120,14.555666666666667,0.14813537604452992,14.33,14.89,120,479.15833333333336,2.0456793300927574,474,485
P3,2025-07-22,5,120,32.30797416666667,0.18670274902480097,32.0423,32.88176,120,14.613166666666666,0.14586734697376716,14.43,14.95,120,478.21666666666664,2.200776537258337,472,485
P3,2025-07-22,6,120,32.413040583333334,0.19155726456832764,32.12922,32.95148,120,14.661583333333335,0.1465456353812686,14.48,15.02,120,476.4,2.5185029566901616,470,483
P3,2025-07-22,7,120,32.19089683333333,0.5158257590317065,30.82766,32.99621,120,14.6815,0.29167338127525,13.66,15.2,120,472.80833333333334,8.516218667469516,448,485
P3,2025-07-22,8,120,29.990261916666668,0.3885589546029993,29.4632,31.16184,120,11.95225,0.7443484122529777,11.04,13.9,120,484.575,29.90142418125313,449,546
P3,2025-07-22,9,120,29.272776500000003,0.6796982061336189,27.96691,30.84348,120,10.76825,0.33695538068330116,9.93,11.45,120,622.025,52.747450055855445,547,735
P3,2025-07-22,10,120,29.890610166666665,1.4042755130444047,27.78156,32.22649,120,11.953333333333335,0.7026065914926808,10.5,12.85,120,818.2833333333333,39.957158430047585,739,886
P3,2025-07-22,11,120,29.352081666666667,0.7963244120082145,28.16418,31.28391,120,11.189166666666667,0.4418516868421642,10.38,12.16,120,808.45,10.18307212893991,791,832
P3,2025-07-22,12,120,29.652683916666668,0.33866659358516776,29.17766,30.64914,120,10.83175,0.1752389125468082,10.53,11.3,120,849.65,19.58933426144752,811,875
P3,2025-07-22,13,120,30.348395083333333,0.8400746070029083,28.75051,31.8509,120,11.21125,0.5459269543590966,10.04,12.07,120,904.3333333333334,23.012358146243486,850,928
P3,2025-07-22,14,120,30.7434685,0.8589002020383963,29.28742,32.25227,120,11.053916666666668,0.7341562307495983,9.71,12.06,120,931.2916666666666,8.830234380563542,898,948
P3,2025-07-22,15,120,30.146388166666668,0.9389733397142284,28.5259,32.04406,120,10.941583333333334,0.9244994065228295,9.48,12.36,120,951.8083333333333,24.08503696493407,898,992
P3,2025-07-22,16,120,30.296062749999997,0.6434305935015177,29.08332,31.4968,120,11.514083333333334,0.5939491756449373,10.57,12.41,120,952.3083333333333,52.168730103005316,858,1009
P3,2025-07-22,17,120,29.104892500000002,0.18722549545037595,28.8632,29.60969,120,10.63475,0.12646428067132015,10.46,11.0,120,837.7583333333333,11.609902925450173,819,863
P3,2025-07-22,18,120,29.35741225,0.3066885690056925,28.96027,30.3134,120,11.276,0.414380980063827,10.64,12.14,120,800.025,18.645955021276475,752,828
P3,2025-07-22,19,120,29.319362,0.43339922127217595,28.66809,30.30871,120,11.268416666666667,0.18586611171645584,10.95,11.82,120,710.075,18.942266331712243,677,754
P3,2025-07-22,20,118,30.01861033898305,0.2918699917286468,28.68801,30.79953,118,11.466779661016949,0.2187293584143733,10.76,12.02,118,660.8474576271186,23.62261234482591,500,686
P3,2025-07-22,21,120,31.152791583333332,0.5162253834202516,29.91516,32.1091,120,12.146833333333332,0.40666295860916696,11.47,12.99,120,593.8416666666667,18.15664604265344,567,635
P3,2025-07-22,22,120,31.593307166666666,0.1964079717750242,31.25852,32.12785,120,13.090916666666667,0.22344512545508094,12.61,13.64,120,556.6333333333333,9.50800930249648,534,575
P3,2025-07-22,23,120,31.6960465,0.2153176029354456,31.35246,32.32277,120,13.596499999999999,0.18808030646687238,13.23,14.09,120,531.0333333333333,8.353465876919959,512,548
P3,2025-07-23,0,120,31.719791666666666,0.19151128417653857,31.46203,32.27043,120,13.956333333333333,0.17766427282246522,13.64,14.42,120,512.875,6.289330033390393,495,526
P3,2025-07-23,1,120,31.704969416666664,0.18529565728559486,31.42473,32.30266,120,14.170333333333334,0.14168810185503544,13.95,14.52,120,500.90833333333336,3.6530080464071233,494,510
P3,2025-07-23,2,120,31.782696833333333,0.20126720655702024,31.49269,32.33703,120,14.327333333333334,0.14873547289183733,14.13,14.69,120,490.9916666666667,3.672509350562907,480,502
P3,2025-07-23,3,120,31.728320166666666,0.1947900263610016,31.46066,32.32238,120,14.434416666666667,0.14461653631943605,14.23,14.8,120,487.23333333333335,3.7275565550570415,475,498
P3,2025-07-23,4,120,31.756917333333334,0.20650031725506476,31.51203,32.33723,120,14.596666666666666,0.16048421128830334,14.35,14.97,120,486.3333333333333,3.0851591989576734,478,497
P3,2025-07-23,5,120,31.771554833333333,0.20250750067645382,31.50949,32.3509,120,14.710083333333333,0.15368578570671818,14.51,15.06,120,484.425,3.3422744231028694,478,498
P3,2025-07-23,6,120,31.803663583333332,0.1998420967621988,31.45656,32.4173,120,14.719083333333334,0.1451397230798183,14.53,15.07,120,481.5833333333333,3.965361223880407,471,500
P3,2025-07-23,7,120,31.165735833333333,0.8184841023754355,29.70774,32.42805,120,14.176166666666667,0.778848733798838,12.51,15.07,120,464.925,17.55000658382892,434,489
P3,2025-07-23,8,120,29.277725916666668,0.27167365042507735,28.87355,30.21125,120,11.544916666666667,0.497045042737377,10.99,12.83,120,472.1333333333333,25.640675843336908,430,529
P3,2025-07-23,9,116,29.476207844827588,0.5977415793290561,28.01965,30.78234,116,11.339741379310345,0.8063858836830552,9.97,12.57,116,644.9137931034483,66.78122216748434,529,734
P3,2025-07-23,10,120,32.00591525,0.8235143807788249,30.01301,33.56496,120,12.865666666666668,0.7348603403967005,11.34,14.05,120,1403.8333333333333,280.7796568241272,747,1719
P3,2025-07-23,11,120,30.3763735,0.8497067021637197,29.38762,32.55852,120,11.25925,0.39964093653085625,10.5,12.62,120,1630.9666666666667,374.71849228371883,880,1964
P3,2025-07-23,12,117,29.558948034188035,0.2901165115896817,29.13059,30.53645,117,10.972564102564101,0.2647059326294567,10.55,11.61,117,805.2222222222222,22.961403564238925,783,876
P3,2025-07-23,13,93,32.03242827956989,0.8356434106756928,29.31945,33.10832,93,11.28,0.27329312182120913,10.7,11.93,93,889.0752688172043,33.524889053779965,793,922
P3,2025-07-23,14,120,31.534479333333334,0.9852893777423807,30.42727,33.41476,120,11.485666666666667,0.23452699879814737,11.18,12.09,120,844.4083333333333,47.01358570558473,783,925
P3,2025-07-23,15,120,30.540558833333332,0.18447532842802475,30.34582,31.05266,120,11.089916666666666,0.1542751870306213,10.81,11.54,120,808.2416666666667,4.3327865416711004,791,818
P3,2025-07-23,16,120,30.53274383333333,0.24394670357170442,30.0675,31.38332,120,10.96675,0.12084549827685553,10.8,11.28,120,817.1166666666667,8.998770535381901,802,835
P3,2025-07-23,17,120,29.906681166666665,0.3185422698813268,29.36281,30.77082,120,10.830333333333334,0.3333807809368141,10.21,11.55,120,808.7833333333333,14.23581902868142,783,831
P3,2025-07-23,18,120,29.465903500000003,0.2065555803470845,29.21066,30.08469,120,10.516583333333333,0.1645390599246762,10.22,10.97,120,764.4916666666667,14.84541965031105,739,790
P3,2025-07-23,19,120,29.428894749999998,0.2213790669507162,29.12141,30.07043,120,10.497333333333334,0.15275472366588522,10.24,11.0,120,708.725,17.006159289548773,680,739
P3,2025-07-23,20,117,29.563870940170943,0.2362101686108025,28.20676,30.24719,117,10.928461538461539,0.254973343382291,10.02,11.39,117,661.9487179487179,14.739605427885717,629,683
P3,2025-07-23,21,120,30.614858166666668,0.6317428754676755,29.45207,31.62004,120,11.509583333333333,0.40139964333500366,10.9,12.38,120,600.825,18.800439159898378,579,637
P3,2025-07-23,22,120,31.31467075,0.20907789207588362,30.94797,31.90324,120,12.473666666666666,0.22009139939951206,12.01,13.04,120,562.1083333333333,8.943140494522112,542,582
P3,2025-07-23,23,120,31.480662083333335,0.19555942684185784,31.18156,32.03137,120,13.021333333333333,0.17604875820666027,12.68,13.49,120,535.3833333333333,8.00439305152154,516,554
P3,2025-07-24,0,120,31.434637000000002,0.20964528342300612,31.13957,32.06164,120,13.33775,0.15227938995491883,13.05,13.71,120,518.25,4.760216787662713,504,530
P3,2025-07-24,1,120,31.52563975,0.18665148398747583,31.31027,32.09426,120,13.526,0.14187460435660995,13.32,13.88,120,505.2583333333333,4.783542924775016,485,520
P3,2025-07-24,2,120,31.522843416666667,0.20431987860320774,31.22805,32.19445,120,13.6555,0.1446459020324815,13.46,13.99,120,497.1333333333333,4.422884213033873,483,505
P3,2025-07-24,3,120,31.590712666666665,0.2052013965861267,31.26691,32.2173,120,13.8015,0.1468186442033647,13.56,14.16,120,491.2,5.3019736296730136,479,508
P3,2025-07-24,4,120,31.482424833333333,0.19215908357830136,31.23703,32.08723,120,13.911249999999999,0.14309051316555954,13.72,14.24,120,489.06666666666666,3.3973131581704177,472,500
P3,2025-07-24,5,120,31.491959416666667,0.19450431478351551,31.25246,32.0593,120,13.975666666666665,0.14265038258855453,13.79,14.32,120,488.3666666666667,3.5145157174625554,480,509
P3,2025-07-24,6,120,31.560039416666665,0.1961118803316618,31.20344,32.09621,120,14.031749999999999,0.14065072360432454,13.86,14.36,120,486.15,4.030659807946466,468,500
P3,2025-07-24,7,120,31.606396333333336,0.19254671999647283,31.33469,32.14641,120,14.102666666666666,0.14539273578500309,13.9,14.45,120,484.76666666666665,3.666182804845303,471,495
P3,2025-07-24,8,113,30.289610088495575,0.6630833658607738,29.23566,31.98801,113,12.671061946902654,1.0993255747696433,11.21,14.52,113,511.07964601769913,22.81295903370668,468,552
P3,2025-07-24,9,120,29.16829625,0.2036267110438256,28.86418,29.78098,120,10.9015,0.25597285176427276,10.43,11.54,120,612.1166666666667,33.27253980029038,537,654
P3,2025-07-24,10,120,29.165107499999998,0.20789388490749863,28.89231,29.77238,120,10.718916666666667,0.1571264856508828,10.47,11.15,120,678.1333333333333,17.89884430489807,642,714
P3,2025-07-24,11,120,29.5505975,0.20835339052503205,29.23586,30.11769,120,10.969916666666668,0.12466085645322897,10.79,11.3,120,737.3166666666667,12.309716960704518,702,773
P3,2025-07-24,12,120,29.635338416666666,0.19808388676677305,29.40344,30.30383,120,11.027916666666666,0.16070692482365082,10.81,11.61,120,786.7833333333333,17.24718139599766,753,811
P3,2025-07-24,13,120,29.307515833333333,0.31092846825121645,28.95129,30.36477,120,10.874500000000001,0.29053370188804656,10.45,11.68,120,804.7,10.782494371616655,787,826
P3,2025-07-24,14,120,29.15107941666667,0.18932635774849832,28.93937,29.68684,120,10.856916666666667,0.16389582586720755,10.55,11.28,120,795.25,5.001260345354715,786,806
P3,2025-07-24,15,120,29.17567066666667,0.22023398609543554,28.84816,29.8673,120,11.031083333333333,0.17229930882255023,10.82,11.55,120,797.45,7.40298599760084,784,821
P3,2025-07-24,16,120,29.13002775,0.2691879934342927,28.77219,29.8257,120,10.766583333333333,0.1764233631955595,10.48,11.34,120,809.8333333333334,5.71204437836336,799,823
P3,2025-07-24,17,120,31.54364416666667,0.7026001961293433,29.3632,32.89348,120,11.572833333333334,0.3941061225791118,10.66,12.37,120,829.7666666666667,17.517690138460576,788,858
P3,2025-07-24,18,120,30.424651666666666,1.2084169750095886,28.99582,32.96711,120,11.355166666666666,0.5832752832260366,10.47,12.47,120,839.4416666666667,14.988396539067349,790,861
P3,2025-07-24,19,120,29.40396425,0.39476046019778516,28.7882,30.455,120,11.202166666666667,0.23928178014241516,10.7,11.88,120,771.3833333333333,14.446763083315012,737,797
P3,2025-07-24,20,112,29.776862767857143,0.2304915221094739,28.47395,30.34484,112,11.585535714285713,0.15763362291516012,11.04,12.06,112,707.7321428571429,22.1094664584767,663,741
P3,2025-07-24,21,120,30.262293250000003,0.5533009816905848,29.62023,31.51496,120,11.957500000000001,0.24850899921144737,11.57,12.68,120,631.0916666666667,24.440975318301135,595,673
P3,2025-07-24,22,120,31.173019083333333,0.2161724706467951,30.83508,31.76359,120,12.882083333333332,0.258969826714349,12.34,13.54,120,577.975,9.649715892539223,558,599
P3,2025-07-24,23,120,31.100546916666666,0.20552059372489942,30.83176,31.80617,120,13.4275,0.17372464448327404,13.1,13.89,120,551.4083333333333,7.6920736605209425,536,570
P3,2025-07-25,0,120,31.117911666666664,0.19818267626608735,30.90676,31.69191,120,13.701333333333334,0.15729826794354446,13.44,14.1,120,531.2833333333333,6.27276805307015,517,548
P3,2025-07-25,1,120,31.096587916666667,0.18815658673274638,30.80012,31.65129,120,13.854333333333333,0.14489482324749053,13.65,14.21,120,515.7,4.901723243544269,504,534
P3,2025-07-25,2,120,31.2033825,0.1994096036233628,30.91496,31.86262,120,13.981416666666666,0.14688528556273475,13.78,14.32,120,503.075,3.98139053450364,487,512
P3,2025-07-25,3,120,31.20453425,0.19570908093590686,30.92375,31.82355,120,14.075083333333334,0.14465836794795853,13.88,14.42,120,496.01666666666665,4.109802451514711,486,512
P3,2025-07-25,4,120,31.219832166666666,0.19649746352494402,30.9509,31.8173,120,14.13175,0.14343717331666725,13.96,14.47,120,490.44166666666666,3.6891752473421775,473,495
P3,2025-07-25,5,120,31.217062333333335,0.19136902095005742,30.95715,31.82844,120,14.18625,0.14446692797076796,13.99,14.55,120,487.31666666666666,4.417275736239676,467,500
P3,2025-07-25,6,120,31.282416916666666,0.19352614176786606,31.00988,31.86516,120,14.299666666666667,0.14670574982192175,14.09,14.66,120,483.7916666666667,2.869415169920009,474,491
P3,2025-07-25,7,120,30.976353833333334,0.5748111268070122,29.66652,31.90324,120,14.12075,0.4506077362105243,12.78,14.72,120,474.93333333333334,12.544866259461898,445,490
P3,2025-07-25,8,120,29.13484983333333,0.2837189477859121,28.77043,30.02844,120,11.583,0.5700325805225043,10.94,12.98,120,480.825,27.941614547649475,446,557
P3,2025-07-25,9,120,29.31593375,0.21361075588639591,28.97766,29.91086,120,11.063333333333333,0.13389656947258516,10.8,11.44,120,612.7666666666667,39.12868949679632,537,677
P3,2025-07-25,10,120,29.226229,0.29171646127790896,28.80891,29.96437,120,10.840333333333332,0.2850797716262509,10.37,11.5,120,707.1666666666666,15.757262342380708,669,732
P3,2025-07-25,11,120,29.07885041666667,0.18776145980711892,28.88293,29.60656,120,10.455833333333334,0.12049326724336339,10.29,10.79,120,751.9416666666667,11.675799746479377,726,782
P3,2025-07-25,12,120,29.25742525,0.20976250722803527,28.96477,29.9218,120,10.648666666666665,0.2300636862259835,10.34,11.28,120,810.1416666666667,11.69306038060286,780,834
P3,2025-07-25,13,120,31.496578916666667,0.929145082963158,28.90051,32.85168,120,11.227083333333333,0.24903982278610243,10.61,11.84,120,987.6333333333333,79.81353619671354,830,1098
P3,2025-07-25,14,120,31.529405583333336,0.5200206380225711,30.53781,32.5384,120,11.255583333333334,0.533344916278283,9.95,11.89,120,902.9,40.10729307723488,843,986
P3,2025-07-25,15,120,30.20108725,0.7005802654114458,29.22609,32.61516,120,11.206,0.2474895804614296,10.62,11.94,120,818.4833333333333,11.678453429705632,797,851
P3,2025-07-25,16,120,29.237216333333333,0.1961638026595061,28.97863,29.81145,120,10.471083333333333,0.19307244181165364,10.2,11.05,120,800.5166666666667,5.037645397252493,790,812
P3,2025-07-25,17,120,30.025765166666666,0.6674779847664479,29.10754,31.97434,120,10.867666666666667,0.3421674201576894,10.3,11.75,120,799.5166666666667,17.973829403256342,782,839
P3,2025-07-25,18,120,32.10881366666667,0.34895325193621757,30.8966,33.00109,120,11.826666666666666,0.22305116168334727,11.37,12.4,120,852.4833333333333,14.130236566815636,778,870
P3,2025-07-25,19,120,29.494182583333334,0.4146759638652285,28.99777,30.76262,120,11.09025,0.27055020969569593,10.68,11.77,120,727.2833333333333,18.943162813188103,694,773
P3,2025-07-25,20,119,29.797405882352944,0.6277258945056382,27.95383,31.30402,119,11.307142857142857,0.377637937212718,10.59,12.37,119,647.436974789916,33.150820900300026,500,695
P3,2025-07-25,21,120,30.969613916666667,0.2173626151836817,30.67453,31.57766,120,12.535083333333334,0.26249608507151273,12.04,13.2,120,585.5916666666667,12.826243994794783,556,606
P3,2025-07-25,22,120,31.05125,0.21706871782646026,30.67609,31.65168,120,13.199166666666667,0.20069033520390753,12.78,13.77,120,548.7833333333333,7.6851743481787995,534,565
P3,2025-07-25,23,120,31.07113225,0.22470558380328168,30.64211,31.80578,120,13.78475,0.2012396977894423,13.32,14.28,120,523.3333333333334,6.577697655150899,512,539
P3,2025-07-26,0,120,31.07679375,0.19423935045621266,30.78176,31.61359,120,14.162916666666666,0.16770019183571855,13.86,14.6,120,507.925,4.931739938756787,497,519
P3,2025-07-26,1,120,31.115030583333333,0.2005608026387993,30.82863,31.65031,120,14.436166666666667,0.17429417484171192,14.15,14.9,120,496.71666666666664,4.079428476475329,487,508
P3,2025-07-26,2,120,31.197760666666667,0.18624332527539222,30.97902,31.76691,120,14.679083333333333,0.1530090118361706,14.45,15.05,120,488.5,2.961943490969591,481,495
P3,2025-07-26,3,120,31.192522666666665,0.2004977855479574,30.87902,31.91125,120,14.873916666666668,0.1617358352133396,14.59,15.28,120,484.9583333333333,4.149305567764024,473,494
P3,2025-07-26,4,120,31.245316916666663,0.20106026615138856,31.00148,31.80519,120,15.083666666666666,0.1604925890764406,14.83,15.5,120,481.4916666666667,4.037629376303935,470,488
P3,2025-07-26,5,120,31.230055083333333,0.19191431030757752,30.97531,31.75734,120,15.224833333333333,0.15531471618757156,15.0,15.58,120,482.1,2.8650311274652105,474,489
P3,2025-07-26,6,120,31.29210625,0.21138381956340518,31.01926,32.00832,120,15.316833333333333,0.15915735743524498,15.1,15.73,120,479.5416666666667,3.410058855879216,468,487
P3,2025-07-26,7,120,31.383768083333333,0.19188518746084612,31.09523,31.94445,120,15.415,0.1544575762374344,15.22,15.76,120,478.60833333333335,3.114875756814752,469,484
P3,2025-07-26,8,120,31.406894333333334,0.19502580117923576,31.16301,31.97746,120,15.502166666666666,0.1597328827684995,15.25,15.87,120,479.075,2.7870121949481748,472,487
P3,2025-07-26,9,120,31.37389325,0.18930802069493174,31.14777,31.90324,120,15.619333333333334,0.15657432167275362,15.4,15.97,120,484.15833333333336,2.439161701060766,477,490
P3,2025-07-26,10,120,31.376005333333335,0.19332899709442225,31.15734,31.91906,120,15.626416666666668,0.15866986938603161,15.42,15.99,120,488.31666666666666,2.329869377567499,483,493
P3,2025-07-26,11,120,31.417234916666665,0.18793303283415863,31.19992,31.93977,120,15.747583333333333,0.15981079061039025,15.52,16.11,120,490.825,2.399798661022476,485,498
P3,2025-07-26,12,120,31.51755025,0.18790085062692843,31.27473,32.07903,120,15.81025,0.157775835557015,15.61,16.17,120,491.6333333333333,2.466356252706848,485,498
P3,2025-07-26,13,120,31.55271816666667,0.1836626674918553,31.34934,32.0466,120,15.832249999999998,0.15838185162565083,15.64,16.21,120,494.90833333333336,2.719354326891207,487,502
P3,2025-07-26,14,120,31.588883416666665,0.18819660562087703,31.41457,32.15734,120,15.934833333333334,0.1571381842951785,15.72,16.29,120,496.09166666666664,2.73476170234762,490,502
P3,2025-07-26,15,120,31.586468,0.1828670078655915,31.38,32.09992,120,15.978333333333333,0.15453553796132832,15.78,16.31,120,496.55,2.7860697898562283,489,504
P3,2025-07-26,16,120,31.68001975,0.1912240552510579,31.49328,32.19641,120,16.0405,0.16073805613194278,15.83,16.4,120,492.64166666666665,2.924241863490501,485,498
P3,2025-07-26,17,120,31.638992833333337,0.19064962851369271,31.41633,32.1927,120,16.078500000000002,0.15980897209801762,15.88,16.44,120,492.65,2.9065269927636534,485,499
P3,2025-07-26,18,120,31.73392533333333,0.18752595922453283,31.49777,32.30402,120,16.108999999999998,0.15788198975524625,15.91,16.46,120,487.875,3.0308289905152788,478,496
P3,2025-07-26,19,120,31.669304916666665,0.18847466190845233,31.44328,32.26281,120,16.124583333333334,0.15974189177794149,15.92,16.46,120,489.2916666666667,2.7390602367221137,481,495
P3,2025-07-26,20,120,31.582277083333334,0.1881768885709987,31.33977,32.16379,120,16.117666666666665,0.1571101060854258,15.91,16.46,120,451.35,39.31784934747743,407,497
P3,2025-07-26,21,120,31.631463333333333,0.18667242318754945,31.41047,32.16183,120,16.120833333333334,0.15622964853456117,15.93,16.46,120,412.65,2.9891962327098938,404,422
P3,2025-07-26,22,120,31.662210416666667,0.1911250249936324,31.40461,32.24875,120,16.14375,0.15834258413193783,15.95,16.49,120,412.34166666666664,3.6793674861366137,403,419
P3,2025-07-26,23,120,31.625789416666667,0.19618601042003733,31.34777,32.16496,120,16.122666666666667,0.16301122987213423,15.92,16.47,120,412.39166666666665,2.896813181867951,405,418
P3,2025-07-27,0,121,31.646819669421486,0.20939441367084577,31.36769,32.22063,121,16.13512396694215,0.2047116496541721,15.89,16.7,121,411.8099173553719,3.104604240980322,403,419
P3,2025-07-27,1,120,31.6328335,0.20242285051637965,31.37277,32.25031,120,16.049083333333336,0.16302804745718816,15.84,16.42,120,411.34166666666664,2.620205371812698,405,416
P3,2025-07-27,2,120,31.632717,0.20041092887138645,31.33625,32.21301,120,16.03375,0.1600370886635322,15.83,16.39,120,410.19166666666666,3.5225464274205156,400,418
P3,2025-07-27,3,120,31.729311499999998,0.2211556925804925,31.33918,32.39504,120,16.027666666666665,0.16118642754825913,15.82,16.39,120,407.1,4.642514531638035,400,418
P3,2025-07-27,4,120,31.664266083333334,0.19479411696850418,31.41848,32.22316,120,16.033083333333334,0.15856921100223448,15.84,16.39,120,410.46666666666664,3.307575550521707,401,417
P3,2025-07-27,5,120,31.639868083333333,0.19391574426654157,31.38742,32.21301,120,16.085416666666667,0.16099948240082362,15.87,16.43,120,411.65833333333336,2.6960781767252198,404,418
P3,2025-07-27,6,120,31.711424166666667,0.18858968534304216,31.42902,32.33723,120,16.11,0.15701522700873666,15.91,16.46,120,408.53333333333336,2.7923464827187554,402,415
P3,2025-07-27,7,120,31.700776,0.20402819188706725,31.40363,32.28996,120,16.113583333333334,0.16148884933450922,15.91,16.46,120,409.1,2.6070363740198093,402,415
P3,2025-07-27,8,120,31.560489833333335,0.18811431930531833,31.31633,32.11398,120,16.105333333333334,0.16030398294109496,15.91,16.45,120,412.2083333333333,2.020466013860464,407,418
P3,2025-07-27,9,120,31.566098583333332,0.18691094498032657,31.37473,32.12004,120,16.057333333333336,0.1618575643844272,15.85,16.43,120,412.775,1.8355156351986863,408,418
P3,2025-07-27,10,120,31.717993416666665,0.18360335846919915,31.54035,32.22121,120,15.991583333333333,0.15845894324612295,15.78,16.34,120,413.325,2.1070609583856204,408,417
P3,2025-07-27,11,120,31.83438625,0.1893098213349917,31.61008,32.39465,120,15.953083333333332,0.15691776914839775,15.77,16.3,120,412.6333333333333,2.271242703316111,406,418
P3,2025-07-27,12,120,31.87692516666667,0.18550889420786318,31.67922,32.37219,120,15.958666666666666,0.15847982313763714,15.76,16.3,120,411.7416666666667,2.088366469229937,405,417
P3,2025-07-27,13,120,31.955294583333334,0.19048851197587452,31.7466,32.50109,120,15.958333333333334,0.15848194411555,15.76,16.31,120,411.425,2.455186586895219,406,418
P3,2025-07-27,14,120,31.999861416666665,0.18555193080112795,31.79699,32.52199,120,15.959,0.15890063487823392,15.76,16.31,120,410.78333333333336,2.2159973505631734,406,418
P3,2025-07-27,15,120,32.02051466666667,0.18725247003086906,31.84816,32.53586,120,16.006166666666665,0.15783292588366077,15.82,16.34,120,408.0083333333333,3.7962737885815256,400,415
P3,2025-07-27,16,120,32.007376083333334,0.18470769641913565,31.79055,32.53996,120,16.041083333333333,0.15697131265679962,15.83,16.38,120,407.8833333333333,2.790088499946737,400,416
P3,2025-07-27,17,120,31.982177583333332,0.19074446375214654,31.78371,32.54172,120,16.06925,0.1592744183355707,15.84,16.45,120,408.4166666666667,2.856757677117594,400,415
P3,2025-07-27,18,120,31.99018166666667,0.1946519969842904,31.6716,32.54172,120,16.0355,0.15971008397834469,15.83,16.4,120,407.90833333333336,3.6229794909931443,400,416
P3,2025-07-27,19,120,31.973557333333336,0.1937966520672957,31.73996,32.55852,120,15.989166666666668,0.16355598498400967,15.77,16.37,120,409.275,3.023611564132594,401,416
P3,2025-07-27,20,120,31.967622833333333,0.19565229283364993,31.72551,32.57375,120,15.936833333333334,0.1579861888088371,15.7,16.29,120,429.71666666666664,18.63951857374723,400,452
P3,2025-07-27,21,120,31.932314666666667,0.2004345485279057,31.68937,32.60578,120,15.9005,0.15739929420148632,15.71,16.26,120,446.78333333333336,3.9961816509156405,432,453
P3,2025-07-27,22,120,31.919062333333333,0.19808433857694896,31.6384,32.44035,120,15.926916666666667,0.16004618993642192,15.72,16.29,120,446.10833333333335,2.857382693014992,437,452
P3,2025-07-27,23,120,31.892904083333335,0.19770245965959868,31.60637,32.54797,120,15.958083333333333,0.15574324827662211,15.75,16.32,120,447.05833333333334,3.3262284224339065,434,453
P3,2025-07-28,0,120,31.901861083333333,0.19618901626711563,31.69777,32.48684,120,15.933166666666667,0.1587502839716026,15.72,16.28,120,445.21666666666664,3.029777520005104,436,452
P3,2025-07-28,1,120,31.85906725,0.2082141461825425,31.54191,32.4798,120,15.911249999999999,0.15880098268222492,15.71,16.29,120,443.7,4.040966686908724,433,451
P3,2025-07-28,2,120,31.902593833333334,0.19816514624641457,31.66555,32.47238,120,15.946,0.1604740875440933,15.74,16.31,120,442.18333333333334,2.6882356005859283,435,449
P3,2025-07-28,3,120,31.844193083333334,0.19981516341546626,31.57551,32.49953,120,15.967333333333332,0.15984621460932388,15.77,16.34,120,442.39166666666665,3.4453618398192383,430,451
P3,2025-07-28,4,120,31.79395141666667,0.19333458245644244,31.53078,32.37219,120,15.99825,0.15606862582334277,15.79,16.35,120,443.44166666666666,2.67197039098642,437,449
P3,2025-07-28,5,120,31.8317925,0.20120413323038755,31.59328,32.43762,120,16.014166666666668,0.15906017746759368,15.81,16.38,120,441.3,3.3269967783310075,431,447
P3,2025-07-28,6,120,31.918603666666666,0.20258782580133802,31.59387,32.54738,120,16.06925,0.1600586158387027,15.84,16.43,120,445.1,8.319663858755982,432,469
P3,2025-07-28,7,120,32.00015675,0.2991699031905794,31.59133,33.01144,120,16.2115,0.1753347338879632,15.94,16.74,120,481.18333333333334,20.21272722164667,445,523
P3,2025-07-28,8,120,30.29782875,0.51169757680046,29.66105,31.9423,120,14.09025,1.002566842215146,12.59,16.32,120,478.325,10.415859352469166,459,516
P3,2025-07-28,9,120,29.910614916666667,0.227135657480619,29.55637,30.61555,120,12.610083333333334,0.17513738104955182,12.32,13.11,120,588.4833333333333,45.89062322217794,504,667
P3,2025-07-28,10,120,29.29207025,0.29194955748968615,28.91965,30.27785,120,11.580166666666667,0.38433831239593286,11.07,12.68,120,684.9916666666667,17.269244937989967,659,721
P3,2025-07-28,11,120,28.9699225,0.22145895897358506,28.63371,29.68879,120,11.179416666666667,0.16823500886344356,10.89,11.67,120,722.25,5.221561632534098,703,734
P3,2025-07-28,12,120,28.852649250000002,0.25690574556205104,28.49504,29.55012,120,11.167,0.2918690854222296,10.82,11.86,120,760.1,19.168163380850082,723,800
P3,2025-07-28,13,120,31.323074833333333,0.6582609701403034,28.93742,32.38527,120,12.355333333333334,0.3436431932363896,11.48,12.94,120,880.575,38.377966039264386,789,923
P3,2025-07-28,14,120,31.55695125,0.642304605779835,29.77824,32.49465,120,12.700166666666666,0.3195032471352549,12.05,13.37,120,901.525,46.54300667756906,780,938
P3,2025-07-28,15,120,29.87064141666667,0.19168039502200346,29.63156,30.58254,120,12.277583333333332,0.1367632797130542,12.06,12.63,120,795.4333333333333,13.50177911297931,769,818
P3,2025-07-28,16,120,29.80751775,0.19151512591583653,29.52687,30.36281,120,12.445083333333335,0.148114172594149,12.22,12.89,120,804.15,5.93047959572358,787,814
P3,2025-07-28,17,120,29.342239333333335,0.3585313098354504,28.87277,30.4466,120,12.132083333333332,0.3924559512473558,11.56,13.05,120,781.8333333333334,7.548535762441722,765,795
P3,2025-07-28,18,120,28.905950333333333,0.19042000820800953,28.64074,29.43234,120,11.571833333333332,0.20077992188167643,11.29,12.2,120,753.95,9.592407712054714,732,779
P3,2025-07-28,19,120,29.114676083333332,0.3745552514230233,28.69758,30.19289,120,11.623416666666666,0.3188490220771443,11.17,12.35,120,703.175,18.4330095300833,668,735
P3,2025-07-28,20,114,29.002666578947366,0.23549591236641426,27.61379,29.60773,114,11.610263157894737,0.16856741791597657,11.28,12.05,114,636.6666666666666,25.173615442646945,591,677
P3,2025-07-28,21,120,30.157998083333332,0.9389443876250604,28.83293,31.73762,120,11.874166666666667,0.4925112861110666,11.22,12.93,120,555.225,18.836520267775445,535,597
P3,2025-07-28,22,120,31.225127166666667,0.20503070493224676,30.97707,31.87629,120,13.203916666666666,0.2852782684962016,12.59,13.85,120,521.9,8.516321453094312,507,540
P3,2025-07-28,23,120,31.240894916666665,0.20338712631229333,30.86008,31.83,120,13.787166666666668,0.19032560924640385,13.44,14.28,120,497.71666666666664,6.833165947256412,485,512
P3,2025-07-29,0,120,31.321824583333335,0.18806275148817728,30.99621,31.87844,120,14.155583333333334,0.1643668567121546,13.85,14.57,120,479.89166666666665,4.367172870353421,472,491
P3,2025-07-29,1,120,31.286688916666666,0.20520725950676982,31.00441,31.91906,120,14.371333333333332,0.1545061709536063,14.12,14.75,120,469.425,3.9464109851693165,461,479
P3,2025-07-29,2,120,31.304866416666666,0.20307347934868997,30.97395,31.85402,120,14.531833333333333,0.14977845450589294,14.3,14.9,120,461.875,2.929314314466973,454,469
P3,2025-07-29,3,120,31.32050775,0.19461195373160184,31.05559,31.89406,120,14.667916666666667,0.15042179259094965,14.45,15.05,120,458.2916666666667,2.823657064107906,450,465
P3,2025-07-29,4,120,31.31000825,0.21154007907858863,30.99719,31.93469,120,14.739,0.15341162293131555,14.55,15.09,120,454.75,2.7751902047010564,446,462
P3,2025-07-29,5,120,31.31360825,0.20778349895929826,30.98313,31.95617,120,14.812666666666667,0.15006291864355017,14.63,15.15,120,451.4916666666667,2.5765452517224965,443,459
P3,2025-07-29,6,120,31.27692025,0.19764264542313023,31.02102,31.96066,120,14.9085,0.15115604936787766,14.7,15.27,120,450.03333333333336,1.8917482614221846,443,454
P3,2025-07-29,7,120,31.055900249999997,0.392057966206945,29.9591,31.76301,120,14.922083333333335,0.20910732973795929,14.25,15.34,120,447.425,10.563662546037504,416,459
P3,2025-07-29,8,120,29.27238625,0.38502103025190476,28.74777,30.34074,120,12.60125,0.7527490933099755,11.52,14.51,120,446.25,35.391982665213725,411,525
P3,2025-07-29,9,120,29.983862416666668,1.1595922013312414,28.89172,32.32903,120,11.649833333333333,0.3512976743766055,11.1,12.54,120,622.2666666666667,82.00960523097305,516,794
P3,2025-07-29,10,120,31.555242333333336,0.8714131829021607,29.63313,32.75539,120,12.290416666666665,0.5392718337204874,11.05,13.03,120,841.0,27.737969608159723,774,884
P3,2025-07-29,11,120,29.676551,0.2945138359603844,29.22102,30.53801,120,11.494666666666665,0.2391614669693107,11.06,12.12,120,741.4416666666667,9.331248516653682,724,771
P3,2025-07-29,12,120,29.281026666666666,0.19860620469939536,29.04465,29.84504,120,11.245166666666668,0.13623992266076285,11.01,11.6,120,776.9333333333333,24.521207879187603,733,823
P3,2025-07-29,13,119,30.79152294117647,0.5708499927499672,29.16145,31.86144,119,11.78344537815126,0.28161590916753115,11.15,12.34,119,874.4705882352941,26.741012597427943,808,905
P3,2025-07-29,14,120,31.497373166666666,0.20797810756630775,31.27785,32.19738,120,12.166583333333334,0.19997266970126457,11.94,12.9,120,892.4583333333334,8.699363285242622,862,909
P3,2025-07-29,15,120,32.55037608333333,0.37301054901905045,31.89855,33.41633,120,12.833583333333333,0.17743170461876917,12.43,13.28,120,838.2666666666667,18.306784953949077,812,887
P3,2025-07-29,16,121,31.022758925619836,0.599722061517943,29.93781,32.32199,121,12.415619834710743,0.6335796353024408,11.07,13.31,121,825.7603305785124,13.173853393109413,768,845
P3,2025-07-29,17,119,29.24109336134454,0.25319192730951773,28.9175,30.11535,119,11.456806722689075,0.14982437613164232,11.19,12.02,119,731.0336134453781,8.017917195531165,702,762
P3,2025-07-29,18,120,29.0262355,0.24320936866508705,28.66926,29.83215,120,11.544083333333333,0.19524815424657582,11.27,12.12,120,710.4083333333333,17.820060376461427,680,740
P3,2025-07-29,19,120,28.836212666666665,0.21983171573176138,28.53,29.61926,120,11.68,0.14559065442349714,11.43,12.12,120,648.0333333333333,16.418340499633402,619,681
P3,2025-07-29,20,110,28.801405727272726,0.5744468003353526,27.21379,30.54563,110,11.667,0.19958925712480835,11.17,12.31,110,591.5727272727273,14.740855719941397,558,619
P3,2025-07-29,21,120,31.14665258333333,0.2946640091098613,30.51828,31.88586,120,13.452,0.5524058914489984,12.22,14.39,120,544.9666666666667,11.53287834467897,526,564
P3,2025-07-29,22,120,31.488354833333336,0.2032317896789445,31.2091,32.08977,120,14.4625,0.21802493882485052,14.0,15.01,120,509.225,8.000485804577497,496,530
P3,2025-07-29,23,120,31.516526666666667,0.19705716184867397,31.26301,32.10852,120,14.957416666666667,0.2065095917496176,14.57,15.48,120,483.15833333333336,7.451801241088906,473,499
P3,2025-07-30,0,120,31.507035583333334,0.19543567505798737,31.21125,32.07746,120,15.327,0.17911359711721794,14.99,15.76,120,466.35833333333335,4.1338850494710595,458,475
P3,2025-07-30,1,120,31.569829000000002,0.2033989541027283,31.20754,32.18019,120,15.531166666666667,0.158724873394732,15.29,15.93,120,454.5833333333333,4.273394992497718,445,465
P3,2025-07-30,2,120,31.580343666666668,0.19428930647354767,31.3259,32.10735,120,15.714083333333333,0.16632708402287233,15.45,16.14,120,448.475,2.6944153261106383,441,456
P3,2025-07-30,3,120,31.647001583333335,0.18754563124741921,31.36164,32.13703,120,15.884916666666667,0.1608485682397015,15.66,16.27,120,443.0083333333333,2.772905624474227,437,449
P3,2025-07-30,4,120,31.605266500000003,0.20264632484336115,31.27512,32.19934,120,15.9705,0.16249033584708203,15.75,16.35,120,441.5833333333333,2.5390507500805573,436,452
P3,2025-07-30,5,120,31.54620775,0.20325396782781902,31.2507,32.1716,120,16.071833333333334,0.15765073263832483,15.87,16.43,120,440.09166666666664,2.7622784205849205,432,446
P3,2025-07-30,6,120,31.600872666666664,0.20534433135930663,31.23039,32.17668,120,16.09825,0.16424854347486245,15.87,16.5,120,436.60833333333335,2.829305919973232,430,443
P3,2025-07-30,7,120,30.855756666666665,1.0255873571987535,28.98117,32.17863,120,15.705666666666668,0.6905128204328088,13.95,16.58,120,421.96666666666664,16.240282593338243,400,442
P3,2025-07-30,8,120,29.087729666666668,0.6069129229485121,28.16809,30.7802,120,13.110999999999999,0.31217157531872547,12.51,14.23,120,460.09166666666664,48.93040776369612,400,541
P3,2025-07-30,9,120,31.12886875,0.7853871303526884,30.12492,32.76945,120,13.751833333333334,0.5811448904993499,13.08,15.04,120,726.5083333333333,167.57288622829043,517,1066
P3,2025-07-30,10,120,31.696839333333333,1.1305796120550364,29.75539,33.25266,120,14.320666666666666,1.214096291041846,11.66,15.79,120,1316.8916666666667,127.58083914995754,1070,1493
P3,2025-07-30,11,120,30.444991833333333,0.3075385376383676,29.92063,31.51359,120,13.967,0.5968468970241811,12.9,15.12,120,1014.55,234.92218808316406,715,1512
P3,2025-07-30,12,120,29.471224083333333,0.523884220075892,28.66613,30.54953,120,12.760583333333333,0.38216828497301303,12.12,13.5,120,750.8083333333333,15.60074111218128,719,780
P3,2025-07-30,13,120,31.487824250000003,0.7192215145706342,29.05891,32.48488,120,13.238916666666666,0.2979278459636858,12.35,13.84,120,853.4833333333333,39.31514202132374,751,904
P3,2025-07-30,14,120,30.0985235,0.6282662577840674,29.31555,32.02219,120,12.511833333333334,0.35642478512440895,11.86,13.65,120,792.8416666666667,26.955611141074037,763,903
P3,2025-07-30,15,120,31.312217083333334,1.1432549607802098,29.06398,33.06105,120,12.93925,0.78162958677648,11.34,14.23,120,1472.25,316.7341288894538,793,1854
P3,2025-07-30,16,120,30.588826333333333,1.2282136678399225,28.59855,32.92688,120,13.918083333333334,1.200794062090507,11.23,15.65,120,1907.7333333333333,25.1130999105018,1844,1947
P3,2025-07-30,17,120,30.116762416666667,1.0806679985433234,29.20481,33.03781,120,13.155083333333332,0.8443713745783207,12.5,15.57,120,1002.225,382.5056151068052,776,1878
P3,2025-07-30,18,120,29.417717583333335,0.1933244697436768,29.1509,30.02414,120,12.774166666666668,0.1633451947902496,12.5,13.21,120,766.7333333333333,10.495884214023004,746,784
P3,2025-07-30,19,120,29.470057166666667,0.18785504657314103,29.26418,30.07453,120,12.709583333333335,0.14342975227453675,12.39,13.08,120,729.6666666666666,12.14916626342569,705,752
P3,2025-07-30,20,112,29.56065357142857,0.43532026762919696,28.01223,30.83781,112,12.832946428571429,0.16256191276749168,12.39,13.35,112,676.0,20.46002474613888,631,710
P3,2025-07-30,21,120,30.828405,0.23869400880695704,30.3341,31.46574,120,13.581999999999999,0.2632875540819473,13.05,14.15,120,623.2083333333334,9.281676023430405,605,642
P3,2025-07-30,22,120,30.530167833333334,0.21324184452346748,30.17004,31.17805,120,13.975833333333332,0.14469663038902586,13.74,14.36,120,585.8666666666667,12.989286686629569,561,615
P3,2025-07-30,23,120,30.304586333333337,0.19800442029669613,29.99269,30.88098,120,14.034416666666667,0.14569333416133845,13.85,14.43,120,552.2666666666667,9.262496290688281,528,575
P3,2025-07-31,0,120,30.261729916666663,0.19347148882299928,29.98527,30.85754,120,14.160166666666667,0.14303424596301134,13.96,14.51,120,530.4,5.480906506633196,515,546
P3,2025-07-31,1,120,30.229422166666666,0.17702697012480476,29.97141,30.72199,120,14.277416666666666,0.14135892592395918,14.09,14.66,120,515.5083333333333,4.893823638416237,503,527
P3,2025-07-31,2,120,30.129861333333334,0.18570355703563235,29.82004,30.74777,120,14.320083333333335,0.1483437742210304,14.12,14.69,120,505.56666666666666,4.37474288960391,495,519
P3,2025-07-31,3,120,30.083203,0.19009455350766294,29.83684,30.62531,120,14.35575,0.13786281392088615,14.18,14.71,120,499.06666666666666,3.901590568420208,487,512
P3,2025-07-31,4,120,29.493336499999998,0.7149168274051007,28.46809,30.54504,120,14.113333333333333,0.3064278695153012,13.71,14.68,120,495.775,3.8555046318719794,484,508
P3,2025-07-31,5,120,28.63673633333333,0.06935886035058297,28.48527,28.83742,120,13.7815,0.038624457789020135,13.71,13.89,120,491.45,3.211978630484502,476,504
P3,2025-07-31,6,120,28.726832583333337,0.11069473805364953,28.52727,28.9841,120,13.682833333333333,0.056897125702137875,13.59,13.85,120,489.425,3.4511293974070627,480,498
P3,2025-07-31,7,120,28.40847975,0.6676123375743231,27.28449,29.18391,120,13.269166666666667,0.4445214277398655,12.41,13.67,120,474.18333333333334,14.576361278564995,444,498
P3,2025-07-31,8,120,27.259804583333334,0.17309347611072304,27.0052,27.64465,120,11.644583333333333,0.2860066868623411,11.24,12.38,120,502.64166666666665,36.69515477216989,448,552
P3,2025-07-31,9,120,28.11927466666667,0.2646390587416268,27.63195,28.53957,120,11.47125,0.08197727190656867,11.26,11.63,120,630.7083333333334,40.97332516833547,559,704
P3,2025-07-31,10,120,29.810159666666667,0.4586435139066357,28.55031,30.63,120,12.109666666666667,0.19745835996880012,11.67,12.43,120,762.875,43.83804466058976,683,827
P3,2025-07-31,11,120,28.931156833333333,0.09089055118157059,28.76203,29.13195,120,12.067,0.11745623179106075,11.89,12.35,120,838.4666666666667,11.995050333074772,811,868
P3,2025-07-31,12,120,27.98699225,0.3692171659439282,27.54016,28.87863,120,11.291166666666667,0.5691954861034652,10.55,12.35,120,872.775,11.190078513703897,850,891
P3,2025-07-31,13,120,28.112332083333335,0.3086875409906376,27.52082,28.49855,120,11.081,0.24858726888580043,10.51,11.4,120,866.025,11.615306114539203,844,899
P3,2025-07-31,14,120,29.90945483333333,0.5588457334346607,28.32512,30.54856,120,11.623333333333333,0.1880342063165584,11.15,11.88,120,862.4583333333334,5.420000051681154,850,876
P3,2025-07-31,15,120,29.039085,0.5670957986164219,28.41809,30.05949,120,11.300916666666666,0.2807792153759172,10.98,11.78,120,861.8333333333334,7.959280121720858,849,904
P3,2025-07-31,16,120,27.78123833333333,0.7594277997075353,26.49914,29.36769,120,10.528833333333333,0.4571066906211765,9.77,11.6,120,1116.9916666666666,133.75504362332626,856,1292
P3,2025-07-31,17,120,28.58085575,1.043174174213325,26.4216,30.04406,120,11.948916666666666,0.9550967180848007,9.96,12.79,120,1309.5333333333333,21.49650482957559,1254,1350
P3,2025-07-31,18,120,27.87925275,0.8022030476016951,26.00012,28.56437,120,11.038166666666665,0.5472190708341543,9.82,11.71,120,943.0583333333333,146.78213981485433,813,1268
P3,2025-07-31,19,120,28.24001275,0.16374032337031624,27.56945,28.55578,120,11.849583333333333,0.11232752106583332,11.66,12.14,120,786.8,19.78226011167696,735,823
P3,2025-07-31,20,117,27.316256324786327,0.4987203672306617,26.77687,28.7173,117,11.646495726495727,0.2776698493538697,11.34,12.2,117,696.9059829059829,13.306715251812196,674,737
P3,2025-07-31,21,120,28.7259265,0.10951292207741388,28.50949,28.97199,120,12.585916666666666,0.3047370979706158,12.09,13.04,120,657.7833333333333,14.574170390695555,630,683
P3,2025-07-31,22,120,28.833801666666666,0.08158608060483945,28.65988,29.02941,120,13.3615,0.14616469357221312,13.04,13.55,120,610.7583333333333,12.31313832254577,585,637
P3,2025-07-31,23,120,28.949702416666664,0.0869318390966874,28.75598,29.22082,120,13.748333333333333,0.09904021196177776,13.54,13.96,120,575.1083333333333,10.24227180134664,552,598
P3,2025-08-01,0,120,29.005612250000002,0.06734936910190281,28.84602,29.2007,120,13.973999999999998,0.04950850873309527,13.89,14.08,120,549.3083333333333,6.298987291331729,538,564
P3,2025-08-01,1,120,29.030765166666665,0.08630943301205526,28.81184,29.21535,120,14.126583333333334,0.0313691984380288,14.04,14.19,120,531.1916666666667,6.355432842115999,519,545
P3,2025-08-01,2,120,29.099545916666667,0.08292124925074368,28.92004,29.30676,120,14.248666666666667,0.06218613065578658,14.11,14.32,120,518.15,4.682615802764847,501,535
P3,2025-08-01,3,120,29.080750583333334,0.07887623330464587,28.88,29.30832,120,14.30575,0.017133313169613994,14.27,14.34,120,510.51666666666665,4.307475099950636,495,523
P3,2025-08-01,4,120,29.090320416666668,0.06908539390555232,28.94152,29.25559,120,14.34725,0.018240342212623224,14.31,14.4,120,505.34166666666664,3.822744478792694,490,513
P3,2025-08-01,5,120,29.176032083333332,0.09146643744924596,28.93137,29.42258,120,14.30375,0.020086472725558833,14.26,14.37,120,502.7583333333333,4.56143098830449,482,516
P3,2025-08-01,6,120,29.186749333333335,0.08328431239019728,28.97492,29.4175,120,14.3605,0.04817422861365863,14.28,14.45,120,501.7083333333333,4.5381590931987015,485,516
P3,2025-08-01,7,120,28.783126499999998,0.4892887983777047,27.67531,29.21535,120,14.222583333333334,0.42509019474632587,12.96,14.55,120,496.175,15.238530609151614,461,518
P3,2025-08-01,8,120,27.443278000000003,0.39466854103796756,26.94094,28.11984,120,12.025583333333334,0.3512230631038095,11.41,12.89,120,491.93333333333334,25.533873804900562,460,550
P3,2025-08-01,9,120,28.338845916666667,0.10720123928870996,28.06906,28.63098,120,12.0305,0.1639729942921785,11.72,12.31,120,627.3166666666667,45.89684878389039,541,693
P3,2025-08-01,10,120,28.670069833333333,0.1308505692533308,28.28703,28.92727,120,12.173833333333333,0.15285068967241539,11.85,12.39,120,695.9833333333333,7.086480599205293,676,713
P3,2025-08-01,11,120,28.812810333333335,0.1251278318524278,28.5091,29.04816,120,12.470083333333333,0.07647151206078477,12.25,12.63,120,735.0333333333333,22.637046060423646,699,783
P3,2025-08-01,12,120,28.265452583333335,0.18835767960106817,27.84406,28.52082,120,11.801666666666668,0.40400585180330845,10.99,12.29,120,828.1916666666667,22.837863236276835,773,856
P3,2025-08-01,13,121,27.892659834710745,0.08110907641342952,27.75559,28.10988,121,10.930165289256198,0.09880944178125836,10.77,11.07,121,830.3801652892562,14.102751621785954,801,855
P3,2025-08-01,14,120,27.99067858333333,0.13853212306112783,27.78039,28.28762,120,11.137916666666666,0.14217929167214344,10.89,11.45,120,800.8916666666667,5.0705871791870925,786,817
P3,2025-08-01,15,120,28.25388033333333,0.14968259642937268,27.99797,28.58879,120,11.405666666666667,0.12175697887497818,11.16,11.58,120,807.65,11.291143253292857,791,834
P3,2025-08-01,16,120,28.47865075,0.06659918272598435,28.28957,28.59855,120,11.724416666666666,0.06459695121631286,11.56,11.86,120,830.7583333333333,4.667059307211661,808,842
P3,2025-08-01,17,120,28.17298675,0.16597325460944368,27.73332,28.41145,120,11.746,0.14019434290124846,11.36,11.99,120,811.85,7.681309849785171,797,830
P3,2025-08-01,18,120,27.479910416666666,0.09413505058459307,27.34035,27.75363,120,11.322916666666666,0.2155485315834641,10.9,11.66,120,769.2666666666667,12.070335421970665,745,798
P3,2025-08-01,19,120,27.422884333333332,0.06291899281373245,27.27844,27.55227,120,11.755666666666666,0.03542617684145701,11.66,11.83,120,716.25,21.70476073711632,675,752
P3,2025-08-01,20,116,27.348936637931036,0.2747233718170197,27.15891,28.47258,116,11.761810344827587,0.07200965077749759,11.66,12.0,116,647.2327586206897,16.209689940773416,615,677
P3,2025-08-01,21,120,29.110891583333334,0.20556634904287305,28.41242,29.47141,120,12.607333333333335,0.3024430867589648,12.01,13.09,120,600.325,7.865639027499573,582,616
P3,2025-08-01,22,120,29.355813833333332,0.0851714658710735,29.20305,29.61106,120,13.355500000000001,0.13882368964526065,13.05,13.6,120,572.9416666666667,8.04535027605548,552,591
P3,2025-08-01,23,120,29.428509000000002,0.08014166913512875,29.24582,29.62141,120,13.780666666666667,0.10795839015844007,13.54,13.96,120,550.65,8.43128428069217,524,570
P3,2025-08-02,0,120,29.492036,0.07814046837145873,29.29504,29.63195,120,14.0735,0.06780657115970996,13.93,14.18,120,531.6916666666667,6.615230495591528,515,546
P3,2025-08-02,1,120,29.551197833333333,0.06781580128930031,29.38371,29.70871,120,14.255666666666666,0.04439572493108439,14.16,14.34,120,519.0416666666666,4.017599587138793,504,528
P3,2025-08-02,2,120,29.618278,0.07818513046749145,29.44152,29.79856,120,14.421333333333333,0.04876514344986772,14.31,14.52,120,511.925,4.5266020424176565,499,523
P3,2025-08-02,3,120,29.638683416666666,0.06134544653776103,29.51613,29.77668,120,14.572166666666668,0.033158223521696846,14.51,14.64,120,507.48333333333335,4.085192225368037,487,518
P3,2025-08-02,4,120,29.698210916666667,0.07276156790984356,29.5298,29.86984,120,14.6355,0.01694529011681105,14.59,14.68,120,502.025,3.8685599778885367,489,514
P3,2025-08-02,5,120,29.66492825,0.09160302094631674,29.47863,29.8966,120,14.689083333333334,0.046399721698189365,14.6,14.78,120,503.1666666666667,4.023739080814795,492,517
P3,2025-08-02,6,120,29.575846916666666,0.06600276170432559,29.44504,29.74074,120,14.8505,0.03292083705808762,14.76,14.93,120,507.275,3.819372336132831,489,523
P3,2025-08-02,7,120,29.511161666666666,0.06846222968175303,29.3759,29.67629,120,14.922583333333334,0.027880170759316095,14.87,15.0,120,509.95,3.942549616554198,496,530
P3,2025-08-02,8,120,29.561199416666668,0.054788993869540975,29.4007,29.72238,120,15.087250000000001,0.05143262705764055,14.97,15.18,120,511.9166666666667,3.7249631058650716,494,521
P3,2025-08-02,9,120,29.564121666666665,0.04911455929776995,29.45109,29.70871,120,15.148916666666668,0.021568566972160013,15.11,15.2,120,513.9083333333333,3.0596199943462987,504,524
P3,2025-08-02,10,120,29.661862,0.05267128689517074,29.56203,29.7884,120,15.218916666666667,0.03319906431134058,15.17,15.28,120,514.65,3.4535330831342135,500,523
P3,2025-08-02,11,120,29.695766499999998,0.051974766852074215,29.58723,29.82395,120,15.220416666666667,0.023812849907735086,15.18,15.28,120,517.825,2.9779652971322608,508,525
P3,2025-08-02,12,120,29.93903141666667,0.12544301494628965,29.74074,30.18215,120,15.182083333333333,0.01413594460840631,15.14,15.23,120,518.0083333333333,4.660753055850314,497,530
P3,2025-08-02,13,120,30.161593166666666,0.05618254573575257,30.04758,30.31652,120,15.183666666666666,0.016136671182828362,15.14,15.22,120,511.59166666666664,4.5660343261726695,489,522
P3,2025-08-02,14,120,30.371780750000003,0.07951680261273553,30.2218,30.53957,120,15.219333333333333,0.020528043263401075,15.17,15.27,120,507.3833333333333,4.023425801735757,494,517
P3,2025-08-02,15,120,30.780738666666664,0.151714132642894,30.44152,31.02355,120,15.241999999999999,0.027822969774249442,15.18,15.3,120,497.05833333333334,5.812614265013405,482,513
P3,2025-08-02,16,120,30.534957833333333,0.1287742577763691,30.3632,30.82102,120,15.253583333333333,0.03851870294013676,15.17,15.35,120,505.3833333333333,4.517349065218533,496,528
P3,2025-08-02,17,120,30.349606166666668,0.035155480278123076,30.24621,30.4593,120,15.351833333333333,0.02919028655446233,15.3,15.43,120,507.6,3.3791252410879755,500,518
P3,2025-08-02,18,120,30.263219250000002,0.05269247271617966,30.13605,30.37629,120,15.2935,0.016685423618971674,15.25,15.33,120,507.09166666666664,4.168702583837446,488,527
P3,2025-08-02,19,120,30.226583916666666,0.05435867913347138,30.07258,30.37805,120,15.228,0.03278655186495406,15.15,15.29,120,507.475,3.473700712303134,497,516
P3,2025-08-02,20,120,30.17804675,0.07431305392369722,29.95774,30.41301,120,15.14425,0.02420717651767708,15.09,15.21,120,459.23333333333335,47.965101692711464,406,520
P3,2025-08-02,21,120,30.14536133333333,0.06554865095411815,29.98449,30.31633,120,15.12525,0.019183435606811357,15.09,15.18,120,413.325,3.9154134117451864,406,435
P3,2025-08-02,22,120,30.077028,0.10829071264289422,29.87551,30.38664,120,15.074416666666668,0.03673195740330017,14.99,15.18,120,412.14166666666665,4.262984777792007,400,422
P3,2025-08-02,23,120,30.061127916666667,0.07249550367854816,29.89934,30.22297,120,14.976916666666666,0.02773814633144549,14.93,15.04,120,413.03333333333336,4.285863676201139,400,432
P3,2025-08-03,0,120,30.0477585,0.0883687305778999,29.85871,30.23879,120,14.906749999999999,0.038722509901983296,14.81,14.99,120,411.7083333333333,4.575043432467466,400,429
P3,2025-08-03,1,120,30.117258833333334,0.11283207369400394,29.8343,30.37902,120,14.895583333333333,0.0410327975671971,14.81,14.97,120,408.525,4.006218905148152,400,421
P3,2025-08-03,2,117,30.175379145299146,0.10616289645515019,29.95324,30.36281,117,14.975128205128204,0.03260567394603084,14.91,15.06,117,409.1794871794872,4.513610422388371,400,417
P3,2025-08-03,3,120,30.090987833333333,0.07693864229124031,29.91867,30.26926,120,14.990833333333335,0.023748802122230343,14.95,15.07,120,413.1333333333333,4.246468296973247,400,434
P3,2025-08-03,4,120,30.013332,0.07441707603803381,29.87121,30.24172,120,15.013583333333333,0.02403763971877046,14.96,15.07,120,416.15,3.4994597422166356,402,423
P3,2025-08-03,5,120,30.042168,0.06915851924528983,29.85012,30.19973,120,15.024333333333335,0.020363640910911168,14.97,15.07,120,417.9583333333333,2.991292217696668,408,429
P3,2025-08-03,6,120,30.01360975,0.06872713697717897,29.88137,30.1757,120,15.109833333333334,0.05530637863942026,15.01,15.21,120,421.6,4.000840247882381,414,437
P3,2025-08-03,7,120,29.91993941666667,0.05900272905375763,29.79055,30.09289,120,15.185916666666666,0.011916786644123488,15.16,15.21,120,425.05,3.490322756017909,414,439
P3,2025-08-03,8,120,29.921642416666668,0.04089411582656689,29.83879,30.03137,120,15.186166666666667,0.01348409167468567,15.16,15.22,120,426.40833333333336,3.453157934396852,417,438
P3,2025-08-03,9,120,30.052862416666667,0.10453736992538992,29.90344,30.26672,120,15.209166666666667,0.01761317943007087,15.18,15.25,120,422.94166666666666,3.9795608755118583,410,441
P3,2025-08-03,10,120,30.52411783333333,0.18753116655340268,30.16613,30.89465,120,15.2485,0.020970166884403778,15.19,15.31,120,408.89166666666665,7.844921103162681,400,429
P3,2025-08-03,11,120,30.889895333333335,0.12273181813646228,30.70578,31.13547,120,15.270083333333334,0.03099188924347141,15.22,15.36,120,400.275,1.0368220676663902,400,407
P3,2025-08-03,12,120,31.319742583333333,0.11430723488498826,31.10656,31.58703,120,15.319416666666665,0.025775235112372865,15.26,15.37,120,425.73333333333335,6.740986304580591,400,440
P3,2025-08-03,13,120,31.672945666666667,0.06599065911406168,31.52961,31.84113,120,15.207583333333334,0.060613056159796785,15.11,15.33,120,417.5083333333333,3.850124593276634,400,425
P3,2025-08-03,14,120,32.03283033333334,0.1776194372167584,31.71984,32.34816,120,15.046666666666665,0.05317378094881405,14.92,15.14,120,410.2916666666667,5.216966234764929,400,423
P3,2025-08-03,15,120,32.23804675,0.06236524991461764,32.11398,32.41438,120,14.907666666666668,0.03720787242383324,14.82,14.98,120,408.1166666666667,4.087659915579333,400,420
P3,2025-08-03,16,120,31.975045666666666,0.18383763981111192,31.6507,32.28683,120,14.827416666666666,0.02882855241203981,14.78,14.89,120,418.48333333333335,5.264409330802518,407,430
P3,2025-08-03,17,120,31.49591625,0.12709526779508393,31.29641,31.77883,120,14.843250000000001,0.0199647799130056,14.79,14.9,120,428.2416666666667,3.2796695707033137,412,441
P3,2025-08-03,18,120,31.219432333333334,0.06604170768668599,31.11769,31.37727,120,14.903500000000001,0.017900284021968506,14.87,14.95,120,432.425,2.812524509697148,426,439
P3,2025-08-03,19,120,31.073047083333332,0.03832091710881093,30.97434,31.15676,120,14.981083333333334,0.035356428422740206,14.93,15.05,120,438.14166666666665,4.207428071921378,429,460
P3,2025-08-03,20,120,30.980880000000003,0.05515303983790112,30.86926,31.07043,120,15.072666666666667,0.02681192928195856,15.01,15.14,120,445.1333333333333,3.783940708165667,433,459
P3,2025-08-03,21,120,30.9306525,0.05148830917725868,30.8216,31.0548,120,15.178666666666667,0.0513340245142446,15.1,15.31,120,450.7583333333333,3.4373035976486954,442,461
P3,2025-08-03,22,120,30.89243766666667,0.03953820989332668,30.8132,31.0091,120,15.366166666666667,0.038110483644078666,15.29,15.44,120,454.94166666666666,3.536831020768147,445,469
P3,2025-08-03,23,120,30.902867916666665,0.05507047206936324,30.78234,31.01086,120,15.507333333333332,0.03271299521631197,15.42,15.58,120,457.075,3.5460061567720884,439,470
P3,2025-08-04,0,120,30.8558385,0.05245356718409423,30.7173,30.99328,120,15.498916666666666,0.014482434061942875,15.47,15.54,120,458.84166666666664,4.423002959763069,434,478
P3,2025-08-04,1,120,30.866852416666667,0.061638138376447826,30.72902,31.01867,120,15.479166666666666,0.02886023501751472,15.39,15.53,120,460.80833333333334,4.029921352389221,447,473
P3,2025-08-04,2,120,30.816108333333332,0.05687977690469791,30.67101,30.94738,120,15.367416666666665,0.039053848481712214,15.29,15.45,120,463.39166666666665,3.457535512576578,452,473
P3,2025-08-04,3,120,30.849475583333334,0.0910646630521395,30.69602,31.08254,120,15.2715,0.020606354571818992,15.22,15.32,120,466.0083333333333,4.682339129098622,450,488
P3,2025-08-04,4,120,30.89291958333333,0.07595710650911318,30.73293,31.05988,120,15.205166666666665,0.0320446991731553,15.13,15.28,120,464.96666666666664,4.382803165262414,444,479
P3,2025-08-04,5,120,30.880974416666668,0.07747855205299033,30.7007,31.04152,120,15.165666666666668,0.019477775886927885,15.13,15.21,120,464.73333333333335,3.918783324591702,454,477
P3,2025-08-04,6,120,30.84501433333333,0.1407694825343811,30.63703,31.39211,120,15.179916666666665,0.0668812547796196,15.12,15.46,120,473.4916666666667,9.50099139748138,452,503
P3,2025-08-04,7,120,31.0234615,0.26004416833516225,30.75539,31.78176,120,15.49325,0.12042056902945618,14.78,15.78,120,506.8,10.111645669783927,474,529
P3,2025-08-04,8,120,28.211708833333333,1.1091452429339388,26.90129,31.16691,120,11.507166666666667,1.0057541869631177,10.34,14.74,120,459.2,14.552483977519644,423,500
P3,2025-08-04,9,120,28.4171235,0.21556898036408242,27.70441,28.87082,120,11.221666666666666,0.17567795848665615,10.96,11.68,120,555.65,40.62611860127712,483,630
P3,2025-08-04,10,120,28.55433866666667,0.33704532652796304,27.54582,29.21437,120,10.894333333333332,0.31616327377839987,10.45,11.51,120,670.4583333333334,19.601876017804177,629,706
P3,2025-08-04,11,120,28.544129583333333,0.7635856535164454,27.11125,29.45383,120,10.7945,0.4959378688383225,10.19,11.43,120,727.6166666666667,13.166154299856103,707,757
P3,2025-08-04,12,120,28.39482925,0.9878767577789968,26.90656,29.79172,120,11.241333333333333,0.7309392292542135,10.22,12.01,120,787.675,16.087555867238194,748,809
P3,2025-08-04,13,120,28.564547416666667,0.5853631725754126,27.76828,29.73684,120,10.730666666666668,0.5064304697866162,10.25,11.9,120,768.3916666666667,9.487095023704402,754,795
P3,2025-08-04,14,120,28.792920083333335,1.0419329167671296,27.43449,30.40578,120,11.02675,0.8580211379151681,9.62,11.91,120,789.6416666666667,13.426297933178562,756,811
P3,2025-08-04,15,120,28.217197083333335,0.5799660815254584,27.63625,29.74875,120,10.460749999999999,0.731708214908584,9.2,11.62,120,805.3916666666667,9.180080585257363,781,823
P3,2025-08-04,16,120,28.30230625,0.3222958218807457,27.69406,29.0298,120,10.670583333333333,0.7512883006171868,9.37,11.97,120,906.9583333333334,39.65616843163065,809,957
P3,2025-08-04,17,120,28.29230491666667,0.6072508355301722,27.56242,29.53195,120,11.357583333333334,0.557207919242096,10.7,12.29,120,863.975,56.74126186752741,800,953
P3,2025-08-04,18,120,27.659775333333336,0.10830875398509154,27.4343,27.84602,120,11.077583333333333,0.02523822075968924,11.01,11.15,120,790.7,17.71938121346884,746,811
P3,2025-08-04,19,120,27.226979083333333,0.09794627268440001,27.02707,27.41516,120,10.896666666666667,0.03704036710830943,10.82,11.01,120,690.425,27.173164746730038,643,742
P3,2025-08-04,20,118,27.447063305084747,0.6644306114209768,26.89484,28.68176,118,10.893813559322034,0.19003337309929674,10.73,11.45,118,621.7457627118644,17.621464398084466,500,655
P3,2025-08-04,21,120,28.77614583333333,0.16489706570042695,28.45871,29.17336,120,12.385583333333333,0.4961851034268827,11.47,13.11,120,587.2833333333333,11.874825665829293,564,607
P3,2025-08-04,22,120,29.261024916666667,0.0958538292655407,29.06496,29.4507,120,13.467,0.20361687536344497,13.11,13.81,120,555.775,8.17812464377237,539,574
P3,2025-08-04,23,120,29.52412766666667,0.09720765263416523,29.33137,29.75656,120,14.105666666666668,0.17363021332818898,13.79,14.4,120,531.85,6.907126997626817,516,546
P3,2025-08-05,0,120,29.728779333333332,0.07084588753812159,29.55441,29.89934,120,14.590833333333334,0.10717599860916545,14.38,14.79,120,515.1083333333333,5.394980289577484,503,536
P3,2025-08-05,1,120,29.86498058333333,0.06021618616391815,29.7341,30.00891,120,14.936,0.09369537624350344,14.76,15.1,120,505.55833333333334,4.507315870730941,492,521
P3,2025-08-05,2,120,29.98626125,0.060044959731694596,29.8343,30.13469,120,15.216833333333334,0.07438242465824552,15.07,15.36,120,499.3,3.6658771749998764,486,508
P3,2025-08-05,3,120,30.048994,0.07556064914909064,29.87453,30.19094,120,15.42775,0.05447167948159987,15.34,15.54,120,500.3666666666667,4.628979475045458,482,520
P3,2025-08-05,4,120,30.12715808333333,0.06328542036479881,29.96125,30.28039,120,15.542416666666666,0.04244612667214593,15.47,15.63,120,500.875,4.121194450335823,490,512
P3,2025-08-05,5,120,30.187145083333334,0.050842366522481794,30.03508,30.31633,120,15.622083333333334,0.017817743650516818,15.58,15.67,120,503.81666666666666,3.678196793628778,496,516
P3,2025-08-05,6,120,30.205924,0.05188122508806508,30.06535,30.33566,120,15.643666666666666,0.016899770439160796,15.61,15.68,120,508.05,4.542701228760475,485,521
P3,2025-08-05,7,120,29.737809000000002,0.5148363754678521,28.71242,30.28254,120,15.097666666666667,0.7201187265945478,13.49,15.78,120,509.01666666666665,6.532380025344383,490,520
P3,2025-08-05,8,120,28.07944366666667,0.31479736834861544,27.66555,28.70774,120,11.769083333333333,0.7526624962978613,10.98,13.5,120,523.1083333333333,13.38555337726766,491,552
P3,2025-08-05,9,120,27.5993425,0.5644996787775164,26.40754,28.64621,120,10.673833333333333,0.5318118441093722,9.7,11.29,120,643.7166666666667,54.84220041882626,548,755
P3,2025-08-05,10,120,28.064290333333336,1.0196727916337651,26.27648,29.37863,120,11.777166666666666,0.939627302597745,9.55,12.49,120,857.1416666666667,46.23384038990144,760,916
P3,2025-08-05,11,120,27.875040583333334,0.32815137777396164,27.05031,28.73254,120,10.949416666666668,0.1865804435217205,10.48,11.44,120,810.775,59.99390200104452,754,917
P3,2025-08-05,12,120,28.2215105,0.10463730701769981,28.06262,28.50754,120,11.352833333333333,0.11015026660200632,11.07,11.57,120,798.1583333333333,20.262560513010595,750,824
P3,2025-08-05,13,120,28.132174416666665,0.5077925740018485,27.18,29.20383,120,10.781,0.8186352652304871,9.1,12.0,120,889.475,35.611574574813204,813,936
P3,2025-08-05,14,120,28.850492916666667,0.9558995105560718,26.99953,30.02492,120,11.338166666666666,0.9879049926535485,9.68,12.34,120,920.5583333333333,9.997307060373041,894,948
P3,2025-08-05,15,120,29.18814275,0.45537691056298424,28.35246,29.87844,120,11.585166666666668,0.6954799845887615,10.16,12.33,120,920.4916666666667,12.349256319822057,901,949
P3,2025-08-05,16,120,28.752030833333333,0.6468694523075801,27.40441,29.85207,120,11.219583333333333,0.9382160757319732,9.85,12.29,120,933.4083333333333,13.68277813044351,905,963
P3,2025-08-05,17,120,27.272013416666667,0.2989691284180571,26.97648,28.22102,120,10.797916666666667,0.40604030895096854,10.24,12.06,120,856.5833333333334,78.33676314083787,776,982
P3,2025-08-05,18,120,27.270403416666667,0.12610605992073481,27.01281,27.52629,120,10.86025,0.15527401910301383,10.49,11.05,120,777.3083333333333,6.876822396609498,759,791
P3,2025-08-05,19,120,26.976682916666668,0.08469705475811624,26.81672,27.13059,120,10.817083333333333,0.0511119357096647,10.72,10.89,120,736.35,18.707680532988704,697,763
P3,2025-08-05,20,113,26.765116283185844,0.05892094025342783,26.6591,26.89426,113,10.831858407079647,0.03904092798787211,10.73,10.9,113,659.858407079646,21.55137850108642,626,703
P3,2025-08-05,21,120,28.144967583333333,0.6764635434101535,26.69055,28.77629,120,11.456166666666666,0.585972126754623,10.76,12.51,120,608.6416666666667,11.324692908321511,584,631
P3,2025-08-05,22,120,28.932356833333333,0.10364174442861816,28.72805,29.16965,120,13.096499999999999,0.30719837293861885,12.49,13.63,120,574.9333333333333,8.604994966607979,557,590
P3,2025-08-05,23,120,29.237229416666665,0.07522929986700805,29.05285,29.47336,120,13.936916666666667,0.15958873527216894,13.62,14.23,120,550.0333333333333,6.112301047039311,537,563
P3,2025-08-06,0,120,29.53443825,0.10181223503487093,29.30676,29.75813,120,14.399,0.08937128672429707,14.2,14.56,120,530.4333333333333,4.857175811389283,520,541
P3,2025-08-06,1,120,29.681827583333334,0.07331414339568214,29.5507,29.86359,120,14.643416666666667,0.0533656458488287,14.54,14.8,120,519.8583333333333,4.341118303300379,511,529
P3,2025-08-06,2,120,29.83383125,0.06114776575155825,29.70207,29.98215,120,14.855083333333333,0.03573938893669861,14.77,14.93,120,510.3833333333333,3.1627648082796718,500,518
P3,2025-08-06,3,120,29.97623325,0.07540599676532567,29.80676,30.15344,120,15.024833333333333,0.055351942468301524,14.9,15.15,120,503.2083333333333,3.6250664052645245,495,511
P3,2025-08-06,4,120,30.059772416666664,0.05504596748289053,29.93332,30.17922,120,15.166083333333335,0.06152536995792567,15.03,15.28,120,499.825,2.462022465748199,495,506
P3,2025-08-06,5,120,30.12288058333333,0.051724522170576624,29.97863,30.26652,120,15.199,0.022469400294175285,15.15,15.27,120,497.5833333333333,2.764065126296603,491,505
P3,2025-08-06,6,120,30.131888666666665,0.05335108225742944,30.0216,30.30363,120,15.159500000000001,0.020368454766620768,15.12,15.22,120,497.34166666666664,3.134239841453402,487,504
P3,2025-08-06,7,120,29.8476205,0.4369697073608303,28.89973,30.27004,120,14.894166666666667,0.4646632164933036,13.69,15.37,120,499.45,4.537148254764676,490,510
P3,2025-08-06,8,120,28.245422333333334,0.30622253003120564,27.84719,28.86574,120,11.636,0.8711514644133838,10.67,13.68,120,512.5083333333333,16.59148097357078,493,558
P3,2025-08-06,9,120,27.861823166666667,0.0611310230416877,27.77297,28.09309,120,10.620916666666666,0.12164140599590552,10.4,10.81,120,605.5583333333333,31.993643232412687,547,653
P3,2025-08-06,10,120,28.088754833333333,0.14851596073004747,27.82199,28.35871,120,10.819666666666667,0.2602872793417224,10.41,11.16,120,676.25,16.334862444857702,651,711
P3,2025-08-06,11,120,28.428086166666667,0.3523946779140644,27.97258,29.27785,120,10.716166666666668,0.1285810298313591,10.49,11.04,120,747.2916666666666,15.390379966661293,712,774
P3,2025-08-06,12,120,28.398266166666666,0.0911311326779468,28.21691,28.58176,120,10.608749999999999,0.12286880685299581,10.25,10.8,120,829.25,28.282562849652383,774,869
P3,2025-08-06,13,120,28.79367308333333,0.5042171079764436,28.01574,30.02746,120,10.20175,0.2672476033804697,9.45,10.63,120,867.9333333333333,12.714534350636006,849,893
P3,2025-08-06,14,120,28.490179,0.5527622290334682,27.60422,29.39641,120,10.67275,0.7964933255508543,9.17,11.71,120,871.3166666666667,15.886140745540253,844,953
P3,2025-08-06,15,120,29.0917285,0.8455682755338721,27.90695,30.52629,120,11.17375,0.8465789410098405,10.12,12.6,120,1476.8416666666667,271.74716362526283,964,1910
P3,2025-08-06,16,120,27.82281075,0.26942671774322446,27.06398,28.4593,120,10.56225,0.6280896238836078,10.09,12.18,120,1970.775,174.62297742192297,1428,2143
P3,2025-08-06,17,120,28.12774425,0.2633607037412055,27.58019,28.74328,120,11.522083333333335,0.36499544335439094,10.72,12.07,120,1015.9833333333333,148.09893260093062,855,1431
P3,2025-08-06,18,120,27.364443416666667,0.10604894073532928,27.18078,27.6259,120,10.64275,0.04295713125955457,10.57,10.74,120,817.3583333333333,21.946380736945482,780,855
P3,2025-08-06,19,120,27.191731833333332,0.12554300094934387,27.005,27.7759,120,10.509166666666665,0.08627280683320575,10.39,10.87,120,751.5166666666667,21.365952390863278,714,784
P3,2025-08-06,20,118,27.133136355932205,0.2389063807688603,26.89113,27.905,118,10.711186440677967,0.08297017785243119,10.62,10.93,118,685.6779661016949,26.4076786799559,500,727
P3,2025-08-06,21,120,26.95741525,0.07842290552421743,26.77297,27.14621,120,10.684416666666667,0.13397476140929665,10.34,10.97,120,631.15,13.072936956639424,609,660
P3,2025-08-06,22,120,27.119187833333335,0.11993921880982475,26.93352,27.34816,120,10.3735,0.16908378908426472,10.14,10.63,120,591.6083333333333,10.535490905859776,573,612
P3,2025-08-06,23,120,27.231459583333333,0.18652874038308864,27.0009,27.69973,120,10.640583333333332,0.2548332650915047,10.28,11.07,120,558.2416666666667,8.913209754249547,540,577
P3,2025-08-07,0,120,27.48805175,0.3877518775375418,26.89992,28.09133,120,10.64375,0.3308889541825166,10.21,11.14,120,528.6083333333333,7.279874217831567,514,544
P3,2025-08-07,1,120,27.925626166666667,0.08576075538971238,27.75148,28.15148,120,11.239749999999999,0.09006498587504894,11.11,11.41,120,518.5333333333333,3.925639343814287,509,528
P3,2025-08-07,2,120,28.08408808333333,0.12471335792879537,27.84504,28.38273,120,11.566916666666666,0.11271885031211658,11.36,11.72,120,510.7916666666667,4.035339339564076,500,520
P3,2025-08-07,3,120,27.723141166666668,0.31215039964245334,27.32063,28.30734,120,11.329416666666667,0.37444030127069317,10.74,11.81,120,502.4916666666667,5.762813028860286,491,515
P3,2025-08-07,4,120,27.258518416666668,0.08686146300066007,27.06848,27.4218,120,10.56175,0.1009589524709606,10.42,10.76,120,495.30833333333334,2.8069416753162777,489,502
P3,2025-08-07,5,120,27.080480416666667,0.07046244425994427,26.93996,27.24953,120,10.381333333333334,0.06288489328862353,10.29,10.58,120,490.2416666666667,3.1516191205843196,484,497
P3,2025-08-07,6,120,27.184878083333334,0.05638452121309697,27.04875,27.31086,120,10.797083333333335,0.08145108170849646,10.58,10.91,120,491.28333333333336,2.3305906249413293,486,497
P3,2025-08-07,7,120,27.4480955,0.1467498569644115,27.22922,27.83684,120,10.950333333333333,0.14346804951797845,10.7,11.21,120,493.975,5.2938246884395666,482,507
P3,2025-08-07,8,120,27.645821833333333,0.10985396548484361,27.44191,27.91262,120,10.562833333333334,0.19396431852984053,10.2,10.9,120,532.0833333333334,12.252650773624346,505,555
P3,2025-08-07,9,120,28.143770916666664,0.18189130011393057,27.84797,28.57199,120,10.224250000000001,0.08066595191479078,10.05,10.37,120,621.6,38.33628292147395,557,700
P3,2025-08-07,10,120,28.56361975,0.1255286575768474,28.36887,28.89973,120,10.367083333333333,0.19578927032743465,10.17,10.94,120,725.325,20.765259651720278,688,754
P3,2025-08-07,11,120,28.66128416666667,0.06171181841489361,28.51516,28.86379,120,10.951666666666666,0.031922525261132234,10.87,11.03,120,774.5083333333333,11.412064847766622,748,794
P3,2025-08-07,12,120,28.638583833333332,0.04684614431607829,28.51457,28.77375,120,10.92825,0.08494845199177094,10.71,11.08,120,819.825,16.849139069844515,787,842
P3,2025-08-07,13,120,28.5236445,0.045510955017871835,28.42844,28.71086,120,10.6505,0.07384801562509861,10.57,10.95,120,836.5083333333333,4.939968756634683,823,848
P3,2025-08-07,14,120,27.925143166666665,0.7033852586484964,27.02805,29.54465,120,10.092083333333333,0.5068769028845864,9.41,11.01,120,918.6333333333333,49.12151513644199,817,996
P3,2025-08-07,15,120,27.658964916666665,0.28502386857148465,27.35559,28.25598,120,10.185833333333333,0.15536664866762198,9.93,10.49,120,867.0583333333333,80.63115479297883,794,1011
P3,2025-08-07,16,120,28.019340333333332,0.16068293529708486,27.61887,28.22648,120,10.283999999999999,0.15767960281170407,9.88,10.48,120,808.9583333333334,5.642569045583286,786,819
P3,2025-08-07,17,121,27.75899355371901,0.19465111760043716,27.40187,28.12199,121,9.92595041322314,0.14708602082000305,9.74,10.24,121,791.5619834710744,8.026926105286154,775,810
P3,2025-08-07,18,120,27.449276166666667,0.060274783684450835,27.3218,27.57102,120,10.093416666666666,0.18778002432371038,9.79,10.45,120,762.7666666666667,10.244681615382742,744,781
P3,2025-08-07,19,120,27.265760250000003,0.09003116676469822,27.04113,27.42824,120,10.1715,0.08518541319878975,10.05,10.4,120,727.0833333333334,6.913126393073607,714,749
P3,2025-08-07,20,119,27.2965043697479,0.03650470273021604,27.21848,27.39074,119,10.101512605042016,0.06555678939954616,9.97,10.21,119,683.7983193277311,25.61368140501308,500,722
P3,2025-08-07,21,120,28.27210775,0.7829375283367679,27.24934,29.27277,120,10.438166666666666,0.30170101325743265,10.13,11.08,120,610.275,26.412361028996482,575,655
P3,2025-08-07,22,120,29.282706333333334,0.09918673305949355,29.08879,29.52121,120,11.581583333333333,0.24384867822309098,11.06,11.96,120,560.3666666666667,8.947966609379767,543,578
P3,2025-08-07,23,120,29.594768416666668,0.09186685230774774,29.33723,29.79367,120,12.265083333333333,0.18776436078785724,11.96,12.64,120,533.4666666666667,6.868431417729767,519,552
P3,2025-08-08,0,120,29.890139666666666,0.09366174320064523,29.70988,30.14113,120,12.906749999999999,0.15602823758656373,12.61,13.17,120,511.0833333333333,4.913680667593366,500,524
P3,2025-08-08,1,120,30.04941075,0.07074500330560554,29.88566,30.25344,120,13.402416666666666,0.14380773715661505,13.14,13.65,120,505.2,2.994673141912272,499,512
P3,2025-08-08,2,120,30.23096225,0.08301365979995405,30.09738,30.47355,120,13.7535,0.08551033157883725,13.57,13.91,120,500.825,4.19014951298595,490,509
P3,2025-08-08,3,120,30.321092083333333,0.06612517930138316,30.18625,30.48293,120,14.037833333333333,0.08371804754408427,13.86,14.17,120,499.45,2.927269643033453,492,505
P3,2025-08-08,4,120,30.419482333333335,0.07838176513344233,30.25695,30.59738,120,14.226333333333335,0.06487134434036862,14.11,14.34,120,496.8833333333333,3.442647343003824,489,506
P3,2025-08-08,5,120,30.474812583333335,0.06917943105797568,30.29406,30.65773,120,14.2705,0.0228568802505925,14.23,14.33,120,496.7916666666667,3.2459304406857155,487,504
P3,2025-08-08,6,120,30.493483,0.07797077208908618,30.34484,30.72199,120,14.299583333333334,0.01844345586992301,14.25,14.34,120,497.90833333333336,4.43059613063848,486,505
P3,2025-08-08,7,120,30.554026833333335,0.08815599247002748,30.36379,30.76516,120,14.268833333333333,0.03223295806211654,14.19,14.38,120,499.925,4.2725673701854205,486,511
P3,2025-08-08,8,120,29.406925166666667,0.3136084071796431,29.0593,30.33527,120,12.667666666666666,0.729097212378457,11.65,14.15,120,528.6333333333333,18.886184240922585,505,580
P3,2025-08-08,9,120,28.999318000000002,0.3982979693047231,28.53801,29.75383,120,11.243,0.1613681005203524,10.98,11.71,120,610.0666666666667,28.0496957946725,571,656
P3,2025-08-08,10,120,29.35880716666667,0.9113347850565588,27.30168,30.43137,120,11.161333333333333,0.6479754292122079,9.93,11.74,120,686.2916666666666,26.74730673108861,649,737
P3,2025-08-08,11,120,27.637923166666667,0.5641231388340983,26.76418,28.44973,120,10.19975,0.3122013530943602,9.74,10.53,120,740.0666666666667,24.531829207331967,700,793
P3,2025-08-08,12,120,28.23925625,0.13993907731498184,27.99387,28.51535,120,10.677416666666666,0.21643985650659434,10.42,11.01,120,776.6166666666667,25.063342723176074,730,814
P3,2025-08-08,13,120,28.546474333333332,0.07036752792379601,28.40695,28.70481,120,10.506416666666667,0.16535063753531146,10.22,10.78,120,807.6916666666667,5.068929632481354,796,819
P3,2025-08-08,14,120,28.7605625,0.17444860899970596,28.52375,29.24699,120,10.102916666666665,0.11639830078557992,9.92,10.48,120,791.9333333333333,6.015013894984955,780,805
P3,2025-08-08,15,120,29.05122233333333,0.1603556386440062,28.76027,29.33078,120,10.381499999999999,0.11672455546601498,10.18,10.53,120,795.5583333333333,3.8035715929564167,785,804
P3,2025-08-08,16,120,28.45470175,0.1637951640797232,28.20617,28.80891,120,9.880583333333334,0.17226272602832945,9.64,10.2,120,800.3,5.824607318967357,784,811
P3,2025-08-08,17,120,28.172455833333334,0.10319875684535186,27.99484,28.46496,120,9.872916666666667,0.23045951843187898,9.57,10.25,120,816.5166666666667,6.209214260813887,803,827
P3,2025-08-08,18,120,27.846818166666665,0.09737124691623456,27.64621,28.01379,120,9.96,0.035645311547160566,9.88,10.03,120,806.0583333333333,12.163657008512143,783,824
P3,2025-08-08,19,120,27.501581833333333,0.08156928235249082,27.33527,27.69602,120,9.92,0.019228829895749033,9.87,9.95,120,762.45,17.13262649906044,725,791
P3,2025-08-08,20,114,27.418716228070178,0.16287562812185583,27.25305,27.8507,114,10.18938596491228,0.28584693313345844,9.93,10.73,114,681.421052631579,20.65986435924367,651,729
P3,2025-08-08,21,120,28.327947083333335,0.8838544303300742,27.2382,29.58117,120,10.637583333333334,0.3048294628157851,10.15,11.3,120,620.4833333333333,19.94066127260554,586,652
P3,2025-08-08,22,120,29.685089666666666,0.13067110900769177,29.36926,30.02727,120,11.932833333333333,0.31623888251181814,11.31,12.43,120,572.475,9.166033846249265,553,593
P3,2025-08-08,23,120,30.06142725,0.11049227978630086,29.82199,30.29055,120,12.925749999999999,0.27615506087533176,12.42,13.37,120,544.7083333333334,5.831522327922906,534,558
P3,2025-08-09,0,120,30.335501166666667,0.09138244318794449,30.11867,30.56125,120,13.776916666666667,0.22887667162103992,13.4,14.18,120,526.4333333333333,5.542400859096447,515,537
P3,2025-08-09,1,120,30.553201416666663,0.08251528576797786,30.36027,30.76652,120,14.490333333333332,0.16797325384001532,14.2,14.74,120,511.94166666666666,4.266925434204867,500,522
P3,2025-08-09,2,120,30.6448785,0.06479424789868639,30.49992,30.80109,120,14.903416666666667,0.09425957217587534,14.68,15.06,120,506.76666666666665,3.314681711105693,500,516
P3,2025-08-09,3,120,30.765040916666667,0.07485493366579961,30.55383,30.96066,120,15.25875,0.10419408602711021,15.03,15.48,120,500.45,3.419789172331163,492,508
P3,2025-08-09,4,120,30.8158445,0.08003103419950268,30.62551,31.08859,120,15.494,0.0634233475023464,15.42,15.67,120,501.625,3.6920593875245977,492,510
P3,2025-08-09,5,120,30.89315725,0.08432655916998825,30.7091,31.09875,120,15.644499999999999,0.03332675005018561,15.57,15.73,120,503.48333333333335,3.8369791455760245,492,511
P3,2025-08-09,6,120,30.91196425,0.07273546763123023,30.74211,31.12844,120,15.610916666666666,0.0230817266781043,15.55,15.66,120,506.51666666666665,3.471331164844765,498,513
P3,2025-08-09,7,120,30.899894083333333,0.06332695989523623,30.79367,31.12238,120,15.631583333333333,0.03540867845322663,15.56,15.7,120,511.9583333333333,3.05797162776089,503,520
P3,2025-08-09,8,120,31.015221166666667,0.049945698752124686,30.89309,31.10891,120,15.550916666666666,0.08192018900702216,15.37,15.67,120,511.6166666666667,2.7537089834015154,505,517
P3,2025-08-09,9,120,30.870829833333335,0.2743427214086124,30.46984,31.2966,120,14.490166666666665,0.7221408221024349,13.24,15.4,120,513.9583333333334,10.07984579825146,492,530
P3,2025-08-09,10,120,30.221818,0.20687776734384763,29.89152,30.60851,120,12.409249999999998,0.4296493831451094,11.68,13.23,120,522.4166666666666,4.569874560794905,513,533
P3,2025-08-09,11,120,30.126664333333334,0.1138989972785767,29.89152,30.33254,120,11.5935,0.15323760865362845,11.31,11.81,120,515.7333333333333,3.2325376594693256,508,526
P3,2025-08-09,12,120,30.463268000000003,0.10091012249113343,30.23195,30.75402,120,11.862,0.06409813904140599,11.74,11.99,120,506.3,3.255506001796274,500,514
P3,2025-08-09,13,120,30.65282416666667,0.09499203568193004,30.4384,30.90383,120,11.572000000000001,0.07705285755338599,11.44,11.75,120,499.31666666666666,3.9789009363220647,490,507
P3,2025-08-09,14,120,31.1843915,0.3728440735561859,30.80383,32.055,120,11.443166666666666,0.02681976360611806,11.36,11.49,120,479.75,16.732823878771406,441,501
P3,2025-08-09,15,120,32.08929691666667,0.07252351383158773,31.91086,32.22473,120,11.752999999999998,0.1875028291103091,11.45,12.08,120,446.80833333333334,2.974106273025467,440,454
P3,2025-08-09,16,120,31.97564433333333,0.08205051764985745,31.82395,32.15363,120,12.376916666666666,0.16715009022153,12.07,12.65,120,450.85833333333335,3.2235890883678926,443,458
P3,2025-08-09,17,120,31.908561583333334,0.04993727189547652,31.78469,32.03059,120,12.95525,0.1548106053518704,12.66,13.2,120,453.7416666666667,2.4750717953540136,447,459
P3,2025-08-09,18,120,31.92390741666667,0.03768669092799607,31.84484,32.01867,120,13.437583333333333,0.1401379622350223,13.21,13.7,120,454.64166666666665,2.343579942476629,449,461
P3,2025-08-09,19,120,31.89894866666667,0.0532140334200415,31.76027,32.0425,120,13.94225,0.1254803376073336,13.7,14.14,120,458.0416666666667,3.396478238671709,448,466
P3,2025-08-09,20,120,31.90572275,0.04887183266983402,31.81848,32.05598,120,14.2715,0.081926899164576,14.12,14.38,120,438.80833333333334,21.59648891216652,411,467
P3,2025-08-09,21,120,31.951090333333333,0.05488096878100494,31.84875,32.07805,120,14.384416666666668,0.020734246154260616,14.34,14.45,120,417.51666666666665,3.2924240344173423,409,428
P3,2025-08-09,22,120,31.956632416666665,0.07500745019574126,31.8177,32.16535,120,14.568999999999999,0.0893242605869864,14.43,14.77,120,420.4,4.04262997847406,410,430
P3,2025-08-09,23,120,32.06203775,0.06739193257035322,31.91984,32.21223,120,14.92,0.08274695658167343,14.75,15.1,120,419.5083333333333,3.7371535326516687,411,428
P3,2025-08-10,0,120,32.03556808333333,0.07045493372512124,31.87336,32.27004,120,15.23325,0.08055649408642518,15.1,15.41,120,422.15,3.875477742303845,411,430
P3,2025-08-10,1,120,32.13433308333334,0.07179745492780693,31.94855,32.34211,120,15.593083333333334,0.10203637375283009,15.36,15.74,120,421.23333333333335,4.7433869637585575,407,432
P3,2025-08-10,2,120,32.09644075,0.06235478009161056,31.96379,32.24426,120,15.842333333333332,0.05663881338863663,15.7,15.93,120,427.725,3.5265201740263987,418,436
P3,2025-08-10,3,120,32.1632765,0.06042817715577418,31.99152,32.31828,120,15.863583333333334,0.031243038440271417,15.78,15.93,120,428.09166666666664,3.6113635622450446,415,437
P3,2025-08-10,4,120,32.15157708333333,0.0774036088707112,31.99172,32.31105,120,15.738750000000001,0.04991694783009284,15.61,15.83,120,431.2416666666667,3.839195979669223,423,441
P3,2025-08-10,5,120,32.093219500000004,0.07435261397415753,31.86164,32.26906,120,15.561916666666667,0.047937210916742495,15.48,15.65,120,433.95,3.1001490883097573,425,440
P3,2025-08-10,6,120,32.11012375,0.08677465773666183,31.9343,32.32238,120,15.412583333333334,0.04801078018534535,15.33,15.51,120,435.15,3.7453612766243256,424,442
P3,2025-08-10,7,120,32.1766055,0.05982741507625027,32.03391,32.31516,120,15.345083333333333,0.030651081473877594,15.26,15.4,120,435.5083333333333,3.3556570405316433,426,445
P3,2025-08-10,8,120,32.214284166666665,0.053670641906551436,32.09933,32.37102,120,15.227916666666665,0.035737037570868685,15.14,15.31,120,439.525,3.37305810925387,429,447
P3,2025-08-10,9,120,32.30375983333333,0.07904108710279861,32.16399,32.50988,120,15.155750000000001,0.012942179105543895,15.13,15.18,120,443.725,3.0485221657317614,434,450
P3,2025-08-10,10,120,32.57842166666667,0.12435089839503458,32.39387,32.86867,120,15.141250000000001,0.01399654819391415,15.11,15.18,120,437.18333333333334,6.153475936935297,420,448
P3,2025-08-10,11,120,33.02115358333334,0.11492074560062936,32.81965,33.27746,120,15.114083333333333,0.022953948538352135,15.05,15.16,120,417.325,5.553653502595488,405,428
P3,2025-08-10,12,120,33.54982591666667,0.15532055232847805,33.08449,33.79485,120,15.005833333333333,0.05020267047926185,14.91,15.09,120,401.40833333333336,3.399198702742766,400,417
P3,2025-08-10,13,120,33.71967158333334,0.16638511898147682,33.39856,34.06965,120,14.911583333333335,0.042604213965510854,14.83,15.0,120,400.2916666666667,0.8239669705925095,400,404
P3,2025-08-10,14,120,33.321315750000004,0.11309814003079367,33.07141,33.58937,120,14.898333333333333,0.018118811123432298,14.85,14.95,120,403.3333333333333,2.291135028733159,400,412
P3,2025-08-10,15,120,33.08559733333333,0.059645011579128944,32.93664,33.27453,120,14.948333333333332,0.01676998786514971,14.9,14.98,120,408.8333333333333,2.488066757640616,402,415
P3,2025-08-10,16,120,33.01614933333333,0.04722887534950113,32.92199,33.14836,120,14.978250000000001,0.019517822064752142,14.94,15.03,120,415.65,3.171962253529286,409,424
P3,2025-08-10,17,120,32.975001666666664,0.05072855361451765,32.85442,33.09914,120,15.050749999999999,0.02899326203960952,14.99,15.12,120,422.925,3.1520634831298113,415,431
P3,2025-08-10,18,120,32.92628766666667,0.07674642328438884,32.74719,33.09523,120,15.150833333333333,0.030749279784783628,15.09,15.25,120,428.23333333333335,2.9183088614202983,420,435
P3,2025-08-10,19,120,32.896574,0.07362935982041001,32.74191,33.09914,120,15.251416666666668,0.05373911198431275,15.17,15.36,120,432.175,2.6778346325581555,425,439
P3,2025-08-10,20,120,32.85265158333333,0.07270525728561944,32.66926,33.01477,120,15.342416666666667,0.021808788350105676,15.31,15.41,120,455.475,18.318362234598975,429,478
P3,2025-08-10,21,120,32.80411458333334,0.07719784888255282,32.62981,33.00461,120,15.445166666666667,0.053262996336212134,15.35,15.54,120,473.3833333333333,2.580415357528105,468,479
P3,2025-08-10,22,120,32.81821141666667,0.07493960405526279,32.65012,33.04445,120,15.572666666666667,0.0782125238024686,15.46,15.74,120,474.28333333333336,2.6857336550943187,464,481
P3,2025-08-10,23,120,32.73378941666667,0.10352729648002022,32.56613,33.03098,120,15.6945,0.022820085506436702,15.64,15.75,120,476.7083333333333,2.7756317573952347,467,483
P3,2025-08-11,0,120,32.647036666666665,0.07446136703279597,32.50715,32.86028,120,15.678166666666668,0.022898509486311187,15.63,15.75,120,477.6,2.316908981140763,471,483
P3,2025-08-11,1,120,32.64281591666666,0.07155584373244336,32.48859,32.81672,120,15.652166666666666,0.017878362742201184,15.61,15.7,120,478.93333333333334,2.4622642218168425,473,485
P3,2025-08-11,2,120,32.63836425,0.08252892065191444,32.47082,32.84563,120,15.619499999999999,0.024728780904889856,15.57,15.68,120,482.825,3.072410435204407,474,490
P3,2025-08-11,3,120,32.6598105,0.07593817839244164,32.49953,32.90832,120,15.8295,0.0679081188448183,15.65,15.91,120,490.44166666666666,2.8953623692553117,478,496
P3,2025-08-11,4,120,32.616538500000004,0.05926315637572572,32.48332,32.87668,120,15.85525,0.0239032538834887,15.81,15.93,120,492.5,2.6282243102920337,486,500
P3,2025-08-11,5,120,32.58784541666667,0.07798154671713116,32.42082,32.82883,120,15.891666666666667,0.022653151350451022,15.85,15.95,120,492.25,3.0327345732188236,484,498
P3,2025-08-11,6,120,32.80849308333333,0.12174005905817106,32.55188,33.16066,120,15.966583333333334,0.0414545581589881,15.89,16.1,120,488.21666666666664,3.4718152889461655,480,496
P3,2025-08-11,7,120,30.150672333333333,1.7535395052905605,27.44445,33.20695,120,12.585416666666667,1.7936905740261173,10.26,16.11,120,468.35,18.448952966123024,437,499
P3,2025-08-11,8,120,27.240359916666666,0.22138285301159963,26.77707,27.73781,120,10.0735,0.3369703126339755,9.69,10.91,120,474.81666666666666,27.251083806473552,434,539
P3,2025-08-11,9,120,28.12572275,0.6496639312118122,26.88117,29.13566,120,10.674833333333334,0.6536439337719463,9.51,11.53,120,587.8,30.563778199285576,542,644
P3,2025-08-11,10,120,27.352278666666667,0.298661367553278,26.9968,28.09387,120,10.444333333333333,0.2535553354265083,9.52,10.83,120,675.675,20.99306107849401,636,720
P3,2025-08-11,11,120,28.58360675,0.276786601251225,27.80949,28.94211,120,10.497166666666667,0.09655566891115035,10.36,10.69,120,765.3666666666667,21.863569842880295,715,800
P3,2025-08-11,12,120,29.07407375,0.14986489811099477,28.83527,29.36125,120,10.385,0.08008398952444429,10.26,10.58,120,844.375,21.72713228456357,800,866
P3,2025-08-11,13,120,29.109597916666665,0.05275495641848152,29.01164,29.2382,120,10.301,0.10856125560478318,10.15,10.51,120,852.325,12.682392015187753,827,874
P3,2025-08-11,14,120,29.190128333333334,0.09280053170426344,29.02316,29.40148,120,10.345916666666666,0.09146332169611239,10.23,10.56,120,816.9416666666667,5.218415731340113,804,829
P3,2025-08-11,15,120,28.603923583333334,0.8813539262238839,27.1966,30.28449,120,10.046166666666666,0.4844353610623613,9.29,10.74,120,852.5583333333333,17.42006755157397,805,880
P3,2025-08-11,16,120,28.68087716666667,0.1103227684217561,28.48156,28.97355,120,10.99925,0.14715887772784,10.5,11.15,120,827.9,6.181294634730243,815,844
P3,2025-08-11,17,120,27.79747508333333,0.9650549901804888,26.28195,29.25793,120,10.52375,0.5291868861793558,9.75,11.35,120,795.025,14.129332086481783,766,825
P3,2025-08-11,18,120,28.437120916666668,0.13776184531111216,28.22961,28.80168,120,11.282083333333333,0.1477102309419685,11.1,11.62,120,800.4833333333333,8.459476644452518,780,812
P3,2025-08-11,19,120,28.091575416666668,0.125030571245774,27.89836,28.40559,120,11.301250000000001,0.054365128776550434,11.2,11.46,120,741.2333333333333,21.02009176247991,703,781
P3,2025-08-11,20,113,27.81258743362832,0.05545097697804045,27.68742,28.00246,113,11.201681415929203,0.04077163437251296,11.11,11.31,113,679.1592920353983,16.222540740147277,646,709
P3,2025-08-11,21,120,28.9799625,1.0265732894982864,27.73781,30.38801,120,11.488416666666668,0.36684893928932705,11.07,12.24,120,609.7416666666667,26.465927305183268,567,652
P3,2025-08-11,22,120,30.601322999999997,0.12430916030390411,30.27121,30.8259,120,12.861666666666668,0.33548743751188803,12.23,13.39,120,554.7916666666666,9.742823977041757,531,576
P3,2025-08-11,23,120,30.907414666666668,0.15823491723327343,30.60617,31.24992,120,13.795916666666667,0.22967092217561103,13.36,14.11,120,523.1416666666667,9.027777705954094,508,550
P3,2025-08-12,0,120,31.228415916666666,0.11239467509962008,30.95656,31.56477,120,14.264666666666667,0.09390620506728889,14.09,14.44,120,504.28333333333336,5.356506031243204,492,517
P3,2025-08-12,1,120,31.370451,0.10877980876812351,31.06691,31.63938,120,14.666166666666667,0.13935133841555872,14.41,14.88,120,493.10833333333335,3.1829267049311185,483,503
P3,2025-08-12,2,120,31.448616583333333,0.10438637189695156,31.20148,31.63352,120,14.824000000000002,0.02423276481865636,14.76,14.88,120,487.35833333333335,4.103279756719561,477,496
P3,2025-08-12,3,120,31.537711333333334,0.08452512051577973,31.34621,31.80519,120,14.806416666666667,0.019737599376106918,14.76,14.86,120,486.7583333333333,3.0596199943463556,476,492
P3,2025-08-12,4,120,31.60493316666667,0.08571603712339977,31.38176,31.84523,120,14.81075,0.019795700237658732,14.75,14.86,120,487.9916666666667,3.6610505755215392,478,494
P3,2025-08-12,5,120,31.62552916666667,0.08353084613747601,31.39875,31.89367,120,14.858583333333334,0.03024537837695838,14.79,14.93,120,491.94166666666666,3.870369737474953,482,513
P3,2025-08-12,6,120,31.76992058333333,0.10599828986487586,31.50988,31.95305,120,14.980333333333334,0.04168576593073884,14.88,15.04,120,492.1166666666667,3.550791918614748,485,500
P3,2025-08-12,7,120,31.637996083333334,0.10684721712436193,31.24719,31.87531,120,14.995583333333334,0.07430117943953984,14.93,15.27,120,505.0833333333333,7.360561877225197,489,525
P3,2025-08-12,8,120,30.274595083333335,0.34386819101451066,29.76262,31.21828,120,13.425749999999999,0.7543361069078401,12.2,14.93,120,533.2666666666667,16.77920548460722,502,577
P3,2025-08-12,9,120,29.638167083333332,0.5427437092357305,28.21652,30.38,120,11.592,0.5813785414025555,10.48,12.25,120,678.3833333333333,64.55174243179162,573,800
P3,2025-08-12,10,120,28.14272941666667,0.26953814951853505,27.79719,28.86027,120,10.93625,0.3295631498634195,10.44,11.62,120,915.525,54.44710060880997,801,1003
P3,2025-08-12,11,120,27.716513916666667,0.3949567744464834,26.8718,28.51828,120,10.790666666666668,0.35939896917996034,10.19,11.4,120,960.1833333333333,71.93647797011668,827,1041
P3,2025-08-12,12,120,28.944573,0.17159153153184709,28.52434,29.18234,120,11.461583333333333,0.07983171200028717,11.24,11.55,120,848.175,15.221425909640788,822,874
P3,2025-08-12,13,120,28.402965666666667,1.266937686965437,26.55598,30.25246,120,10.500583333333333,0.6163286472334057,9.47,11.66,120,892.0666666666667,25.63798827086534,849,933
P3,2025-08-12,14,120,26.8893505,0.4073964391597975,26.3759,27.905,120,10.435083333333333,0.2604746663703167,10.01,10.91,120,874.75,15.30158996516979,853,906
P3,2025-08-12,15,120,27.94195458333333,1.136874231453364,26.65812,29.95422,120,11.049333333333333,0.29197885653085437,10.72,11.6,120,842.0416666666666,16.674035485861108,809,870
P3,2025-08-12,16,120,28.462672333333334,0.8747866307980934,27.12141,30.30715,120,10.707166666666666,0.4599382189665325,10.09,11.66,120,845.2166666666667,6.706554342466671,827,863
P3,2025-08-12,17,120,28.02198716666667,0.04889656962729093,27.89621,28.12102,120,11.010416666666666,0.05366243437214796,10.89,11.11,120,822.575,5.993921991512504,811,835
P3,2025-08-12,18,120,27.91654325,0.09873479604401439,27.68234,28.09699,120,11.193333333333333,0.11836656731401071,10.97,11.36,120,789.6416666666667,18.950087396234483,749,818
P3,2025-08-12,19,120,27.588104416666667,0.05853639274234952,27.48117,27.77043,120,11.342833333333335,0.07284360285015429,11.25,11.48,120,720.3333333333334,17.103409328091956,686,750
P3,2025-08-12,20,118,27.41567915254237,0.09060543804151225,27.26926,27.65695,118,11.537372881355934,0.14456789707653506,11.4,11.84,118,639.8983050847457,27.658290307676936,500,688
P3,2025-08-12,21,120,28.748602,0.8962128241320917,27.3343,29.83527,120,12.159333333333333,0.5140950004306472,11.55,13.07,120,572.2833333333333,18.793966193065977,547,607
P3,2025-08-12,22,120,30.017847916666664,0.17370115746795273,29.62785,30.37297,120,13.627,0.29609106026083953,13.04,14.07,120,535.3416666666667,8.788357303252557,515,553
P3,2025-08-12,23,120,30.317109249999998,0.11518500139554025,30.0507,30.5882,120,14.360833333333334,0.13646548696155203,14.03,14.59,120,514.8083333333333,5.571982483418102,499,526
P3,2025-08-13,0,120,30.60898075,0.10793078518286174,30.33312,30.85109,120,14.690249999999999,0.11276108825836202,14.52,14.89,120,495.98333333333335,5.67166528586146,485,509
P3,2025-08-13,1,120,30.844884416666666,0.13418925307189541,30.51672,31.11711,120,14.978250000000001,0.04076294453371738,14.83,15.07,120,481.4,4.450285610700388,472,492
P3,2025-08-13,2,120,30.94513016666667,0.10124230510428534,30.72043,31.23762,120,14.949166666666667,0.04127349513380603,14.87,15.03,120,476.40833333333336,3.044476561744882,467,482
P3,2025-08-13,3,121,31.014421487603304,0.087558839289752,30.83371,31.22629,121,14.976942148760331,0.03273232284268399,14.87,15.03,121,472.0082644628099,3.82861129690778,463,480
P3,2025-08-13,4,120,31.018227000000003,0.10587927766878659,30.76457,31.20871,120,15.041833333333333,0.03282198825734479,14.96,15.09,120,469.6333333333333,3.337924009721891,461,477
P3,2025-08-13,5,120,31.0920315,0.10263762851725972,30.84094,31.36555,120,15.156833333333333,0.04634513079557993,15.04,15.29,120,468.55,3.6411513554475134,458,477
P3,2025-08-13,6,120,31.164064083333336,0.08484456333132782,30.96281,31.36262,120,15.219666666666665,0.04618074343734402,15.15,15.32,120,468.9583333333333,3.2652893969659638,459,476
P3,2025-08-13,7,120,30.564586333333335,0.7602299347924388,29.04504,31.33859,120,14.796416666666666,0.6192212455822151,13.22,15.37,120,463.8333333333333,11.500334911698486,444,478
P3,2025-08-13,8,120,28.489974166666666,0.20945468849389098,28.26008,29.04934,120,11.88725,0.5182954650347901,11.31,13.17,120,492.2083333333333,30.616603347860455,448,551
P3,2025-08-13,9,120,28.21754566666667,0.3971246410815803,27.10324,28.9882,120,10.958833333333333,0.22490402559379077,10.36,11.28,120,643.3583333333333,50.7204889290206,551,728
P3,2025-08-13,10,120,27.289570416666667,0.5343153695715012,26.42316,28.42258,120,10.793833333333334,0.752207042092581,9.87,12.0,120,809.3333333333334,36.80594885542907,726,865
P3,2025-08-13,11,120,27.935551416666666,0.4836466602005895,26.96848,29.09758,120,11.411166666666666,0.572682297618497,10.5,12.29,120,853.5916666666667,26.55816379996501,803,909
P3,2025-08-13,12,120,28.214648333333333,0.1251204578542941,27.93957,28.46281,120,10.958499999999999,0.08675910820854804,10.85,11.14,120,848.3,28.752668856760963,807,890
P3,2025-08-13,13,119,28.55063201680672,0.5698560439708751,27.57316,29.64524,119,10.841344537815125,0.19851108652704866,10.48,11.28,119,880.0504201680673,14.359104322366608,849,907
P3,2025-08-13,14,120,28.16428875,0.6377606292867022,27.09406,29.52531,120,10.213916666666668,0.5433854286688569,9.3,11.09,120,894.1083333333333,24.438499669710485,845,950
P3,2025-08-13,15,121,28.51876834710744,0.48434697167999274,27.84133,29.37551,121,9.74586776859504,0.4444391023554058,9.12,10.39,121,1131.0,107.28839639028998,928,1289
P3,2025-08-13,16,120,28.290665833333332,0.7472281724514851,26.67414,29.07297,120,9.785666666666666,0.2819998609372492,9.19,10.15,120,1218.0166666666667,64.67293062156749,1097,1319
P3,2025-08-13,17,120,27.9393295,0.6922920747253164,26.81672,29.00363,120,10.697416666666667,0.6792735811432805,9.24,11.53,120,930.6416666666667,62.189165993336566,879,1119
P3,2025-08-13,18,120,27.014040916666666,0.534851859743036,25.99895,28.16965,120,10.736083333333333,0.575047379609294,9.69,11.8,120,859.0083333333333,35.28193668185476,791,911
P3,2025-08-13,19,120,27.229360583333335,0.06391748856951943,27.11926,27.41613,120,10.843833333333333,0.02625611840126744,10.79,10.9,120,753.5583333333333,22.997550411510538,712,795
P3,2025-08-13,20,117,27.251162307692308,0.15190014623035153,27.04621,27.64699,117,10.95888888888889,0.21651940176574455,10.77,11.38,117,670.4273504273505,24.786786051177195,629,713
P3,2025-08-13,21,120,27.83022775,0.8364786692910537,26.9384,29.0257,120,11.212333333333333,0.2867280893091557,10.88,11.8,120,589.6416666666667,20.26330700167802,561,630
P3,2025-08-13,22,120,29.151237166666665,0.15645833832761594,28.86066,29.50441,120,12.36725,0.28347769019860536,11.77,12.76,120,544.7583333333333,10.728111061448908,526,565
P3,2025-08-13,23,120,29.558245250000002,0.1617326118715542,29.23723,29.87844,120,13.057583333333334,0.17185099972488413,12.75,13.32,120,517.0083333333333,9.06790056894595,503,535
P3,2025-08-14,0,120,29.875140416666667,0.11836975381892158,29.58684,30.14562,120,13.493083333333335,0.07686937335651858,13.31,13.63,120,498.3666666666667,5.715868128235863,486,515
P3,2025-08-14,1,120,30.120747416666667,0.07943225531247729,29.95656,30.33937,120,13.740833333333335,0.06715820195356789,13.59,13.83,120,483.675,4.1060776843088895,472,493
P3,2025-08-14,2,120,30.238372833333333,0.06515808404391958,30.08664,30.47863,120,13.91875,0.06915531782294808,13.78,14.05,120,475.84166666666664,3.0264820894125744,467,482
P3,2025-08-14,3,120,30.34752275,0.08346098696082432,30.15852,30.58918,120,14.094583333333333,0.03880344421457015,14.01,14.18,120,470.39166666666665,3.1577458009499533,463,479
P3,2025-08-14,4,120,30.392407166666665,0.07168076130653538,30.23117,30.62238,120,14.224666666666668,0.04946662287554476,14.13,14.32,120,469.85,2.6715117049932573,462,476
P3,2025-08-14,5,120,30.48536258333333,0.06539321783372162,30.29816,30.6507,120,14.362583333333333,0.027424329299639085,14.3,14.42,120,467.6333333333333,2.6755454429642866,459,477
P3,2025-08-14,6,120,30.541022166666668,0.07504352533314226,30.36223,30.73762,120,14.383333333333333,0.016105395167501733,14.35,14.42,120,465.95,3.1055656191949934,457,475
P3,2025-08-14,7,120,30.62377725,0.06927281186585847,30.49621,30.84953,120,14.393833333333333,0.07251987074354894,14.34,14.69,120,467.9,5.0099061531994,458,482
P3,2025-08-14,8,120,29.344759500000002,0.46191345427117053,28.8632,30.53332,120,12.965166666666667,0.8516508766426977,11.88,14.65,120,497.46666666666664,18.958571965746643,476,533
P3,2025-08-14,9,120,28.615028666666667,0.4989896248764481,27.23215,29.56496,120,11.585749999999999,0.32800046756474094,10.82,12.03,120,627.5166666666667,75.40467668590897,528,773
P3,2025-08-14,10,120,27.557503083333334,0.542328370868051,26.77336,28.26711,120,10.973333333333333,0.15495910728309123,10.68,11.24,120,785.1916666666667,56.85412497445231,712,883
P3,2025-08-14,11,120,28.290312083333333,0.2484165712780445,28.00051,28.8425,120,11.00025,0.3024812307532207,10.75,11.65,120,739.2333333333333,11.048961572054093,705,760
P3,2025-08-14,12,120,28.475354583333335,0.08702449076611851,28.30754,28.74035,120,11.082083333333333,0.1933599240382862,10.8,11.52,120,816.125,27.70479511328172,759,855
P3,2025-08-14,13,120,28.975235583333333,0.33019613313270724,28.45793,29.66906,120,10.546583333333333,0.31726906067681043,10.18,11.07,120,881.25,28.064825917534456,823,910
P3,2025-08-14,14,120,28.031748083333333,0.15755189171727035,27.63976,28.34953,120,10.9305,0.3843664436774001,10.12,11.41,120,885.1166666666667,7.090274239796303,867,899
P3,2025-08-14,15,120,27.89577975,0.17514413781951818,27.54719,28.33586,120,10.046583333333333,0.3907297543013053,9.4,11.28,120,869.3,14.438277790173476,819,889
P3,2025-08-14,16,120,28.45843925,0.8078317174331697,26.85305,30.00246,120,10.673833333333333,0.5647401177180723,9.94,11.52,120,936.7333333333333,57.48682469927887,820,1001
P3,2025-08-14,17,120,27.651660250000003,0.561191976736765,27.04934,28.78,120,10.323416666666667,0.1078708832400116,10.15,10.64,120,790.8666666666667,18.14226382496618,763,869
P3,2025-08-14,18,120,26.945778,0.3335469372248877,26.42922,27.52453,120,10.307833333333333,0.20737326121702973,10.04,10.68,120,756.0333333333333,20.966533290157507,722,789
P3,2025-08-14,19,120,27.043375583333333,0.08858722370081393,26.82063,27.21437,120,10.712250000000001,0.07822035777051618,10.6,10.9,120,687.0,25.280942435363492,654,730
P3,2025-08-14,20,114,28.10687236842105,0.7158329605138718,26.96945,28.83625,114,11.179824561403509,0.4497452227751851,10.6,12.08,114,631.3421052631579,19.08380629710133,602,669
P3,2025-08-14,21,120,28.960199833333334,0.15838139966964504,28.70129,29.27121,120,12.688500000000001,0.2856531657315167,12.06,13.1,120,576.9166666666666,15.216412707542887,551,606
P3,2025-08-14,22,120,29.33860483333333,0.11859696079957269,29.11477,29.58137,120,13.341000000000001,0.13279414789171254,13.09,13.59,120,538.9166666666666,9.348152501006451,521,558
P3,2025-08-14,23,120,29.652242583333337,0.10056870956560286,29.47902,29.86223,120,13.726916666666666,0.0910424763118679,13.55,13.88,120,512.6,7.400204403263805,498,528
P3,2025-08-15,0,120,29.87171066666667,0.09264632711167281,29.64309,30.03449,120,13.921249999999999,0.030308289905154582,13.84,13.98,120,494.9916666666667,5.341286524489707,484,509
P3,2025-08-15,1,120,30.052941333333333,0.0919804728174395,29.83234,30.28859,120,13.920333333333334,0.019006117252009916,13.87,13.97,120,483.46666666666664,4.544704801931017,469,493
P3,2025-08-15,2,120,30.230922749999998,0.06913513871381852,30.06652,30.43781,120,14.00025,0.021122392435159766,13.95,14.07,120,476.26666666666665,2.764521121426316,469,482
P3,2025-08-15,3,120,30.301210916666665,0.050787478109924636,30.18781,30.44055,120,14.087250000000001,0.05653826695480059,13.98,14.19,120,472.95,2.424836475470672,465,478
P3,2025-08-15,4,120,30.411002583333335,0.06755227046170292,30.2468,30.57316,120,14.217833333333335,0.023413826746456617,14.16,14.28,120,470.85833333333335,2.8910055629946845,464,477
P3,2025-08-15,5,120,30.480010916666668,0.06236568590294179,30.35305,30.64211,120,14.335749999999999,0.03897127793903564,14.26,14.43,120,471.1666666666667,2.9171568215590624,464,477
P3,2025-08-15,6,120,30.560700583333336,0.0728686930885257,30.40539,30.76769,120,14.46725,0.02666198313212944,14.4,14.52,120,471.15,3.2401110054643287,463,479
P3,2025-08-15,7,120,30.530958166666668,0.13328799725938206,30.00383,30.67414,120,14.498166666666666,0.08953646581971252,14.16,14.7,120,475.975,3.8945393790267127,468,489
P3,2025-08-15,8,120,28.992504666666665,0.4249229664104755,28.36984,30.01047,120,12.57,0.8535708484228515,11.23,14.16,120,504.94166666666666,16.301928448759103,473,534
P3,2025-08-15,9,120,28.31417025,0.0684390795465622,28.18645,28.49016,120,11.09375,0.1050575072611781,10.92,11.34,120,617.325,47.28567969482614,529,682
P3,2025-08-15,10,120,28.309830666666667,0.05324273971467313,28.20891,28.43957,120,10.74025,0.07916011324784321,10.62,10.92,120,706.2583333333333,14.09064045596871,675,726
P3,2025-08-15,11,120,28.557331833333333,0.15080715494685903,28.36535,28.85813,120,10.864,0.20183777494552202,10.63,11.2,120,740.4,16.06938735870273,719,783
P3,2025-08-15,12,120,28.553344583333335,0.05789648699660109,28.4427,28.66262,120,10.930666666666667,0.08888415020048858,10.78,11.08,120,808.8916666666667,10.339445422877727,784,826
P3,2025-08-15,13,120,28.86840983333333,0.533995730197235,27.88254,30.06809,120,10.811166666666667,0.23959764358675345,10.28,11.24,120,824.6416666666667,18.08978347317748,795,864
P3,2025-08-15,14,120,27.76556825,0.3527857466552912,26.86574,28.25109,120,10.439166666666667,0.30978328921120096,9.96,10.93,120,815.275,39.03305268206259,751,858
P3,2025-08-15,15,120,28.296373416666665,0.05776860643904241,28.17063,28.43176,120,10.594583333333333,0.0977812326972151,10.44,10.83,120,750.475,3.0319378388782474,744,758
P3,2025-08-15,16,120,28.537628416666667,0.2922366274272898,28.20988,29.39328,120,10.663583333333333,0.041723294852314914,10.59,10.8,120,764.4916666666667,9.448663444972567,747,781
P3,2025-08-15,17,120,28.39905125,0.10854111505825087,28.19406,28.59855,120,11.022166666666667,0.24414206958256143,10.68,11.32,120,775.5083333333333,10.512094541653388,748,792
P3,2025-08-15,18,120,28.300067833333333,0.04683866097202738,28.18859,28.42121,120,11.139333333333333,0.05929180556605506,11.06,11.3,120,741.775,10.325348184252519,716,758
P3,2025-08-15,19,120,28.117317333333332,0.06839818188567395,27.99348,28.3175,120,11.17225,0.028972966246300087,11.11,11.23,120,682.2416666666667,25.71302381746511,637,722
P3,2025-08-15,20,120,27.925645999999997,0.0680773838036264,27.81437,28.24074,120,11.028333333333334,0.04436921738075257,10.95,11.17,120,609.6166666666667,19.658506116821226,500,641
P3,2025-08-15,21,120,29.3296975,0.27758114631641784,28.3718,29.63137,120,11.954,0.4453332243076759,11.06,12.57,120,538.1583333333333,10.506497256166751,524,572
P3,2025-08-15,22,120,29.629879416666665,0.10851050736634059,29.33977,29.84133,120,12.898416666666666,0.16899602617441997,12.57,13.18,120,515.8916666666667,6.183191954411204,503,529
P3,2025-08-15,23,120,29.88182625,0.1097302682330238,29.64152,30.14231,120,13.3795,0.08781043371323738,13.17,13.49,120,499.9166666666667,5.339850709733478,489,515
P3,2025-08-16,0,120,29.989538083333333,0.08556540361791053,29.82863,30.24465,120,13.624583333333334,0.10451887235265822,13.46,13.84,120,491.18333333333334,4.1907928961044,480,500
P3,2025-08-16,1,120,30.107658,0.09379986785391263,29.94094,30.44563,120,13.923499999999999,0.052750403240322596,13.81,14.04,120,483.10833333333335,4.003770981565856,472,491
P3,2025-08-16,2,120,30.154241416666665,0.07665940277689794,29.9673,30.33371,120,14.106083333333334,0.06168905264053213,13.98,14.24,120,481.875,2.9235712591902168,474,489
P3,2025-08-16,3,120,30.24079941666667,0.08910110212840981,30.05168,30.47531,120,14.27125,0.0524774861690416,14.18,14.39,120,477.8833333333333,3.8636059556315834,467,489
P3,2025-08-16,4,120,30.24010775,0.07527164779730744,30.08996,30.42766,120,14.411249999999999,0.03931263401601725,14.33,14.49,120,477.89166666666665,2.935714115329845,470,484
P3,2025-08-16,5,120,30.21619666666667,0.09388319982277595,29.99777,30.42277,120,14.444666666666667,0.020536228832916153,14.4,14.49,120,477.9916666666667,3.2110519057991493,470,485
P3,2025-08-16,6,120,30.265485,0.08240239094597557,30.10207,30.51164,120,14.444749999999999,0.017773670452232212,14.4,14.52,120,477.225,3.3618284840697203,468,484
P3,2025-08-16,7,120,30.286430666666668,0.05821689045290571,30.17668,30.52414,120,14.48925,0.01888321027399997,14.44,14.54,120,477.84166666666664,2.694519284338038,469,485
P3,2025-08-16,8,120,30.290911083333334,0.06252691596284767,30.14582,30.42063,120,14.579583333333334,0.027236771774472465,14.51,14.64,120,481.18333333333334,2.037395492327614,476,486
P3,2025-08-16,9,120,30.553484583333333,0.125883361112048,30.33078,30.88918,120,14.534833333333333,0.02878443012058691,14.48,14.59,120,477.01666666666665,4.740285658401688,463,487
P3,2025-08-16,10,120,31.179858333333335,0.21032667351964043,30.83098,31.55461,120,14.54925,0.014847261581538703,14.51,14.58,120,454.53333333333336,6.880655300692412,440,467
P3,2025-08-16,11,120,31.665222833333335,0.08948647024333131,31.45012,31.84719,120,14.57125,0.016529194950581128,14.54,14.63,120,444.69166666666666,2.9499916915801907,438,452
P3,2025-08-16,12,120,31.921386916666666,0.08645553003484817,31.73859,32.07121,120,14.687333333333333,0.04318678083876498,14.6,14.77,120,448.0833333333333,2.7822466386974614,440,456
P3,2025-08-16,13,120,32.30759991666667,0.16513890067188108,31.99211,32.58508,120,14.560083333333333,0.04989898760080861,14.47,14.65,120,444.55833333333334,3.993262883831151,436,455
P3,2025-08-16,14,120,32.776089416666665,0.13825941896158314,32.52668,33.02922,120,14.444833333333333,0.03874031911239258,14.34,14.52,120,439.8666666666667,2.8133335988423678,432,446
P3,2025-08-16,15,120,33.15367533333333,0.06505076768462315,32.9757,33.26887,120,14.338166666666666,0.026024659712765876,14.27,14.4,120,438.775,2.6168892303071303,433,447
P3,2025-08-16,16,120,33.10285791666667,0.06401358532145447,32.97375,33.24152,120,14.360166666666666,0.017727315168441265,14.31,14.4,120,446.71666666666664,3.648836198329624,438,453
P3,2025-08-16,17,120,32.660876083333335,0.22556226432231852,32.29797,33.0509,120,14.3435,0.01903777756960876,14.29,14.38,120,454.85833333333335,3.117572405427207,447,463
P3,2025-08-16,18,120,32.14366233333333,0.08047604232183916,31.96066,32.33,120,14.449250000000001,0.066776467701247,14.35,14.62,120,461.18333333333334,2.810494538656971,454,468
P3,2025-08-16,19,120,31.9340935,0.062461129420518936,31.80149,32.06438,120,14.768083333333333,0.09738855585912111,14.6,14.92,120,464.68333333333334,2.2824994899383104,459,470
P3,2025-08-16,20,120,31.788813333333334,0.060112527998817944,31.6257,31.9384,120,14.943083333333334,0.017718424789771335,14.9,14.98,120,446.525,19.15481487180458,422,471
P3,2025-08-16,21,120,31.67775225,0.048984519874463346,31.56379,31.8007,120,15.045916666666667,0.0341153710725409,14.96,15.1,120,428.0833333333333,1.813040221820352,422,433
P3,2025-08-16,22,120,31.61942583333333,0.07251394884745443,31.49738,31.82785,120,15.102083333333333,0.021958548930848816,15.07,15.16,120,427.71666666666664,2.3981201788394393,423,433
P3,2025-08-16,23,120,31.569153916666668,0.057735599511198964,31.44426,31.74406,120,15.130916666666668,0.018741758225965587,15.09,15.18,120,428.4166666666667,2.371339136378423,421,435
P3,2025-08-17,0,120,31.54936,0.08341218805406579,31.37121,31.76105,120,15.174333333333333,0.019819917549088135,15.12,15.25,120,426.0833333333333,2.5057357172283448,417,432
P3,2025-08-17,1,120,31.493901083333334,0.06816595040498562,31.32707,31.66184,120,15.136750000000001,0.026414997649827784,15.07,15.19,120,425.3833333333333,2.2869132009753903,420,431
P3,2025-08-17,2,120,31.452055916666666,0.06709958841557127,31.27785,31.63859,120,15.055166666666667,0.02887187964393197,14.99,15.13,120,425.3333333333333,2.158949843273411,421,433
P3,2025-08-17,3,120,31.367672083333332,0.04961941988855903,31.22883,31.49914,120,15.001166666666668,0.020709407326640224,14.96,15.07,120,426.2083333333333,2.476429502576746,420,432
P3,2025-08-17,4,120,31.36547691666667,0.07200181783181146,31.23547,31.61359,120,14.963083333333334,0.026530332516149533,14.9,15.03,120,425.4166666666667,2.2993727070525942,419,432
P3,2025-08-17,5,120,31.335467583333333,0.08836369213307219,31.1675,31.5675,120,14.920833333333333,0.023784160159858545,14.87,15.0,120,426.05,2.23362387842091,421,431
P3,2025-08-17,6,120,31.405465250000002,0.0858842768498485,31.20344,31.59367,120,14.840166666666667,0.03378088896674859,14.79,14.95,120,427.725,1.9487660392233583,422,433
P3,2025-08-17,7,120,31.569321249999998,0.10201796285695804,31.40012,31.80519,120,14.805416666666668,0.018511673960752074,14.76,14.85,120,427.275,3.459155431969062,417,435
P3,2025-08-17,8,120,31.644893000000003,0.06137889170738627,31.52473,31.81164,120,14.80775,0.01950920920225855,14.76,14.85,120,428.60833333333335,2.5677241446294836,422,434
P3,2025-08-17,9,120,31.7069105,0.05790845153698802,31.58312,31.86867,120,14.678333333333335,0.029286568273399764,14.63,14.78,120,428.3666666666667,2.755996772001533,420,434
P3,2025-08-17,10,120,31.91101375,0.1159352399863529,31.69699,32.18312,120,14.664666666666667,0.0208206964475317,14.61,14.71,120,426.45,3.8932175455710967,416,435
P3,2025-08-17,11,120,32.478926,0.15103879801188783,32.15207,32.81887,120,14.679583333333333,0.017699443723555672,14.64,14.72,120,409.60833333333335,4.396896983240837,400,420
P3,2025-08-17,12,120,32.895763583333334,0.09797251287299723,32.70637,33.13723,120,14.583666666666666,0.052081599410912054,14.49,14.67,120,405.64166666666665,2.195472167716009,400,411
P3,2025-08-17,13,120,33.370249083333334,0.13491345276807978,33.11789,33.61984,120,14.370666666666667,0.08569766412134226,14.22,14.54,120,401.30833333333334,2.011712900867957,400,409
P3,2025-08-17,14,120,33.78704441666667,0.11018822147853671,33.50246,33.94016,120,14.171166666666666,0.0360714355048933,14.09,14.26,120,400.09166666666664,0.3888321954139918,400,402
P3,2025-08-17,15,120,33.90993391666667,0.06968297797155701,33.71692,34.04309,120,14.220916666666666,0.03673653262260416,14.14,14.29,120,400.43333333333334,0.9233964827883002,400,405
P3,2025-08-17,16,120,34.02006633333333,0.04192991854029163,33.93898,34.10168,120,14.304166666666667,0.01972855002970399,14.25,14.35,120,401.3333333333333,1.9155854945981543,400,408
P3,2025-08-17,17,120,33.575842,0.20344079825001266,33.30559,33.98078,120,14.29575,0.022215994692295547,14.24,14.35,120,408.525,3.5384146381198653,400,416
P3,2025-08-17,18,120,33.04674675,0.1176744830951138,32.85949,33.32317,120,14.1805,0.04076680969991746,14.1,14.25,120,413.10833333333335,2.1762500834624414,408,420
P3,2025-08-17,19,120,32.74479841666667,0.07846092064779345,32.59758,32.88879,120,14.235000000000001,0.03468949905285253,14.19,14.34,120,414.18333333333334,2.300834095499719,407,420
P3,2025-08-17,20,120,32.5614755,0.0532540593765797,32.44934,32.71203,120,14.486833333333333,0.10546402734783918,14.32,14.7,120,436.0416666666667,18.247779113553236,412,458
P3,2025-08-17,21,120,32.4629565,0.05650719538699507,32.33098,32.60539,120,14.810416666666667,0.08798773628577149,14.67,14.94,120,452.6333333333333,2.2749395904190424,447,460
P3,2025-08-17,22,120,32.34099666666667,0.04264519402780632,32.26047,32.4843,120,14.95625,0.039344684541633805,14.88,15.07,120,454.94166666666666,2.0713971793236006,450,460
P3,2025-08-17,23,120,32.24074125,0.06389914547584115,32.09895,32.39914,120,15.054583333333333,0.02117933959712448,15.0,15.1,120,456.2583333333333,2.0395082342405524,450,461
P3,2025-08-18,0,120,32.200308,0.09877495489896984,32.02961,32.42512,120,14.795,0.2412154098509897,14.31,15.07,120,454.4583333333333,2.3510978423761473,449,461
P3,2025-08-18,1,120,32.05168641666667,0.05589328416529814,31.89699,32.17238,120,13.815249999999999,0.2620185460752617,13.38,14.31,120,452.5833333333333,2.266242339586989,446,458
P3,2025-08-18,2,120,31.978186583333333,0.05943179526338075,31.87121,32.12414,120,13.038583333333333,0.18682799276219567,12.73,13.39,120,451.05833333333334,2.4641832073837047,443,456
P3,2025-08-18,3,120,31.907912,0.05930785784943913,31.78371,32.05461,120,12.475333333333333,0.13913860650707152,12.23,12.75,120,449.39166666666665,2.312900733693878,444,456
P3,2025-08-18,4,120,31.86995925,0.06734651729577412,31.74504,32.09992,120,12.074833333333334,0.10161703798558239,11.88,12.26,120,448.2916666666667,2.1862666591159297,442,453
P3,2025-08-18,5,120,31.866691,0.05627623946572229,31.73391,31.98137,120,11.75675,0.07801273867105483,11.61,11.9,120,448.65833333333336,2.0883664692299466,444,453
P3,2025-08-18,6,120,29.810139666666664,1.8626284157495954,27.38684,32.70031,120,10.542083333333332,0.9527967640947708,9.37,11.78,120,418.725,21.25513778720199,400,453
P3,2025-08-18,7,120,27.163813583333333,0.15837610483014597,26.70793,27.63371,120,9.487083333333334,0.1999470343031142,9.14,9.91,120,469.80833333333334,9.669579634509562,447,492
P3,2025-08-18,8,120,28.370841416666668,0.6853931410331522,26.9091,29.57141,120,10.220833333333333,0.5056131701915494,9.44,11.05,120,513.8333333333334,14.62433412020472,480,534
P3,2025-08-18,9,120,28.303926,0.47951154564730963,27.3634,29.07453,120,9.61575,0.0905971088636614,9.3,9.75,120,610.6333333333333,48.630476548145516,535,679
P3,2025-08-18,10,120,27.6498075,0.6967248961604796,26.32766,28.3882,120,9.7105,0.3910121535217029,9.21,10.46,120,769.1583333333333,51.328239452236176,667,825
P3,2025-08-18,11,120,28.6937535,0.18911232032908948,28.27219,28.96281,120,9.522416666666667,0.1120248759389242,9.35,9.72,120,865.4916666666667,27.6016062841968,825,925
P3,2025-08-18,12,120,29.51188325,0.5305371899242399,28.82629,30.37629,120,9.922166666666667,0.3443912747734125,9.57,10.49,120,941.7916666666666,28.99026084894088,888,986
P3,2025-08-18,13,120,29.99357925,0.45657076432418614,28.99797,30.72492,120,9.95675,0.3066165659050317,9.59,10.62,120,942.9833333333333,32.317745816777986,878,985
P3,2025-08-18,14,120,29.82128575,0.6055776934071908,29.23332,31.26906,120,9.111916666666668,0.22114406815366122,8.77,9.59,120,1002.2166666666667,16.689041004079865,976,1038
P3,2025-08-18,15,120,30.038426166666667,0.4514317013869466,29.71066,31.42356,120,8.860416666666667,0.11117701710179338,8.61,9.11,120,1066.8666666666666,10.523230271648584,1034,1085
P3,2025-08-18,16,120,29.42407425,0.25589211265773726,29.04621,29.84836,120,8.5125,0.12695033105361225,8.35,8.84,120,1097.5333333333333,9.118209072766463,1078,1123
P3,2025-08-18,17,120,29.057139083333333,0.341446337474547,28.62297,30.18332,120,8.613249999999999,0.08735287751461852,8.47,8.83,120,1105.925,13.58271423723619,1074,1127
P3,2025-08-18,18,120,28.57002633333333,0.3765272861627648,28.20969,30.09953,120,8.458499999999999,0.06985759825254148,8.37,8.66,120,1058.9083333333333,28.300605995629844,998,1102
P3,2025-08-18,19,120,28.082144666666668,0.10598172341987676,27.81555,28.28391,120,8.45175,0.10262653595612076,8.29,8.63,120,962.3916666666667,22.90510046803952,919,1003
P3,2025-08-18,20,119,27.639181260504202,0.07802699396606716,27.5009,27.83391,119,8.286134453781512,0.07237038962450396,8.2,8.52,119,872.0672268907563,42.39777958137812,500,924
P3,2025-08-18,21,120,28.799938083333334,0.6627667677312301,27.66652,29.74426,120,8.567583333333333,0.14666600617371026,8.26,8.78,120,785.15,23.49991954214708,747,833
P3,2025-08-18,22,120,29.96218425,0.11721565885915733,29.64524,30.24738,120,8.830833333333334,0.03975943064142065,8.74,8.91,120,720.775,15.543629298355734,690,747
P3,2025-08-18,23,120,30.283668833333333,0.11289990109621438,29.97746,30.59191,120,9.002583333333332,0.04658949701910264,8.9,9.1,120,665.8916666666667,13.652220451241659,637,698
P3,2025-08-19,0,120,30.423549583333333,0.11687766611992015,30.16906,30.69094,120,9.131,0.036239168187534,9.06,9.2,120,624.6833333333333,12.30357147939001,599,648
P3,2025-08-19,1,120,30.52155583333333,0.08201048914859835,30.28078,30.71262,120,9.240666666666668,0.029894304939021774,9.16,9.3,120,594.25,8.903072833710507,574,611
P3,2025-08-19,2,120,30.61986058333333,0.08841210843625556,30.38313,30.85813,120,9.28225,0.023351983342973254,9.23,9.32,120,570.525,5.072520299109053,559,582
P3,2025-08-19,3,120,30.611261416666665,0.08457258341829017,30.45148,30.84953,120,9.3235,0.016069701120980186,9.28,9.37,120,557.0666666666667,5.363639384874806,543,566
P3,2025-08-19,4,120,30.656217166666668,0.08444741863783571,30.46984,30.91086,120,9.350416666666666,0.021199168896557194,9.31,9.41,120,543.7666666666667,3.8560948882404387,535,552
P3,2025-08-19,5,120,30.665188583333336,0.0790100131117947,30.49836,30.88078,120,9.408083333333334,0.024055112957202283,9.35,9.48,120,535.0083333333333,4.075950852272389,526,544
P3,2025-08-19,6,120,30.721487500000002,0.0655360642039529,30.59992,30.93312,120,9.4765,0.026840643957757617,9.42,9.53,120,527.5083333333333,2.910415469874108,521,536
P3,2025-08-19,7,120,30.896300583333336,0.13435835532587592,30.67356,31.21691,120,9.638166666666667,0.13524943239653833,9.52,10.06,120,525.4833333333333,5.9252817304693215,513,547
P3,2025-08-19,8,120,29.515428,0.5491958127117949,28.93098,30.93117,120,9.722166666666668,0.30337924053144055,9.33,10.29,120,564.8083333333333,18.09791103286499,539,614
P3,2025-08-19,9,120,28.793678166666666,0.12164754268783637,28.64465,29.41359,120,9.327083333333333,0.08201655739101889,9.14,9.54,120,681.8666666666667,44.249281119039864,602,747
P3,2025-08-19,10,120,28.60265275,0.8693593749306278,26.96144,29.94914,120,9.466416666666667,0.31068316113147293,8.8,9.81,120,738.6916666666667,24.67666397830245,697,774
P3,2025-08-19,11,120,28.443337916666668,0.23650392942849444,27.65891,28.77141,120,9.344583333333333,0.07911162025507722,9.26,9.54,120,828.2083333333334,33.91583647185232,758,882
P3,2025-08-19,12,120,28.907719583333336,0.07177831632730712,28.7759,29.0425,120,9.55275,0.17662076593080278,9.22,9.79,120,964.0833333333334,32.597000257237056,885,1009
P3,2025-08-19,13,120,29.275484749999997,0.758656908156813,27.75187,30.4298,120,9.558666666666666,0.3445492325770984,9.01,9.95,120,1081.95,44.08602171805009,992,1133
P3,2025-08-19,14,120,29.678391916666666,0.9645755419117144,27.67941,31.44738,120,9.781749999999999,0.3521546225044627,9.07,10.14,120,1130.8666666666666,18.756257592588906,1075,1161
P3,2025-08-19,15,120,29.859743166666664,0.9897400840081271,28.13215,31.74309,120,9.817416666666666,0.44610828062166186,9.0,10.33,120,1228.8666666666666,27.64478565063335,1156,1264
P3,2025-08-19,16,120,29.447009916666666,0.8736223831651894,27.99035,30.95246,120,9.957833333333333,0.634319834674169,8.89,10.54,120,1377.1,104.60244064186682,1127,1492
P3,2025-08-19,17,120,27.934713083333335,0.18988533723132672,27.60988,28.46535,120,8.881166666666667,0.10903074374337057,8.67,9.05,120,1039.75,47.80356338463569,975,1142
P3,2025-08-19,18,120,27.66417775,0.0438778832031669,27.57277,27.75852,120,8.954083333333333,0.14499200692737862,8.79,9.21,120,967.2,9.784742023711447,940,981
P3,2025-08-19,19,120,27.5255955,0.055217854968398296,27.42316,27.67023,120,9.290666666666668,0.040141207338727745,9.18,9.36,120,907.1,17.686057747713804,879,941
P3,2025-08-19,20,112,27.392428660714284,0.05497048365227345,27.27805,27.52707,112,9.302589285714287,0.027891215179153266,9.23,9.35,112,833.75,22.869193252058743,797,883
P3,2025-08-19,21,120,29.001466416666666,0.6267658587305472,27.39328,29.89465,120,9.274000000000001,0.12838623450387643,9.05,9.46,120,758.8666666666667,16.57016318939707,733,800
P3,2025-08-19,22,120,29.70557608333333,0.09769600091843439,29.50187,29.99191,120,9.418166666666668,0.024597032455200053,9.36,9.46,120,712.2,13.34896842393435,685,736
P3,2025-08-19,23,120,29.900009833333336,0.10647639230185701,29.6843,30.24074,120,9.329749999999999,0.03612449295971742,9.26,9.39,120,669.2666666666667,11.619118794841093,646,693
P3,2025-08-20,0,120,30.045507999999998,0.1109705540441905,29.79348,30.3134,120,9.226,0.025084730364886378,9.18,9.29,120,634.2333333333333,11.047440354007348,613,657
P3,2025-08-20,1,120,30.1675175,0.09125855694424573,30.00187,30.39504,120,9.164166666666667,0.01985592362699864,9.11,9.21,120,604.8166666666667,8.74761271955484,590,619
P3,2025-08-20,2,120,30.235149999999997,0.09878198950426054,30.05324,30.47551,120,9.12025,0.014110160830248424,9.08,9.17,120,582.5,7.373584467486766,566,597
P3,2025-08-20,3,120,30.31602325,0.10938623731785546,30.07766,30.56789,120,9.122083333333334,0.012427661836061641,9.09,9.16,120,562.975,6.31053873767226,550,573
P3,2025-08-20,4,120,30.403452583333333,0.06958141089407369,30.22395,30.56047,120,9.125499999999999,0.012288547650611362,9.09,9.15,120,552.35,3.069639893477818,546,562
P3,2025-08-20,5,120,30.486832166666666,0.0915919717885099,30.22492,30.7091,120,9.161916666666666,0.02038684010090322,9.12,9.23,120,542.7833333333333,5.1517857446272535,532,555
P3,2025-08-20,6,120,30.489542416666666,0.052333087401450186,30.38762,30.60598,120,9.224916666666667,0.032950072578271976,9.18,9.3,120,538.475,2.4321464048147994,531,545
P3,2025-08-20,7,120,30.04252075,0.6252024176917956,28.84484,30.66867,120,9.347166666666668,0.1564478775035001,9.03,9.67,120,528.175,10.59226172275615,508,543
P3,2025-08-20,8,121,28.408264049586776,0.16563307394950877,28.17082,28.86594,121,8.87198347107438,0.0759124477573871,8.7,9.02,121,550.1652892561983,23.770902067947656,496,594
P3,2025-08-20,9,120,28.217276833333337,0.49021249154030816,27.01359,29.18273,120,9.090166666666667,0.0656062014558667,8.95,9.24,120,698.65,53.99449863044318,595,778
P3,2025-08-20,10,156,27.449446410256407,0.5777428317177354,26.45188,28.46555,156,9.260064102564103,0.2077420758004946,8.9,9.59,156,867.1858974358975,41.006971002529845,777,936
P3,2025-08-20,11,123,28.45484569105691,0.1425461628367319,28.21437,28.68273,123,9.396260162601626,0.1171407894267175,9.23,9.61,123,898.829268292683,23.240265833625887,864,938
P3,2025-08-20,12,120,28.61347633333333,0.07909333708547447,28.48273,28.84992,120,9.319166666666666,0.057256364856028114,9.23,9.49,120,985.825,28.13373300458209,934,1057
P3,2025-08-20,13,120,28.866391500000002,0.0408254149433166,28.76984,28.94309,120,9.254833333333332,0.15479443312538885,9.0,9.54,120,1069.1666666666667,24.4548403324632,1027,1118
P3,2025-08-20,14,120,28.23422866666667,1.2103345130120553,26.43957,30.24172,120,8.669833333333335,0.43259619483661155,8.17,9.37,120,1061.8,23.819912579481343,1007,1112
P3,2025-08-20,15,120,28.01917325,0.47813377831416304,26.43605,28.40656,120,8.52875,0.10388716001896867,8.28,8.71,120,1017.3,26.381365972751315,985,1099
P3,2025-08-20,16,120,27.992518083333334,0.11842283023059624,27.70422,28.18078,120,8.456750000000001,0.046529334742683726,8.37,8.54,120,1020.3,12.943055631327377,990,1042
P3,2025-08-20,17,120,27.6663395,0.0779983723472727,27.53,27.89641,120,8.614166666666668,0.21672343578636838,8.33,9.08,120,1030.9916666666666,10.235459728529204,1004,1045
P3,2025-08-20,18,120,27.514004166666666,0.1707335809278404,27.27844,27.84719,120,8.984833333333334,0.07416746136231167,8.88,9.11,120,994.1083333333333,14.046020300231199,971,1018
P3,2025-08-20,19,120,27.290237583333333,0.054757138270635775,27.17023,27.4009,120,8.925083333333333,0.07072251175875945,8.85,9.12,120,917.6416666666667,24.608461970635794,875,970
P3,2025-08-20,20,119,27.248075714285715,0.05489063588398208,27.15383,27.36672,119,8.823109243697479,0.028426172565283396,8.74,8.9,119,837.655462184874,38.743493051220845,500,873
P3,2025-08-20,21,120,28.396533499999997,0.7380592206223187,27.17727,29.30285,120,8.998583333333332,0.13991171185732104,8.77,9.23,120,759.2833333333333,22.014198372232233,730,804
P3,2025-08-20,22,120,29.238728916666666,0.08183236268647177,29.03137,29.42609,120,9.284583333333332,0.025067835138747524,9.22,9.33,120,711.5833333333334,11.841093048947853,689,735
P3,2025-08-20,23,120,29.423917416666665,0.07790096195235115,29.25695,29.62746,120,9.318333333333333,0.015842360687626185,9.28,9.37,120,669.7583333333333,11.400277037274579,649,692
P3,2025-08-21,0,120,29.620260416666667,0.1072350454865257,29.39992,29.86106,120,9.337,0.016223232640596975,9.3,9.37,120,634.1333333333333,9.36463339076429,618,653
P3,2025-08-21,1,120,29.725435916666665,0.06828986307756565,29.55891,29.88039,120,9.341833333333334,0.013156034071594781,9.31,9.37,120,608.3166666666667,7.081735690645076,594,623
P3,2025-08-21,2,120,29.8391275,0.08522486471168789,29.66242,30.03859,120,9.364,0.019070854175723063,9.31,9.43,120,586.0166666666667,7.910192694200698,573,603
P3,2025-08-21,3,120,29.922301,0.07737175962343985,29.73313,30.04914,120,9.408,0.021677545211269203,9.34,9.46,120,569.7083333333334,5.205678595135967,561,582
P3,2025-08-21,4,120,29.985172416666668,0.06927531391224498,29.83176,30.16691,120,9.424583333333334,0.014832160907934933,9.4,9.46,120,559.3916666666667,2.95994501803734,553,567
P3,2025-08-21,5,120,30.044946583333335,0.07763481260726032,29.91809,30.29699,120,9.451166666666667,0.016762469751108896,9.41,9.49,120,550.425,4.088644861897732,537,559
P3,2025-08-21,6,120,30.103819833333333,0.05414555744997553,29.97707,30.27336,120,9.4955,0.03177785286599802,9.44,9.56,120,543.95,3.2561512569909663,536,553
P3,2025-08-21,7,120,30.153686083333334,0.07649354621314425,29.99875,30.35617,120,9.686666666666667,0.1455983500999253,9.54,10.18,120,542.7583333333333,6.058532192283032,531,565
P3,2025-08-21,8,120,29.478136,0.2877637033202271,29.06398,30.15637,120,10.224416666666666,0.07926973240897486,10.08,10.35,120,580.7916666666666,18.510453931816595,553,619
P3,2025-08-21,9,120,29.04653941666667,0.09855761836769206,28.85559,29.38156,120,9.886916666666668,0.12798894275595551,9.72,10.14,120,694.95,44.093264410639165,624,774
P3,2025-08-21,10,120,29.274323083333336,0.09740973742842651,29.05383,29.49328,120,9.676250000000001,0.03788666202852814,9.58,9.74,120,824.3666666666667,26.832168494298944,774,863
P3,2025-08-21,11,120,28.895134916666667,1.0086709924475044,27.04777,30.16008,120,9.681333333333333,0.3225370367198488,9.08,10.05,120,861.7166666666667,12.335085801756415,839,885
P3,2025-08-21,12,120,27.19254875,0.3321408916106829,26.44211,27.7384,120,9.206916666666666,0.13392457323630527,8.91,9.4,120,882.2083333333334,21.90962945248264,849,926
P3,2025-08-21,13,120,27.8969875,0.5302396764794521,27.24602,28.95519,120,9.696,0.44128041352561836,9.22,10.62,120,1028.8166666666666,55.315441236744135,924,1113
P3,2025-08-21,14,120,28.598387083333332,0.76408646975293,27.58117,30.27531,120,10.043333333333333,0.3781608153165742,9.54,10.75,120,1137.7,15.929782898497628,1097,1177
P3,2025-08-21,15,120,28.62891875,0.6756962275102133,27.50695,29.58059,120,9.919666666666666,0.1447567262821371,9.59,10.21,120,1178.4416666666666,31.787052972785432,1031,1209
P3,2025-08-21,16,120,28.430641083333335,0.9451482686199525,26.81711,29.97141,120,9.694916666666668,0.46065352887985933,9.02,10.55,120,973.375,45.78577491835164,913,1055
P3,2025-08-21,17,120,27.480813416666667,0.04843797819816089,27.36691,27.60227,120,8.980333333333334,0.04627163737939732,8.9,9.07,120,935.075,5.438985477569326,920,946
P3,2025-08-21,18,120,27.30108541666667,0.08103863817424246,27.15969,27.52336,120,9.124166666666667,0.04825672476032857,9.02,9.2,120,910.6583333333333,10.660928297144913,888,931
P3,2025-08-21,19,120,27.235112,0.1872287667179458,26.97824,27.68547,120,9.358833333333333,0.20193677075697108,9.13,9.65,120,863.8166666666667,14.383103610410082,831,890
P3,2025-08-21,20,119,27.087476974789915,0.35538971650983664,26.80734,28.24387,119,9.423193277310924,0.07637921419602353,9.3,9.58,119,792.3109243697479,35.34568942604891,500,842
P3,2025-08-21,21,120,28.753577333333332,0.18710859633218438,28.15129,28.97297,120,9.595,0.12840325135284988,9.3,9.75,120,744.4583333333334,7.395087891970695,727,758
P3,2025-08-21,22,120,29.12589525,0.0971305090925363,28.89934,29.30949,120,9.776166666666665,0.024706115778545916,9.71,9.82,120,710.8333333333334,11.382821594445863,688,731
P3,2025-08-21,23,120,29.416098916666666,0.07626389125202224,29.26008,29.60246,120,9.837250000000001,0.025666330166224553,9.79,9.89,120,674.225,9.916002261009146,656,691
P3,2025-08-22,0,120,29.600079750000003,0.0726789072364181,29.39992,29.76223,120,9.936166666666667,0.03241493932304606,9.87,10.01,120,641.0583333333333,8.950185044172711,624,660
P3,2025-08-22,1,120,29.799667833333334,0.07530878641454919,29.63898,30.00441,120,10.024249999999999,0.01822651591371578,9.97,10.06,120,613.2583333333333,6.758120957747923,602,630
P3,2025-08-22,2,120,29.93994425,0.06747695169105165,29.75813,30.07863,120,10.069666666666668,0.012829412984816314,10.04,10.1,120,594.275,5.2339590876402715,584,610
P3,2025-08-22,3,120,30.015419333333334,0.04569270713435762,29.91848,30.14484,120,10.12025,0.012330361516438378,10.08,10.15,120,581.1583333333333,3.233219987039763,574,591
P3,2025-08-22,4,120,30.10997225,0.05833293544027313,29.96418,30.23723,120,10.144166666666667,0.01254124846916212,10.12,10.17,120,568.8833333333333,4.1871819875900815,560,580
P3,2025-08-22,5,120,30.181370833333332,0.07318940976548927,30.00539,30.35949,120,10.169416666666667,0.01731059972228326,10.14,10.22,120,560.6166666666667,4.122460172172471,551,569
P3,2025-08-22,6,120,30.253546416666666,0.042194820598875055,30.13156,30.34699,120,10.348333333333333,0.06327654833054137,10.22,10.45,120,555.9583333333334,2.581107290667826,550,563
P3,2025-08-22,7,120,30.33827625,0.07154843031665763,30.19641,30.53586,120,10.513666666666666,0.04074790984655214,10.43,10.59,120,553.225,3.262886539772499,546,561
P3,2025-08-22,8,120,29.63236158333333,0.6321267714734485,28.7302,30.5175,120,10.444583333333332,0.2809733856032747,9.88,10.77,120,566.3916666666667,11.009007643730556,544,598
P3,2025-08-22,9,120,28.696253249999998,0.12197382637106842,28.49699,28.97102,120,9.8855,0.17301989005007645,9.65,10.19,120,651.1583333333333,42.276599370594454,584,721
P3,2025-08-22,10,120,28.489354166666665,0.041996494843399464,28.41652,28.60461,120,9.585666666666667,0.11606093251401135,9.44,9.84,120,768.9166666666666,26.082475308284625,721,816
P3,2025-08-22,11,120,28.717474,0.1909341532562024,28.40812,29.11066,120,9.698666666666666,0.20761524422800606,9.42,10.04,120,832.7333333333333,13.320694289658414,808,862
P3,2025-08-22,12,120,28.73745908333333,0.05179910299012223,28.61262,28.85168,120,9.601583333333334,0.0855235564712146,9.34,9.72,120,893.4416666666667,18.160718451588757,844,925
P3,2025-08-22,13,120,29.491240416666667,1.4966268989428588,28.03762,32.61809,120,9.840583333333333,0.274398642208628,9.33,10.2,120,1025.9333333333334,44.07856494890899,921,1140
P3,2025-08-22,14,120,31.882543666666667,0.22887500782438308,31.6466,32.60598,120,9.331999999999999,0.20243725036695792,9.04,10.14,120,951.9416666666667,10.516330504644413,937,1008
P3,2025-08-22,15,120,31.780016666666665,0.04110857669478546,31.68508,31.90383,120,8.726583333333334,0.15406260777633884,8.47,9.03,120,944.075,5.110809931044227,921,959
P3,2025-08-22,16,120,33.40869333333333,0.5271552018213277,31.76867,33.86477,120,9.126,0.12982470404939353,8.86,9.34,120,914.5333333333333,10.767936635389054,904,957
P3,2025-08-22,17,120,31.960750583333333,1.013231894425536,30.91105,33.84504,120,8.729000000000001,0.3165448977142232,8.31,9.35,120,956.85,16.63935296899765,912,974
P3,2025-08-22,18,120,30.550842916666667,0.20850248286773795,30.22258,30.94699,120,8.395,0.04301651041248235,8.29,8.47,120,967.7,5.968544999559284,945,979
P3,2025-08-22,19,120,30.1383215,0.06343247151978895,29.9593,30.26301,120,8.706666666666667,0.18879241783189615,8.37,8.95,120,953.2916666666666,13.522092618951858,923,979
P3,2025-08-22,20,113,30.036172123893806,0.12831538909801715,29.88508,30.41047,113,8.940707964601769,0.03797830240882171,8.88,9.02,113,895.7610619469026,18.141937571885745,857,930
P3,2025-08-22,21,120,30.77251941666667,0.1607726136337136,30.45207,31.00031,120,9.131666666666666,0.08520201730887221,8.93,9.24,120,823.825,18.75255164710436,792,858
P3,2025-08-22,22,129,31.130567674418604,0.10331853039350446,30.94797,31.35851,129,9.29077519379845,0.03563294655013924,9.22,9.35,129,760.7596899224807,18.843838181302022,725,794
P3,2025-08-22,23,120,31.35518516666667,0.04110916322198598,31.26359,31.46164,120,9.340749999999998,0.009886966210134344,9.31,9.37,120,706.5333333333333,13.549742366823375,681,729
P3,2025-08-23,0,120,31.494583583333334,0.038730104174980906,31.39562,31.58605,120,9.401666666666667,0.027419349523489425,9.33,9.45,120,659.7166666666667,12.641257870964692,636,685
P3,2025-08-23,1,120,31.579622333333337,0.032909595283698224,31.49738,31.66184,120,9.427666666666665,0.010185946269274413,9.41,9.46,120,622.25,9.665193551427551,599,641
P3,2025-08-23,2,120,31.644456083333335,0.028401333448866056,31.54387,31.71105,120,9.455666666666668,0.01487953494649904,9.42,9.48,120,595.35,7.081340138085468,578,610
P3,2025-08-23,3,120,31.70023258333333,0.02940200852042264,31.62062,31.76789,120,9.49625,0.013538770968138198,9.47,9.52,120,575.45,5.746537137757914,562,587
P3,2025-08-23,4,120,31.7366945,0.03232531200756781,31.66438,31.82297,120,9.530166666666666,0.022265900119311226,9.49,9.57,120,559.3333333333334,5.276128790505903,546,569
P3,2025-08-23,5,120,31.80337858333333,0.029056941787522307,31.71867,31.86164,120,9.596666666666666,0.016618979396776375,9.56,9.63,120,548.3333333333334,2.6799389599637804,542,555
P3,2025-08-23,6,120,31.887269833333335,0.06414442864366421,31.7675,32.05774,120,9.652916666666666,0.0336665765314832,9.6,9.73,120,539.6333333333333,3.5808391423778945,533,547
P3,2025-08-23,7,120,32.12444216666667,0.07979224701900256,32.0175,32.29836,120,9.767083333333334,0.029969055001838746,9.71,9.82,120,529.0583333333333,4.155174628156775,520,539
P3,2025-08-23,8,120,32.462029666666666,0.12438747757052901,32.24817,32.67141,120,9.932333333333334,0.06931517754096182,9.81,10.05,120,516.5666666666667,4.750468058908762,508,527
P3,2025-08-23,9,120,32.91970775,0.14665522753656374,32.64445,33.15715,120,10.095583333333334,0.02289162752283317,10.03,10.14,120,504.5083333333333,3.097832892112009,495,511
P3,2025-08-23,10,120,33.355418416666666,0.1304013010194118,33.11242,33.61301,120,10.153916666666667,0.024675910524723895,10.11,10.21,120,497.925,3.057330356301555,492,506
P3,2025-08-23,11,120,33.77100975,0.12951731706974817,33.5677,34.03762,120,10.20775,0.03184686309631748,10.14,10.27,120,492.5833333333333,2.75797798704612,482,498
P3,2025-08-23,12,120,33.997087083333334,0.027581232335340225,33.93547,34.0761,120,10.206166666666666,0.04613067543063304,10.13,10.28,120,493.64166666666665,3.1457476521991605,486,501
P3,2025-08-23,13,120,33.95728883333333,0.04045021604960366,33.83957,34.0634,120,10.094249999999999,0.02821473779022962,10.04,10.17,120,500.575,2.2553857111107485,494,506
P3,2025-08-23,14,120,33.976715666666664,0.20204850983267267,33.7923,34.45715,120,10.079666666666666,0.021260028116590196,10.04,10.13,120,502.71666666666664,4.667396901650318,489,509
P3,2025-08-23,15,120,34.835443166666664,0.2470013441564597,34.29836,35.16281,120,10.094833333333332,0.018333206009232012,10.05,10.13,120,480.1333333333333,5.532081124552261,472,495
P3,2025-08-23,16,120,35.19473008333333,0.039545584833512594,35.0761,35.27609,120,10.029583333333333,0.013926326760161109,10.01,10.07,120,475.43333333333334,3.195935794449117,470,484
P3,2025-08-23,17,120,34.805418833333334,0.18913095415292805,34.53195,35.14328,120,10.0855,0.03606366918789831,10.02,10.16,120,484.9,3.6053182006213027,473,493
P3,2025-08-23,18,120,34.31695808333333,0.12919068530109432,34.11184,34.55774,120,10.236916666666668,0.04467992298792794,10.15,10.32,120,488.71666666666664,2.4086096736964415,475,494
P3,2025-08-23,19,120,34.00806516666667,0.06729171898286461,33.88058,34.15051,120,10.347666666666667,0.02684325285969613,10.3,10.4,120,490.60833333333335,2.1549077592742543,482,495
P3,2025-08-23,20,120,33.7727365,0.06816987519018086,33.65969,33.90559,120,10.374166666666667,0.012406513153479402,10.34,10.4,120,455.3666666666667,37.18699811939188,413,507
P3,2025-08-23,21,120,33.62012583333333,0.053591453501242066,33.53215,33.74289,120,10.373416666666666,0.01126426888446039,10.35,10.4,120,419.3333333333333,1.9287011057139087,414,424
P3,2025-08-23,22,120,33.467987666666666,0.03813130610711508,33.38684,33.55734,120,10.317916666666667,0.015333592130320609,10.29,10.35,120,421.7583333333333,2.5732817007635664,414,428
P3,2025-08-23,23,120,33.38741608333333,0.03228791735649772,33.32375,33.46692,120,10.336,0.012461706048815043,10.31,10.36,120,421.8,2.096816314192123,415,427
P3,2025-08-24,0,120,33.30459716666667,0.041929200794901776,33.23449,33.41926,120,10.324583333333333,0.012892303308323949,10.3,10.35,120,420.46666666666664,2.9843663610607374,407,427
P3,2025-08-24,1,120,33.275055583333334,0.026744106137653677,33.19836,33.34152,120,10.304583333333333,0.008972023120764828,10.28,10.33,120,419.76666666666665,2.354089355712276,408,426
P3,2025-08-24,2,120,33.20697725,0.02279629540014401,33.15676,33.2882,120,10.304833333333333,0.010530733998321806,10.28,10.33,120,420.14166666666665,1.9022138068436951,416,426
P3,2025-08-24,3,120,33.17983125,0.0203075049488571,33.13313,33.22668,120,10.311583333333335,0.010370921965233789,10.29,10.33,120,420.18333333333334,2.1143103185789176,415,426
P3,2025-08-24,4,120,33.1308985,0.024962316158221847,33.07941,33.19524,120,10.330916666666667,0.02078282392525269,10.3,10.39,120,420.51666666666665,1.86513042026391,415,426
P3,2025-08-24,5,120,33.10768241666667,0.025171729240044793,33.05246,33.17551,120,10.382000000000001,0.010579828595457134,10.36,10.42,120,421.9916666666667,2.163469953777157,417,428
P3,2025-08-24,6,120,33.122469333333335,0.036431264455193624,33.04192,33.20598,120,10.388333333333334,0.008631906158061657,10.37,10.41,120,424.3,2.0563490531939106,418,430
P3,2025-08-24,7,120,33.30151866666667,0.08171163653008026,33.15109,33.42297,120,10.403083333333335,0.014598021814492646,10.37,10.44,120,424.4166666666667,2.2883825462259058,419,429
P3,2025-08-24,8,120,33.60004083333333,0.1043665185097952,33.39289,33.80129,120,10.4685,0.04159932934172134,10.4,10.55,120,419.325,2.663675668550322,413,427
P3,2025-08-24,9,120,33.98117333333333,0.0992162631553317,33.78566,34.16516,120,10.589083333333333,0.04083160403357918,10.52,10.67,120,411.975,2.9001955888839213,404,425
P3,2025-08-24,10,120,34.3745905,0.13021619849700408,34.13058,34.59758,120,10.642166666666666,0.022535996726557345,10.6,10.69,120,404.475,2.8842152275777453,400,412
P3,2025-08-24,11,120,34.82791341666667,0.163913009432861,34.53293,35.0843,120,10.753916666666667,0.0665007213372559,10.62,10.84,120,400.35,0.8163250300106267,400,405
P3,2025-08-24,12,120,35.46810066666667,0.2348199156361814,35.04621,35.90305,120,10.835916666666666,0.02010459345202384,10.77,10.87,120,402.14166666666665,7.977168926983769,400,436
P3,2025-08-24,13,120,36.24230358333333,0.16141287196699344,35.89153,36.50774,120,10.658583333333333,0.07065475099053985,10.53,10.79,120,432.8833333333333,3.1414371633028706,419,444
P3,2025-08-24,14,120,36.503973333333334,0.14405579415327918,36.27609,36.75207,120,10.480500000000001,0.04890137562293266,10.36,10.56,120,437.94166666666666,2.7692666059832747,431,448
P3,2025-08-24,15,120,36.27915533333333,0.10708918080396339,36.12375,36.55051,120,10.296999999999999,0.03022603919434542,10.25,10.37,120,449.46666666666664,3.5097303718253183,440,456
P3,2025-08-24,16,120,36.208458666666665,0.06998146464004194,36.05246,36.34816,120,10.377583333333332,0.02884312344924421,10.32,10.43,120,454.80833333333334,2.409002141245733,448,461
P3,2025-08-24,17,120,35.84766775,0.12734857347911632,35.5841,36.12922,120,10.42525,0.01837803310586621,10.38,10.46,120,456.375,2.1811356998537406,450,467
P3,2025-08-24,18,120,35.40300333333334,0.0955258934260568,35.22531,35.59777,120,10.385333333333334,0.009520727792721761,10.36,10.41,120,454.3666666666667,2.6566337875650903,446,470
P3,2025-08-24,19,120,35.1119955,0.06783261137634045,34.98977,35.26653,120,10.414,0.011910026846980452,10.39,10.44,120,455.0416666666667,2.1513952218409758,447,465
P3,2025-08-24,20,120,34.90392308333333,0.06400125458060275,34.7925,35.0343,120,10.391,0.012728582274655243,10.36,10.42,120,456.5416666666667,2.2931972225259165,449,464
P3,2025-08-24,21,120,34.7383745,0.045075510928464305,34.6548,34.83156,120,10.365583333333332,0.009055926452968929,10.35,10.39,120,457.68333333333334,2.057914965590704,452,466
P3,2025-08-24,22,120,34.608357999999996,0.030687425766404593,34.53918,34.68137,120,10.328416666666667,0.009074466285976532,10.31,10.35,120,458.525,1.9956359951679608,454,465
P3,2025-08-24,23,120,34.52331575,0.038246038113314784,34.4259,34.63195,120,10.323833333333335,0.017256509347081388,10.27,10.35,120,459.26666666666665,2.5162775405476236,451,468
P3,2025-08-25,0,120,34.45563,0.04783377225419728,34.34445,34.54602,120,10.307250000000002,0.015337245268856159,10.27,10.34,120,460.76666666666665,2.465674719164776,449,471
P3,2025-08-25,1,120,34.37292816666666,0.022503602661460936,34.31613,34.43586,120,10.2625,0.010551992125428754,10.24,10.29,120,461.675,2.6573585798399,447,470
P3,2025-08-25,2,120,34.31117208333333,0.031393982212400334,34.23723,34.38957,120,10.265833333333331,0.013755569282096747,10.23,10.3,120,463.3,2.1947224705390673,458,473
P3,2025-08-25,3,120,34.257957749999996,0.02260414093329004,34.19758,34.3302,120,10.268583333333334,0.012521969489180367,10.24,10.31,120,463.48333333333335,2.0579149655906877,458,469
P3,2025-08-25,4,120,34.23882966666667,0.02006997108577179,34.19465,34.28039,120,10.304499999999999,0.013019055200717547,10.27,10.34,120,465.34166666666664,2.0104593452023707,461,470
P3,2025-08-25,5,120,34.19742225,0.02168621614125775,34.14484,34.25598,120,10.315249999999999,0.014317087399209621,10.28,10.35,120,467.5083333333333,1.9402669544013371,462,473
P3,2025-08-25,6,120,32.186626249999996,1.9279291369709586,29.15598,34.19777,120,9.9555,0.41793178245966783,8.98,10.4,120,436.25,27.471375476816466,401,472
P3,2025-08-25,7,120,28.27375291666667,0.4310848625775683,27.17082,29.13918,120,8.407833333333334,0.23482939751737936,8.07,8.96,120,437.05,7.861030359903756,419,454
P3,2025-08-25,8,120,29.09978975,0.7712576407580468,27.23313,30.14816,120,8.826916666666667,0.2916910874130229,8.22,9.35,120,489.34166666666664,22.83609697233692,438,521
P3,2025-08-25,9,120,28.877059083333332,0.5714618292508689,27.97902,29.87902,120,8.792166666666667,0.20123644412128128,8.43,9.19,120,600.9166666666666,46.826801083566345,517,683
P3,2025-08-25,10,120,29.554167,0.8555725908553001,28.23234,30.8841,120,9.0785,0.11367541880431377,8.81,9.28,120,725.8666666666667,26.199600142350413,682,789
P3,2025-08-25,11,120,30.606925,0.35872350131397995,29.78586,31.12316,120,8.764916666666666,0.10676287896516394,8.62,8.96,120,842.825,30.268452251158863,785,887
P3,2025-08-25,12,120,31.152747583333333,0.06551528266120549,31.05773,31.38078,120,8.794416666666667,0.11282317415961797,8.58,8.99,120,952.4833333333333,38.240060681128064,889,1022
P3,2025-08-25,13,120,29.994346916666665,1.5775313445528465,27.46906,31.55266,120,9.436416666666668,0.27647479509881173,9.01,10.01,120,909.2333333333333,37.31801406384667,861,980
P3,2025-08-25,14,120,28.16056325,0.565727773838891,27.17883,29.0675,120,9.426166666666667,0.3434138629008631,8.88,9.97,120,997.7666666666667,45.51474658682339,897,1075
P3,2025-08-25,15,120,29.1718995,0.7259400473172021,27.92531,29.96633,120,9.043583333333334,0.4403413416871915,8.51,9.86,120,1012.0916666666667,54.83527599089123,963,1129
P3,2025-08-25,16,120,29.939065833333334,0.1255415649177189,29.73469,30.12297,120,8.510666666666667,0.0733442823504431,8.36,8.61,120,997.3416666666667,13.794101670509956,978,1023
P3,2025-08-25,17,120,30.2171985,0.07704780007819986,30.05988,30.32902,120,8.753416666666668,0.08302572076244277,8.58,8.85,120,995.8416666666667,12.6205087415822,970,1026
P3,2025-08-25,18,120,30.364919999999998,0.03976707320037715,30.26828,30.45656,120,8.73075,0.028847978826132034,8.65,8.78,120,953.7,14.019554171216225,928,977
P3,2025-08-25,19,120,30.3836845,0.025230118917441587,30.32902,30.44738,120,8.591833333333334,0.07229704520309528,8.48,8.73,120,913.6333333333333,12.36417523054624,888,934
P3,2025-08-25,20,119,30.21079554621849,0.06541767193337533,30.09758,30.37687,119,8.43,0.03524731027122372,8.38,8.52,119,857.6134453781513,38.63740815861244,500,893
P3,2025-08-25,21,120,30.512128916666665,0.24276129638289712,30.15988,30.96926,120,8.550416666666667,0.03398951477803131,8.46,8.63,120,789.0833333333334,24.12836238016285,751,835
P3,2025-08-25,22,120,31.126845666666668,0.0975299159855918,30.91867,31.28488,120,8.549000000000001,0.013054507576590641,8.52,8.58,120,726.75,13.725551220352532,703,751
P3,2025-08-25,23,120,31.436728249999998,0.07977137684745828,31.2423,31.5759,120,8.616333333333333,0.030235305016946115,8.56,8.67,120,680.0416666666666,12.174774743543692,662,705
P3,2025-08-26,0,120,31.632691583333333,0.05774323469405965,31.51965,31.73508,120,8.665249999999999,0.013281850888532405,8.64,8.7,120,642.7583333333333,9.84416035003501,625,664
P3,2025-08-26,1,120,31.759202416666668,0.05628126123657825,31.64504,31.87414,120,8.654583333333333,0.009778714092339161,8.63,8.68,120,613.15,8.057200965282991,598,630
P3,2025-08-26,2,120,31.87653325,0.03431591663830045,31.76594,31.96516,120,8.651333333333334,0.015225660192297772,8.62,8.69,120,589.8666666666667,6.162959745863188,579,603
P3,2025-08-26,3,120,31.93320291666667,0.024796313137300657,31.87629,31.99406,120,8.707166666666668,0.016097566668946184,8.66,8.74,120,572.275,4.515077448920161,564,581
P3,2025-08-26,4,120,31.98312,0.02271166571750782,31.92297,32.05246,120,8.763666666666666,0.017146591563366773,8.72,8.8,120,557.9083333333333,4.152544695843685,549,569
P3,2025-08-26,5,120,32.0159085,0.024814017103038315,31.96418,32.08254,120,8.817583333333333,0.026089562397758878,8.77,8.87,120,549.8083333333333,2.723368629965002,543,556
P3,2025-08-26,6,120,32.090963583333334,0.040811893570367484,32.02707,32.19191,120,8.885166666666667,0.01842465161447676,8.84,8.93,120,544.25,2.7932993051949313,536,549
P3,2025-08-26,7,120,32.25488141666667,0.11033873423583541,31.96926,32.41183,120,9.047166666666667,0.16037342627237675,8.91,9.45,120,544.2166666666667,10.686662804859091,531,571
P3,2025-08-26,8,120,31.774016833333334,0.11564292295781073,31.56535,32.01105,120,9.291166666666667,0.14614476150901315,9.1,9.51,120,610.5,22.859086051853563,571,658
P3,2025-08-26,9,120,30.716199416666665,1.0138863274435521,28.64172,31.65578,120,9.098,0.1076377366583912,8.79,9.25,120,761.25,69.32486548699458,658,897
P3,2025-08-26,10,120,28.680639166666666,0.4159426244765535,27.6591,29.29094,120,9.278333333333334,0.19200110877364115,8.81,9.71,120,1024.9166666666667,64.4059581947229,895,1126
P3,2025-08-26,11,120,30.623399916666667,0.4872046145196481,29.36184,31.22688,120,9.146666666666667,0.03109576785852626,9.09,9.24,120,933.325,14.620787837007546,915,990
P3,2025-08-26,12,120,31.70976883333333,0.24799838326317816,31.23566,32.0882,120,9.523166666666667,0.1788101821275663,9.18,9.69,120,984.375,22.114698142854447,949,1019
P3,2025-08-26,13,120,29.461844083333336,1.0209099949097928,28.09348,31.87785,120,9.055833333333334,0.49206405153427496,8.25,9.77,120,1120.1583333333333,49.198106787605326,1021,1194
P3,2025-08-26,14,120,31.46213375,0.7257233652517836,29.30031,32.25676,120,9.405416666666667,0.3419909474287986,9.06,10.25,120,1025.3,77.17246863983527,963,1208
P3,2025-08-26,15,120,32.46433641666667,0.0800518849372573,32.27473,32.6007,120,9.074166666666667,0.023713391363783583,9.01,9.13,120,990.1583333333333,9.395149681352304,966,1011
P3,2025-08-26,16,120,32.511312333333336,0.06065086602128188,32.34973,32.64348,120,9.110666666666667,0.11414080448857666,8.97,9.31,120,967.7416666666667,13.599614325558042,946,991
P3,2025-08-26,17,120,31.951324916666668,0.2180438650571689,31.6091,32.36652,120,8.93175,0.10784101665854691,8.78,9.17,120,957.2,9.874506689093115,942,979
P3,2025-08-26,18,120,31.42572875,0.09707375892347636,31.2757,31.64855,120,8.762083333333333,0.028547346293345294,8.71,8.82,120,987.5083333333333,5.737969999911943,975,998
P3,2025-08-26,19,120,31.15494825,0.08886429323906143,30.96867,31.32082,120,8.698166666666667,0.04479614579259019,8.61,8.8,120,955.2583333333333,15.632059189684645,920,985
P3,2025-08-26,20,2,30.984685,0.021545543622754886,30.96945,30.99992,2,8.73,0.014142135623730649,8.72,8.74,2,922.5,3.5355339059327378,920,925
P3,2025-08-28,9,120,30.043641416666667,1.0719929711368799,27.89289,31.01242,120,8.891083333333334,0.16983331340386873,8.51,9.09,120,660.1666666666666,24.695909685250967,606,695
P3,2025-08-28,10,120,30.0247135,0.30807649703381085,29.1007,30.39367,120,8.52725,0.0984327821665216,8.34,8.75,120,732.1583333333333,25.104820867959287,687,779
P3,2025-08-28,11,120,30.482990333333337,0.08062230387579311,30.31887,30.66301,120,8.419416666666667,0.1233379986247634,8.27,8.63,120,846.7833333333333,36.99311390232618,774,904
P3,2025-08-28,12,120,30.784777333333334,0.1157214949908299,30.62844,31.10754,120,8.60125,0.052621408238872056,8.53,8.71,120,956.2583333333333,26.413485171017232,901,992
P3,2025-08-28,13,120,31.46620558333333,0.20868907644279736,31.10402,31.82551,120,8.861666666666668,0.17183308949168608,8.64,9.22,120,968.6,17.339128529175255,939,993
P3,2025-08-28,14,120,32.22874191666667,0.19840526423914642,31.8173,32.6009,120,9.41675,0.04546977017755593,9.23,9.49,120,936.6333333333333,9.985647964258778,911,954
P3,2025-08-28,15,120,30.491031749999998,0.8808640101891336,29.41652,32.36438,120,9.245000000000001,0.2741863440445285,8.75,9.78,120,1030.6333333333334,27.792427882771452,944,1062
P3,2025-08-28,16,120,30.289952666666668,0.7235643565898507,29.35676,31.66379,120,10.102166666666667,0.5752751381676748,9.28,11.02,120,1184.075,61.55112140504438,1039,1239
P3,2025-08-28,17,120,30.258035416666665,0.26699080840533507,29.34602,30.57863,120,10.102416666666667,0.44922154110995033,9.68,11.31,120,943.6,138.7201644809195,832,1242
P3,2025-08-28,18,120,30.041155416666665,0.09280678800963572,29.86926,30.23449,120,9.728666666666667,0.07413289603482157,9.63,9.88,120,783.9333333333333,30.074342992700437,742,839
P3,2025-08-28,19,120,29.739321083333333,0.057148759381256034,29.64738,29.87375,120,9.920250000000001,0.16555210660091152,9.68,10.21,120,718.0,14.69064757083295,690,749
P3,2025-08-28,20,116,29.614945603448277,0.07449956079577345,29.51476,29.87785,116,10.33603448275862,0.1580637147831014,10.19,10.7,116,662.5,16.018739026527612,639,698
P3,2025-08-28,21,120,30.57923633333333,0.3196458027042472,29.93078,31.01711,120,11.200666666666667,0.31963932755511687,10.64,11.78,120,616.225,11.28430344335354,599,643
P3,2025-08-28,22,120,31.183422833333335,0.08592231180463676,30.99328,31.34875,120,12.23675,0.234607351214103,11.79,12.59,120,589.5666666666667,5.917831384157239,577,602
P3,2025-08-28,23,120,31.466296,0.06609109489334786,31.33215,31.61867,120,12.833499999999999,0.11939377684611441,12.58,13.02,120,569.325,5.239094315213165,559,582
P3,2025-08-29,0,120,31.645857666666664,0.03825252883897878,31.57102,31.72395,120,13.16925,0.09265606865620593,12.98,13.31,120,554.4416666666667,4.3825395219056285,539,566
P3,2025-08-29,1,120,31.75850925,0.04278903529468102,31.63762,31.84992,120,13.387,0.0376315619365132,13.3,13.45,120,544.2583333333333,3.2215029462182345,534,556
P3,2025-08-29,2,120,31.85443025,0.030602037457914774,31.77355,31.94699,120,13.424416666666668,0.017188809792211747,13.39,13.48,120,539.75,2.826197968646807,532,547
P3,2025-08-29,3,119,31.91111831932773,0.02454653499380902,31.85734,31.97277,119,13.509327731092435,0.03559973082256246,13.44,13.57,119,537.2268907563025,2.3377411043602763,532,545
P3,2025-08-29,4,117,31.96876111111111,0.03549385859402783,31.89602,32.02297,117,13.676239316239315,0.04933569903759908,13.56,13.78,117,534.7863247863248,2.8971718070924,527,540
P3,2025-08-29,5,23,32.007505217391305,0.01639723781327404,31.98547,32.03879,23,13.83304347826087,0.022448887927243928,13.78,13.87,23,533.6521739130435,2.248407429355134,529,537
P3,2025-08-29,6,25,32.0425716,0.01954155650573254,32.01301,32.06984,25,13.8664,0.022338307903689535,13.82,13.89,25,533.44,4.174126655161941,525,540
P3,2025-08-29,7,20,32.052109,0.027720942093048914,32.01653,32.11398,20,13.852,0.020672890969882823,13.8,13.88,20,532.6,1.9841477024816425,530,535
P3,2025-08-29,8,12,32.095949166666664,0.06571398058782188,32.04133,32.23195,12,13.89,0.022156468376279673,13.87,13.93,12,530.75,2.4541245430351606,528,536
P3,2025-08-29,9,16,32.207833125,0.10033309043506074,32.00598,32.31672,16,14.035,0.11506519890914038,13.92,14.3,16,529.3125,2.9825883613622075,525,536
P3,2025-08-29,10,13,31.84238,0.14927006872332682,31.55773,31.96926,13,13.51076923076923,0.39584217264084665,12.62,13.84,13,537.6923076923077,2.097006413303423,536,543
P3,2025-08-29,11,3,31.39797,0.05569982405717322,31.35637,31.46125,3,12.21,0.17691806012954034,12.05,12.4,3,547.6666666666666,3.2145502536643242,544,550
P3,2025-08-29,12,6,31.35168,0.01383365316899296,31.33781,31.36672,6,11.941666666666668,0.053447793842840076,11.89,12.03,6,557.8333333333334,3.188521078284831,554,562
P3,2025-08-29,13,2,31.206365,0.0527572369443282,31.16906,31.24367,2,11.75,0.0848528137423864,11.69,11.81,2,564.5,0.7071067811865476,564,565
P3,2025-08-29,17,158,31.63928120253165,0.99107022455227,30.43625,34.27336,158,10.569430379746835,0.5350626413365035,9.62,12.25,158,799.8860759493671,88.17657261286674,548,940
P3,2025-08-29,18,120,30.42029825,0.17318539935772073,30.11008,30.74582,120,10.055833333333334,0.11686797358258466,9.87,10.24,120,760.6666666666666,11.71247509406669,738,783
P3,2025-08-29,19,120,30.008062916666667,0.08674003552968007,29.83996,30.1757,120,10.466000000000001,0.11677314068977505,10.19,10.84,120,715.9916666666667,16.207424293850394,683,751
P3,2025-08-29,20,115,29.76997252173913,0.1236044845808503,29.55285,30.03195,115,10.94095652173913,0.2148641917585973,10.64,11.3,115,642.2347826086957,19.894163137111722,616,683
P3,2025-08-29,21,120,30.626595000000002,0.24480982005760032,30.03801,30.94758,120,12.079416666666667,0.5690494740543822,10.9,12.92,120,598.625,10.037796219348943,582,620
P3,2025-08-29,22,120,31.156949666666666,0.11166261322915481,30.90324,31.3341,120,13.450999999999999,0.27180504629840496,12.91,13.91,120,575.1833333333333,5.752578279584126,563,588
P3,2025-08-29,23,120,31.467288583333335,0.06953369923935569,31.32434,31.60383,120,14.196583333333333,0.15880592157816828,13.91,14.47,120,559.5333333333333,3.2973973269312693,553,567
P3,2025-08-30,0,120,31.614438,0.052118762627440876,31.52219,31.7382,120,14.604666666666667,0.06702480831730798,14.43,14.68,120,550.85,2.977930023840375,543,559
P3,2025-08-30,1,120,31.74946475,0.03302860456127226,31.66906,31.81984,120,14.71425,0.054797756501947036,14.63,14.85,120,542.9416666666667,2.5148160409635203,537,551
P3,2025-08-30,2,120,31.82405275,0.02684760646773311,31.77102,31.89035,120,14.904,0.03236867455483708,14.82,14.98,120,537.6166666666667,2.200776537258414,532,543
P3,2025-08-30,3,120,31.881440583333333,0.04108381623948398,31.78781,31.98,120,15.126666666666667,0.08027613408156223,14.96,15.26,120,534.0583333333333,2.030423366596016,530,538
P3,2025-08-30,4,120,31.936957666666668,0.029432639080608638,31.86652,31.99621,120,15.267833333333334,0.02599881488357037,15.21,15.34,120,531.1166666666667,2.0871086241409347,526,535
P3,2025-08-30,5,120,31.989202583333334,0.02985156737564512,31.91223,32.06828,120,15.3875,0.0648106485700263,15.27,15.48,120,530.9666666666667,1.995513174381917,527,536
P3,2025-08-30,6,120,32.05680758333333,0.04714888770434388,31.96613,32.12863,120,15.469583333333333,0.024232620327880847,15.42,15.52,120,529.7416666666667,2.1750913564637617,525,538
P3,2025-08-30,7,120,32.25318216666667,0.08254427536338363,32.10442,32.44016,120,15.493083333333335,0.01382944327876338,15.45,15.53,120,526.0416666666666,2.7937379957319584,519,533
P3,2025-08-30,8,120,32.60030625,0.1368987083381052,32.40109,32.8466,120,15.398249999999999,0.02702822987330172,15.36,15.46,120,515.4666666666667,4.80883873424631,505,523
P3,2025-08-30,9,120,33.064805166666666,0.1545279034821592,32.81359,33.32414,120,15.397583333333333,0.027286091921069046,15.35,15.45,120,502.7416666666667,4.096515907088665,495,511
P3,2025-08-30,10,120,33.472712916666666,0.12303644220274183,33.27746,33.71086,120,15.483,0.03326996778331052,15.42,15.54,120,494.4583333333333,3.0921310628438885,486,502
P3,2025-08-30,11,120,33.92349958333333,0.1397400144830511,33.68449,34.15695,120,15.519749999999998,0.016926062644294977,15.48,15.56,120,488.275,2.1261180943824987,484,494
P3,2025-08-30,12,120,34.43212166666667,0.18446604896948143,34.1423,34.76398,120,15.512416666666667,0.024699737464443972,15.46,15.55,120,487.175,1.627817531533073,481,492
P3,2025-08-30,13,120,35.289489,0.2836257274672859,34.7757,35.80305,120,15.424166666666668,0.05476586272385613,15.31,15.51,120,480.3666666666667,3.1806487719715806,473,489
P3,2025-08-30,14,120,36.163825249999995,0.1862215918347906,35.77453,36.43605,120,15.269,0.03150030011862053,15.17,15.35,120,477.7,2.328486362316895,469,484
P3,2025-08-30,15,120,36.396774083333334,0.11981960887693482,36.07805,36.61633,120,15.248583333333332,0.054019850589418224,15.14,15.36,120,486.8,4.827442561095106,474,494
P3,2025-08-30,16,120,36.35842950000001,0.11894650792539321,36.08059,36.54992,120,15.425333333333333,0.028518999514942283,15.35,15.47,120,494.23333333333335,3.7433040124964507,486,504
P3,2025-08-30,17,120,35.559673249999996,0.25233623793808996,35.18527,36.07531,120,15.417666666666667,0.02462264221816867,15.37,15.47,120,499.55,1.9046603614389612,495,505
P3,2025-08-30,18,120,34.89401416666667,0.18072129019213284,34.605,35.19231,120,15.482583333333334,0.04710966703651138,15.41,15.59,120,497.025,2.3744526127264742,492,503
P3,2025-08-30,19,120,34.41166058333333,0.12929518850384225,34.20383,34.63449,120,15.725,0.058165223951353526,15.58,15.85,120,495.85,1.9125854734566359,491,501
P3,2025-08-30,20,120,34.08928408333333,0.06459598480503739,33.9548,34.22063,120,16.024916666666666,0.08105393819154266,15.83,16.12,120,458.4916666666667,38.00574831208964,417,500
P3,2025-08-30,21,120,33.89472025,0.05908319406519413,33.78703,34.0132,120,16.167916666666667,0.022599763266901093,16.1,16.22,120,423.4,1.7794343355746267,419,428
P3,2025-08-30,22,120,33.70764475,0.055087249420149816,33.58137,33.81164,120,16.18241666666667,0.04144442128951104,16.09,16.25,120,424.0,1.8149704259460362,418,429
P3,2025-08-30,23,120,33.56500391666667,0.04059903377365001,33.48684,33.66262,120,16.066416666666665,0.019394005542445723,16.03,16.13,120,424.975,1.9638005512378476,421,431
P3,2025-08-31,0,120,33.45677916666667,0.03745227810740288,33.39504,33.54543,120,16.068916666666667,0.019088288165731177,16.03,16.11,120,424.65,1.8771066596665882,421,428
P3,2025-08-31,1,120,33.41019241666667,0.04190527834217339,33.33195,33.50168,120,16.129083333333334,0.021222939600021317,16.08,16.21,120,425.7416666666667,1.7125136732979662,421,431
P3,2025-08-31,2,120,33.34700258333333,0.024808765206791254,33.2802,33.41359,120,16.215083333333332,0.04338601086036008,16.14,16.33,120,427.56666666666666,1.6739895150085529,423,432
P3,2025-08-31,3,120,33.287717,0.040733688628009405,33.21203,33.37766,120,16.317416666666666,0.022990529045029004,16.26,16.41,120,429.05,1.8418569365697501,423,433
P3,2025-08-31,4,120,33.24089883333333,0.03409027430204895,33.15305,33.30695,120,16.377583333333334,0.02780471616284608,16.31,16.46,120,431.73333333333335,1.8952986209948908,428,436
P3,2025-08-31,5,120,33.18341975,0.037148975905972347,33.11028,33.26164,120,16.41,0.02728622024257019,16.33,16.49,120,432.95,1.8464137395174853,428,437
P3,2025-08-31,6,120,33.180734916666665,0.030587037211387565,33.11457,33.26223,120,16.37525,0.02599167610775914,16.3,16.44,120,435.7,1.9941089710031927,431,440
P3,2025-08-31,7,120,33.30884808333333,0.05101196849669471,33.20383,33.40949,120,16.282833333333333,0.031118729892783772,16.2,16.33,120,437.64166666666665,1.559981864435267,432,442
P3,2025-08-31,8,120,33.61853883333333,0.12491631791988524,33.3925,33.85773,120,16.16,0.019359491624689334,16.12,16.21,120,434.5,2.9391589719144435,426,441
P3,2025-08-31,9,120,34.061841333333334,0.13665090542878688,33.81359,34.27629,120,16.15325,0.013103498795063603,16.13,16.19,120,426.93333333333334,2.2028756352608503,422,432
P3,2025-08-31,10,120,34.488614,0.11443274544134709,34.25969,34.70227,120,16.1995,0.023039972572344435,16.16,16.25,120,422.34166666666664,2.104400484831779,417,429
P3,2025-08-31,11,120,34.87039941666667,0.13067816134532892,34.66555,35.12297,120,16.200666666666667,0.02614546679969386,16.16,16.26,120,420.275,1.7914948455166173,416,425
P3,2025-08-31,12,120,35.3214475,0.1673832117232945,35.0843,35.67609,120,16.307499999999997,0.02119338726739406,16.25,16.35,120,419.73333333333335,2.1370415949886237,413,424
P3,2025-08-31,13,120,36.12698283333334,0.2726026680424048,35.65129,36.52863,120,16.2685,0.04174049481694123,16.18,16.35,120,413.09166666666664,3.7055394221306464,405,420
P3,2025-08-31,14,120,36.55770691666667,0.0802512969899174,36.3757,36.6841,120,16.108916666666666,0.04926000019333821,16.02,16.22,120,409.525,2.215159762434584,405,415
P3,2025-08-31,15,120,36.07118833333333,0.22060060319875774,35.73703,36.52199,120,15.981,0.03791631652499541,15.92,16.1,120,422.06666666666666,5.360505014045058,411,430
P3,2025-08-31,16,120,35.294944666666666,0.2796566611176127,34.87492,35.76496,120,15.870583333333334,0.20785942176308583,15.5,16.2,120,428.2583333333333,3.1529520203417416,422,437
P3,2025-08-31,17,120,34.735146916666665,0.11570825413638972,34.51105,34.93469,120,15.424166666666668,0.06239725448244396,15.33,15.59,120,429.44166666666666,1.8911373721187388,425,435
P3,2025-08-31,18,120,34.39731483333333,0.1004284874545469,34.22961,34.58059,120,15.4895,0.04045642951467192,15.4,15.62,120,433.6166666666667,2.0133309217712383,427,438
P3,2025-08-31,19,120,34.18815658333333,0.06168407607454549,34.09641,34.32707,120,15.512166666666667,0.04943688503780199,15.4,15.68,120,435.9916666666667,1.9075076498335786,432,440
P3,2025-08-31,20,120,34.03401241666667,0.042998456880572244,33.9384,34.13449,120,15.565166666666666,0.0386534556780418,15.48,15.68,120,457.89166666666665,19.061067643757163,434,479
P3,2025-08-31,21,120,33.92656891666667,0.032259433036322546,33.86184,33.99953,120,15.590750000000002,0.0482493958685573,15.5,15.74,120,481.28333333333336,3.6280497650996044,474,491
P3,2025-08-31,22,120,33.82869633333333,0.022911450952785288,33.77356,33.90637,120,15.695833333333333,0.05249383050317766,15.57,15.91,120,487.7583333333333,1.887579185643051,482,492
P3,2025-08-31,23,120,33.773776833333336,0.02988372317661138,33.70891,33.83684,120,15.585583333333334,0.05629746674500177,15.49,15.73,120,485.9916666666667,1.707599589641397,481,491
P3,2025-09-01,0,120,33.68625058333333,0.02907187931462658,33.62297,33.75344,120,15.539250000000001,0.03474184506210581,15.48,15.68,120,484.5416666666667,1.9136652909896166,480,491
P3,2025-09-01,1,120,33.64995966666667,0.03495604738278151,33.56301,33.72121,120,15.566333333333334,0.04483271114705778,15.49,15.69,120,484.01666666666665,1.9228101517185232,479,489
P3,2025-09-01,2,120,33.59075266666667,0.05048261577365066,33.48215,33.68645,120,15.512083333333333,0.045924597194215384,15.39,15.64,120,485.1,1.677332816751385,480,489
P3,2025-09-01,3,120,33.530361666666664,0.02667695639012884,33.4593,33.59445,120,15.45175,0.038971277939036805,15.36,15.56,120,485.225,1.88965560865671,481,489
P3,2025-09-01,4,120,33.50199391666667,0.022822124246421157,33.44777,33.57375,120,15.508583333333332,0.04839084282659062,15.39,15.63,120,486.125,1.8359733983169853,482,492
P3,2025-09-01,5,120,33.446289,0.03043463469318788,33.35461,33.50676,120,15.419583333333332,0.04493498259779843,15.33,15.57,120,487.325,1.7640790203151278,483,492
P3,2025-09-01,6,120,32.05757966666667,1.560688868732789,29.00305,33.49914,120,13.7615,1.8070932367718475,10.51,15.44,120,459.69166666666666,28.860369685354943,417,492
P3,2025-09-01,7,120,29.558618333333335,0.5000332030577784,28.61769,30.36574,120,11.36725,0.4113698421844085,10.61,12.21,120,455.0,14.29814585147023,436,476
P3,2025-09-01,8,120,30.316531416666667,0.2064085013366115,29.7591,30.57824,120,10.616333333333333,0.13412607472661048,10.41,10.84,120,504.75,22.17017831959608,475,560
P3,2025-09-01,9,120,30.519788166666668,0.25580210060169584,29.87746,30.88137,120,10.619833333333332,0.11553298727402239,10.41,10.85,120,632.0333333333333,41.99678525778824,559,707
P3,2025-09-01,10,79,31.199470126582277,0.28553850239500794,30.64426,31.72219,79,10.508227848101265,0.15165547572410568,10.24,10.8,79,771.0506329113924,30.501743848498524,707,807
P3,2025-09-01,11,120,31.311800333333334,0.07607066488043072,31.14094,31.49152,120,10.586583333333332,0.09145413355019621,10.48,10.89,120,815.05,6.010984343109607,799,826
P3,2025-09-01,12,120,31.621230583333332,0.15351249890971652,31.27102,31.83293,120,10.601416666666667,0.24293823205464515,10.18,10.94,120,839.175,15.713112064651634,807,871
P3,2025-09-01,13,120,31.423443916666667,0.20278583083404583,31.0302,31.74973,120,10.290333333333333,0.22940893483853908,9.92,10.68,120,826.9,9.658365990862281,808,842
P3,2025-09-01,14,120,30.706588833333335,0.1693859504218351,30.39875,31.06223,120,9.821083333333332,0.05385626424920025,9.72,9.97,120,796.2833333333333,11.409993653901473,772,820
P3,2025-09-01,15,120,30.231085416666666,0.10177971815010965,29.97395,30.4048,120,10.094583333333333,0.20575295553523743,9.74,10.33,120,760.175,7.686791574244807,744,779
P3,2025-09-01,16,120,29.901790166666668,0.06851373492900098,29.76574,30.06711,120,10.335749999999999,0.1500065124636667,10.07,10.54,120,764.45,10.958171042881238,742,787
P3,2025-09-01,17,120,29.682475583333332,0.08553421486318362,29.54211,29.89172,120,10.460916666666666,0.04697569250447036,10.36,10.54,120,779.9833333333333,5.612086796128866,765,790
P3,2025-09-01,18,120,29.428015666666667,0.09076049835548827,29.26633,29.63254,120,10.475833333333332,0.038796676053873394,10.4,10.58,120,732.2416666666667,18.245752738574538,708,772
P3,2025-09-01,19,120,29.228808333333333,0.0758682740607967,29.08391,29.37023,120,10.491416666666668,0.044121601129995996,10.41,10.57,120,689.8916666666667,19.13586795985547,660,718
P3,2025-09-01,20,117,29.029157948717952,0.032261005968518185,28.97668,29.16203,117,10.712649572649573,0.08814558062340112,10.53,10.88,117,638.5213675213676,12.12051430753995,615,666
P3,2025-09-01,21,120,29.277957416666666,0.32099918322495813,28.92941,29.90227,120,10.881,0.2551071615332388,10.6,11.5,120,589.3,17.50658939567907,559,621
P3,2025-09-01,22,120,30.30200025,0.21059622362269464,29.87844,30.63488,120,12.283916666666666,0.4769692410027559,11.49,13.08,120,544.95,8.374481045002744,530,563
P3,2025-09-01,23,120,30.809003833333335,0.08371086958109583,30.60949,30.9343,120,13.653416666666667,0.2996426326191125,13.08,14.15,120,526.7416666666667,3.5420542710952567,518,536
P3,2025-09-02,0,120,31.05286275,0.07482684276552258,30.85559,31.1966,120,14.517333333333333,0.18934532648329389,14.12,14.85,120,515.95,3.167189990666144,509,523
P3,2025-09-02,1,120,31.22847975,0.04214938723723699,31.1257,31.31437,120,15.07575,0.09226981352205463,14.83,15.31,120,507.9166666666667,2.4651634453570788,501,514
P3,2025-09-02,2,120,31.360413833333332,0.04105153940722741,31.26613,31.45656,120,15.463916666666668,0.10207342746198736,15.24,15.67,120,502.65,2.591680289443327,496,508
P3,2025-09-02,3,120,31.449474416666664,0.03396263772149232,31.37668,31.52766,120,15.837583333333333,0.09371865489063459,15.64,15.99,120,499.5083333333333,1.883121998008539,495,504
P3,2025-09-02,4,120,31.526719,0.03799314894897839,31.44855,31.62766,120,15.979083333333334,0.04260421396551134,15.89,16.09,120,498.3,1.7566201313073628,493,502
P3,2025-09-02,5,120,31.614987583333335,0.030235216652832516,31.54309,31.68879,120,16.188416666666665,0.060875901226510896,16.04,16.3,120,497.48333333333335,2.153688777456035,493,504
P3,2025-09-02,6,120,31.744004083333333,0.0860387669756014,31.60851,31.92512,120,16.22416666666667,0.04302790443681744,16.14,16.32,120,497.80833333333334,2.178179925330984,492,503
P3,2025-09-02,7,120,31.982033249999997,0.16947452283759393,31.5216,32.21555,120,15.904583333333333,0.3365042630452438,14.66,16.16,120,495.89166666666665,9.90356512781613,484,521
P3,2025-09-02,8,120,30.954978416666666,0.2799217642109733,30.47297,31.52258,120,12.136166666666666,1.0257673359251485,10.97,14.61,120,552.3666666666667,24.628989318401597,519,611
P3,2025-09-02,9,120,30.088235666666666,0.4340092582227724,29.06555,30.50813,120,10.952666666666666,0.4610687863760755,9.84,12.23,120,714.4083333333333,68.31692038319852,612,845
P3,2025-09-02,10,120,30.663862583333334,0.803136816764646,28.94113,31.66477,120,11.928916666666668,0.6290098873430745,10.61,12.44,120,905.9583333333334,30.288915750930123,824,939
P3,2025-09-02,11,120,29.690009666666665,0.17997269692524112,29.07043,29.87902,120,11.108916666666666,0.10118454587994022,10.94,11.41,120,823.4083333333333,15.365297489693551,801,860
P3,2025-09-02,12,120,29.893861916666665,0.09965101192987617,29.63976,30.01769,120,11.44625,0.18419054118543898,11.16,11.71,120,907.775,21.5903271603456,857,938
P3,2025-09-02,13,120,30.759511666666665,0.33400559778264544,29.88469,31.10793,120,11.626833333333334,0.15937368662610324,11.17,11.81,120,1006.0583333333333,27.911112161159537,934,1038
P3,2025-09-02,14,120,31.1753855,0.052203532235841725,31.08527,31.29465,120,11.66025,0.0672192261912294,11.35,11.81,120,976.3416666666667,22.150932159125972,940,1024
P3,2025-09-02,15,120,30.09132775,1.267359548210151,27.71301,31.36164,120,11.187000000000001,0.5991879659066889,10.01,11.82,120,938.025,9.616567024907479,920,967
P3,2025-09-02,16,120,29.625809083333333,0.8070928755631975,27.66047,30.59836,120,11.733583333333334,0.5409636528173296,10.07,12.54,120,960.4833333333333,29.14351141683298,918,1012
P3,2025-09-02,17,120,29.69702475,1.2305468742457177,27.64133,30.93488,120,11.1145,0.5837474560432574,10.01,11.83,120,904.3083333333333,19.302891250904914,870,935
P3,2025-09-02,18,120,29.05833458333333,0.7779304888401328,27.61496,30.4343,120,11.843583333333333,0.6220132612725238,10.4,12.6,120,913.3166666666667,21.91004655531394,848,950
P3,2025-09-02,19,120,29.26759283333333,0.07233615917836418,29.07121,29.37199,120,11.372833333333334,0.12008528715240682,11.14,11.59,120,791.0166666666667,28.751319541025197,747,847
P3,2025-09-04,9,50,29.644523,0.04928624029740311,29.51887,29.72004,50,11.411200000000001,0.04269684307022398,11.31,11.48,50,708.42,10.00018367178261,686,726
P3,2025-09-04,10,120,29.72066841666667,0.03836069949230783,29.61887,29.82981,120,11.385916666666667,0.04778269848501336,11.31,11.52,120,743.6333333333333,8.441527335352593,717,760
P3,2025-09-04,11,120,29.818491416666667,0.02818581952588852,29.76008,29.87277,120,11.27425,0.11083080071241079,11.08,11.46,120,757.3083333333333,2.824847235650416,751,765
P3,2025-09-04,12,120,29.547128583333333,0.14681680740511713,29.30832,29.77902,120,11.104166666666666,0.13890679623119995,10.93,11.36,120,806.15,18.340225340660954,760,830
P3,2025-09-04,13,120,29.369075000000002,0.055610797437158646,29.2343,29.5257,120,11.070166666666667,0.06169841714234934,10.99,11.32,120,831.625,6.808376575707115,820,854
P3,2025-09-04,14,120,29.141297,0.930289243697259,27.4798,30.57922,120,11.845,0.792818607588025,10.32,12.78,120,918.9666666666667,46.625800433949124,843,978
P3,2025-09-04,15,120,29.224737416666667,0.5983552764379803,28.0468,30.6509,120,11.9445,0.5763575133485096,10.6,12.9,120,903.5333333333333,48.23000449236292,839,990
P3,2025-09-04,16,120,29.50120091666667,0.3566728836121359,28.66613,29.87043,120,11.57125,0.29917691710941186,10.93,12.09,120,981.0416666666666,176.08050087137644,827,1260
P3,2025-09-04,17,120,28.111360666666666,0.271112022565181,27.51867,28.69602,120,11.0145,0.3627274134533924,10.49,11.79,120,1215.375,53.645907610565615,1074,1274
P3,2025-09-04,18,120,29.265631499999998,0.49553917919819057,28.32512,29.78195,120,11.417666666666666,0.2085795631735529,11.17,11.95,120,871.4333333333333,126.63477115747601,756,1092
P3,2025-09-04,19,120,29.83746575,0.04096903784100332,29.75246,29.91613,120,11.933916666666667,0.04446310590945002,11.82,12.0,120,729.0,18.2254785184613,695,759
P3,2025-09-05,9,38,30.052502368421056,0.10356648138858697,29.90988,30.2173,38,11.853684210526316,0.05508818741439094,11.75,11.97,38,668.5263157894736,6.773305481138724,654,678
P3,2025-09-05,10,120,30.4033105,0.13470205763402615,30.16301,30.6468,120,12.175999999999998,0.08692119487010624,11.96,12.3,120,704.3916666666667,16.610362177046547,677,738
P3,2025-09-05,11,120,30.75124225,0.09903149335644287,30.56809,30.90227,120,12.047666666666666,0.2608349016875908,11.52,12.47,120,745.2833333333333,7.286667153595167,735,763
P3,2025-09-05,12,120,30.946011083333335,0.09582214237536518,30.79035,31.11477,120,11.328166666666666,0.10892124464498978,11.11,11.54,120,799.2833333333333,20.862166042594534,762,834
P3,2025-09-05,13,116,31.506986637931035,0.35605340265787666,30.35051,31.96867,116,11.219396551724138,0.06957371809006377,11.1,11.49,116,832.0775862068965,6.646543216713225,820,868
P3,2025-09-05,14,120,30.183924166666667,0.13099153218885073,29.99641,30.43645,120,11.412749999999999,0.14496573052004183,11.27,11.69,120,833.15,6.350610372305896,820,846
P3,2025-09-05,15,120,30.223883250000004,0.058763867480635154,30.03234,30.35656,120,11.360333333333333,0.11324052881785225,11.23,11.61,120,806.1416666666667,8.587949181758034,789,822
P3,2025-09-05,16,120,30.187724166666666,0.05950710713267707,30.02277,30.29699,120,11.100583333333333,0.0912959527054273,10.93,11.3,120,816.175,5.251110326765679,801,830
P3,2025-09-05,17,120,29.951762666666664,0.06876945295737236,29.83156,30.08371,120,10.904583333333333,0.09732468257094437,10.75,11.14,120,794.2166666666667,12.552533865422491,768,816
P3,2025-09-05,18,120,29.652644249999998,0.11742959561866978,29.45012,29.95559,120,10.789833333333332,0.13945261134996553,10.6,11.14,120,734.0333333333333,23.00527280931081,691,773
P3,2025-09-05,19,119,29.424991596638655,0.06753934672399452,29.27941,29.56594,119,10.59672268907563,0.06942999454025589,10.5,10.71,119,656.4621848739496,19.016847978839085,625,696
P3,2025-09-05,20,114,29.18321561403509,0.05011800835152993,29.07726,29.28898,114,10.468859649122807,0.06242530080349261,10.35,10.56,114,602.0526315789474,12.833751205499366,585,628
P3,2025-09-05,21,120,29.85143525,0.5728212573677508,29.03762,30.63605,120,10.9755,0.4477316310529971,10.38,11.79,120,567.0333333333333,10.615458312389109,547,589
P3,2025-09-05,22,120,30.887542166666666,0.13677471274825684,30.62297,31.08371,120,12.266166666666667,0.24647492358286918,11.79,12.7,120,537.625,5.921137893140086,524,548
P3,2025-09-05,23,120,31.167301416666664,0.05374574078564604,31.0218,31.28527,120,12.929833333333333,0.13666485617438565,12.69,13.19,120,522.7333333333333,3.9252111934475638,515,531
P3,2025-09-06,0,120,31.258781333333335,0.030982467390478514,31.17043,31.33371,120,13.436,0.12916278570115788,13.11,13.62,120,512.6666666666666,3.3789594473415043,504,524
P3,2025-09-06,1,120,31.2499525,0.022109369330327134,31.18937,31.30051,120,13.695083333333335,0.07455183559427417,13.54,13.85,120,507.14166666666665,1.9198031820224277,503,513
P3,2025-09-06,2,120,31.246530083333333,0.05713043980308468,31.1425,31.36047,120,13.7895,0.04070492299836038,13.71,13.89,120,504.05833333333334,2.9170487944955608,498,515
P3,2025-09-06,3,120,31.281635666666666,0.056331398557265246,31.17707,31.3759,120,13.835083333333333,0.058136261747488316,13.72,13.96,120,501.2416666666667,2.4597459503078705,487,507
P3,2025-09-06,4,120,31.2357585,0.05599156744208507,31.11867,31.34523,120,14.0235,0.03354790880030862,13.91,14.1,120,500.85833333333335,2.6387412116524276,493,514
P3,2025-09-06,5,120,31.25783691666667,0.05901486267427617,31.11106,31.37844,120,14.10825,0.035377020980368296,14.04,14.18,120,499.575,2.519378674904399,492,504
P3,2025-09-06,6,120,31.334388,0.08192208952577658,31.10656,31.49406,120,14.168416666666667,0.023869245827183916,14.12,14.23,120,499.28333333333336,3.4008978877021967,490,509
P3,2025-09-06,7,120,31.712947166666666,0.1287563613256476,31.47902,31.9259,120,14.14025,0.027331223871595957,14.09,14.26,120,486.7416666666667,4.78354292477503,470,498
P3,2025-09-06,8,120,32.08475741666667,0.08538458910303684,31.9216,32.25617,120,14.165083333333333,0.04031380757547607,14.11,14.27,120,480.4166666666667,2.7822466386974702,475,493
P3,2025-09-06,9,120,32.361474916666666,0.09700015881470113,32.21809,32.54133,120,14.358166666666667,0.05159609348337412,14.26,14.47,120,475.84166666666664,2.967600488789629,462,484
P3,2025-09-06,10,120,32.699504000000005,0.11208352226664238,32.5343,32.89445,120,14.592166666666666,0.07059391900553334,14.46,14.73,120,469.76666666666665,3.099832831853012,459,477
P3,2025-09-06,11,120,33.09675158333333,0.12501911644074823,32.89191,33.32219,120,14.800666666666666,0.053777214464105466,14.69,14.91,120,467.5416666666667,1.96565396705709,462,474
P3,2025-09-06,12,120,33.573198833333336,0.15774923439297217,33.33254,33.84758,120,14.976416666666667,0.06433624686803097,14.84,15.11,120,463.725,3.0152622974940595,454,473
P3,2025-09-06,13,120,34.028283333333334,0.0934084901520878,33.81848,34.14797,120,14.948833333333333,0.1246182967623743,14.69,15.12,120,457.71666666666664,3.2750221843711773,443,466
P3,2025-09-06,14,120,34.09201158333333,0.023362285163489094,34.02805,34.14074,120,14.623666666666667,0.06619214878083356,14.5,14.78,120,466.825,4.123436805922501,458,478
P3,2025-09-06,15,127,34.14890377952756,0.03331321261614392,34.08527,34.24191,127,14.697874015748033,0.06314043206005242,14.53,14.82,127,473.748031496063,3.4109266625673316,460,484
P3,2025-09-06,16,96,34.062978854166666,0.04215435043715475,33.95695,34.16555,96,14.8309375,0.04599949942519241,14.71,14.92,96,477.7083333333333,2.546066798092874,468,482
P3,2025-09-06,17,84,33.70667654761905,0.1364246691952963,33.55695,34.00344,84,14.822380952380952,0.03247312318214127,14.76,14.92,84,481.5595238095238,2.9994023118517963,475,493
P3,2025-09-06,18,42,33.55999238095238,0.022701098803269665,33.52687,33.60266,42,14.790238095238093,0.03523358259707478,14.71,14.85,42,481.35714285714283,1.164964745021429,479,485
P3,2025-09-06,19,24,33.46107958333334,0.03279176573194726,33.41164,33.52258,24,14.647916666666667,0.04232166334639684,14.58,14.72,24,482.2083333333333,2.3215281074376795,478,486
P3,2025-09-06,20,19,33.36744,0.060050249051198414,33.27102,33.44328,19,14.462105263157893,0.107681575199413,14.3,14.59,19,480.2631578947368,1.880960312156111,475,483
P3,2025-09-06,21,15,33.260001333333335,0.01752974161111042,33.21926,33.2841,15,14.275333333333332,0.05890266385761981,14.19,14.36,15,479.6,1.992844341996779,475,482
P3,2025-09-06,22,12,33.198571666666666,0.015359736523148633,33.18254,33.22668,12,14.19,0.022563042992709788,14.14,14.22,12,467.8333333333333,26.260351494335715,424,486
P3,2025-09-06,23,12,33.164389166666666,0.026963505456733268,33.12648,33.20891,12,14.200833333333334,0.018319554050414518,14.17,14.23,12,427.9166666666667,1.7298624923456263,425,430
P3,2025-09-07,0,7,33.17695857142857,0.027330441775043506,33.14328,33.20734,7,14.254285714285714,0.009759000729485013,14.24,14.27,7,431.0,3.2659863237108993,428,438
P3,2025-09-07,1,9,33.15554222222222,0.018304058824327275,33.13371,33.1841,9,14.261111111111111,0.01964971020425264,14.23,14.3,9,431.44444444444446,4.419024527854285,422,439
P3,2025-09-07,3,72,33.045156666666664,0.07731129509519187,32.89699,33.18156,72,14.328611111111112,0.06518242127919571,14.21,14.44,72,439.94444444444446,3.7147929970530704,434,449
P3,2025-09-07,4,120,32.91672558333333,0.03202142129115183,32.80109,32.98528,120,14.3125,0.04728334046695772,14.2,14.42,120,447.7916666666667,2.8429356153745657,434,454
P3,2025-09-07,5,120,32.95538425,0.03170068065602131,32.90149,33.04172,120,14.415,0.025536265199440706,14.36,14.47,120,451.7416666666667,2.7668379346941907,440,460
P3,2025-09-07,6,121,32.90583595041323,0.050440531331104356,32.78723,33.01398,121,14.481652892561984,0.026055936861491637,14.42,14.54,121,454.6363636363636,2.4117766618546055,447,468
P3,2025-09-07,7,120,32.94141316666666,0.20258713152732932,32.70403,33.29934,120,14.480416666666667,0.0270510203704271,14.42,14.55,120,451.65833333333336,2.6710267227232314,444,458
P3,2025-09-07,8,120,33.410735833333334,0.05564117102996612,33.30051,33.5052,120,14.4845,0.045703648972615106,14.39,14.59,120,445.18333333333334,3.0041521219786693,435,457
P3,2025-09-07,9,120,33.626167083333335,0.12039024373070445,33.43703,33.87238,120,14.644833333333333,0.04323053957355457,14.53,14.73,120,444.4,3.426049492644606,434,455
P3,2025-09-07,10,120,34.08493858333333,0.10613846654804032,33.85109,34.2343,120,14.780333333333335,0.04436164088571092,14.62,14.86,120,436.1666666666667,2.754166693152257,427,444
P3,2025-09-07,11,120,34.4124535,0.11897072551188619,34.21887,34.62805,120,14.887583333333334,0.06559355155503174,14.79,15.02,120,431.03333333333336,3.081343517225619,421,441
P3,2025-09-07,12,120,34.701026999999996,0.07023966569041573,34.59406,34.85656,120,14.998666666666667,0.023831810297851728,14.95,15.07,120,424.40833333333336,2.5976583939487634,415,430
P3,2025-09-07,13,120,34.894980583333336,0.04034778638342721,34.82317,35.00598,120,14.964083333333333,0.03163595001471139,14.9,15.06,120,424.81666666666666,2.6536270828204507,417,437
P3,2025-09-07,14,120,34.83953308333333,0.0727509060822728,34.67863,34.96692,120,15.162916666666666,0.10882408774177339,14.97,15.39,120,433.3833333333333,3.8852951248627625,423,441
P3,2025-09-07,15,120,34.49074733333334,0.09982901789055158,34.29582,34.71066,120,15.543416666666667,0.1144919052096806,15.31,15.71,120,441.40833333333336,2.5781754780305817,436,452
P3,2025-09-07,16,120,34.23626,0.04810425318814466,34.13567,34.33391,120,15.54725,0.07327813366857358,15.41,15.69,120,440.5083333333333,2.5960404022873087,431,450
P3,2025-09-07,17,120,34.18262083333333,0.0401871934445095,34.09192,34.28195,120,15.467416666666667,0.03813941328780922,15.39,15.56,120,439.775,2.39208252857827,431,448
P3,2025-09-07,18,120,34.06206241666667,0.05641018918324537,33.96301,34.22805,120,15.568666666666667,0.027160689999197556,15.51,15.64,120,440.225,2.6614663930518874,430,448
P3,2025-09-07,19,120,33.942238249999996,0.02987759933947083,33.85051,34.01926,120,15.655750000000001,0.03347299174664045,15.59,15.73,120,439.8333333333333,2.341920971667272,432,449
P3,2025-09-07,20,120,33.78923058333333,0.046324197849288755,33.68801,33.91418,120,15.667416666666666,0.03651857667786425,15.59,15.73,120,460.95,18.948781029950382,431,491
P3,2025-09-07,21,120,33.7229935,0.03714528224000038,33.65109,33.81867,120,15.652083333333334,0.021258545818285877,15.6,15.71,120,477.575,2.4276505916127924,465,483
P3,2025-09-07,22,120,33.659007333333335,0.03516602647498449,33.56359,33.75656,120,15.63975,0.019595167471479463,15.59,15.69,120,476.0083333333333,2.002082249392706,470,481
P3,2025-09-07,23,120,33.66249583333333,0.03177826014411494,33.56574,33.75871,120,15.62575,0.016017978344726423,15.58,15.67,120,474.775,2.3566908148161105,464,483
P3,2025-09-08,0,120,33.69587908333333,0.04167256984281183,33.61789,33.8009,120,15.739916666666666,0.054657002800940845,15.6,15.83,120,471.875,2.2212211797593957,467,482
P3,2025-09-08,1,120,33.614196416666665,0.05239072159170657,33.49035,33.74387,120,15.837,0.020928048004467948,15.79,15.89,120,469.40833333333336,1.6878001859778966,465,473
P3,2025-09-08,2,120,33.54487233333334,0.03692954347218549,33.44074,33.62395,120,15.840416666666666,0.018982337360100018,15.78,15.88,120,468.0083333333333,1.8402403630606388,464,473
P3,2025-09-08,3,120,33.534932250000004,0.04254252937731591,33.44992,33.66379,120,15.898083333333334,0.03396230815698511,15.84,16.01,120,469.3,2.374939185422201,461,478
P3,2025-09-08,4,120,33.506749666666664,0.07626742106467098,33.33234,33.67844,120,15.992333333333333,0.03367499966207876,15.91,16.06,120,471.71666666666664,2.162255798941469,465,479
P3,2025-09-08,5,120,33.427413666666666,0.0396188582321434,33.34758,33.55344,120,15.935416666666667,0.026406512862714327,15.87,15.99,120,472.05833333333334,2.5148160409636304,460,477
P3,2025-09-08,6,120,30.555078416666667,2.3392319207970003,27.05129,33.47922,120,13.984583333333335,1.8568582374553018,10.53,16.05,120,427.95,33.405793791250225,400,479
P3,2025-09-08,7,120,27.259119333333334,0.710276682785513,26.03449,28.64426,120,10.854083333333334,0.6741811040547083,9.75,11.77,120,407.05833333333334,9.337100330243365,400,434
P3,2025-09-08,8,30,29.065742,0.20793849764475822,28.64875,29.38976,30,11.173666666666666,0.1236648232350144,11.01,11.39,30,445.3,7.254724976369429,433,457
P3,2025-09-08,20,116,28.804879051724136,0.11340586422210573,28.64211,29.06184,116,10.669137931034482,0.20561495870772042,10.29,10.96,116,633.9051724137931,20.60011753798296,601,668
P3,2025-09-08,21,120,30.47345675,0.44142486282446464,28.98215,30.87141,120,11.478416666666668,0.4712400873100221,10.52,12.2,120,576.5166666666667,12.758904179213218,558,604
P3,2025-09-08,22,120,31.102838583333334,0.1341488092531057,30.86672,31.36203,120,12.451083333333335,0.19380227224749558,12.05,12.74,120,544.725,8.86970341417692,529,561
P3,2025-09-08,23,120,31.417127,0.029003626014979505,31.34387,31.46926,120,12.927666666666665,0.11488930246427649,12.7,13.14,120,518.5916666666667,5.821570773812485,507,531
P3,2025-09-09,0,120,31.53417125,0.07694618423399488,31.40988,31.67746,120,13.189416666666666,0.07863644496154655,13.0,13.36,120,499.05,5.923674194820735,489,510
P3,2025-09-09,1,120,31.72694591666667,0.08303272598215305,31.5841,31.86652,120,13.455833333333334,0.05614482074384584,13.33,13.59,120,482.75,4.81288536599605,475,491
P3,2025-09-09,2,120,31.824915166666663,0.07150365736644822,31.68684,31.95148,120,13.700083333333334,0.0873753213368154,13.54,13.91,120,472.8833333333333,3.4353166608369365,466,480
P3,2025-09-09,3,120,32.01148775,0.07842022012942401,31.8007,32.18371,120,13.955083333333333,0.08118860533261155,13.79,14.1,120,464.725,3.0012952386001412,458,472
P3,2025-09-09,4,120,32.29623241666666,0.0403163415789717,32.18117,32.36848,120,14.084916666666667,0.023834014015470778,14.01,14.15,120,457.56666666666666,1.6889822569895991,453,462
P3,2025-09-09,5,120,32.34110066666667,0.036056216208620664,32.25109,32.44035,120,14.24,0.04180788394147651,14.13,14.33,120,459.575,1.9301347538623232,454,463
P3,2025-09-09,6,120,32.40632983333333,0.03840679587937679,32.31516,32.48449,120,14.445916666666667,0.09577192649603518,14.31,14.65,120,459.64166666666665,1.84160978783351,456,463
P3,2025-09-09,7,120,32.04232291666667,0.44516910125999043,31.04953,32.45715,120,14.3635,0.4497817397865071,13.39,14.77,120,467.275,4.170650756307968,459,477
P3,2025-09-09,8,120,30.31085775,0.27399529371674664,29.93117,30.98977,120,11.883916666666666,0.7087476181790758,10.97,13.32,120,509.7,23.206272695910844,473,568
P3,2025-09-09,9,120,28.930296,1.2287629764714207,26.56086,30.05422,120,10.9365,0.33481124746425733,10.34,11.38,120,626.7,48.18322871510147,562,717
P3,2025-09-09,10,120,27.129754166666665,1.7446139602835047,25.20441,30.32297,120,10.42075,0.4072311971094068,9.78,10.94,120,747.1916666666667,23.292908659880414,707,795
P3,2025-09-09,11,120,30.014645833333336,0.2324272737022134,29.70305,30.58274,120,10.83775,0.08197624681587315,10.72,11.0,120,795.2416666666667,18.45548623008315,757,825
P3,2025-09-09,12,120,30.0579835,0.476859675118405,29.37707,30.66398,120,11.403250000000002,0.2745788601115678,10.99,11.79,120,851.05,10.182246866998607,821,865
P3,2025-09-09,13,120,27.476166916666667,0.9745580357931803,25.97355,30.08312,120,11.030916666666666,0.8240716659637425,9.76,12.37,120,907.5583333333333,24.859536774192872,862,936
P3,2025-09-09,14,121,27.5859352892562,1.137521328768592,25.99895,29.51887,121,11.693223140495869,0.8117976090915288,10.19,12.65,121,897.9338842975206,9.147618576429323,885,920
P3,2025-09-09,15,120,29.52533983333333,0.4591906083698758,27.42316,29.82824,120,10.775416666666667,0.23794955977517304,10.54,11.48,120,823.7666666666667,19.48571264282841,805,897
P3,2025-09-09,16,120,30.008367333333336,0.3825195686909162,29.61184,30.74836,120,10.630166666666666,0.11547478413189943,10.46,10.82,120,819.5166666666667,8.857398116860265,803,834
P3,2025-09-09,17,120,27.849079916666668,1.484470172337195,25.53254,29.93019,120,10.5,0.23692710647266987,10.05,10.96,120,811.6,9.160932762313633,787,833
P3,2025-09-09,18,120,29.588943083333334,0.09618315236910051,29.40285,29.8841,120,10.529166666666667,0.045050547396543544,10.45,10.66,120,819.2083333333334,9.212610861181119,800,838
P3,2025-09-09,19,117,29.462064444444447,0.06101444999066164,29.36106,29.64524,117,10.587179487179487,0.07546232393862524,10.44,10.7,117,768.965811965812,21.063914077746414,732,802
P3,2025-09-09,20,114,29.337156228070175,0.02968632897689711,29.26105,29.44309,114,10.497719298245615,0.046163140637151635,10.44,10.6,114,698.3859649122807,21.503862082401362,659,738
P3,2025-09-09,21,120,30.247667583333335,0.48169647623108164,29.21477,30.75578,120,11.124416666666667,0.49711401704073716,10.46,11.89,120,615.4583333333334,25.50198404979869,580,661
P3,2025-09-09,22,120,30.959074416666667,0.14190816508328793,30.69035,31.21574,120,12.310333333333334,0.23518608164004706,11.85,12.71,120,556.4,13.42479832563724,532,579
P3,2025-09-09,23,120,31.21469216666667,0.06502972792957247,31.08859,31.3673,120,12.83175,0.08888348051940831,12.65,12.99,120,523.6833333333333,7.405407215164461,508,536
P3,2025-09-10,0,120,31.416889416666667,0.05274756100611521,31.32043,31.49836,120,13.155750000000001,0.10085068836918007,12.97,13.34,120,499.85833333333335,6.479827564534836,487,511
P3,2025-09-10,1,120,31.488448666666667,0.016319707009096622,31.45012,31.52863,120,13.440750000000001,0.06874826201011708,13.3,13.57,120,487.5,2.0374642338460935,483,493
P3,2025-09-10,2,120,31.48039875,0.02245786054157853,31.42199,31.53273,120,13.657666666666668,0.05816137118431413,13.53,13.76,120,481.93333333333334,2.1682713299364225,477,487
P3,2025-09-10,3,120,31.4335305,0.02430965730740106,31.38234,31.48606,120,13.818333333333333,0.03992289487266652,13.73,13.9,120,478.51666666666665,1.472340692518579,475,482
P3,2025-09-10,4,120,31.41590475,0.028449686650738423,31.35598,31.48762,120,13.939916666666667,0.03663345197932361,13.87,14.01,120,476.60833333333335,1.4798128051802315,472,481
P3,2025-09-10,5,120,31.431609833333333,0.0320353537106585,31.3716,31.51145,120,14.026416666666668,0.025986287053868004,13.94,14.08,120,473.575,1.6432315978077163,469,478
P3,2025-09-10,6,120,31.55529975,0.03151086021837109,31.49973,31.62883,120,14.083416666666666,0.016727968495068326,14.05,14.14,120,467.56666666666666,2.23694469503105,460,472
P3,2025-09-10,7,120,31.681579666666668,0.11542325796337337,31.17609,31.81184,120,14.080416666666668,0.048444646283169454,13.97,14.27,120,463.39166666666665,4.947278062135722,455,480
P3,2025-09-10,8,120,30.262965333333334,0.35664625969746366,29.85168,31.10344,120,12.659249999999998,0.8582130766155612,11.53,14.05,120,490.75,18.884990260597334,472,544
P3,2025-09-10,9,120,29.82707333333333,0.06469458041454487,29.33566,29.92277,120,11.186333333333332,0.16550372984871667,10.93,11.52,120,622.175,41.53031949040109,542,682
P3,2025-09-10,10,120,27.172122666666667,0.9726777589231487,26.0677,29.34699,120,10.732083333333332,0.18700602530774277,10.45,11.08,120,684.9416666666667,16.22442180002418,647,714
P3,2025-09-10,11,120,29.74477016666667,0.10486339352134517,29.42629,29.95988,120,10.728333333333333,0.04770943802006541,10.65,10.9,120,754.0166666666667,16.075966368398205,705,772
P3,2025-09-10,12,120,29.918651916666665,0.25299299985099677,29.37043,30.26105,120,11.042083333333332,0.26975524491075564,10.7,11.48,120,815.5666666666667,28.499663372133714,767,860
P3,2025-09-10,13,120,30.128579,0.05575456166889572,29.9759,30.23664,120,10.911249999999999,0.12424266375041254,10.73,11.15,120,843.3583333333333,13.600417587096992,817,866
P3,2025-09-10,14,120,27.68123975,0.9452679769912585,26.42922,29.99543,120,10.423833333333333,0.5639851945928067,9.57,11.29,120,844.6833333333333,24.177558638884392,799,887
P3,2025-09-10,15,120,29.53530625,0.22999893804673144,28.95129,29.77727,120,10.976833333333333,0.49712954761796757,10.46,11.98,120,866.8416666666667,18.258644014069063,849,903
P3,2025-09-10,16,120,29.616399583333337,0.07108870241289662,29.47492,29.78645,120,10.35575,0.05030432595795253,10.27,10.48,120,859.25,14.188556165107881,823,889
P3,2025-09-10,17,120,29.623193416666666,0.2414479217104849,29.39973,30.38996,120,10.52275,0.16048226949893954,10.23,10.81,120,749.0416666666666,39.708474601551636,678,820
P3,2025-09-10,18,120,30.828777666666667,0.13665099762714025,30.43547,31.00734,120,11.208499999999999,0.2280743281469134,10.81,11.57,120,634.3333333333334,23.9871580955602,595,678
P3,2025-09-10,19,118,30.984882627118647,0.021684034830806675,30.91789,31.02609,118,11.794491525423728,0.11829701470557792,11.58,11.99,118,566.7372881355932,14.56164495151703,545,597
P3,2025-09-10,20,112,30.989289553571428,0.07316754238292802,30.77844,31.10344,112,12.092232142857142,0.06074180805521949,11.97,12.22,112,532.5714285714286,8.50830467198095,519,547
P3,2025-09-10,21,120,31.0515735,0.035563583575372225,30.9759,31.15012,120,12.256499999999999,0.04709457675426967,12.16,12.35,120,510.09166666666664,6.220048681661568,498,523
P3,2025-09-10,22,120,31.103868166666665,0.02795363351807359,31.04543,31.16945,120,12.389999999999999,0.026025197873786685,12.33,12.45,120,493.625,2.819686197451939,487,502
P3,2025-09-10,23,120,31.113166999999997,0.022628356962525173,31.0634,31.17258,120,12.469249999999999,0.027597421021878336,12.42,12.55,120,489.51666666666665,1.57172138855755,486,493
P3,2025-09-11,0,120,31.07789208333333,0.02219601883054271,31.03293,31.14562,120,12.592083333333333,0.03347884904433356,12.53,12.66,120,486.1,1.6622350044696161,482,490
P3,2025-09-11,1,120,31.063503166666667,0.026029411644525415,31.00441,31.12785,120,12.697166666666668,0.03447525804641312,12.61,12.76,120,482.23333333333335,1.5810502483966824,478,488
P3,2025-09-11,2,120,31.05076475,0.024343791504424867,30.9882,31.10637,120,12.780166666666666,0.017584529742774815,12.72,12.82,120,480.5416666666667,1.3150443858268315,477,483
P3,2025-09-11,3,120,31.060423,0.015467263429034801,31.02531,31.09641,120,12.83975,0.02423493207692342,12.78,12.88,120,478.9916666666667,1.5090529799707506,475,482
P3,2025-09-11,4,120,31.041362166666666,0.019652008394093798,30.99875,31.0882,120,12.847916666666666,0.020899754062859426,12.8,12.89,120,479.14166666666665,1.5410126177144534,475,483
P3,2025-09-11,5,120,31.027139,0.027030733594474235,30.96574,31.08605,120,12.786416666666666,0.018370410686631877,12.75,12.84,120,477.96666666666664,1.4720552906434936,475,483
P3,2025-09-11,6,120,31.058439416666666,0.030005628639924026,31.00793,31.13449,120,12.719083333333334,0.0439823462165399,12.64,12.8,120,476.44166666666666,1.41299986817088,472,480
P3,2025-09-11,7,120,31.40024925,0.20507056135156865,31.09992,31.77375,120,12.631833333333333,0.040250963417320075,12.55,12.83,120,467.34166666666664,6.908155980261221,457,489
P3,2025-09-11,8,120,30.129101583333334,0.34780442591932464,29.76008,31.22121,120,11.726666666666667,0.499051761908948,11.04,12.66,120,491.44166666666666,17.063793224710817,469,542
P3,2025-09-11,9,120,30.0254625,0.06480139183392412,29.76652,30.14582,120,11.210416666666667,0.22043652579543568,10.81,11.53,120,627.6083333333333,48.95604199298645,544,705
P3,2025-09-11,10,120,30.113340083333334,0.04941941163360054,30.02668,30.2134,120,10.656833333333333,0.09684071070216035,10.53,10.85,120,733.2666666666667,11.454501396433553,707,755
P3,2025-09-11,11,120,30.444795,0.21093396273150097,30.12023,30.82512,120,10.713,0.15288046629569862,10.45,10.93,120,779.1916666666667,20.296663563766543,753,814
P3,2025-09-11,12,120,29.98728375,0.25582897334638577,29.6173,30.54719,120,10.797166666666667,0.07774320293273902,10.6,10.89,120,814.4583333333334,4.078836201896891,801,823
P3,2025-09-11,13,120,27.067849833333334,1.0683534820563012,25.5593,29.81809,120,10.081416666666666,0.37136653354993643,9.25,10.69,120,793.2583333333333,10.311530490883593,776,819
P3,2025-09-11,14,120,27.500625,1.5286181763113913,25.5423,30.23098,120,10.438583333333334,0.8932795734586912,9.21,11.57,120,813.5666666666667,14.364249115810484,782,849
P3,2025-09-11,15,120,27.803346416666667,1.545300932539429,25.44563,30.45559,120,10.562083333333334,0.8495118675835331,9.0,11.46,120,838.8166666666667,13.061575781840512,815,873
P3,2025-09-11,16,120,28.34825525,1.3990206525136064,25.47727,30.37746,120,10.369083333333332,0.8049051260271387,8.97,11.67,120,859.6833333333333,61.745476932068804,792,994
P3,2025-09-11,17,120,27.499168083333334,1.3580141685157645,25.40207,28.72414,120,9.874416666666667,0.2396103133024445,9.42,10.29,120,776.5583333333333,19.46589166658832,750,818
P3,2025-09-11,18,120,28.546786833333332,0.08883499355909384,28.43684,28.81242,120,10.221499999999999,0.2634121606656651,9.85,10.64,120,758.7166666666667,6.3711314950022215,747,774
P3,2025-09-11,19,119,28.68959168067227,0.14901265665343627,28.43957,28.94289,119,10.316302521008405,0.06733253609748618,10.17,10.42,119,702.0672268907563,32.27706618586539,500,744
P3,2025-09-11,20,120,28.91393233333333,0.074989661009868,28.76984,29.12648,120,10.55275,0.09375421559149455,10.3,10.68,120,624.3666666666667,18.08705992400868,592,657
P3,2025-09-11,21,120,29.51833025,0.5940778281277977,28.73313,30.4009,120,10.736166666666666,0.3297291563186545,10.36,11.42,120,558.4,20.863461688163,527,597
P3,2025-09-11,22,120,30.537468583333336,0.06967538225897499,30.40129,30.67863,120,11.750166666666667,0.18880866369050242,11.41,12.09,120,525.825,4.005589581966643,517,534
P3,2025-09-11,23,120,30.725175583333332,0.052298480235575345,30.61828,30.83059,120,12.284666666666668,0.12073259105733554,12.06,12.48,120,513.0666666666667,5.6326379827090305,504,524
P3,2025-09-12,0,120,30.806515166666667,0.034936130511234696,30.75129,30.92707,120,12.633666666666667,0.09636182979217554,12.46,12.79,120,500.01666666666665,2.878443012058633,494,506
P3,2025-09-12,1,120,30.950946916666666,0.07224516373910486,30.79348,31.09777,120,12.920166666666667,0.07984210608921649,12.76,13.05,120,490.3333333333333,3.646878101603478,476,498
P3,2025-09-12,2,120,31.129046000000002,0.03098845066507576,31.05324,31.19602,120,13.069583333333332,0.05215355210528599,12.97,13.17,120,479.98333333333335,2.9533724728834554,468,486
P3,2025-09-12,3,120,31.104735249999997,0.01802846936098633,31.06281,31.15383,120,13.109166666666665,0.0325029625885207,13.06,13.2,120,479.0083333333333,2.63619229266789,465,490
P3,2025-09-12,4,120,31.097745416666665,0.025919879068338574,31.03781,31.16145,120,13.182083333333333,0.020370345612977184,13.13,13.23,120,477.69166666666666,1.9822567282505694,471,482
P3,2025-09-12,5,120,31.096801666666668,0.026952951299505555,31.03371,31.16047,120,13.21025,0.03344285229683649,13.15,13.28,120,475.51666666666665,2.1614783819224477,471,482
P3,2025-09-12,6,120,31.162362083333335,0.053777179501336744,31.06066,31.26301,120,13.191166666666668,0.029051774511050107,13.12,13.26,120,472.15,3.091462899202106,456,481
P3,2025-09-12,7,120,30.624986666666665,0.7731615505241846,29.31945,31.38996,120,12.941916666666666,0.36392190461837337,12.01,13.46,120,464.60833333333335,8.688150757522243,448,481
P3,2025-09-12,8,120,29.119068833333333,0.1841159993101936,28.83527,29.42609,120,11.412833333333333,0.5072105016629684,10.69,12.12,120,491.1333333333333,17.82875278224231,457,535
P3,2025-09-12,9,120,29.466594833333332,0.6057964520094186,28.79211,30.35246,120,11.036,0.33151397045228786,10.54,11.47,120,593.7916666666666,35.400682667617204,533,656
P3,2025-09-12,10,120,29.161759416666666,1.208049895643886,26.94055,30.58918,120,11.43325,0.3125690848006388,10.8,11.86,120,671.4833333333333,21.32146247105866,633,718
P3,2025-09-12,11,120,28.633673166666664,0.07057819225384677,28.51984,28.93547,120,10.950583333333332,0.11554980615769628,10.78,11.12,120,732.5666666666667,11.386807443418835,704,759
P3,2025-09-12,12,120,28.831529666666665,0.15848849528500047,28.65637,29.15832,120,11.320166666666667,0.24462965778455326,11.08,11.73,120,788.7083333333334,10.83597791465752,761,811
P3,2025-09-12,13,120,30.345697916666666,0.4144521749987174,29.19191,30.96633,120,11.753250000000001,0.09136833296557315,11.59,11.93,120,828.4333333333333,10.682376386652397,801,848
P3,2025-09-12,14,120,28.973670666666667,0.8891998629215565,26.94973,30.16008,120,11.259583333333333,0.33213947620338646,10.45,11.59,120,831.025,12.601495509487448,807,854
P3,2025-09-12,15,120,28.363461500000003,0.8667105653999408,26.68859,29.33332,120,11.013083333333332,0.27707595607373364,10.45,11.34,120,830.4416666666667,9.277057481669663,817,858
P3,2025-09-12,16,120,28.410895166666666,0.23638304311841477,27.82355,28.65031,120,10.964333333333334,0.06286885554230198,10.67,11.04,120,823.9583333333334,21.24107161254595,804,874
P3,2025-09-12,17,120,28.49502491666667,0.050212465123454876,28.37902,28.61926,120,11.022916666666667,0.03142005550528474,10.94,11.08,120,805.7916666666666,4.156387881813802,795,815
P3,2025-09-12,18,120,28.281661583333335,0.0934274258223473,28.0923,28.48723,120,11.046666666666665,0.03574732365449638,10.97,11.13,120,784.7333333333333,13.16395213658657,757,802
P3,2025-09-12,19,119,28.129583025210085,0.08510760384036557,27.93801,28.28,119,11.289075630252102,0.17408351588469717,11.04,11.61,119,741.6386554621848,24.032016459840573,500,762
P3,2025-09-12,20,120,28.1834565,0.05526321270432479,28.05383,28.29563,120,11.263416666666666,0.06665470831123654,11.12,11.38,120,714.1916666666667,19.014941419812043,665,742
P3,2025-09-12,21,120,29.133912666666667,0.4638462595248366,28.07277,29.63508,120,11.844,0.5582842864865686,11.05,12.76,120,624.9833333333333,21.69071494547698,594,670
P3,2025-09-12,22,120,29.709124083333332,0.0746398329176538,29.60246,29.92512,120,13.261166666666666,0.2637581758925033,12.73,13.69,120,574.3666666666667,12.900350678142297,551,597
P3,2025-09-12,23,120,29.91328575,0.054529093563079306,29.79348,30.03684,120,14.017166666666666,0.18227407258031686,13.67,14.32,120,539.325,8.289065897034295,525,556
P3,2025-09-13,0,120,30.069405083333333,0.05549527277915919,29.96437,30.17785,120,14.501666666666667,0.13262275641158577,14.25,14.72,120,518.0333333333333,5.723214313026375,507,531
P3,2025-09-13,1,120,30.194880833333333,0.03190876085760595,30.13098,30.26672,120,14.919916666666667,0.1155585328299203,14.67,15.11,120,505.8333333333333,3.283094802864269,497,513
P3,2025-09-13,2,120,30.287880833333336,0.0373298152310232,30.20578,30.36164,120,15.239583333333334,0.06152673577954345,15.09,15.36,120,499.46666666666664,2.4354984420163936,494,506
P3,2025-09-13,3,120,30.353767916666666,0.027572236855270615,30.27004,30.41086,120,15.42325,0.07034324607883528,15.3,15.57,120,495.18333333333334,2.756149223720915,484,505
P3,2025-09-13,4,120,30.3836895,0.02311149595171529,30.33117,30.43781,120,15.363666666666665,0.08898997520099536,15.22,15.58,120,494.59166666666664,2.1556875458930107,489,501
P3,2025-09-13,5,120,30.43179566666667,0.026354354661720644,30.38313,30.49269,120,15.196083333333332,0.03068670183430734,15.12,15.26,120,492.80833333333334,1.8665378607020437,488,497
P3,2025-09-13,6,120,30.50358875,0.026901857439933702,30.44133,30.56242,120,15.060166666666667,0.05841007357192578,14.96,15.17,120,492.94166666666666,2.380932072742521,487,500
P3,2025-09-13,7,120,30.64342741666667,0.0702294877316682,30.51496,30.84582,120,14.866999999999999,0.05416439340198311,14.8,14.98,120,488.56666666666666,2.2630882942233623,482,494
P3,2025-09-13,8,120,30.993232250000002,0.08986017870415863,30.81574,31.19992,120,14.87375,0.023445359326521805,14.81,14.92,120,484.1,2.220606321925324,479,490
P3,2025-09-13,9,120,31.3333105,0.11298658676136496,31.16379,31.55773,120,14.964,0.047107957542920596,14.9,15.07,120,484.475,2.1261180943824765,478,490
P3,2025-09-13,10,120,31.71497583333333,0.10631240301391584,31.5009,31.88039,120,15.12875,0.03838247367893958,15.05,15.19,120,486.94166666666666,2.231538013290821,482,493
P3,2025-09-13,11,120,31.958458916666665,0.047396744805360304,31.85851,32.07805,120,15.216583333333334,0.0334688073349734,15.16,15.29,120,492.0083333333333,3.22150294621833,486,501
P3,2025-09-13,12,120,32.07951008333333,0.055962543332973666,32.00324,32.21066,120,15.290166666666666,0.017915925657269873,15.25,15.34,120,498.89166666666665,2.8367214871252853,492,506
P3,2025-09-13,13,120,32.302262166666665,0.088016402560175,32.14914,32.43625,120,15.247583333333333,0.03274541043813342,15.18,15.33,120,497.7916666666667,3.3828431017385525,491,504
P3,2025-09-13,14,120,32.39773475,0.0361737948226335,32.31613,32.49309,120,15.237833333333333,0.020871086241408987,15.19,15.29,120,495.4,2.4023797725232354,489,504
P3,2025-09-13,15,120,32.1972905,0.08146361362158269,32.08098,32.39309,120,15.3385,0.0574770688655777,15.25,15.47,120,506.14166666666665,6.149804715534935,491,519
P3,2025-09-13,16,120,32.055832333333335,0.03914138272427118,31.98293,32.15227,120,15.493500000000001,0.019943196645395428,15.44,15.54,120,520.4083333333333,4.3742866565305025,511,529
P3,2025-09-13,17,120,31.905854833333333,0.06346615632201943,31.78215,32.03527,120,15.633583333333332,0.05090435640886256,15.51,15.71,120,528.725,2.563356845881616,523,535
P3,2025-09-13,18,120,31.759451583333334,0.04565430718671366,31.66496,31.85188,120,15.762416666666667,0.04115957536536774,15.65,15.86,120,528.2416666666667,2.3585917794465936,522,534
P3,2025-09-13,19,120,31.635711416666666,0.051417863509602715,31.51691,31.7552,120,15.723416666666667,0.026489123607015566,15.64,15.8,120,522.825,2.9892313730591855,517,529
P3,2025-09-13,20,120,31.55170466666667,0.04026142032112684,31.4632,31.65461,120,15.741666666666667,0.051307825886494574,15.65,15.87,120,468.98333333333335,44.414204581726466,425,524
P3,2025-09-13,21,120,31.46602358333333,0.05665172211102194,31.35969,31.64406,120,15.852333333333332,0.06656939682645069,15.72,16.0,120,423.10833333333335,3.5969077133058307,414,431
P3,2025-09-13,22,120,31.370273333333333,0.05004255174782894,31.23859,31.47043,120,16.011916666666668,0.05870157877042499,15.9,16.17,120,419.56666666666666,2.4209635325155903,412,429
P3,2025-09-13,23,120,31.307901833333336,0.04575487573749074,31.21867,31.47238,120,15.798166666666667,0.06705050565151115,15.69,15.96,120,417.76666666666665,2.3035716999978115,413,426
P3,2025-09-14,0,120,31.247127250000002,0.03329917825120864,31.14914,31.31477,120,15.788833333333335,0.05845609331744789,15.67,15.89,120,416.65833333333336,2.3063516000560673,411,424
P3,2025-09-14,1,120,31.188002166666667,0.04752308467238614,31.07551,31.2925,120,15.906583333333334,0.033718952936217565,15.85,16.0,120,414.75,2.3236091891420867,408,421
P3,2025-09-14,2,120,31.162925583333333,0.03723800454979089,31.09738,31.27883,120,15.928833333333333,0.0432344270954805,15.83,16.01,120,413.19166666666666,2.433297839424956,408,421
P3,2025-09-14,3,120,31.141981333333334,0.031185043412843057,31.05578,31.22297,120,15.857916666666666,0.058279186554326554,15.75,15.99,120,414.55,2.42483647547069,409,420
P3,2025-09-14,4,120,31.111576,0.030695957837522787,31.03273,31.20754,120,15.716083333333334,0.04126764116451267,15.63,15.82,120,415.93333333333334,2.307216786459358,411,424
P3,2025-09-14,5,120,31.113413166666664,0.029745640510565073,31.04309,31.18312,120,15.61875,0.028975866515711116,15.54,15.68,120,417.7416666666667,2.6073452590172836,412,424
P3,2025-09-14,6,120,31.079589916666666,0.03193909175831588,31.00754,31.17863,120,15.5455,0.027860697898563443,15.48,15.61,120,419.7083333333333,2.5118068535354334,414,426
P3,2025-09-14,7,120,31.24977725,0.10873051203317882,31.07805,31.47238,120,15.6145,0.0320149649881637,15.56,15.66,120,423.35833333333335,2.252154275255531,418,428
P3,2025-09-14,8,120,31.61446425,0.09457807383242338,31.45695,31.82082,120,15.704666666666666,0.054478942556484944,15.63,15.82,120,422.94166666666666,2.3985143627794248,418,429
P3,2025-09-14,9,120,31.969411083333334,0.10019404198053344,31.7548,32.17551,120,15.88025,0.029858560136843487,15.8,15.94,120,425.14166666666665,2.5380990482468504,419,432
P3,2025-09-14,10,120,32.30788575,0.11973730448420904,32.07863,32.53683,120,15.993916666666667,0.026451027631174854,15.92,16.04,120,423.21666666666664,3.690057805867576,415,431
P3,2025-09-14,11,120,32.66730641666667,0.07358512622356951,32.51789,32.84367,120,16.06758333333333,0.034543744847998846,16.0,16.13,120,412.89166666666665,3.360161644104303,402,420
P3,2025-09-14,12,120,32.99827325,0.09885621447218086,32.82805,33.18254,120,16.132333333333335,0.01607405829714848,16.08,16.16,120,401.0083333333333,1.889803837285067,400,408
P3,2025-09-14,13,120,33.294765749999996,0.11552255592377529,33.07277,33.53527,120,15.988666666666667,0.06864760008331915,15.88,16.11,120,415.675,14.684446982888952,400,435
P3,2025-09-14,14,120,33.692918666666664,0.0718509989396708,33.52512,33.83039,120,15.81775,0.0406142438895846,15.73,15.9,120,424.73333333333335,2.1875635244878016,420,430
P3,2025-09-14,15,120,33.85758466666667,0.04632451546061761,33.78371,33.99191,120,15.65825,0.038010668559887606,15.58,15.76,120,429.25,2.4537743179357787,424,436
P3,2025-09-14,16,120,33.884912666666665,0.07278276724578396,33.73215,33.99953,120,15.61175,0.018949845346478325,15.55,15.65,120,430.6,2.946012830358778,422,438
P3,2025-09-14,17,120,33.52738183333334,0.11724700980926966,33.29641,33.73332,120,15.47025,0.05499369711784255,15.37,15.57,120,434.5833333333333,2.32481438071126,429,440
P3,2025-09-14,18,120,33.147334083333334,0.10901591036834099,32.93957,33.35832,120,15.386416666666667,0.017383264110876186,15.34,15.43,120,434.325,2.432837330976227,427,441
P3,2025-09-14,19,120,32.85388208333333,0.07213838653304475,32.70559,32.98528,120,15.343916666666667,0.025905316716336713,15.27,15.4,120,434.45,2.6117060331057953,429,440
P3,2025-09-14,20,120,32.681718833333335,0.04861048419237616,32.56008,32.80051,120,15.3395,0.03547635027129231,15.27,15.41,120,438.90833333333336,2.476768813091236,434,445
P3,2025-09-14,21,120,32.52581241666667,0.03518837613643303,32.43527,32.62024,120,15.500833333333333,0.0716502163388252,15.38,15.63,120,442.3666666666667,2.45268960011449,436,449
P3,2025-09-14,22,120,32.41799683333333,0.04401685469738621,32.31379,32.54426,120,15.660916666666667,0.028755586474654454,15.59,15.72,120,446.325,1.9496282774334375,442,451
P3,2025-09-14,23,120,32.328934499999995,0.029403390670819336,32.25383,32.39719,120,15.620666666666667,0.02740095481785246,15.57,15.7,120,446.80833333333334,2.2315380132908045,441,452
P3,2025-09-15,0,120,32.26701025,0.03148472951089365,32.18938,32.33508,120,15.743333333333334,0.04979509836046457,15.66,15.86,120,446.81666666666666,2.0456279812162848,440,453
P3,2025-09-15,1,120,32.2445285,0.03620270519281413,32.16183,32.32785,120,15.847833333333334,0.021348777672816215,15.8,15.9,120,448.93333333333334,2.445140381367448,444,456
P3,2025-09-15,2,120,32.18373416666667,0.03021917287722802,32.10285,32.25949,120,15.977333333333332,0.06579485987091878,15.85,16.09,120,452.25,2.467434962489932,446,459
P3,2025-09-15,3,120,32.179538083333334,0.03426025666937407,32.06418,32.24914,120,16.176666666666666,0.07302967433401976,16.06,16.31,120,454.925,2.6383165628321175,446,462
P3,2025-09-15,4,120,32.11796075,0.03177618222152739,32.0136,32.17863,120,16.360916666666665,0.043113994556419226,16.26,16.44,120,456.80833333333334,2.5578872365383774,451,464
P3,2025-09-15,5,120,32.08647833333333,0.037897515369068456,31.9968,32.18156,120,16.288083333333333,0.021704502624425692,16.24,16.35,120,456.39166666666665,2.1781799253309666,451,461
P3,2025-09-15,6,120,32.072572,0.08255317932178376,31.95363,32.39035,120,16.285416666666666,0.07501143703645327,16.16,16.5,120,462.6666666666667,5.640986464379875,452,476
P3,2025-09-15,7,120,31.660608833333335,0.670529747071571,30.64016,32.61359,120,15.207916666666668,1.319891704134945,12.87,16.6,120,477.875,4.221916606463548,464,489
P3,2025-09-15,8,120,30.12519525,0.2125043148982093,29.83019,30.66652,120,11.719083333333334,0.46361929440011107,11.14,12.83,120,512.1583333333333,26.771989574372412,480,577
P3,2025-09-15,9,120,29.894645583333332,0.04966449293489572,29.64269,30.005,120,11.224333333333334,0.12088423056329277,11.04,11.42,120,661.225,49.50790828941646,571,727
P3,2025-09-15,10,120,28.329523083333335,0.746857588724217,26.88566,29.59758,120,11.067583333333333,0.40662372058213375,10.46,11.72,120,725.375,25.299902846327505,697,771
P3,2025-09-15,11,120,28.872899,0.7594744681734825,27.6925,29.98957,120,11.259583333333333,0.15915425545932757,10.92,11.51,120,770.45,6.891536643661145,738,781
P3,2025-09-15,12,120,29.17221341666667,0.23421355159070756,28.87531,29.90676,120,11.143083333333333,0.2266889766990519,10.72,11.52,120,804.4583333333334,21.755283655856523,763,841
P3,2025-09-15,13,120,26.28329891666667,1.183913259219593,24.8882,29.31027,120,10.29725,0.2664202862162779,9.96,10.97,120,908.425,53.01144041738587,792,966
P3,2025-09-15,14,120,26.944617416666667,1.2150780157291938,24.82707,29.07316,120,11.286249999999999,0.738663410799385,9.93,12.28,120,924.6666666666666,27.881602419900496,819,953
P3,2025-09-15,15,120,28.042497833333336,1.3057822693182302,26.3632,30.09289,120,11.597583333333334,0.9402377634517414,10.34,12.84,120,1072.6166666666666,71.81303729080105,892,1168
P3,2025-09-15,16,120,28.8218505,1.320932132050615,26.64738,30.62219,120,11.483083333333333,0.40651376160635727,10.71,12.56,120,1064.275,62.88136923317334,957,1145
P3,2025-09-15,17,120,29.061291999999998,0.5106451187042418,28.30129,30.10305,120,11.923916666666665,0.8173736335744778,11.04,13.06,120,873.1416666666667,59.0675863897009,807,959
P3,2025-09-15,18,120,28.918925750000003,0.46888293784925905,28.43605,29.83371,120,11.144333333333332,0.21628930723863818,10.92,11.66,120,853.175,34.344195135361666,807,943
P3,2025-09-15,19,119,28.702706890756303,0.13388247519998092,28.39934,28.87961,119,11.276722689075632,0.11658349189545829,11.03,11.42,119,785.2857142857143,30.685706620494088,500,811
P3,2025-09-15,20,120,28.75860175,0.05059628673495406,28.61516,28.87395,120,11.335666666666667,0.03394838725475457,11.26,11.41,120,696.4583333333334,32.300817127664864,641,751
P3,2025-09-15,21,120,29.369765583333333,0.4265698324494606,28.6052,29.95832,120,11.828833333333334,0.5097159916628677,11.29,12.77,120,599.375,22.446598626873726,567,641
P3,2025-09-15,22,120,30.126147166666666,0.08201891797744001,29.95226,30.32707,120,13.402666666666667,0.31111545948674835,12.78,13.88,120,550.2333333333333,8.908246895158129,532,569
P3,2025-09-15,23,120,30.401429083333333,0.05859472235097988,30.27004,30.54973,120,14.249833333333333,0.20243053931978558,13.87,14.61,120,526.5916666666667,5.25883943060272,514,539
P3,2025-09-16,0,120,30.52237308333333,0.02846250692572571,30.47043,30.59172,120,14.942083333333333,0.18865243411193772,14.58,15.24,120,511.95,4.0206400259768325,504,521
P3,2025-09-16,1,120,30.60245775,0.033619647478458234,30.51516,30.67824,120,15.313083333333333,0.06211666758734446,15.17,15.46,120,498.80833333333334,3.9964182142785747,490,510
P3,2025-09-16,2,120,30.6983085,0.026243110937555346,30.6425,30.76613,120,15.5665,0.09905986645891103,15.38,15.69,120,489.21666666666664,3.557884682977595,479,497
P3,2025-09-16,3,120,30.790882,0.03689692500680937,30.6675,30.86516,120,15.758583333333332,0.06839450360408685,15.64,15.88,120,482.6166666666667,2.450118616004785,477,489
P3,2025-09-16,4,120,30.835552083333333,0.03416244820050179,30.75637,30.92863,120,15.911583333333335,0.05307353125511844,15.82,16.04,120,481.7916666666667,2.3936043400475944,476,487
P3,2025-09-16,5,120,30.886756,0.030477192806170887,30.81633,30.94445,120,16.056166666666666,0.025476412994131375,16.0,16.12,120,483.1666666666667,2.2764166642184924,475,488
P3,2025-09-16,6,120,30.93888816666667,0.04830553330490446,30.83918,31.07492,120,15.988750000000001,0.06196451274993483,15.89,16.09,120,484.80833333333334,2.193557539220509,477,492
P3,2025-09-16,7,120,31.197713333333336,0.12558640923855663,31.00598,31.44094,120,15.944666666666667,0.06253648794847591,15.88,16.2,120,483.5,5.205039574757338,475,505
P3,2025-09-16,8,120,30.085818,0.3367853675677288,29.55109,30.96184,120,14.043833333333334,1.0622017590979647,12.48,15.96,120,522.0583333333333,14.943757772345649,503,565
P3,2025-09-16,9,120,28.60834625,1.011831479248605,26.74445,29.59758,120,11.946,0.26761442224139553,11.51,12.48,120,640.4583333333334,37.545691118537746,565,713
P3,2025-09-16,10,120,29.34669941666667,0.8755931663843541,27.02141,30.54289,120,12.752416666666667,0.6858963292727277,11.73,13.42,120,778.6833333333333,29.237073084989838,708,831
P3,2025-09-16,11,120,29.613416500000003,0.14965847794648984,29.4007,29.97434,120,11.892166666666666,0.05723581374760029,11.8,12.14,120,825.825,14.34254557062241,793,854
P3,2025-09-16,12,120,29.87516725,0.10705697320054432,29.66203,30.08371,120,12.019666666666666,0.40329302759462804,11.21,12.55,120,860.7416666666667,7.007194182276106,838,879
P3,2025-09-16,13,120,28.39783591666667,1.6237656353034522,26.14133,30.91867,120,11.235416666666667,1.1842118932535877,9.58,12.59,120,901.1333333333333,33.79993867363853,841,945
P3,2025-09-16,14,120,28.25406925,1.5625417322685988,26.09895,31.11555,120,11.247083333333334,0.970516968565984,9.61,12.6,120,903.6333333333333,20.41046581648601,870,945
P3,2025-09-16,15,120,28.77235691666667,1.5137362676407948,26.43762,30.96125,120,11.388833333333334,0.8824309274593075,9.73,12.39,120,935.325,17.97251052173233,904,966
P3,2025-09-16,16,120,27.013854499999997,1.108656703191227,25.50246,29.53508,120,10.731,0.54456273415335,9.97,11.96,120,1063.2416666666666,90.13174259054882,912,1168
P3,2025-09-16,17,120,25.721821083333335,0.5828718200843176,24.8216,27.70266,120,10.386666666666667,0.3894174346062972,9.7,10.94,120,1171.8,23.74748106942839,1020,1194
P3,2025-09-16,18,120,27.933064333333334,0.050350942823838056,27.76418,28.06203,120,10.756166666666667,0.059383150332542295,10.63,10.97,120,834.4666666666667,32.17152907328411,801,987
P3,2025-09-16,19,119,27.93967537815126,0.08127199035701987,27.76203,28.06945,119,10.884957983193276,0.04633836404469515,10.75,10.95,119,777.2857142857143,33.03058235120969,500,809
P3,2025-09-16,20,120,27.89010708333333,0.0524466368316493,27.75773,28.02336,120,11.034416666666667,0.06616500678795192,10.91,11.15,120,685.1583333333333,24.991761948012012,650,738
P3,2025-09-16,21,120,28.520432916666667,0.58579974411974,27.90344,29.5132,120,11.290750000000001,0.2828669625237184,10.86,11.9,120,606.9833333333333,25.977360322013524,570,651
P3,2025-09-16,22,120,29.744052416666666,0.12824747447507492,29.42121,29.97199,120,12.67425,0.4063149883377383,11.94,13.32,120,554.25,10.27622695040045,537,575
P3,2025-09-16,23,120,30.095802250000002,0.08021560797077898,29.94914,30.23371,120,13.744416666666666,0.22386518990075013,13.29,14.14,120,523.8833333333333,7.300493057290991,510,537
P3,2025-09-17,0,120,30.300909666666666,0.0498255256362642,30.19348,30.39914,120,14.373999999999999,0.13201349561772113,14.12,14.59,120,504.84166666666664,4.557744970452662,495,515
P3,2025-09-17,1,120,30.473102416666666,0.04228008142976144,30.33918,30.58723,120,14.743916666666667,0.0847467391934411,14.58,14.92,120,493.2583333333333,2.9291230607063983,486,501
P3,2025-09-17,2,120,30.591936999999998,0.031032495264689843,30.52121,30.68625,120,15.065083333333332,0.09057237074150648,14.91,15.22,120,486.81666666666666,2.2378836541026135,482,494
P3,2025-09-17,3,120,30.6696335,0.027226923361156227,30.60715,30.73566,120,15.39575,0.09492732735620438,15.21,15.56,120,484.68333333333334,2.188523670043746,479,492
P3,2025-09-17,4,120,30.73429525,0.028417834439357432,30.66281,30.81281,120,15.68575,0.06306809045478953,15.55,15.79,120,481.7083333333333,2.4232620327880228,475,487
P3,2025-09-17,5,120,30.764523,0.0355819636965717,30.69191,30.86555,120,15.819916666666668,0.023851636426544708,15.77,15.89,120,480.55833333333334,2.3578790973107795,475,487
P3,2025-09-17,6,120,30.85391125,0.055947111843546615,30.72688,30.97688,120,15.723416666666667,0.04586234121516869,15.63,15.8,120,479.7,2.1985480311737935,475,486
P3,2025-09-17,7,120,31.148710416666667,0.12241677612278008,30.93898,31.46965,120,15.645583333333333,0.02794940907759991,15.6,15.8,120,474.15833333333336,2.672599318050832,467,481
P3,2025-09-17,8,120,29.457657166666667,1.0332404205739674,27.15715,31.41945,120,13.482,0.8224513471855924,12.16,15.86,120,499.225,35.46200772089253,451,562
P3,2025-09-17,9,120,28.71044775,1.1475963061305468,26.48332,29.85051,120,12.2355,0.6267145893232313,10.86,13.03,120,693.95,119.05241060385222,560,920
P3,2025-09-17,10,120,27.792316083333333,1.718463480781207,25.67941,30.13703,120,11.232166666666666,0.4913866220451366,10.58,12.3,120,917.2083333333334,91.57537152241206,744,1060
P3,2025-09-17,11,120,29.5654135,0.04930919999811186,29.45715,29.69895,120,11.93875,0.1572054401735768,11.71,12.18,120,764.125,8.819918729022191,747,782
P3,2025-09-17,12,120,29.615499166666666,0.12610767493808883,29.37941,29.83879,120,11.925833333333333,0.09232372104603978,11.7,12.07,120,803.5583333333333,15.064453030164778,776,824
P3,2025-09-17,13,120,29.297141500000002,0.07941194710035251,29.0966,29.41711,120,11.581833333333332,0.11327799769551497,11.36,11.79,120,822.6666666666666,6.761648316437613,811,835
P3,2025-09-17,14,120,26.677480666666668,1.3488392899030273,24.77297,29.24348,120,10.693083333333334,0.6351533869310403,9.92,12.0,120,809.3333333333334,12.570027933178922,788,841
P3,2025-09-17,15,120,28.122989,0.06901458289936283,28.01418,28.31105,120,11.422916666666667,0.10628482293081207,11.11,11.83,120,837.225,8.810290488252745,820,857
P3,2025-09-17,16,120,28.942686583333334,0.7429588707375148,27.47199,29.86066,120,12.317166666666667,0.6201046039886801,11.07,12.86,120,885.3583333333333,13.04986933405293,853,907
P3,2025-09-17,17,120,28.039754333333335,0.10719454723004525,27.71945,28.25246,120,11.483833333333333,0.14127976496581346,11.17,11.84,120,863.0666666666667,4.10724576658322,854,875
P3,2025-09-17,18,120,27.977480916666664,0.03461974852924821,27.87512,28.07531,120,11.424,0.09329991398484434,11.27,11.58,120,847.35,12.68735226763376,815,869
P3,2025-09-17,19,118,28.11852754237288,0.0934687787073999,27.89484,28.27336,118,11.701186440677967,0.15480988887960714,11.47,11.94,118,794.6355932203389,11.208715514778524,770,817
P3,2025-09-17,20,119,28.204673025210084,0.04999520637283121,28.07316,28.33469,119,11.674957983193277,0.06397661052449427,11.58,11.8,119,741.1008403361344,19.76317194656599,699,774
P3,2025-09-17,21,120,29.108414666666665,0.530308984567006,28.21848,29.69211,120,12.251416666666668,0.4229434589490503,11.6,13.01,120,646.0333333333333,29.80297580690197,604,706
P3,2025-09-17,22,120,29.762416833333337,0.06941033727753193,29.63605,29.89875,120,13.470166666666668,0.23606715798948227,12.98,13.84,120,582.075,13.06619379039151,562,606
P3,2025-09-17,23,120,29.99211075,0.07075242772403306,29.8552,30.1132,120,14.076583333333334,0.12093123147102067,13.83,14.28,120,541.7916666666666,10.14425021009085,524,562
P3,2025-09-18,0,120,30.13258791666667,0.04495596339978772,30.01262,30.24875,120,14.339333333333334,0.04310887785758342,14.25,14.42,120,517.625,5.848310105700471,506,532
P3,2025-09-18,1,120,30.19564925,0.030276627565561827,30.11535,30.26711,120,14.416583333333334,0.017656661719623455,14.37,14.45,120,504.8666666666667,3.400280100507187,497,512
P3,2025-09-18,2,120,30.276370166666666,0.032009801360916156,30.21437,30.35969,120,14.408916666666666,0.025824092501024503,14.36,14.48,120,495.4583333333333,2.627891231563813,490,504
P3,2025-09-18,3,120,30.353090249999997,0.042622404008528854,30.24797,30.46066,120,14.4645,0.02089791111751651,14.41,14.52,120,487.93333333333334,3.9614387788882643,478,503
P3,2025-09-18,4,120,30.38561233333333,0.03898920278751463,30.30617,30.49289,120,14.400333333333332,0.02789335432833897,14.34,14.48,120,481.40833333333336,3.252654593522313,472,489
P3,2025-09-18,5,120,30.421598416666665,0.029070924224851413,30.32297,30.4923,120,14.372416666666668,0.037100722168635414,14.29,14.46,120,477.375,2.487151859004178,470,482
P3,2025-09-18,6,120,30.44256641666667,0.03569150591688549,30.36633,30.53684,120,14.337333333333333,0.0360143139921464,14.26,14.41,120,471.56666666666666,2.5527488342263824,466,479
P3,2025-09-18,7,120,29.903727083333333,0.5460113652253831,28.99523,30.61164,120,13.6015,0.8575141422750286,11.88,14.57,120,463.175,4.5755332150122845,452,475
P3,2025-09-18,8,120,28.61466933333333,0.15222215684600174,28.4091,28.96652,120,11.368416666666667,0.19799412534079774,11.12,11.87,120,494.25,18.017381896939668,458,536
P3,2025-09-18,9,120,28.56665183333333,0.10683197390627952,28.41203,28.87551,120,11.409916666666668,0.17441617299023798,11.23,11.86,120,618.325,46.00532714860771,535,690
P3,2025-09-18,10,120,28.797473749999998,0.25923557064149233,28.46945,29.53,120,11.079583333333334,0.4421954315909263,10.43,11.86,120,725.575,20.79498262853348,688,768
P3,2025-09-18,11,120,28.463172,0.04096950178655615,28.37902,28.54563,120,10.33275,0.06210539293759125,10.22,10.44,120,778.975,13.900887161096968,747,800
P3,2025-09-18,12,120,28.426960666666666,0.12828128339761782,28.18762,28.66145,120,10.426833333333333,0.2322848994442049,10.06,10.79,120,865.8416666666667,29.231615161156977,799,903
P3,2025-09-18,13,120,27.29852875,1.3700961801254046,24.9173,29.44563,120,10.54425,0.8560753348809895,9.32,11.47,120,883.8833333333333,25.28565652242988,849,920
P3,2025-09-18,14,120,27.541087416666667,1.6291495678222103,25.34895,29.71945,120,11.018083333333333,0.5756418351796239,10.12,11.85,120,945.9416666666667,16.740378314316494,917,975
P3,2025-09-18,15,120,27.83086066666667,0.1969720315160308,27.03664,28.34816,120,11.229833333333334,0.4372199864217214,10.91,12.25,120,875.1583333333333,53.81293397265299,828,989
P3,2025-09-18,16,120,29.224692,0.6605724112046364,27.57004,30.04211,120,11.589083333333333,0.21779643503704518,11.12,11.94,120,845.7,7.29406343162272,826,858
P3,2025-09-18,17,120,27.29609425,1.1218649838592492,25.19602,28.36926,120,11.10925,0.4392223121561547,10.08,11.61,120,793.6833333333333,9.335018855407442,772,824
P3,2025-09-18,18,120,28.240727666666665,0.04245486684562237,28.15402,28.32629,120,11.3935,0.03394632441335252,11.32,11.49,120,773.2916666666666,5.457853540184728,758,783
P3,2025-09-18,19,118,28.160887542372883,0.040512731141045234,28.06613,28.26359,118,11.201271186440678,0.04988099701828043,11.13,11.31,118,720.6864406779661,26.128119296883376,678,768
P3,2025-09-18,20,114,28.47338692982456,0.38931629715251154,27.98469,29.07863,114,11.141491228070175,0.0673943940335619,11.02,11.32,114,644.438596491228,23.54248093621821,609,680
P3,2025-09-18,21,120,29.223139,0.09137214355305584,29.0341,29.36945,120,11.637583333333334,0.19756924467785109,11.29,11.97,120,581.6,14.40786433243495,557,611
P3,2025-09-18,22,120,29.413973083333335,0.060356172197597736,29.2927,29.53508,120,12.086833333333335,0.07535889851526663,11.94,12.2,120,543.3583333333333,9.835449375894063,522,563
P3,2025-09-18,23,120,29.53112475,0.0304292978283025,29.44602,29.59504,120,12.219833333333334,0.015117652508474935,12.17,12.25,120,517.1,6.643882635220705,500,532
P3,2025-09-19,0,120,29.632112,0.05085104756033169,29.49797,29.72844,120,12.293000000000001,0.03416716198315202,12.23,12.36,120,497.275,6.043209259264439,484,510
P3,2025-09-19,1,120,29.71045666666667,0.039141321807384194,29.60207,29.79914,120,12.383666666666667,0.019486402642745138,12.33,12.43,120,481.8666666666667,4.475767308205263,462,496
P3,2025-09-19,2,120,29.7902535,0.03596212004878856,29.70969,29.89113,120,12.440499999999998,0.029301389533119844,12.39,12.51,120,474.93333333333334,3.2011902548301028,467,484
P3,2025-09-19,3,120,29.850270000000002,0.04632566805787551,29.75969,29.96691,120,12.492583333333334,0.019294089892034377,12.45,12.54,120,469.9916666666667,2.9205036785963276,459,478
P3,2025-09-19,4,120,29.85283816666667,0.03412731804503387,29.74426,29.94152,120,12.566166666666668,0.048249758711172853,12.5,12.69,120,468.8333333333333,3.481845674311274,456,482
P3,2025-09-19,5,120,29.867680416666666,0.03751692105398741,29.78,29.96594,120,12.676166666666667,0.0258366989765619,12.62,12.74,120,466.5833333333333,2.891841126002475,458,474
P3,2025-09-19,6,120,29.914077000000002,0.029955400646615206,29.83527,29.98859,120,12.741666666666667,0.03433236788503845,12.67,12.82,120,466.6166666666667,2.8349064672174316,460,478
P3,2025-09-19,7,120,30.03751625,0.07946627730476011,29.92004,30.25148,120,12.912749999999999,0.06225405389924826,12.8,13.15,120,465.30833333333334,3.1696985338543233,459,476
P3,2025-09-19,8,120,29.172462583333335,0.28584703132703976,28.86769,30.10012,120,12.439583333333333,0.404328254683016,11.77,13.16,120,494.9,18.645926853747245,472,541
P3,2025-09-19,9,120,28.727988333333332,0.095889237199197,28.57922,28.92316,120,11.248416666666666,0.27760377977149037,10.84,11.75,120,595.225,29.6623753702404,535,643
P3,2025-09-19,10,121,28.477504297520664,0.09649065068549771,28.34094,28.65695,121,10.668842975206612,0.10731720957551419,10.5,10.85,121,660.9752066115702,13.706727551290015,645,694
P3,2025-09-19,11,120,28.341094166666668,0.03680468488591785,28.24445,28.42473,120,10.534500000000001,0.14335036704205673,10.41,10.93,120,717.3916666666667,16.849953660925976,691,744
P3,2025-09-19,12,120,28.233597166666666,0.04888554755724708,28.11848,28.35168,120,10.818916666666667,0.0588802492649401,10.65,10.93,120,745.8416666666667,12.667695852335457,719,766
P3,2025-09-19,13,120,28.208072666666666,0.1493969788414303,28.07316,28.64641,120,10.703583333333334,0.26302952460194445,10.48,11.41,120,741.9333333333333,3.3973131581704474,732,749
P3,2025-09-19,14,120,28.43029925,0.05604080257467915,28.32375,28.53996,120,11.162749999999999,0.05144896304415977,11.1,11.38,120,750.85,4.927456943776646,737,764
P3,2025-09-19,15,120,28.330022666666665,0.14527017826680397,28.12336,28.64133,120,11.024583333333334,0.22367028492525226,10.75,11.49,120,767.8583333333333,5.983585155784652,758,781
P3,2025-09-19,16,120,26.933398583333332,0.678332934062698,25.77141,28.65441,120,10.866666666666667,0.20958676161498802,10.49,11.32,120,765.8166666666667,10.628156146822088,749,795
P3,2025-09-19,17,120,28.432729583333334,0.8613908907104751,26.79426,29.49934,120,11.766,0.5173273267721384,10.54,12.24,120,763.8583333333333,13.1968266069157,720,780
P3,2025-09-19,18,120,27.991044916666667,0.1939779869170613,27.72648,28.46906,120,11.568083333333334,0.3100672083105024,11.13,12.07,120,706.3166666666667,7.836548002394729,694,724
P3,2025-09-19,19,117,28.263548205128206,0.06977242144403822,28.13215,28.41652,117,12.06076923076923,0.08854332512619875,11.88,12.22,117,692.0854700854701,18.57258484302212,655,722
P3,2025-09-19,20,112,28.36712875,0.0536143541040168,28.21086,28.45481,112,12.227500000000001,0.0194287796188399,12.19,12.28,112,620.7857142857143,18.062169200900293,587,655
P3,2025-09-19,21,120,29.20682791666667,0.40735585479627334,28.3841,29.61125,120,12.800083333333333,0.38502754639712977,12.27,13.41,120,556.0916666666667,15.281666850729929,537,592
P3,2025-09-19,22,120,29.61533025,0.039760798278823624,29.52121,29.69387,120,13.8115,0.2338700709454579,13.37,14.18,120,523.2,7.115611904334766,509,539
P3,2025-09-19,23,120,29.724515916666668,0.04306957555686379,29.59602,29.79758,120,14.365916666666667,0.09509390169751167,14.16,14.51,120,506.2916666666667,3.6631158003736246,499,517
P3,2025-09-20,0,120,29.791608083333333,0.02885449129207112,29.70676,29.86262,120,14.633166666666666,0.0772313270062609,14.49,14.79,120,495.7583333333333,3.305192841558243,490,503
P3,2025-09-20,1,120,29.89276841666667,0.030240857914221392,29.81711,29.96418,120,14.75375,0.029364773385235476,14.7,14.82,120,488.15,2.643050185999911,479,495
P3,2025-09-20,2,120,29.93210783333333,0.03373243545889778,29.85012,30.03078,120,14.671166666666666,0.041992062742062464,14.58,14.75,120,483.10833333333335,3.54039316368983,475,495
P3,2025-09-20,3,120,29.94584616666667,0.02195729342979288,29.89484,29.99953,120,14.476666666666667,0.06144387797051752,14.38,14.61,120,483.775,2.8029471284778236,475,491
P3,2025-09-20,4,120,29.93684891666667,0.03193265454902886,29.87395,30.03605,120,14.2685,0.052941223155909975,14.18,14.4,120,486.3833333333333,2.8731832647482025,477,496
P3,2025-09-20,5,120,29.947962500000003,0.02485470475220616,29.89582,30.0132,120,14.145416666666668,0.038781781942609526,14.04,14.22,120,489.375,2.4116750342009796,484,496
P3,2025-09-20,6,120,29.946029749999997,0.03344358054647833,29.88391,30.05461,120,14.025,0.04258456737071969,13.94,14.11,120,490.7583333333333,2.0620452983203266,486,499
P3,2025-09-20,7,120,29.929430916666668,0.028319557484667697,29.85402,29.99133,120,13.9595,0.02496552244445104,13.91,14.02,120,492.4,2.4093654801226636,487,500
P3,2025-09-20,8,54,29.161658333333335,1.0295768234676275,27.04621,29.99133,54,13.562037037037037,0.5330028129403978,12.41,14.04,54,479.3703703703704,20.671095758576467,442,499
P3,2025-09-20,11,89,27.011377528089888,0.38915104269445494,26.03957,27.47004,89,15.163483146067415,0.185895260854524,14.67,15.43,89,504.03370786516854,6.938773532906231,485,512
P3,2025-09-20,12,120,27.555191583333333,0.05539604222424627,27.43039,27.7257,120,14.422583333333334,0.26509708332125254,13.91,14.91,120,528.7083333333334,11.484293866069516,507,547
P3,2025-09-20,13,120,27.608821416666668,0.0541160432617944,27.43898,27.72297,120,13.6485,0.20581728863854204,13.27,14.01,120,545.375,3.602199374845127,539,555
P3,2025-09-20,14,120,27.22109875,0.4278159437346311,26.11418,27.70109,120,13.010250000000001,0.14102543128424574,12.68,13.3,120,523.5416666666666,14.625806496951832,491,544
P3,2025-09-20,15,120,27.505201583333335,0.07004131117120276,27.31086,27.71301,120,12.672666666666666,0.13366667015933426,12.47,12.94,120,523.25,1.8391174353957216,518,528
P3,2025-09-20,16,120,27.845923583333335,0.1219871319139755,27.60109,28.15812,120,13.18325,0.259508787759434,12.66,13.58,120,522.9583333333334,2.7390602367221724,516,530
P3,2025-09-20,17,120,28.23562666666667,0.10456816704209772,27.93195,28.40891,120,13.860083333333334,0.15587915936689178,13.58,14.11,120,520.95,2.8487060308884264,515,528
P3,2025-09-20,18,120,28.371207583333334,0.10659829791155519,28.11242,28.54055,120,13.87625,0.08620926757098692,13.73,14.03,120,519.7333333333333,4.119503383085155,510,528
P3,2025-09-20,19,120,28.46194458333333,0.08662944931661956,28.26457,28.62805,120,13.672833333333333,0.05963732593148089,13.51,13.77,120,503.28333333333336,4.765392280330596,492,514
P3,2025-09-20,20,120,27.805743833333334,0.7878101808786858,26.1677,28.50598,120,13.012416666666667,0.3540853902456761,12.3,13.51,120,476.225,23.354218844035984,431,499
P3,2025-09-20,21,120,27.71307458333333,0.22455736868728263,27.15051,28.04367,120,12.341000000000001,0.2649762951186189,12.02,12.8,120,466.10833333333335,3.6731957403300024,453,474
P3,2025-09-20,22,120,27.989446750000003,0.0757791237982768,27.81086,28.16477,120,11.954333333333333,0.0579007167243992,11.84,12.07,120,470.78333333333336,2.2386345378014414,465,477
P3,2025-09-20,23,120,28.079675916666666,0.06851638331337967,27.8882,28.20539,120,11.72625,0.07052102016926659,11.6,11.85,120,466.90833333333336,2.1731587718385934,461,472
P3,2025-09-21,0,120,28.125148583333335,0.07563374730627603,27.94953,28.28801,120,11.510833333333332,0.05807244582059257,11.41,11.65,120,463.075,1.8017848293923957,458,468
P3,2025-09-21,1,120,27.874663166666668,0.5620164433133535,26.39035,28.27746,120,11.322833333333334,0.09062976057234642,11.06,11.42,120,450.93333333333334,18.069303248547158,401,464
P3,2025-09-21,2,120,27.7681235,0.24356195480062529,27.05187,28.08391,120,11.20825,0.061734896768291116,11.12,11.3,120,447.96666666666664,8.079368197835212,422,458
P3,2025-09-21,3,120,28.015233000000002,0.06211553850444896,27.84211,28.12336,120,11.182666666666668,0.01430363022225618,11.15,11.22,120,455.59166666666664,1.9381002277996944,448,461
P3,2025-09-21,4,120,28.039386416666666,0.0695729518194173,27.81516,28.22453,120,11.1505,0.018096380621454713,11.11,11.19,120,456.575,1.7712100027804984,452,461
P3,2025-09-21,5,120,28.127568166666666,0.06851755000578719,27.95207,28.25656,120,11.097166666666668,0.02756758946290982,11.03,11.14,120,454.7083333333333,1.9419985951120917,450,458
P3,2025-09-21,6,120,27.7694745,0.6003526206565222,26.38605,28.29211,120,10.99625,0.06869812787193971,10.79,11.07,120,440.85833333333335,20.04293535645611,400,458
P3,2025-09-21,7,120,27.938509083333333,0.2333066825864421,27.37297,28.28508,120,10.69975,0.22537909240681042,10.45,11.02,120,445.01666666666665,6.5580578870042165,428,455
P3,2025-09-21,8,120,28.113797083333335,0.06794864696367735,27.97199,28.28566,120,10.377833333333333,0.06037951866742583,10.27,10.51,120,458.5,2.728622024257101,452,463
P3,2025-09-21,9,120,28.31815591666667,0.10136782656749928,28.11926,28.57121,120,10.293083333333334,0.03342609641535576,10.19,10.39,120,467.575,3.9950862676185035,461,478
P3,2025-09-21,10,120,28.710153916666666,0.13002888199072565,28.44465,29.01555,120,10.356916666666667,0.08101038250020354,10.15,10.48,120,474.55833333333334,7.138245710307906,459,487
P3,2025-09-21,11,120,29.153186333333334,0.24073450124351564,28.61769,29.62141,120,10.459833333333334,0.06483311910847521,10.31,10.59,120,462.6,19.53208951977238,428,487
P3,2025-09-21,12,120,29.52794275,0.27714473325265315,28.95617,29.89934,120,10.422666666666666,0.2140318571015568,10.08,10.74,120,430.40833333333336,3.3843332407718854,421,437
P3,2025-09-21,13,120,29.0202555,0.10060676182939965,28.84406,29.20891,120,9.872416666666668,0.069512054856033,9.78,10.13,120,437.26666666666665,2.229418785973007,433,450
P3,2025-09-21,14,120,29.074269166666667,0.2354201641249331,28.73527,29.53039,120,9.934750000000001,0.10630511422751102,9.79,10.15,120,439.775,5.0133644919766045,429,450
P3,2025-09-21,15,120,28.759052333333333,0.04862787195265997,28.64992,28.91555,120,9.858083333333333,0.039071058586217296,9.76,9.93,120,462.01666666666665,6.313894686043091,450,473
P3,2025-09-21,16,120,28.74640275,0.08594647655296907,28.58137,28.93273,120,9.97475,0.049990965570344825,9.86,10.07,120,482.40833333333336,5.605363328029269,472,496
P3,2025-09-21,17,120,28.594371583333334,0.057436486851495466,28.47766,28.73,120,10.016666666666667,0.04370130343100357,9.85,10.1,120,485.05,2.709615619737025,479,494
P3,2025-09-21,18,120,29.304322749999997,0.46802742704046807,28.45637,29.7716,120,9.998666666666667,0.06297836541070122,9.91,10.14,120,458.475,13.9927727443716,437,482
P3,2025-09-21,19,120,29.862026,0.06786953495834361,29.72258,30.01926,120,10.356166666666667,0.11866330684823019,10.14,10.56,120,433.6333333333333,4.388551441364389,424,444
P3,2025-09-21,20,120,30.0329625,0.04121222141182358,29.95266,30.13762,120,10.701500000000001,0.08179344758125218,10.56,10.85,120,423.03333333333336,2.459532418954469,417,429
P3,2025-09-21,21,120,30.100348583333336,0.027741242339657475,30.03195,30.18039,120,10.945833333333333,0.060704316202411686,10.83,11.05,120,418.075,2.432837330976178,411,424
P3,2025-09-21,22,120,30.12141775,0.03127982810303572,30.04973,30.20715,120,11.111083333333333,0.05108562318655478,11.03,11.22,120,416.90833333333336,1.5062660903750815,413,420
P3,2025-09-21,23,120,30.165608416666664,0.02707757852572017,30.11027,30.24777,120,11.228,0.03203464511111084,11.17,11.3,120,418.48333333333335,1.4376879976933183,415,422
P3,2025-09-22,0,120,30.202472166666666,0.02558591623436362,30.15734,30.26731,120,11.32075,0.03998240159088456,11.26,11.54,120,419.10833333333335,1.5273189192936922,416,424
P3,2025-09-22,1,120,30.189201166666667,0.03338027627215851,30.09582,30.26555,120,11.76225,0.17513722111101074,11.37,12.02,120,432.35,5.222205336007837,420,440
P3,2025-09-22,2,120,30.086601083333335,0.05257543761104111,29.98273,30.1884,120,11.785333333333334,0.05698198644055396,11.66,11.91,120,431.525,1.2364390452444893,429,436
P3,2025-09-22,3,120,29.913993916666666,0.06395817249631518,29.79152,30.02785,120,11.895333333333333,0.06887979217671959,11.75,12.04,120,431.65833333333336,1.3124858275878688,429,437
P3,2025-09-22,4,120,29.697747250000003,0.03839702896775189,29.62785,29.79758,120,12.078750000000001,0.07581005121714723,11.92,12.24,120,433.025,1.8446493142158815,430,439
P3,2025-09-22,5,120,29.714681083333335,0.03721111422015608,29.6548,29.80949,120,12.201833333333333,0.07075800080465244,12.0,12.35,120,437.21666666666664,1.5620678674145074,433,440
P3,2025-09-22,6,120,30.165734166666667,0.27861754115567955,29.78996,30.67297,120,12.547333333333334,0.15047115546659035,12.28,12.96,120,432.7083333333333,5.986533674353973,424,442
P3,2025-09-22,7,120,30.19518375,0.3263048573772775,29.74484,30.76574,120,12.286666666666667,0.15044099506849648,12.16,12.93,120,452.18333333333334,14.702074016687453,426,478
P3,2025-09-22,8,120,29.672297833333335,0.28924857959074946,29.14992,30.1132,120,11.834916666666667,0.4218904948394242,11.03,12.4,120,486.89166666666665,14.40226162989769,461,526
P3,2025-09-22,9,120,29.028195,0.19412943898943325,28.20012,29.40227,120,10.590333333333332,0.1912055224639937,10.32,11.03,120,593.9416666666667,48.440433113506415,523,710
P3,2025-09-22,10,120,26.017967,0.6541736295556785,24.71223,28.06359,120,10.323,0.3098674153989903,9.74,11.13,120,655.2583333333333,29.97155397404426,598,740
P3,2025-09-22,11,120,27.18550091666667,1.0118293260519888,25.53098,28.77551,120,11.682166666666665,0.4682942107127906,10.76,12.38,120,1128.1083333333333,179.22938665078232,750,1363
P3,2025-09-22,12,120,27.164452999999998,1.783048151760107,24.6093,29.17922,120,10.580666666666668,0.16818723726463666,10.26,10.86,120,875.1416666666667,137.3105598486089,781,1358
P3,2025-09-22,13,120,26.622144666666667,1.1746499226148386,25.26945,29.53508,120,10.649000000000001,0.4010163558348474,10.1,11.39,120,1194.6833333333334,123.06642213740983,830,1337
P3,2025-09-22,14,120,26.666238416666666,0.3242528541978496,25.97062,27.24855,120,10.517249999999999,0.1556928807275526,10.26,10.75,120,1121.2083333333333,19.562825247204387,1092,1176
P3,2025-09-22,15,112,26.941031964285713,0.22313469015610093,26.53508,27.38762,112,10.415892857142856,0.1723580683701909,10.16,10.66,112,976.6517857142857,112.6030826887825,807,1105
P3,2025-09-22,16,116,26.53378629310345,0.3285036657979042,25.92316,27.21594,116,10.262241379310346,0.28739031543059496,9.86,10.8,116,1073.7586206896551,320.3129073588663,790,1629
P3,2025-09-22,17,120,26.964900833333335,0.2247886605687847,26.64894,28.00969,120,10.770166666666666,0.06839066393277049,10.66,10.95,120,1844.425,152.57882175695124,1089,1978
P3,2025-09-22,18,120,28.729556666666667,0.1531501043565611,28.11223,29.06203,120,10.83975,0.10577812914323097,10.62,10.99,120,815.4666666666667,78.3765885698932,757,1066
P3,2025-09-22,19,118,28.428647627118643,0.07284888871824619,28.23488,28.59895,118,10.6285593220339,0.03528335661806338,10.56,10.72,118,748.5,15.081969764119314,723,787
P3,2025-09-22,20,112,28.240426339285712,0.056816594739828134,28.12512,28.38469,112,10.546964285714285,0.02763465919229489,10.5,10.61,112,687.2142857142857,19.777787418234492,656,722
P3,2025-09-22,21,120,28.91141633333333,0.5377797325479906,28.23371,29.78293,120,11.123416666666666,0.24730308636693304,10.5,11.53,120,621.7166666666667,22.991479361913875,583,659
P3,2025-09-22,22,120,30.067194083333334,0.15212703861070923,29.73723,30.29309,120,12.009583333333333,0.2773293883378688,11.51,12.44,120,556.9666666666667,15.218814833290145,527,592
P3,2025-09-22,23,120,30.381831083333335,0.054302256291172406,30.25793,30.49621,120,12.7965,0.20079526761305524,12.42,13.14,120,518.8166666666667,8.70524166769627,502,537
P3,2025-09-23,0,120,30.5260435,0.05810908385357693,30.41594,30.63996,120,13.293333333333333,0.0957441736019056,13.1,13.48,120,496.31666666666666,6.291228164732973,481,510
P3,2025-09-23,1,120,30.658913,0.03707320599420852,30.56379,30.74269,120,13.586916666666667,0.0618862582774683,13.43,13.69,120,481.55833333333334,3.9424341611301426,465,490
P3,2025-09-23,2,120,30.712569499999997,0.027656981912120238,30.62121,30.78332,120,13.72925,0.027960431224959857,13.66,13.77,120,474.80833333333334,3.1202667234982266,465,489
P3,2025-09-23,3,120,30.691053,0.029130964022393943,30.61223,30.76711,120,13.809416666666667,0.02609922350927483,13.75,13.87,120,471.93333333333334,3.347476996320721,454,479
P3,2025-09-23,4,120,30.715203583333334,0.02476851338128749,30.65344,30.78859,120,13.919833333333335,0.03636840750466955,13.86,13.99,120,468.95,3.682458988458765,453,484
P3,2025-09-23,5,120,30.788797,0.043960198510806396,30.68332,30.88449,120,14.0495,0.03858527607017922,13.97,14.12,120,464.96666666666664,3.0429235536735675,450,478
P3,2025-09-23,6,120,30.977859249999998,0.05358927660138863,30.8718,31.09191,120,14.253833333333334,0.059340681885283346,14.12,14.34,120,459.45,3.9382844023271697,441,479
P3,2025-09-23,7,120,31.16895333333333,0.0748180463820445,31.04191,31.28703,120,14.358083333333333,0.04147077199633593,14.3,14.48,120,457.325,3.630317022061889,436,468
P3,2025-09-23,8,120,29.378770916666667,1.4081725468734505,26.99445,31.29563,120,13.319833333333333,0.9317346101511422,11.74,14.58,120,499.01666666666665,18.77598293070187,464,586
P3,2025-09-23,9,15,28.382057999999997,0.33024383697504145,27.72922,28.87746,15,13.307333333333334,0.21884327943160845,12.89,13.57,15,657.8666666666667,44.48252733484498,586,718
