device_id,date,hour,temperature_count,temperature_mean,temperature_std,temperature_min,temperature_max,humidity_count,humidity_mean,humidity_std,humidity_min,humidity_max,pressure_count,pressure_mean,pressure_std,pressure_min,pressure_max,gas_resistance_count,gas_resistance_mean,gas_resistance_std,gas_resistance_min,gas_resistance_max,co2_count,co2_mean,co2_std,co2_min,co2_max
P1,2025-09-15,22,59,28.00610169491525,0.1455787137380683,27.75,28.22,59,69.17627118644067,0.24873402430127797,68.77,69.63,59,1014.1596610169491,0.0610812376434803,1014.11,1014.28,59,119951.44067796611,523.3303918237697,118710,121201,0,,,,
P1,2025-09-15,23,119,28.492857142857144,0.1343921838497353,28.23,28.69,119,68.38663865546219,0.2172488899580747,67.96,68.8,119,1014.0186554621849,0.052961840592112355,1013.91,1014.1,119,121731.28571428571,859.1863034966387,119986,123708,0,,,,
P1,2025-09-16,0,120,28.86841666666667,0.09421944555965901,28.68,29.01,120,67.36283333333333,0.3732689645389093,66.79,68.05,120,1013.7658333333333,0.12227248351168427,1013.57,1013.93,120,124231.35,701.9913888959369,122263,125656,0,,,,
P1,2025-09-16,1,119,29.139327731092436,0.06550625655767321,29.02,29.25,119,66.82361344537816,0.31281859987516153,66.17,67.42,119,1013.1742016806722,0.2055026734881712,1012.88,1013.56,119,125559.29411764706,802.524801379699,124350,127668,0,,,,
P1,2025-09-16,2,119,29.361428571428572,0.06416723006366884,29.25,29.47,119,66.95176470588235,0.25572312576077194,66.39,67.73,119,1012.8404201680672,0.11053333692997883,1012.64,1012.99,119,125974.17647058824,568.2677312296779,124907,127570,0,,,,
P1,2025-09-16,3,119,29.57075630252101,0.06226188081933685,29.47,29.68,119,67.1435294117647,0.16727926632184903,66.86,67.65,119,1012.5486554621848,0.03768568423404504,1012.49,1012.63,119,125501.5294117647,383.3101550638526,124350,126511,0,,,,
P1,2025-09-16,4,119,29.732100840336134,0.0350513896235518,29.66,29.79,119,67.03647058823529,0.2673713479169757,66.44,67.83,119,1012.5757142857143,0.0527798662912232,1012.51,1012.7,119,126321.26890756302,534.2290452967042,124907,127668,0,,,,
P1,2025-09-16,5,120,29.803083333333333,0.014010550246416212,29.77,29.83,120,67.61233333333332,0.3307407863979169,66.76,68.31,120,1012.5930833333333,0.05405872675508176,1012.51,1012.72,120,126122.65833333334,473.30025816996147,125000,127376,0,,,,
P1,2025-09-16,6,119,29.916470588235292,0.045128596580351364,29.83,30.0,119,66.34142857142857,0.9905128663974113,64.73,68.16,119,1012.6384873949579,0.09785529489025534,1012.51,1012.83,119,129348.73949579832,2386.7764675685007,125280,133466,0,,,,
P1,2025-09-16,7,119,29.9536974789916,0.027551663218996377,29.91,30.01,119,64.9216806722689,0.231730115259505,64.48,65.55,119,1013.1131092436975,0.11842717778975588,1012.83,1013.36,119,132179.04201680672,559.258428407702,131064,133466,0,,,,
P1,2025-09-16,8,119,29.252100840336134,0.7545813453128832,28.16,30.15,119,60.30453781512605,4.584445098465676,54.42,66.69,119,1013.6360504201681,0.09192128621821788,1013.37,1013.73,119,149201.0,19898.590331214185,126511,179528,0,,,,
P1,2025-09-16,9,120,26.3325,1.7359918338111018,23.77,28.17,120,57.0205,2.9125679131549105,53.53,61.85,120,1013.5448333333334,0.10338785044224379,1013.32,1013.74,120,187053.29166666666,6105.897597310137,178381,199409,0,,,,
P1,2025-09-16,10,119,23.420672268907563,0.282841906768552,23.0,24.1,119,64.49428571428571,1.6247782489784595,61.93,68.67,119,1013.109243697479,0.1733036898679187,1012.72,1013.39,119,192875.11764705883,4990.635199842428,179336,201114,0,,,,
P1,2025-09-16,11,119,22.996050420168068,0.10349992620479537,22.8,23.22,119,64.37613445378152,0.40383565469912264,63.35,65.05,119,1012.3304201680672,0.2807900324113288,1011.77,1012.72,119,201668.72268907563,2545.4111050345787,196202,205763,0,,,,
P1,2025-09-16,12,119,23.308067226890756,0.45797320125675683,22.63,23.94,119,67.52756302521009,1.9157049268498714,63.77,70.83,119,1011.324705882353,0.24229070482203222,1010.97,1011.76,119,189694.06722689077,8921.650160629613,176130,206408,0,,,,
P1,2025-09-16,13,120,22.96425,0.4728310276116292,22.53,23.85,120,67.46158333333334,1.8976092857594589,65.43,71.46,120,1010.7314166666667,0.1443111474658189,1010.49,1010.96,120,193029.33333333334,10888.846473259118,173575,206667,0,,,,
P1,2025-09-16,14,119,23.15109243697479,0.46295804604730567,22.58,23.88,119,67.65268907563025,1.999315432621115,64.85,71.17,119,1010.2826890756303,0.11205096811675391,1010.12,1010.51,119,188305.57983193276,10415.384283410542,172859,201730,0,,,,
P1,2025-09-16,15,119,23.340252100840335,0.44850497830858227,22.58,23.9,119,67.7027731092437,1.8869147647523006,64.68,71.14,119,1010.0985714285714,0.04267110549947035,1010.01,1010.19,119,184270.97478991596,8772.341638433432,170397,202101,0,,,,
P1,2025-09-16,16,119,23.142352941176473,0.4699147161757802,22.56,23.83,119,66.88310924369748,1.8139126863571415,64.13,69.85,119,1010.0967226890756,0.0795656561173105,1009.98,1010.27,119,184558.6050420168,10818.477224698985,166006,198808,0,,,,
P1,2025-09-16,17,120,23.2115,0.4380009017296278,22.59,23.84,120,65.83966666666667,1.8259842210025072,63.26,68.77,120,1009.9659166666667,0.06745675033135741,1009.82,1010.06,120,180856.75833333333,7525.493749116869,165350,195968,0,,,,
P1,2025-09-16,18,119,23.227731092436976,0.4156645424157287,22.57,23.78,119,66.38899159663866,1.9522101316799567,63.83,70.69,119,1010.5778151260504,0.2912776055553978,1010.05,1011.03,119,182078.3949579832,7928.910378063571,169192,196202,0,,,,
P1,2025-09-16,19,119,23.17016806722689,0.5017714098922114,22.31,23.83,119,68.78478991596639,2.1307310946864115,64.3,71.72,119,1011.0872268907564,0.049316074488586874,1010.96,1011.16,119,173665.9411764706,11663.980850300275,159069,196788,0,,,,
P1,2025-09-16,20,119,23.154453781512608,0.42148988664102305,22.46,23.81,119,70.08949579831932,2.1870787143923884,66.58,73.3,119,1011.0521848739495,0.06463928154316106,1010.97,1011.23,119,164036.02521008404,8706.990117494035,152411,180496,0,,,,
P1,2025-09-16,21,119,24.591176470588234,1.2149793724067461,22.47,26.55,119,69.94159663865545,2.2828895543316743,65.87,74.36,119,1010.7821848739496,0.21114762954902516,1010.41,1011.09,119,152720.80672268907,9090.743783108366,135190,173037,0,,,,
P1,2025-09-16,22,120,27.302833333333336,0.3816575598585698,26.57,27.9,120,70.25541666666666,0.3967555304975452,69.32,70.86,120,1010.6464166666667,0.1373017032052993,1010.42,1010.87,120,128651.375,2307.59714987093,126225,135190,0,,,,
P1,2025-09-16,23,119,28.361848739495798,0.22877331829488262,27.91,28.7,119,68.2624369747899,0.5476698968442818,67.28,69.39,119,1011.1583193277311,0.19371619695390538,1010.83,1011.42,119,128541.28571428571,938.6966093766513,126606,130655,0,,,,
P1,2025-09-17,0,119,28.897226890756304,0.11066765308910528,28.7,29.08,119,67.44731092436975,0.11428997819990572,67.18,67.8,119,1011.4483193277312,0.03927994545311403,1011.37,1011.51,119,129571.01680672269,610.3727672245778,128254,130962,0,,,,
P1,2025-09-17,1,119,29.190336134453784,0.04991404090881096,29.09,29.28,119,67.28294117647059,0.28079292370355724,66.35,67.79,119,1010.9394117647058,0.18169304585283624,1010.74,1011.4,119,129551.57983193277,688.7271543573269,128352,132098,0,,,,
P1,2025-09-17,2,120,29.33216666666667,0.051403549779870626,29.24,29.42,120,66.09741666666666,0.24520783787125627,65.56,66.59,120,1010.6305833333333,0.06979316180077005,1010.51,1010.76,120,133257.04166666666,656.6786737836521,131373,135081,0,,,,
P1,2025-09-17,3,119,29.497731092436975,0.03805520020122955,29.42,29.55,119,65.9390756302521,0.2449178056404319,65.41,66.64,119,1010.5514285714286,0.05274315305044159,1010.48,1010.67,119,133700.56302521008,680.5493000567434,131994,135081,0,,,,
P1,2025-09-17,4,119,29.62731092436975,0.03681602172856163,29.56,29.68,119,65.18705882352941,0.2552278906614452,64.61,65.81,119,1010.753025210084,0.0698127595282948,1010.65,1010.86,119,135877.5294117647,647.8139488026067,134322,137295,0,,,,
P1,2025-09-17,5,119,29.71705882352941,0.023590896735254472,29.68,29.76,119,63.94327731092437,0.5632248388140518,63.11,65.03,119,1010.763949579832,0.049441259229710904,1010.68,1010.86,119,139355.3193277311,1704.9458957207466,136290,142070,0,,,,
P1,2025-09-17,6,120,29.803,0.03563588032288225,29.75,29.88,120,63.70958333333333,0.14042190827976733,63.46,64.25,120,1010.9125833333333,0.09507622623729306,1010.83,1011.23,120,140620.38333333333,533.8859315951307,139120,141829,0,,,,
P1,2025-09-17,7,119,29.961008403361344,0.04099183378748049,29.88,30.04,119,63.195966386554616,0.19513715006410354,62.71,63.63,119,1011.2731092436975,0.07824069662748849,1011.13,1011.41,119,140107.91596638656,620.6695206753913,138774,141470,0,,,,
P1,2025-09-17,8,119,30.116134453781513,0.046942251643032715,29.93,30.17,119,62.61714285714285,1.0572591225902201,61.9,67.13,119,1011.3652100840335,0.07538431185427208,1011.25,1011.53,119,139636.0588235294,1104.0024663301267,134322,141589,0,,,,
P1,2025-09-17,9,119,25.653613445378152,1.3363387441587251,24.44,29.83,119,61.58302521008403,1.546794144829137,59.3,66.21,119,1011.6578151260504,0.054417713714130254,1011.55,1011.74,119,184180.8151260504,18051.30307281306,135518,198688,0,,,,
P1,2025-09-17,10,120,24.347833333333334,0.12146295443352305,24.08,24.52,120,64.38766666666668,0.6571823395763019,62.25,65.78,120,1011.5281666666667,0.15642531621141112,1011.21,1011.71,120,194140.38333333333,3271.327906521897,188132,201483,0,,,,
P1,2025-09-17,11,119,24.40252100840336,0.05472920218545058,24.3,24.48,119,64.24470588235295,0.26049113823832726,63.63,64.88,119,1010.6644537815126,0.3055911123223691,1010.3,1011.21,119,195475.97478991596,2113.708442693776,192082,200502,0,,,,
P1,2025-09-17,12,119,24.15058823529412,0.06564276868595526,24.06,24.31,119,64.44478991596638,0.29271044505314975,63.52,65.16,119,1009.940168067227,0.24432190211493818,1009.6,1010.41,119,200614.9243697479,1208.1707082748278,197971,202848,0,,,,
P1,2025-09-17,13,119,23.65218487394958,0.4562989647073455,22.9,24.13,119,64.42361344537815,1.17921672588094,62.28,66.2,119,1010.3150420168067,0.5963588300274215,1009.41,1011.44,119,202311.85714285713,3351.4803566653477,196788,208367,0,,,,
P1,2025-09-17,14,120,22.558583333333335,0.14539020711495876,22.29,22.88,120,64.79,1.009635095076463,63.28,66.4,120,1011.6558333333334,0.24091067884609213,1011.22,1012.07,120,199372.90833333333,7119.8132871324015,186112,208367,0,,,,
P1,2025-09-17,15,119,22.50563025210084,0.04613243014358393,22.43,22.6,119,64.90747899159663,0.5486612651508637,64.18,66.2,119,1011.3978991596639,0.11089676027715621,1011.24,1011.55,119,182314.0588235294,5068.8213976147645,170918,188996,0,,,,
P1,2025-09-17,16,119,22.543613445378153,0.08690274217394349,22.31,22.65,119,64.17453781512606,0.2437932852454737,63.35,64.62,119,1011.2110924369747,0.10286398717513294,1011.02,1011.42,119,170738.65546218486,5774.082249238023,158019,181670,0,,,,
P1,2025-09-17,17,119,22.440588235294115,0.06526730068253933,22.25,22.54,119,65.22109243697479,0.4489475261246993,64.09,65.99,119,1011.2738655462184,0.33402554769769316,1010.91,1012.0,119,182135.51260504202,2150.6002822450105,174843,185698,0,,,,
P1,2025-09-17,18,119,22.574201680672267,0.0644598915936835,22.47,22.7,119,66.14294117647059,0.43743929930705333,65.3,66.9,119,1012.1909243697479,0.3612478176501342,1011.7,1012.78,119,180351.58823529413,7147.6284231047575,167333,189213,0,,,,
P1,2025-09-17,19,120,22.59675,0.0771897422104863,22.49,22.74,120,67.19616666666667,0.19506165081596272,66.69,67.68,120,1013.37275,0.4245807868212394,1012.81,1014.23,120,191044.33333333334,4444.470539372453,184675,197971,0,,,,
P1,2025-09-17,20,119,22.38109243697479,0.049468187277132626,22.32,22.51,119,66.99949579831933,0.1652212114439641,66.51,67.39,119,1014.3475630252101,0.10515498155921879,1014.22,1014.56,119,195915.56302521008,1249.9114249204636,192983,198808,0,,,,
P1,2025-09-17,21,119,24.665294117647058,1.550140957794774,22.26,26.5,119,69.09596638655462,1.9775979777428103,66.03,72.62,119,1014.8295798319327,0.2719870228647086,1014.51,1015.18,119,165233.63025210085,23473.939320766054,136735,199651,0,,,,
P1,2025-09-17,22,119,27.19966386554622,0.34167814365675075,26.52,27.72,119,70.91655462184873,0.5740835540894048,69.56,71.99,119,1015.018319327731,0.08673278003010955,1014.87,1015.18,119,131924.87394957984,1461.9689217094538,129946,136512,0,,,,
P1,2025-09-17,23,120,28.06325,0.17713007374584688,27.73,28.34,120,70.182,0.4538159401817271,69.04,71.51,120,1014.9711666666666,0.07093828935310602,1014.85,1015.08,120,130680.18333333333,841.4925913116911,128550,133466,0,,,,
P1,2025-09-18,0,119,28.519579831932774,0.08757945504359685,28.34,28.65,119,70.32865546218488,0.31712673072221204,69.56,71.02,119,1015.1728571428571,0.11192569309526565,1014.96,1015.32,119,130660.63865546219,1356.6982523702934,127863,133679,0,,,,
P1,2025-09-18,1,119,28.782100840336135,0.08479160845092229,28.64,28.94,119,69.69075630252101,0.31304453482887035,69.18,70.45,119,1014.4625210084033,0.30069754635741064,1013.83,1014.94,119,133224.65546218486,711.8600895311955,131476,134863,0,,,,
P1,2025-09-18,2,119,29.028151260504202,0.06088286038841608,28.93,29.12,119,69.07714285714286,0.24038508251024904,68.43,69.56,119,1013.6058823529412,0.1826565349794497,1013.29,1013.95,119,135233.00840336134,1170.8853777058575,131682,136623,0,,,,
P1,2025-09-18,3,120,29.163666666666664,0.027590442058749727,29.1,29.2,120,68.20758333333333,0.2880096748880754,67.56,68.86,120,1014.4470833333332,0.20985948013026912,1013.96,1014.65,120,137131.65833333333,981.1197641096466,134538,139467,0,,,,
P1,2025-09-18,4,119,29.18294117647059,0.030038194363812668,29.13,29.26,119,67.22394957983192,0.32379429148608674,66.62,67.97,119,1014.66,0.1312714873451366,1014.42,1014.83,119,138864.84033613445,838.2683420447809,137070,140638,0,,,,
P1,2025-09-18,5,119,29.295462184873948,0.041430928821138885,29.23,29.38,119,66.19294117647058,0.4091047541893171,65.34,67.1,119,1015.2839495798319,0.2505357597782633,1014.8,1015.6,119,140974.57142857142,1084.5033118502558,138430,142918,0,,,,
P1,2025-09-18,6,119,29.36285714285714,0.033852693284506935,29.31,29.42,119,65.06705882352941,0.4765098269233524,63.74,66.11,119,1015.8613445378152,0.13776622528808563,1015.59,1016.11,119,144326.63025210085,1572.3363155656825,141350,149021,0,,,,
P1,2025-09-18,7,120,29.4065,0.03772189253564276,29.35,29.48,120,64.27325,0.3008396163903867,63.53,65.06,120,1016.2973333333334,0.14201865975934932,1016.07,1016.59,120,148645.94166666668,943.072978951,146544,151037,0,,,,
P1,2025-09-18,8,119,28.947899159663866,1.1889026944471546,25.49,29.58,119,64.05252100840336,0.9416998860583816,61.91,67.17,119,1016.9457142857142,0.1596530742460434,1016.59,1017.19,119,154492.73109243697,8339.048335836307,148230,185493,0,,,,
P1,2025-09-18,9,119,24.412941176470586,0.4770839263501336,23.63,25.43,119,60.73638655462185,0.6405423166963378,59.59,62.32,119,1017.1482352941176,0.08833341171457683,1016.98,1017.27,119,200662.8655462185,4719.308623100855,185484,209294,0,,,,
P1,2025-09-18,10,119,25.643025210084033,1.0632294541821212,23.26,26.37,119,54.56983193277311,3.1564499430056623,51.09,59.65,119,1017.063025210084,0.07991048616895277,1016.88,1017.23,119,204444.61344537814,7698.307255174517,189977,216874,0,,,,
P1,2025-09-18,11,119,26.341008403361343,0.19877759890664445,26.11,26.7,119,53.150084033613446,1.1860177606055162,50.86,55.28,119,1016.5431932773109,0.19449165714795152,1016.17,1016.88,119,210224.29411764705,5342.560600376325,202101,219915,0,,,,
P1,2025-09-18,12,120,26.030250000000002,0.07122532006588803,25.93,26.17,120,52.645583333333335,0.24352383567819397,52.17,53.19,120,1015.9768333333334,0.09354802238948498,1015.82,1016.18,120,218735.95,4154.972846941767,209827,223800,0,,,,
P1,2025-09-18,13,119,25.855378151260503,0.08031495117967846,25.71,26.02,119,53.657394957983186,0.2455483734484436,52.94,54.14,119,1015.6474789915967,0.10386773277020628,1015.46,1015.85,119,225273.3781512605,1628.5173614265568,222140,228299,0,,,,
P1,2025-09-18,14,119,26.12,0.08028550748337937,25.96,26.26,119,52.9344537815126,0.2802834445457436,52.38,53.58,119,1015.2747058823529,0.1425780994986561,1015.06,1015.56,119,202478.72268907563,20266.278400808,103844,223043,0,,,,
P1,2025-09-18,15,119,26.074201680672267,0.09432629805958775,25.87,26.24,119,53.48352941176471,0.5790005828797298,52.36,54.59,119,1015.2926050420168,0.12648750313352317,1015.06,1015.49,119,197256.56302521008,11017.698803565052,157425,210498,0,,,,
P1,2025-09-18,16,120,26.202416666666668,0.1443617994195589,25.83,26.4,120,54.746583333333334,0.5295526823814305,53.69,55.62,120,1015.7936666666667,0.2523300937077908,1015.43,1016.16,120,204585.40833333333,5482.79293591153,193550,212125,0,,,,
P1,2025-09-18,17,119,26.319327731092436,0.08252098954808215,26.18,26.45,119,54.338655462184875,0.509966639603071,53.22,55.39,119,1016.3110924369748,0.141210204629343,1016.12,1016.56,119,208194.90756302522,7235.711691176169,176874,215879,0,,,,
P1,2025-09-18,18,119,26.406722689075632,0.08209243698207887,26.23,26.57,119,53.68798319327731,0.2694331143437453,53.05,54.29,119,1016.6076470588235,0.07876919601770364,1016.47,1016.7,119,194023.82352941178,6430.038136332889,175577,208103,0,,,,
P1,2025-09-18,19,119,26.430252100840335,0.0585482878337271,26.28,26.51,119,54.464705882352945,1.0916973439226776,53.03,56.42,119,1016.6663025210083,0.13308507248769544,1016.48,1016.9,119,207820.5462184874,3893.8090969977748,195619,214055,0,,,,
P1,2025-09-18,20,120,26.345833333333335,0.41919607600746256,25.8,27.05,120,57.00375,1.6316275642447802,54.44,60.34,120,1016.8151666666666,0.10472038265509544,1016.63,1017.02,120,201284.53333333333,14370.875084863916,178381,216446,0,,,,
P1,2025-09-18,21,119,27.360672268907564,0.17646592359594748,27.05,27.64,119,61.621512605042014,0.6504765380355123,60.27,62.47,119,1017.0805042016807,0.0446046425245918,1016.97,1017.14,119,173585.88235294117,1795.7035690992484,170570,178571,0,,,,
P1,2025-09-18,22,119,27.83563025210084,0.1120505232251073,27.65,28.05,119,61.81268907563025,0.3456575592540689,61.13,62.47,119,1016.951512605042,0.13796731776750884,1016.69,1017.14,119,171649.41176470587,1307.757087611976,168851,174479,0,,,,
P1,2025-09-18,23,119,28.138823529411763,0.06295245004842379,28.02,28.24,119,60.716638655462184,0.34068295642454227,60.11,61.41,119,1016.4780672268907,0.12760025842721662,1016.18,1016.69,119,175024.23529411765,1134.6558554333308,172859,177061,0,,,,
P1,2025-09-19,0,120,28.3125,0.041933320418789825,28.24,28.39,120,59.830749999999995,0.2376748803291839,59.47,60.44,120,1015.9599999999999,0.09863778061532494,1015.8,1016.16,120,174999.55,1219.0560534054566,171443,177061,0,,,,
P1,2025-09-19,1,119,28.426050420168064,0.025618401999510567,28.38,28.46,119,59.83529411764705,0.2103903697343756,59.24,60.43,119,1015.7217647058824,0.13467252849126424,1015.52,1015.95,119,171567.1344537815,873.6676822780926,169021,173936,0,,,,
P1,2025-09-19,2,119,28.49235294117647,0.01985992824132781,28.45,28.54,119,60.51747899159664,0.23211707481207236,59.99,61.06,119,1015.3684033613445,0.05987250852215459,1015.28,1015.52,119,171023.26890756303,1982.8777824054575,167668,174116,0,,,,
P1,2025-09-19,3,119,28.576806722689074,0.024108960747422505,28.52,28.61,119,60.72428571428571,0.24194680543168545,59.94,61.3,119,1015.3057142857143,0.047595958890038606,1015.21,1015.39,119,169552.48739495798,1828.4688642554709,166999,173936,0,,,,
P1,2025-09-19,4,120,28.6215,0.026271049983339182,28.57,28.67,120,61.12258333333333,0.2518219186478482,60.49,61.71,120,1015.2341666666667,0.026807227588407787,1015.18,1015.28,120,166909.00833333333,1359.772048962633,163096,169706,0,,,,
P1,2025-09-19,5,119,28.696554621848737,0.02832729338449867,28.65,28.75,119,61.84974789915966,0.3248584103175165,60.84,62.6,119,1015.1857983193278,0.048894486852914545,1015.1,1015.29,119,160320.19327731093,1753.2341073595405,156835,165187,0,,,,
P1,2025-09-19,6,119,28.776806722689077,0.05179707427620826,28.72,28.92,119,62.52697478991597,0.3289648753128198,61.54,63.01,119,1015.1605042016807,0.05628090472294715,1015.08,1015.28,119,160661.10084033615,962.6366457698334,158467,163415,0,,,,
P1,2025-09-19,7,119,28.950000000000003,0.03005644407624506,28.9,29.03,119,62.312605042016806,0.30196380461306355,61.57,62.98,119,1015.5593277310924,0.10184510582452025,1015.26,1015.67,119,163721.8487394958,1229.4713045820706,160134,166171,0,,,,
P1,2025-09-19,8,119,28.859915966386556,0.0756608825595737,28.76,28.98,119,59.18949579831933,1.2724844567926257,57.8,62.32,119,1015.4814285714285,0.11844533684699889,1015.3,1015.63,119,169309.99159663866,3377.4037855189154,162464,173936,0,,,,
P1,2025-09-19,9,120,26.17683333333333,1.8629045647501512,24.18,28.79,120,61.144,1.8078681442214588,57.68,64.6,120,1015.1020833333333,0.13438872397514143,1014.85,1015.32,120,191871.23333333334,18141.926565040343,164862,211715,0,,,,
P1,2025-09-19,10,119,23.975882352941177,0.27239182821034114,23.63,24.65,119,63.57731092436975,1.762242262669148,61.77,68.31,119,1014.570756302521,0.15878863290141726,1014.3,1014.89,119,209296.59663865546,7607.405821135469,191524,217878,0,,,,
P1,2025-09-19,11,119,24.049243697478992,0.384606688078908,23.51,24.67,119,65.9483193277311,1.6352511439975503,63.5,68.57,119,1014.0376470588235,0.22810087674111168,1013.61,1014.32,119,197812.72268907563,7712.210477959299,185171,212125,0,,,,
P1,2025-09-19,12,119,24.099915966386554,0.3459193003722583,23.45,24.61,119,67.14798319327731,1.75722893361647,64.43,69.81,119,1013.0690756302521,0.2911869095021894,1012.61,1013.61,119,195629.79831932773,7347.06737018458,185171,209560,0,,,,
P1,2025-09-19,13,120,24.033333333333335,0.35797594711304537,23.42,24.61,120,67.31708333333333,1.883297838712651,63.41,71.0,120,1012.1394166666666,0.2551693977902509,1011.79,1012.65,120,190311.31666666668,7456.595890124888,174843,207057,0,,,,
P1,2025-09-19,14,119,24.108319327731092,0.3757169853730988,23.51,24.63,119,67.96991596638655,1.8126969773962718,65.59,70.54,119,1011.4973109243697,0.12569601128335697,1011.24,1011.78,119,183133.80672268907,7205.445856277814,171971,198688,0,,,,
P1,2025-09-19,15,119,24.036806722689075,0.31267011037277626,23.49,24.56,119,68.25714285714287,1.8232514924833143,65.93,70.98,119,1011.2778991596639,0.05506350647250683,1011.18,1011.39,119,177692.64705882352,7702.188244631074,162938,190307,0,,,,
P1,2025-09-19,16,119,24.034117647058824,0.3747098578464384,23.41,24.61,119,69.76235294117646,1.7907671426298397,66.97,73.1,119,1011.4280672268908,0.048959985580147775,1011.32,1011.52,119,166664.91596638656,8652.754693708153,152550,179336,0,,,,
P1,2025-09-19,17,120,24.023333333333333,0.3304957654500136,23.53,24.56,120,70.59025,1.7217220529839026,68.47,73.71,120,1011.1963333333333,0.12964679447075533,1011.0,1011.44,120,167569.55833333332,6102.389575763231,157277,178381,0,,,,
P1,2025-09-19,18,119,24.13201680672269,0.31241155991094044,23.54,24.6,119,70.79142857142857,1.8119734937047587,67.73,73.5,119,1011.443781512605,0.27687723399771463,1011.01,1011.8,119,168745.57142857142,6209.442764883428,159221,180108,0,,,,
P1,2025-09-19,19,119,24.16218487394958,0.3198467844640239,23.62,24.58,119,72.03689075630251,1.9984959377963272,69.25,74.88,119,1011.2394117647059,0.15493188288711565,1011.07,1011.58,119,166233.73109243697,7598.805880428315,155093,180496,0,,,,
P1,2025-09-19,20,119,24.13310924369748,0.332796950104078,23.6,24.56,119,72.68983193277312,1.9110446088298838,69.73,75.76,119,1011.3727731092437,0.0801685128786979,1011.21,1011.48,119,161572.40336134454,8239.634580632905,147059,177625,0,,,,
P1,2025-09-19,21,120,25.639833333333335,1.1035427924090084,23.61,26.95,120,68.09958333333333,1.864693362870969,65.95,74.66,120,1011.1936666666667,0.0901626292867208,1011.06,1011.44,120,154367.51666666666,8356.133935777987,141709,169192,0,,,,
P1,2025-09-19,22,119,27.43252100840336,0.24372538897881652,26.96,27.76,119,67.46537815126051,0.5351220198503864,66.78,68.61,119,1010.8173109243697,0.1236910960924561,1010.66,1011.13,119,141445.42857142858,753.2642250472816,139933,142796,0,,,,
P1,2025-09-19,23,119,28.00201680672269,0.12931094984199332,27.76,28.21,119,66.90268907563025,0.19970612935008708,66.43,67.43,119,1010.7134453781512,0.08556330766318486,1010.57,1010.84,119,141499.63025210085,527.2910923068932,140167,142918,0,,,,
P1,2025-09-20,0,119,28.34420168067227,0.07791233446353929,28.21,28.48,119,66.55924369747899,0.290254592114986,65.94,67.2,119,1010.6908403361346,0.08717389431913643,1010.57,1010.83,119,141680.69747899158,653.6892507292795,140402,143530,0,,,,
P1,2025-09-20,1,120,28.565416666666668,0.05715812996178295,28.47,28.66,120,65.16866666666667,0.44580761071375447,64.33,66.32,120,1010.6853333333333,0.1280226695612067,1010.44,1010.85,120,145285.39166666666,1388.5024173386012,142070,147577,0,,,,
P1,2025-09-20,2,119,28.746638655462185,0.05032567345149545,28.66,28.82,119,63.84109243697479,0.3426610469223211,63.11,64.61,119,1010.4828571428571,0.07824497446532187,1010.38,1010.65,119,149708.05042016806,1270.5922071059176,146673,152134,0,,,,
P1,2025-09-20,3,119,28.860588235294117,0.015420332035327312,28.82,28.89,119,66.11991596638656,0.7886606279629139,64.38,67.11,119,1010.7863865546219,0.12933160042518888,1010.59,1010.98,119,149218.20168067227,868.166581490846,146288,151037,0,,,,
P1,2025-09-20,4,119,28.948067226890757,0.044077691635020906,28.88,29.03,119,64.39100840336134,0.7202970137827783,62.81,66.14,119,1011.2057983193278,0.13061455650140547,1010.99,1011.47,119,154171.67226890757,1506.3906526734065,149955,156982,0,,,,
P1,2025-09-20,5,119,29.055378151260506,0.03233274868042131,29.0,29.12,119,62.64058823529411,0.4035988403454763,61.71,63.51,119,1011.8260504201681,0.2218841447861753,1011.48,1012.17,119,158053.32773109243,1051.2050640086013,155669,159981,0,,,,
P1,2025-09-20,6,120,29.096666666666668,0.02026435929663105,29.06,29.15,120,61.70399999999999,0.26574265683903775,61.15,62.27,120,1012.4599166666667,0.1374283363031069,1012.17,1012.62,120,161199.31666666668,1086.8381400084932,158768,163415,0,,,,
P1,2025-09-20,7,119,29.077899159663865,0.017797064582747234,29.04,29.12,119,61.093529411764706,0.3648765480461148,60.15,61.7,119,1012.8933613445378,0.12965585027309512,1012.62,1013.15,119,163803.89915966385,934.2997413539719,162149,166336,0,,,,
P1,2025-09-20,8,119,28.894117647058824,0.1995053704077557,28.55,29.12,119,60.08521008403362,0.30337885008205695,59.25,60.72,119,1013.4249579831932,0.19316662671713097,1013.12,1013.67,119,169589.2100840336,3740.981931448326,164862,178002,0,,,,
P1,2025-09-20,9,119,28.482521008403364,0.023907253257046682,28.45,28.55,119,59.606638655462184,0.27929171102813943,58.96,60.37,119,1013.929243697479,0.15178128590944445,1013.63,1014.11,119,180730.4705882353,1489.9614363313608,176316,183461,0,,,,
P1,2025-09-20,10,120,28.46075,0.01116435654853948,28.43,28.49,120,59.166666666666664,0.21426573202817142,58.61,59.76,120,1014.0001666666667,0.032227743497892314,1013.93,1014.05,120,182627.95,604.6163009947454,181277,184675,0,,,,
P1,2025-09-20,11,119,28.40235294117647,0.020531327132426377,28.36,28.44,119,59.2863025210084,0.18559964908197907,58.68,59.62,119,1013.9389915966387,0.09904112275513183,1013.69,1014.07,119,182661.08403361344,816.509951778346,181081,184879,0,,,,
P1,2025-09-20,12,119,28.348823529411764,0.026302557412176596,28.31,28.39,119,59.255042016806726,0.26015599606279144,58.71,59.85,119,1013.4564705882353,0.1640617299868417,1013.17,1013.69,119,182377.90756302522,1072.8996271911944,180108,184675,0,,,,
P1,2025-09-20,13,119,28.488319327731094,0.15514519895525838,28.31,28.78,119,59.76025210084034,0.7702095930735302,57.78,61.45,119,1013.1544537815126,0.03856971409995793,1013.06,1013.25,119,176107.57142857142,5542.811214738163,165842,183461,0,,,,
P1,2025-09-20,14,120,28.74641666666667,0.03458750523248977,28.67,28.81,120,59.702,0.8834125962006952,57.79,61.17,120,1013.3101666666666,0.12395433784703587,1013.12,1013.52,120,172067.93333333332,4151.848503440162,165514,178953,0,,,,
P1,2025-09-20,15,119,28.758067226890756,0.04426953865147538,28.68,28.83,119,58.999747899159665,0.24987272076905853,58.31,59.59,119,1013.4798319327732,0.09154959009319598,1013.36,1013.64,119,179095.84033613445,1850.1021455227055,174661,182462,0,,,,
P1,2025-09-20,16,119,28.79310924369748,0.03259270738749338,28.71,28.85,119,59.15932773109244,0.6734589830506289,57.48,61.2,119,1013.9338655462185,0.16238742772844547,1013.64,1014.2,119,172865.1344537815,1734.2845685815105,170397,178571,0,,,,
P1,2025-09-20,17,119,28.67016806722689,0.1264507889358715,28.47,28.94,119,60.733949579831936,0.5201062774175541,58.98,61.64,119,1014.1914285714286,0.04516046182621068,1014.12,1014.26,119,167767.09243697478,2683.0274356026293,161836,172503,0,,,,
P1,2025-09-20,18,120,28.368666666666666,0.035878725077195035,28.32,28.47,120,58.89149999999999,0.6069882254890613,57.9,60.49,120,1014.4221666666667,0.12055322987148487,1014.25,1014.58,120,179628.8,4185.94757923872,170051,186111,0,,,,
P1,2025-09-20,19,119,28.303949579831933,0.016885380668802543,28.28,28.35,119,57.2773949579832,0.4950679840061436,56.37,58.33,119,1014.8681512605042,0.23554108780619704,1014.56,1015.27,119,190443.93277310923,3180.772504322791,184963,195503,0,,,,
P1,2025-09-20,20,119,28.31579831932773,0.017731318568239573,28.28,28.35,119,56.251512605042016,0.23557228785633735,55.83,56.89,119,1015.5878151260504,0.1432146644316052,1015.28,1015.85,119,197930.41176470587,1504.8851716527417,194006,201114,0,,,,
P1,2025-09-20,21,119,28.275546218487396,0.02134055894108587,28.23,28.32,119,54.827815126050425,0.6772491213073938,53.81,56.2,119,1015.8412605042017,0.0417123853055006,1015.77,1015.91,119,205699.0588235294,4328.200857862508,199168,212672,0,,,,
P1,2025-09-20,22,120,28.2755,0.020857660866135528,28.22,28.31,120,53.29058333333333,0.3793676645814432,52.62,54.21,120,1015.8180833333333,0.05439191476822958,1015.7,1015.91,120,212934.63333333333,1777.3585297900008,208895,216874,0,,,,
P1,2025-09-20,23,119,28.257226890756304,0.023683090218222687,28.2,28.3,119,52.879915966386555,0.1867314567669364,52.36,53.32,119,1015.6776470588235,0.09165804062243883,1015.47,1015.78,119,216406.61344537814,1001.6879153796817,214194,219183,0,,,,
P1,2025-09-21,0,119,28.271008403361346,0.0223377372411812,28.24,28.31,119,53.079579831932776,0.20176087103630233,52.65,53.63,119,1015.3568067226892,0.07519390496734496,1015.24,1015.48,119,212513.14285714287,1208.1130425116173,209961,215314,0,,,,
P1,2025-09-21,1,119,28.252268907563025,0.023665643222517612,28.2,28.29,119,53.36798319327731,0.2002861505147612,52.96,53.9,119,1015.1055462184873,0.07037065883882028,1015.01,1015.24,119,212594.0,872.3381400056203,210498,215879,0,,,,
P1,2025-09-21,2,119,28.233529411764707,0.019248078719625434,28.19,28.26,119,53.47983193277311,0.1717456889808905,53.08,53.92,119,1015.3336134453781,0.13934307796591774,1015.11,1015.58,119,213662.12605042016,1075.7420423148992,211037,216162,0,,,,
P1,2025-09-21,3,120,28.232083333333332,0.01634172024996734,28.21,28.27,120,53.5995,0.167135279581159,53.12,53.92,120,1015.5459166666666,0.02167350678497883,1015.51,1015.58,120,214130.76666666666,1462.16358471253,210095,217303,0,,,,
P1,2025-09-21,4,119,28.202605042016806,0.024888299097963383,28.15,28.24,119,53.9772268907563,0.23126741572440493,53.45,54.58,119,1015.7068907563025,0.05194109928749195,1015.55,1015.82,119,212524.58823529413,837.6337779495932,210902,215879,0,,,,
P1,2025-09-21,5,119,28.15941176470588,0.02415676617314216,28.12,28.22,119,53.23571428571429,0.4066743406836248,52.43,54.26,119,1016.0363025210083,0.1221687187502752,1015.82,1016.2,119,217612.78151260506,2543.529554757804,211037,220948,0,,,,
P1,2025-09-21,6,119,28.12747899159664,0.01397446141559172,28.1,28.16,119,52.572436974789916,0.166539893864502,52.2,52.98,119,1016.3936974789916,0.12095569679362626,1016.15,1016.54,119,218787.42016806724,849.698954623402,216446,220209,0,,,,
P1,2025-09-21,7,120,27.03175,1.2987082544790824,24.94,28.15,120,53.413000000000004,1.5132155089314268,51.29,57.05,120,1016.6963333333333,0.1000246468227597,1016.5,1016.81,120,221167.68333333332,6024.848743850297,211444,231184,0,,,,
P1,2025-09-21,8,119,24.50386554621849,0.18974161397559897,24.26,24.94,119,56.071680672268904,0.410515012066243,55.13,56.87,119,1016.7550420168068,0.040229720643021584,1016.64,1016.86,119,232841.84033613445,2562.005308953292,228299,239071,0,,,,
P1,2025-09-21,9,119,24.21672268907563,0.12887458917521646,23.97,24.58,119,57.18210084033613,2.555300530916929,55.21,62.81,119,1016.6217647058824,0.04367924416563498,1016.49,1016.69,119,223966.5294117647,9305.52547248365,202848,236157,0,,,,
P1,2025-09-21,10,119,23.932352941176468,0.33700501903005164,23.32,24.52,119,59.92268907563025,1.1907594055176711,58.11,63.3,119,1016.5884033613446,0.07031386286255802,1016.43,1016.69,119,220564.96638655462,4710.8624654464365,210363,229253,0,,,,
P1,2025-09-21,11,120,23.701666666666664,0.548805170207003,22.28,24.45,120,61.33058333333334,3.355417617518745,55.98,68.64,120,1016.0696666666666,0.27607066849910095,1015.61,1016.46,120,224957.525,9832.265135605769,201237,243670,0,,,,
P1,2025-09-21,12,119,23.90579831932773,0.3691412292277763,23.37,24.74,119,61.40840336134454,1.878038096034816,58.09,65.01,119,1015.4196638655462,0.07257880314727111,1015.33,1015.62,119,219495.19327731093,7775.020967084146,201978,231672,0,,,,
P1,2025-09-21,13,119,23.732605042016804,0.34275914898314586,23.25,24.44,119,59.72941176470589,1.3930951359568073,57.27,62.5,119,1015.0830252100841,0.15254093433293978,1014.87,1015.33,119,230616.05042016806,3628.615384358864,224870,237691,0,,,,
P1,2025-09-21,14,119,23.781092436974788,0.25040912257968845,23.35,24.31,119,59.7281512605042,0.9691232857733113,57.5,62.34,119,1014.8078991596639,0.12323928735756702,1014.65,1015.06,119,222911.83193277312,3021.969433936991,217734,228775,0,,,,
P1,2025-09-21,15,120,23.775916666666667,0.32065189856918447,23.2,24.35,120,60.6235,1.4463077592455151,57.83,63.15,120,1014.8230833333333,0.050589729474348234,1014.73,1014.92,120,225096.24166666667,5381.761587198233,215174,237177,0,,,,
P1,2025-09-21,16,119,23.709579831932775,0.33102919876841674,23.11,24.27,119,60.62974789915966,1.2930259230199066,58.24,63.46,119,1015.1586554621849,0.1218496181373523,1014.92,1015.32,119,227683.34453781514,4343.884117669965,219915,238379,0,,,,
P1,2025-09-21,17,119,23.709915966386554,0.3599423112872113,23.01,24.3,119,61.30873949579832,1.497481815413684,58.78,64.04,119,1015.3774789915966,0.05894867758321327,1015.28,1015.5,119,216973.2100840336,4044.7957792908,210632,225024,0,,,,
P1,2025-09-21,18,119,25.407983193277314,0.7957989055158478,24.13,26.4,119,58.70378151260504,0.8174391508962785,57.34,61.02,119,1015.5443697478992,0.09125897824852375,1015.28,1015.69,119,207357.59663865546,5827.873366118534,200624,218892,0,,,,
P1,2025-09-21,19,120,26.805166666666665,0.19333857328936802,26.41,27.08,120,57.906166666666664,0.4059850213185421,57.38,58.75,120,1015.9884166666667,0.18310118354994162,1015.7,1016.28,120,201746.06666666668,722.7371493944748,199409,203099,0,,,,
P1,2025-09-21,20,119,27.252773109243698,0.09350903490969438,27.08,27.4,119,57.01361344537815,0.19725974914120897,56.63,57.42,119,1016.5677310924369,0.16765297580495964,1016.3,1016.88,119,204933.36974789915,1390.5831045293403,200624,208763,0,,,,
P1,2025-09-21,21,119,27.536806722689075,0.09876296544886591,27.39,27.68,119,56.60403361344538,0.12387335883898905,56.42,56.99,119,1016.8325210084033,0.04679958147350035,1016.76,1016.93,119,201620.7142857143,1088.4675212399277,199048,204105,0,,,,
P1,2025-09-21,22,119,27.791932773109245,0.06076179261875517,27.67,27.9,119,56.00033613445378,0.2593470705546388,55.56,56.59,119,1016.7805042016807,0.05419438865652833,1016.65,1016.87,119,201519.8655462185,704.4386625012894,199530,203099,0,,,,
P1,2025-09-21,23,119,27.91941176470588,0.047394738277057126,27.85,28.02,119,55.58596638655462,0.12530856374844296,55.26,55.93,119,1016.6098319327732,0.05841092295799738,1016.52,1016.76,119,201271.26890756303,1135.5907944764251,198090,204105,0,,,,
P1,2025-09-22,0,120,28.081,0.04013422856517166,28.0,28.15,120,55.58583333333333,0.1139259919977037,55.36,55.89,120,1016.4704166666667,0.14998260870234276,1016.28,1016.77,120,199725.41666666666,1323.1934288455236,196906,202226,0,,,,
P1,2025-09-22,1,119,28.122016806722687,0.03521314835164719,28.04,28.18,119,55.7163025210084,0.1125502941906583,55.31,56.02,119,1016.2163025210084,0.06626686604902682,1016.06,1016.34,119,199770.2857142857,1366.502749771546,195619,203349,0,,,,
P1,2025-09-22,2,119,28.24394957983193,0.04380655642041766,28.13,28.33,119,56.15310924369748,0.19980816180527702,55.67,56.76,119,1015.74,0.1413374373137313,1015.51,1016.07,119,191581.95798319328,2368.785658986438,186958,196319,0,,,,
P1,2025-09-22,3,119,28.258235294117647,0.02634989656247662,28.21,28.32,119,57.17462184873949,0.2914394140485445,56.6,57.86,119,1015.3326890756302,0.06301328187940042,1015.25,1015.49,119,186810.47899159664,960.8996124636569,184879,188455,0,,,,
P1,2025-09-22,4,120,28.291333333333334,0.03201715226586789,28.24,28.37,120,57.81908333333333,0.13860042218843316,57.51,58.19,120,1015.3689166666667,0.06553972216966604,1015.27,1015.48,120,183141.025,2427.576771713548,177061,186318,0,,,,
P1,2025-09-22,5,119,28.307983193277312,0.031016120246418463,28.24,28.39,119,58.003361344537815,0.15645585997402026,57.71,58.41,119,1015.497731092437,0.06933628412482373,1015.38,1015.6,119,183402.7394957983,976.4501988757714,181081,185905,0,,,,
P1,2025-09-22,6,119,28.349327731092437,0.030441137766801643,28.27,28.41,119,58.41932773109244,0.2687564933151275,57.97,59.21,119,1015.8463025210083,0.15800056611246455,1015.59,1016.05,119,180461.88235294117,1139.0685845369799,177813,182661,0,,,,
P1,2025-09-22,7,119,28.026134453781513,0.32789288568196073,27.53,28.4,119,57.572436974789916,1.972463815219465,53.74,59.95,119,1016.1367226890757,0.11633607980297034,1015.96,1016.36,119,185680.7899159664,10032.004451748317,175209,207448,0,,,,
P1,2025-09-22,8,120,26.60216666666667,1.2912948249450888,23.93,27.52,120,55.37116666666667,2.172325626477541,53.1,58.79,120,1016.3605,0.035665344618003976,1016.31,1016.43,120,214327.5,3319.187138518129,207187,220062,0,,,,
P1,2025-09-22,9,119,23.697394957983192,0.15774610680346762,23.41,23.96,119,59.49428571428571,0.49908317880936465,58.42,62.18,119,1016.3694117647059,0.029781524179500307,1016.3,1016.45,119,216253.0588235294,1996.391207264403,212398,220504,0,,,,
P1,2025-09-22,10,119,23.97302521008403,0.3819343155477991,23.35,24.54,119,61.38109243697479,1.6333265368960261,59.02,64.63,119,1015.9634453781512,0.2302777872034268,1015.61,1016.39,119,203721.51260504202,6535.208836762144,192870,216874,0,,,,
P1,2025-09-22,11,119,23.793865546218484,0.36118709467836213,23.36,24.53,119,61.720000000000006,1.5723619284052548,59.98,64.56,119,1015.4010084033614,0.1786834857070333,1015.14,1015.69,119,212136.67226890757,6149.564508639573,199772,221245,0,,,,
P1,2025-09-22,12,120,23.833333333333332,0.3753034253299918,23.23,24.52,120,62.39491666666667,1.6271452527876709,59.58,65.17,120,1014.6961666666666,0.24124043354886646,1014.25,1015.13,120,210984.98333333334,6498.03666791247,199772,221691,0,,,,
P1,2025-09-22,13,119,23.742100840336136,0.3845289302765479,23.19,24.39,119,62.63890756302521,1.6847746869003828,60.62,65.62,119,1013.9093277310925,0.15746794719555848,1013.68,1014.24,119,210038.6218487395,8398.448749006444,194235,223800,0,,,,
P1,2025-09-22,14,119,23.728655462184875,0.3830009168678391,23.17,24.41,119,62.76386554621848,1.58403588238532,61.03,65.73,119,1013.5589915966386,0.05243874486182775,1013.47,1013.69,119,197767.96638655462,7368.035973076922,185067,209560,0,,,,
P1,2025-09-22,15,119,23.815210084033613,0.3761690224576882,23.23,24.48,119,62.66067226890756,1.55683824045285,60.94,65.68,119,1013.7299159663866,0.11320819128245345,1013.57,1013.93,119,200257.93277310923,6189.876730969267,190527,213916,0,,,,
P1,2025-09-22,16,120,23.522333333333332,0.16111863854400318,23.28,24.13,120,61.59341666666667,0.5536562896914005,60.29,62.74,120,1013.8621666666667,0.04478113598438162,1013.79,1013.93,120,208538.16666666666,4348.680428335344,199168,217303,0,,,,
P1,2025-09-22,17,119,23.755042016806723,0.34356770716420215,23.24,24.4,119,63.29042016806723,1.606339345577124,60.46,66.95,119,1014.1441176470588,0.07629571999358502,1013.92,1014.25,119,207542.58823529413,6814.252281763685,195503,219915,0,,,,
P1,2025-09-22,18,2,23.685000000000002,0.03535533905932913,23.66,23.71,2,62.78,0.8202438661763928,62.2,63.36,2,1014.225,0.007071067811859044,1014.22,1014.23,2,210297.5,854.8920984545359,209693,210902,0,,,,
P2,2025-09-15,22,60,30.54818345,0.34059484957377717,29.981758,31.341914,60,56.20569557666667,2.783187051243332,51.620116,60.7897,60,1013.6690786666666,0.07098206742897785,1013.582,1013.7986,60,6524.383333333333,121.48307989413554,6323,6735,0,,,,
P2,2025-09-15,23,120,30.85564615666667,0.3487083983295739,30.19621,31.782342,120,55.68612956333333,3.23482327085954,49.877328,60.76559,120,1013.5242546666667,0.06393130282218194,1013.40784,1013.6283,120,6420.733333333334,153.91969604027847,6127,6757,0,,,,
P2,2025-09-16,0,120,31.132566628333333,0.31235421081567527,30.570234,32.07199,120,55.28108719666667,2.451101969475415,50.21453,59.17564,120,1013.2744353333333,0.11253407377126314,1013.06856,1013.46408,120,6343.35,157.75034259308364,6038,6696,0,,,,
P2,2025-09-16,1,120,31.226951383333336,0.28981654432235654,30.665546,32.003244,120,54.61371034666667,2.4154469396163436,48.08453,59.187524,120,1012.7052723333333,0.2001412835121453,1012.4186,1013.0879,120,6797.366666666667,162.98919556568313,6464,7159,0,,,,
P2,2025-09-16,2,120,31.366434,0.3360630276301574,30.63,32.20598,120,54.90347249333333,2.7689633086342615,49.70273,59.31019,120,1012.3793256666667,0.12034068639164254,1012.13908,1012.54344,120,6844.033333333334,139.32314974914394,6620,7115,0,,,,
P2,2025-09-16,3,120,31.518224293333333,0.2850935073949121,30.988788,32.28625,120,54.93306985,1.5944555363529451,51.25801,58.46126,120,1012.0781065,0.04263099430057107,1012.0095,1012.1654,120,6784.558333333333,91.3886148355941,6645,7039,0,,,,
P2,2025-09-16,4,120,31.361573836666665,0.384093414857227,30.54289,32.230588,120,54.15871392333334,3.1019275902137036,45.37857,58.289332,120,1012.1136753333334,0.06467481671827639,1011.9994,1012.2779,120,6840.358333333334,170.72946784452964,6574,7289,0,,,,
P2,2025-09-16,5,120,31.64575518,0.3253526376196369,30.952656,32.44758,120,54.383946525000006,2.636241062460161,49.05096,58.436104,120,1012.1250828333334,0.05825336404166248,1012.0452,1012.2793,120,6787.825,133.35878582344122,6582,7053,0,,,,
P2,2025-09-16,6,120,31.527231405000002,0.3120403361935471,30.839374,32.37512,120,53.33722414,2.4573914198734212,45.895072,57.182424,120,1012.1649403333333,0.11036260985341863,1012.0184,1012.3904,120,6716.758333333333,153.63686290815025,6480,7164,0,,,,
P2,2025-09-16,7,120,31.603642543333333,0.2882413343298873,31.064766,32.31379,120,54.12776292666667,1.8655948000700064,49.30395,57.503524,120,1012.664481,0.12247567350566174,1012.37448,1012.9461,120,6547.191666666667,91.68784234659229,6385,6792,0,,,,
P2,2025-09-16,8,120,31.126988873333335,0.4931106310817898,30.059492,32.280976,120,52.38219569666667,2.6483200350945233,47.393056,57.41002,120,1013.2213693333334,0.1061130250103567,1012.9563,1013.3821,120,6755.35,195.02094910095138,6369,7106,0,,,,
P2,2025-09-16,9,120,30.329109696666666,0.39320414700749373,29.419844,31.211054,120,51.20270533,2.919331339866482,44.789992,55.879912,120,1013.1808805000001,0.10797354367701315,1012.91656,1013.4027,120,6807.525,145.96016277617366,6520,7067,0,,,,
P2,2025-09-16,10,120,29.894210433333335,0.3904698652157038,29.198556,30.858514,120,52.003717183333336,3.2293963333104747,45.92369,56.686656,120,1012.7422604999999,0.1993596255317051,1012.36132,1013.06332,120,6610.466666666666,157.52689157292292,6350,6964,0,,,,
P2,2025-09-16,11,120,29.694052591666665,0.4641321990141121,28.833712,30.692696,120,51.65182634666667,3.9274823384483613,44.617936,57.47605,120,1011.9276381666666,0.30110628806558204,1011.32872,1012.3772,120,6741.508333333333,299.07378016200704,6218,7408,0,,,,
P2,2025-09-16,12,120,29.372361548333334,0.4399718998635417,28.583124,30.523944,120,51.35833980333334,3.4736105060966107,44.104928,57.821816,120,1010.8839828333333,0.2380621363177663,1010.5284,1011.38652,120,7309.783333333334,188.70488200626178,6959,7807,0,,,,
P2,2025-09-16,13,120,29.43910295,0.3253905011330205,28.854414,30.310664,120,53.679849229999995,1.9896566373052895,47.719468,57.690952,120,1010.3030446666667,0.1431357751082987,1010.039,1010.5991,120,7108.25,132.62256104252768,6832,7440,0,,,,
P2,2025-09-16,14,120,29.36743819666667,0.36127137440756274,28.71203,30.319258,120,53.36440444,2.097982225505829,48.99362,57.259568,120,1009.8615423333334,0.11109500275990787,1009.69,1010.0916,120,7088.783333333334,143.20803363065446,6726,7382,0,,,,
P2,2025-09-16,15,120,29.417776688333333,0.381780222836082,28.618868,30.397774,120,53.66664859,2.3690162507502137,49.51229,58.050404,120,1009.6742378333333,0.0518828254347669,1009.5731,1009.8816,120,6604.283333333334,346.73054423878466,5728,7115,0,,,,
P2,2025-09-16,16,120,29.484231646666668,0.33414586916806543,28.8700384,30.377656,120,52.87381423333333,2.0587574001687745,48.4629,56.428604,120,1009.6782916666667,0.08088395811004057,1009.5553,1009.8541,120,5492.541666666667,243.1796339822756,5080,6134,0,,,,
P2,2025-09-16,17,120,29.25536767,0.4485635630239793,28.393282,30.293868,120,50.559936650000004,3.3172158456282514,44.730812,56.784644,120,1009.5356228333333,0.07726308578823461,1009.3798,1009.7193,120,6704.633333333333,460.1805808014701,5785,7482,0,,,,
P2,2025-09-16,18,120,29.416144156666668,0.46613294745566414,28.623164,30.450118,120,51.65890728666667,4.152161477733469,44.233656,57.63917,120,1010.1680355000001,0.29069794894795237,1009.651,1010.6375,120,6565.991666666667,371.4642952142875,5779,7377,0,,,,
P2,2025-09-16,19,120,29.451170219999998,0.3133104270976721,28.859296,30.298944,120,52.98440678666667,2.9008559264387346,45.9317,57.586432,120,1010.6470563333334,0.057552077051972364,1010.5002,1010.7486,120,7014.733333333334,329.68968688124664,6315,7515,0,,,,
P2,2025-09-16,20,120,29.547869366666664,0.426841657680951,28.7425,30.615742,120,53.76933075833333,3.084891594152329,47.849008,58.914888,120,1010.6033501666666,0.06355666326470116,1010.4885,1010.7573,120,7264.775,192.82144230724253,6881,7658,0,,,,
P2,2025-09-16,21,120,29.438886478333334,0.38539609428380095,28.5575384,30.51457,120,54.852556766666666,2.591108260066871,47.132632,59.754516,120,1010.2906895,0.22236279860797878,1009.90652,1010.6708,120,7035.166666666667,96.906724045683,6823,7305,0,,,,
P2,2025-09-16,22,120,30.313356151666667,0.38662722826545987,29.506564,31.28371,120,56.597887236666665,2.67667500652721,50.773784,60.53951,120,1010.164706,0.1461988525999621,1009.9328,1010.416,120,6779.466666666666,127.44733190209793,6553,7029,0,,,,
P2,2025-09-16,23,120,30.68760423166667,0.3527380011892372,30.02336,31.538398,120,55.772350233333334,2.2375298352874666,50.6072,59.7797,120,1010.6967151666666,0.19808732740181773,1010.3429,1010.96232,120,6910.1,127.97336907840359,6624,7174,0,,,,
P2,2025-09-17,0,120,30.823741821666665,0.31062640149936604,30.246406,31.657148,120,56.00550698333333,1.701641366164736,51.209624,59.401056,120,1010.9769623333334,0.04535406243534056,1010.8856,1011.07,120,6959.25,96.80737609927718,6774,7189,0,,,,
P2,2025-09-17,1,120,30.94830884,0.4232046295585397,30.169258,31.946016,120,54.33672024,3.8258756480174814,45.49009,60.0294,120,1010.4444504999999,0.1822743469038642,1010.2346,1010.95512,120,7034.225,207.56614669088225,6739,7515,0,,,,
P2,2025-09-17,2,120,30.937267125,0.45422020063949564,30.12922,31.985274,120,55.26150535666667,3.1096910744775177,50.016964,61.363464,120,1010.1723413333333,0.06848230120295666,1010.0555,1010.3169,120,6994.2,183.39907352019893,6675,7284,0,,,,
P2,2025-09-17,3,120,31.118022376666666,0.36268556496554893,30.477852,32.024532,120,55.14041054166667,2.243940934927733,50.6588868,59.638152,120,1010.1115581666667,0.05574908933171031,1010.0,1010.236,120,6947.85,125.31658397230356,6709,7194,0,,,,
P2,2025-09-17,4,120,31.254457936666665,0.4028456421462657,30.443866,32.200312,120,54.72144897333333,3.4527499558132346,47.43435,60.099472,120,1010.3204509999999,0.0755299412542818,1010.1749,1010.4908,120,6891.825,173.36630780134956,6599,7249,0,,,,
P2,2025-09-17,5,120,31.152996363333333,0.39957442653232694,30.31164,32.268084,120,53.96703969666667,3.217915655322341,46.73146,59.988116,120,1010.3519,0.057417664778116294,1010.24116,1010.48068,120,6903.283333333334,169.69924871373357,6582,7310,0,,,,
P2,2025-09-17,6,120,31.22637534833333,0.4066529404204972,30.469842,32.21535,120,54.105475768333335,3.2668700763508642,47.405476,59.424392,120,1010.5203541666667,0.0957094045199965,1010.41768,1010.79736,120,6879.05,164.9847892148511,6586,7174,0,,,,
P2,2025-09-17,7,120,31.353465221666667,0.4288736671211202,30.543672,32.321016,120,54.07601117666666,3.683913943017649,46.871604,60.2349,120,1010.8541769999999,0.07609730372775224,1010.69584,1011.024,120,6701.85,194.82341282524024,6354,7115,0,,,,
P2,2025-09-17,8,120,31.303868796666666,0.35348277603465406,30.67668,32.153244,120,53.80208910666667,2.4126510841766913,47.977888,58.758356,120,1010.972404,0.0771862477236607,1010.8027,1011.11128,120,6500.466666666666,122.16808460624445,6247,6765,0,,,,
P2,2025-09-17,9,120,30.437996390000002,0.5785349123901979,29.178048,31.80461,120,51.08322846,3.502613599107531,43.397064,57.0751,120,1011.298041,0.0728520207918722,1011.1062,1011.558,120,6840.083333333333,360.3252635025855,6255,7553,0,,,,
P2,2025-09-17,10,120,29.67136708,0.3505219752102615,28.923358,30.7175,120,51.47348705333333,2.0455094431336045,45.259884,55.763504,120,1011.1464866666666,0.170127609432743,1010.8045,1011.37384,120,7231.258333333333,150.5318021528468,6922,7664,0,,,,
P2,2025-09-17,11,120,29.43406246,0.3668495868070979,28.639962,30.271212,120,52.93070577666666,2.329104296586972,48.46327,56.622016,120,1010.2512126666667,0.30751368191373063,1009.87024,1010.90732,120,7305.25,173.94142015937194,7039,7703,0,,,,
P2,2025-09-17,12,120,29.13606104333333,0.32206098442365805,28.412616,29.97922,120,52.4960965,2.1326618194307203,48.249804,56.56964,120,1009.5112675,0.2388252553689709,1009.15736,1009.9707,120,7539.725,117.62788231316141,7325,7755,0,,,,
P2,2025-09-17,13,120,29.123396648333333,0.38559420287143886,28.478828,30.144062,120,53.09241835,3.3453132244007713,47.201456,58.69299,120,1009.9723311666665,0.637092366664782,1008.9183,1011.3426,120,7297.566666666667,254.94589089238724,6895,7783,0,,,,
P2,2025-09-17,14,120,28.968692853333334,0.2989946510041423,28.463006,29.873554,120,52.27906110333333,2.3396852279471747,48.15299,56.37359,120,1011.2711578333333,0.2743275584583778,1010.7928,1011.7534,120,7121.658333333334,130.55894678433216,6881,7413,0,,,,
P2,2025-09-17,15,120,28.924187696666667,0.3210014812808676,28.282734,29.725898,120,52.20342621333334,3.1262430639334244,46.18537,56.868424,120,1011.0034563333334,0.12911449677404935,1010.79736,1011.2011,120,6998.633333333333,149.57935042254016,6757,7299,0,,,,
P2,2025-09-17,16,120,28.931577056666665,0.37369801563010796,28.20617,29.878828,120,52.11669957,3.6112228264309087,45.55382,57.54,120,1010.8075366666667,0.1039806614642113,1010.641,1011.07656,120,6867.641666666666,177.93383700167905,6525,7224,0,,,,
P2,2025-09-17,17,120,28.91023422,0.3068682266502497,28.339374,29.684298,120,53.10918725,2.5129580232042743,47.21108,57.13225,120,1010.8965598333333,0.36119809078947257,1010.4988,1011.6812,120,6704.908333333334,142.78525898030486,6444,7077,0,,,,
P2,2025-09-17,18,120,28.854334236666666,0.46437314793034035,28.120624,30.141328,120,53.41674793166667,3.314329013880543,46.371932,59.239988,120,1011.8224773333333,0.39069173988761885,1011.2938,1012.4716,120,6562.258333333333,291.48375845418354,5779,7029,0,,,,
P2,2025-09-17,19,120,29.16235998333333,0.30807149796443306,28.606172,29.942696,120,54.95954377166667,2.0935882801584054,50.212364,59.43775,120,1013.0134521666666,0.4146814569579897,1012.48848,1013.8532,120,7059.141666666666,147.9525983500915,6713,7346,0,,,,
P2,2025-09-17,20,120,29.01419921666667,0.3428150290059067,28.315546,30.024922,120,53.55051901666666,2.2195609276409143,48.63572,58.471732,120,1013.9409631666666,0.11269808370393763,1013.78376,1014.1707,120,7196.433333333333,147.10219013235888,6854,7569,0,,,,
P2,2025-09-17,21,120,29.342081553333333,0.42844454803541815,28.323164,30.421796,120,55.597758336666665,2.441991770313847,51.122104,60.05693,120,1014.3858851666666,0.25076800836663643,1014.06484,1014.7424,120,7152.941666666667,166.97271431263852,6899,7526,0,,,,
P2,2025-09-17,22,120,29.898001148333332,0.3160532041877635,29.206562,30.8341,120,56.4038497,1.6742354222412565,52.28055,59.414636,120,1014.5368216666667,0.0919572466456125,1014.3684,1014.7333,120,7086.35,96.69171751134698,6913,7305,0,,,,
P2,2025-09-17,23,120,30.269228365,0.28634369794454745,29.715742,31.059686,120,56.257108625,1.3612404914527423,52.72845,58.81221,120,1014.5167455,0.07160092173309551,1014.37648,1014.64308,120,7086.033333333334,98.77382136535365,6881,7340,0,,,,
P2,2025-09-18,0,120,30.361760996666664,0.3493106537089828,29.684298,31.2374216,120,54.98943030666667,2.5302145713691697,49.55127,59.208624,120,1014.7007181666667,0.12838653294629893,1014.4199,1014.8791,120,7215.991666666667,153.92268581103608,6913,7613,0,,,,
P2,2025-09-18,1,120,30.471116543333334,0.4163657856891158,29.656172,31.435274,120,54.37673955166667,3.785039560408029,46.89525,60.288476,120,1013.9353373333332,0.31708969510587154,1013.31052,1014.40016,120,7275.591666666666,202.6478294655901,6982,7686,0,,,,
P2,2025-09-18,2,120,30.56254384,0.4393241102209748,29.761054,31.589766,120,54.64759307333333,4.067488592851329,46.437948,60.219496,120,1013.1224955,0.20305577617599155,1012.78312,1013.52824,120,7294.0,231.63126303849106,6895,7760,0,,,,
P2,2025-09-18,3,120,30.575082923333333,0.3475787035053109,30.018868,31.505,120,53.779064033333334,3.3728909298479657,47.381848,59.20697,120,1013.975557,0.19834608256335118,1013.521,1014.201,120,7297.566666666667,187.7752426085368,6945,7686,0,,,,
P2,2025-09-18,4,120,30.414094958333333,0.4634484374097036,29.322578,31.351876,120,52.733509553333334,4.008593938314831,42.102208,57.755652,120,1014.1709926666666,0.15493389369245433,1013.8413,1014.37256,120,7337.525,220.75774632620502,7034,7901,0,,,,
P2,2025-09-18,5,120,30.558754771666667,0.297563137040796,30.004022,31.395038,120,54.54772716,2.642714070288547,49.736464,58.440656,120,1014.8362606666667,0.25243322980306415,1014.3562,1015.1461,120,7151.533333333334,142.5231181797755,6908,7419,0,,,,
P2,2025-09-18,6,120,30.499488816666666,0.3229184311337487,29.975898,31.453828,120,52.72693478,2.980071180820848,47.39028,58.47557,120,1015.4098853333332,0.14041799551271353,1015.122,1015.6824,120,7261.083333333333,157.54666286656857,6931,7553,0,,,,
P2,2025-09-18,7,120,30.503912841666665,0.25086666468212016,30.08332,31.137618,120,53.76330902833333,1.6852474127013937,49.95349,57.12916,120,1015.8650383333334,0.1519137256610656,1015.60016,1016.2229,120,7321.225,106.84925865737314,7115,7580,0,,,,
P2,2025-09-18,8,120,30.453525406666664,0.2835842270531475,29.708712,31.174532,120,52.50066553333333,2.363135293959696,47.220832,56.580316,120,1016.530852,0.1661926418781007,1016.1628,1016.89024,120,7404.3,141.84401421895797,7164,7755,0,,,,
P2,2025-09-18,9,120,29.855304134999997,0.36484198987330513,29.085468,30.916132,120,50.38515933666667,2.515043747329947,45.067356,54.47283,120,1016.7740113333333,0.09735391475184862,1016.5892,1017.0147,120,7146.958333333333,300.9162868551276,6424,7641,0,,,,
P2,2025-09-18,10,120,29.270562936666668,0.31080104437395345,28.620234,30.124728,120,49.81203511333333,1.6586691517910055,46.12133,53.020204,120,1016.6771453333333,0.0927876672019227,1016.4707,1016.8819,120,7429.908333333334,131.97695214073747,7140,7692,0,,,,
P2,2025-09-18,11,120,28.943235563333335,0.2998315091325057,28.473164,29.772578,120,49.85727124,2.249545299984807,46.40844,54.149932,120,1016.14545,0.19729307311521496,1015.7903,1016.50072,120,7553.041666666667,129.9220448772958,7340,7807,0,,,,
P2,2025-09-18,12,120,28.749806121666666,0.3392374712292321,28.071602,29.585468,120,50.00671551666667,3.11874802269793,45.28886,54.76876,120,1015.6115618333333,0.0930392794612749,1015.4309,1015.80552,120,7690.058333333333,186.70123060602447,7403,8047,0,,,,
P2,2025-09-18,13,120,28.70018525,0.3268336546521319,28.093086,29.562812,120,50.713940709999996,2.402677127671606,45.731968,54.27036,120,1015.289357,0.10163193955215083,1015.0669,1015.52816,120,7587.2,243.03817869322637,6881,8072,0,,,,
P2,2025-09-18,14,120,28.370154563333337,0.44052689221534297,27.400898,29.357538,120,49.69557622,2.549420272503523,43.766136,53.836672,120,1014.9206373333333,0.14117957252042934,1014.69108,1015.1932,120,5938.266666666666,333.2589709770686,5291,6730,0,,,,
P2,2025-09-18,15,120,28.312311263333335,0.3139661958816238,27.763984,29.175704,120,51.05327399333333,2.520847013908884,46.8913468,54.973976,120,1014.9736653333333,0.1249044524837385,1014.7328,1015.218,120,6708.258333333333,875.1990361461504,5212,7925,0,,,,
P2,2025-09-18,16,120,28.418884913333333,0.33466370512978894,27.827852,29.259102,120,50.84053477,3.3201427950328357,44.381832,55.335564,120,1015.4669696666666,0.24448452692508896,1015.0743,1015.8176,120,7177.55,647.1574672326346,5734,7961,0,,,,
P2,2025-09-18,17,120,28.253873676666668,0.37356456862960064,27.522578,29.244454,120,50.30786829666667,3.418943985557191,44.289896,55.1102,120,1015.9697298333334,0.1487771255796859,1015.7157,1016.2136,120,7714.05,222.46725186251717,7320,8186,0,,,,
P2,2025-09-18,18,120,28.313085786666665,0.3585368932044637,27.609882,29.28625,120,50.259482586666664,3.4731283862879714,43.993256,55.27896,120,1016.2692305,0.08902382753318225,1016.0801,1016.4077,120,7828.916666666667,195.96267794776475,7526,8251,0,,,,
P2,2025-09-18,19,120,28.315825221666667,0.34667140003876484,27.696016,29.173556,120,50.63488068666666,2.7712634437076553,44.816576,55.336168,120,1016.32915,0.1307762640812683,1016.1356,1016.5641,120,7714.0,167.2873540454551,7429,8097,0,,,,
P2,2025-09-18,20,120,28.33222002666667,0.33878187128752135,27.58039,29.336642,120,51.57422715833333,2.394964060238807,45.42765,55.5099,120,1016.462461,0.10012079218412147,1016.2573,1016.6577,120,7687.95,132.8650575938302,7429,8072,0,,,,
P2,2025-09-18,21,120,28.74607749,0.33345175936392424,28.03586,29.704024,120,53.15903653833333,2.6033086674501704,47.9731968,56.681724,120,1016.7112473333333,0.04650246632527251,1016.587,1016.7823,120,7524.216666666666,151.12636947872696,7284,7877,0,,,,
P2,2025-09-18,22,120,28.99947575,0.32798595214635134,28.421992,29.922578,120,52.62228613,3.1701733134164414,47.129944,57.692868,120,1016.564083,0.15346017429100403,1016.2846,1016.78824,120,7490.7,172.47075504136282,7209,7854,0,,,,
P2,2025-09-18,23,120,29.11996570666667,0.38442716338329663,28.3936716,30.048358,120,52.21178355166667,3.7252853510207555,45.90525,57.212452,120,1016.0633378333333,0.13542715415546733,1015.7279,1016.2986,120,7590.166666666667,204.33307515485816,7279,7961,0,,,,
P2,2025-09-19,0,120,29.266871719999997,0.3923657489613322,28.465156,30.207344,120,52.35697642,3.848198274007979,44.9862036,57.396924,120,1015.577989,0.1029035243649174,1015.3859,1015.77348,120,7558.483333333334,221.7685591726994,7179,7986,0,,,,
P2,2025-09-19,1,120,29.101375286666666,0.4413858056133261,28.31164,30.183124,120,51.00101961,3.9213957715784327,44.92737,57.759916,120,1015.3441868333334,0.12872838719777277,1015.1311,1015.5959,120,7605.65,228.38923174368531,7130,7973,0,,,,
P2,2025-09-19,2,120,29.218608293333332,0.36579811655763533,28.569648,30.23215,120,52.17221439666666,3.62063269639191,45.125496,57.595504,120,1014.9993665000001,0.06435364348391293,1014.8837,1015.182,120,7621.675,198.16181158696716,7234,8022,0,,,,
P2,2025-09-19,3,120,29.317550448333336,0.352973069648394,28.621406,30.231172,120,52.54963770333333,3.3159672300137837,43.70066,57.89631,120,1014.9207803333334,0.06482336123053911,1014.8197,1015.0494,120,7457.158333333334,181.29603423906477,7164,7907,0,,,,
P2,2025-09-19,4,120,29.371254868333335,0.34531288868567467,28.701288,30.258126,120,52.758084438333334,2.86465913345612,47.607676,56.812196,120,1014.8474136666666,0.03206394681875412,1014.78264,1014.9129,120,7374.933333333333,153.31884354871363,7111,7675,0,,,,
P2,2025-09-19,5,120,29.595048753333334,0.3912852709911589,28.843866,30.51789,120,53.0486049,3.474622590928687,46.732896,58.17787,120,1014.7864883333333,0.06097530595813497,1014.668,1014.9277,120,7116.266666666666,179.76902703533918,6792,7482,0,,,,
P2,2025-09-19,6,120,29.68657862166667,0.4223232537174393,28.83879,30.663398,120,53.200137113333334,3.6001497549169144,46.02485,58.659976,120,1014.7675216666667,0.06418866805301432,1014.6515,1014.9052,120,7188.525,181.7334812115734,6881,7580,0,,,,
P2,2025-09-19,7,120,29.799464381666667,0.3474603924058126,29.16047,30.682539,120,53.42885545666666,2.7944310952629525,47.51546,58.666952,120,1015.1687033333333,0.09594911180416334,1014.9115,1015.33152,120,7314.475,154.43368827956616,7010,7630,0,,,,
P2,2025-09-19,8,120,29.33940921166667,0.41885258102091194,28.3259,30.479414,120,52.130249586666665,2.3380071555446085,47.02808,56.659956,120,1015.0815896666667,0.11854363377734371,1014.8979,1015.2611,120,7539.875,159.88028938169006,7184,7907,0,,,,
P2,2025-09-19,9,120,28.752607379999997,0.4003111150247251,27.998946,29.688592,120,51.77533610333333,3.176400010630378,45.82905,56.98284,120,1014.7338068333333,0.1148367705433605,1014.5256,1014.9364,120,7533.166666666667,236.54456944375968,7039,7949,0,,,,
P2,2025-09-19,10,120,28.668095663333336,0.3818163135332319,27.99543,29.673164,120,51.55873124,2.5073059285978236,46.105896,55.85823,120,1014.2098121666667,0.16824389116068625,1013.89052,1014.5277,120,7381.05,154.0007011879704,7082,7749,0,,,,
P2,2025-09-19,11,120,28.512708253333336,0.3120116880561367,27.978632,29.338398,120,52.45407705666666,1.6278678241331872,48.368056,55.44488,120,1013.6417375,0.24670197430242055,1013.18948,1014.0708,120,7408.591666666666,136.26830280787937,7159,7726,0,,,,
P2,2025-09-19,12,120,28.219526266666666,0.4220307651069802,27.46125,29.261836,120,51.87841015,3.198634129084594,45.219624,56.316048,120,1012.6232428333334,0.280215079942341,1012.1601,1013.1883,120,7676.691666666667,214.01660172127998,7392,8129,0,,,,
P2,2025-09-19,13,120,28.255722511666665,0.34464399021890085,27.689766,29.150704,120,52.6543319,2.2650201710595823,47.545296,56.325348,120,1011.70552,0.25028049195263546,1011.33916,1012.2505,120,7224.858333333334,615.6735915714958,6052,7836,0,,,,
P2,2025-09-19,14,120,28.410906421666667,0.3466782686536442,27.686446,29.29465,120,53.69935113333334,2.0689970309337578,50.047388,58.161604,120,1011.0670166666666,0.12841920169345464,1010.8284,1011.35568,120,6551.733333333334,426.9292884857478,5798,7387,0,,,,
P2,2025-09-19,15,120,28.497460786666668,0.4070772475965848,27.785664,29.507928,120,53.652112763333335,3.4680936883974933,47.947052,58.82743,120,1010.8690795,0.05465170227077904,1010.75224,1011.0639,120,6938.641666666666,358.2017364050394,6056,7636,0,,,,
P2,2025-09-19,16,120,28.48824375666667,0.3392421333999936,27.869844,29.33586,120,54.16049736833334,2.699122943236185,49.184252,58.558816,120,1011.0048433333334,0.053099295684988654,1010.8741,1011.15624,120,6660.075,396.6077833622636,5811,7424,0,,,,
P2,2025-09-19,17,120,28.554729766666664,0.408991334301176,27.763202,29.613008,120,54.28582738666667,3.5109980170602237,47.45454,59.671368,120,1010.7548548333333,0.13561655617676147,1010.54584,1010.9958,120,6952.241666666667,252.1007200291496,6537,7536,0,,,,
P2,2025-09-19,18,120,28.651430648333335,0.3111446949364345,28.101876,29.494844,120,54.71983171333333,1.8537698864174343,50.343324,58.55958,120,1011.0136626666666,0.2821526226236058,1010.5405,1011.4027,120,7197.275,143.49660860338236,6872,7493,0,,,,
P2,2025-09-19,19,120,28.755017773333336,0.3689604318008017,28.036446,29.745234,120,55.121617495,2.0944609203591003,50.25908,58.97322,120,1010.7889545,0.15312961847254106,1010.5999,1011.1332,120,7183.008333333333,138.9092863920131,6918,7472,0,,,,
P2,2025-09-19,20,120,28.913779246666667,0.3249359996750546,28.175898,29.858712,120,55.363831925,2.0851873216495758,50.798044,59.1026,120,1010.9266553333333,0.07638740952764028,1010.74224,1011.0734,120,7087.566666666667,200.2285137114118,6578,7408,0,,,,
P2,2025-09-19,21,120,28.708045066666667,0.521682421323705,27.524142,29.80461,120,54.640426729999994,4.002865534861877,46.8803936,60.465944,120,1010.7116088333333,0.08733787830515415,1010.5743,1010.9256,120,6623.041666666667,153.15480145030685,6315,6918,0,,,,
P2,2025-09-19,22,120,29.442807546666664,0.4055713306557005,28.65168,30.529218,120,56.141325599999995,3.5167912504957113,49.78292,61.362204,120,1010.3474303333334,0.11092224318644169,1010.162,1010.68776,120,6581.583333333333,184.65186791616824,6236,6922,0,,,,
P2,2025-09-19,23,120,29.912455916666666,0.34656487807429176,29.244454,30.72004,120,56.09197593333333,2.6278953415300323,50.366688,60.32607,120,1010.2716351666667,0.09706080828101388,1010.1149,1010.4236,120,6567.183333333333,131.52064625813264,6331,6854,0,,,,
P2,2025-09-20,0,120,30.16137037,0.2618151190412648,29.6596868,30.888984,120,56.487486360000005,1.4001656651270133,53.501616,59.075424,120,1010.2581995,0.09600006451196955,1010.1116,1010.4193,120,6594.641666666666,88.56197524549519,6440,6836,0,,,,
P2,2025-09-20,1,120,30.338315321666666,0.28543373503402153,29.840936,31.088398,120,55.19802728333333,2.278522617350405,50.17984,58.720868,120,1010.2356936666667,0.13855285642461612,1009.93632,1010.4451,120,6668.666666666667,118.42122037107066,6476,6936,0,,,,
P2,2025-09-20,2,120,30.37243309666667,0.3272799730111598,29.782734,31.212812,120,54.52885130000001,2.613056950638778,48.846104,58.375956,120,1010.039646,0.083189363961494,1009.91768,1010.2269,120,6744.441666666667,133.7123964783698,6545,7034,0,,,,
P2,2025-09-20,3,120,30.298347855,0.2899522345781402,29.764962,31.12336,120,53.930712371666665,1.7977012176996265,49.978948,57.095688,120,1010.3403475,0.1281330751273645,1010.10624,1010.5517,120,6809.6,117.91396949335943,6590,7058,0,,,,
P2,2025-09-20,4,120,30.114956065,0.27424809697270897,29.546014,30.84543,120,53.46427782833334,1.7658154407833178,49.771144,56.190916,120,1010.7771733333334,0.14293753752055804,1010.5265,1011.0891,120,6770.5,128.65797274005095,6537,7101,0,,,,
P2,2025-09-20,5,120,30.004148643333334,0.3248986463413777,29.384882,30.787422,120,52.63770104333333,2.536682432322094,47.532736,56.782576,120,1011.4221545,0.23311930441400558,1011.03816,1011.79516,120,6760.3,141.5091290816444,6512,7096,0,,,,
P2,2025-09-20,6,120,29.917610588333332,0.35145049812118734,29.154804,30.787422,120,52.89507106,2.9466869762291767,46.35855,57.213652,120,1012.0700161666666,0.14067325027578123,1011.76384,1012.2944,120,6874.225,150.4874691173473,6636,7234,0,,,,
P2,2025-09-20,7,120,29.547078273333334,0.4632555794326071,28.632344,30.671014,120,50.54845665333333,3.511372399535213,41.14792,56.621536,120,1012.4882686666666,0.12300790398122029,1012.23208,1012.7675,120,7113.916666666667,200.0988236239442,6765,7647,0,,,,
P2,2025-09-20,8,120,29.398704451666667,0.27964347607286016,28.8700384,30.240742,120,52.53629358,1.714857562316023,49.048476,56.510032,120,1013.0298088333333,0.183039702682981,1012.72132,1013.2545,120,7213.733333333334,179.97776395490592,6908,7575,0,,,,
P2,2025-09-20,9,120,29.058176969999998,0.27604069679798027,28.424726,29.770624,120,51.67583567333334,1.7363950561741828,48.36622,54.64273,120,1013.5366231666667,0.14740284863212574,1013.2342,1013.7227,120,7470.408333333334,106.52190336432551,7209,7680,0,,,,
P2,2025-09-20,10,120,28.894544183333334,0.2860562592307535,28.373946,29.663594,120,51.30104851,2.382060491795932,46.635324,54.618348,120,1013.5972178333334,0.0373815067562051,1013.5045,1013.6722,120,7452.091666666666,125.28146434378556,7239,7686,0,,,,
P2,2025-09-20,11,120,28.67992997166667,0.2763945077307862,28.228046,29.462812,120,51.855039059999996,1.6636356098674852,47.81546,55.03288,120,1013.5304568333333,0.10639101844922612,1013.27168,1013.6843,120,7436.516666666666,87.4103606471189,7279,7647,0,,,,
P2,2025-09-20,12,120,28.557981663333333,0.26177431277511465,28.089766,29.29465,120,52.17856464166667,2.574673560237884,47.825556,56.15675,120,1013.040193,0.17299394692165102,1012.726,1013.2779,120,7416.4,131.7621615900815,7184,7669,0,,,,
P2,2025-09-20,13,120,28.526320036666668,0.31228942940838594,27.968086,29.348946,120,52.202612359999996,3.1817890357554286,45.980524,56.570724,120,1012.7472546666667,0.06075806369603211,1012.60716,1012.9489,120,7406.458333333333,168.60958313989917,7164,7749,0,,,,
P2,2025-09-20,14,120,28.533476558333334,0.2977152609873639,28.050704,29.340742,120,51.991619883333335,2.4448791860379426,47.060968,55.82157,120,1012.9125395,0.1299945173364686,1012.65784,1013.2048,120,7352.675,140.5624453772067,7125,7680,0,,,,
P2,2025-09-20,15,120,28.56927078,0.3271142514267415,28.013202,29.406758,120,51.87391253,2.701527651536532,46.686944,56.0859236,120,1013.0869399999999,0.09363636706405251,1012.9439,1013.33932,120,7323.025,145.23625855246806,7072,7591,0,,,,
P2,2025-09-20,16,120,28.662226354999998,0.36195087253982483,27.96711,29.51418,120,51.40250236333333,3.495240944876152,45.279536,56.58156,120,1013.5417008333334,0.15745528599694655,1013.2634,1013.8158,120,7380.8,209.81430765674398,7020,7755,0,,,,
P2,2025-09-20,17,120,28.35347475,0.4105277044314057,27.445234,29.325508,120,51.40474536166666,2.954605081584685,44.74624,56.753424,120,1013.78276,0.06187752755900937,1013.6739,1013.9224,120,7197.725,286.71723435990384,6787,7760,0,,,,
P2,2025-09-20,18,120,28.138455290000003,0.2835441686840335,27.630976,28.93957,120,51.584608556666666,2.0847567827213607,45.221368,54.64032,120,1014.0506888333333,0.13205424044229203,1013.81976,1014.2263,120,7421.516666666666,128.1451372096356,7145,7737,0,,,,
P2,2025-09-20,19,120,28.084371723333334,0.27495302140989814,27.59211,28.90461,120,51.67121122,2.264341679659218,47.20952,54.92564,120,1014.5318566666666,0.24897868865403214,1014.1886,1014.96084,120,7557.216666666666,126.82537344766634,7366,7854,0,,,,
P2,2025-09-20,20,120,28.059786716666668,0.2880793709454042,27.536446,28.825508,120,51.18540371666666,2.720353312824886,46.260488,55.01733,120,1015.2491858333334,0.13940769922893703,1014.96484,1015.53824,120,7648.225,141.11765533433012,7434,7919,0,,,,
P2,2025-09-20,21,120,27.98790195666667,0.30564515552007987,27.444452,28.771212,120,50.417551626666665,2.6807638520506845,45.83028,54.487836,120,1015.4889185,0.04454223995923829,1015.42632,1015.6075,120,7731.866666666667,156.60140126943898,7461,8060,0,,,,
P2,2025-09-20,22,120,27.908888334999997,0.28393591365527443,27.463984,28.771212,120,49.90365083,2.4272639329462904,45.63143,53.633564,120,1015.4711106666667,0.05791599085040145,1015.33908,1015.5564,120,7749.9,131.551210592694,7542,8010,0,,,,
P2,2025-09-20,23,120,27.81030592833333,0.3198398390270647,27.203828,28.662226,120,50.104948183333335,2.2383068186223696,45.534052,53.272676,120,1015.3397944999999,0.09872380210609616,1015.1245,1015.4869,120,7724.45,124.35993099457231,7542,7986,0,,,,
P2,2025-09-21,0,120,27.804360273333334,0.32443442129787103,27.133516,28.65168,120,50.768419640000005,2.0892259428104927,46.50557,53.569,120,1015.0523923333333,0.07412740439209725,1014.9194,1015.1971,120,7605.533333333334,123.45263667253342,7434,7871,0,,,,
P2,2025-09-21,1,120,27.80819659666667,0.3085240973564338,27.096602,28.606952,120,50.93608897666666,2.220438631677679,46.81256,54.168484,120,1014.7991605000001,0.06856560866923347,1014.68024,1014.9514,120,7604.183333333333,120.2704224229877,7434,7865,0,,,,
P2,2025-09-21,2,120,27.536284058333333,0.38189279280706984,26.808516,28.556954,120,50.290876786666665,2.779177990069047,43.61326,54.6008,120,1015.0285755,0.1352320277428214,1014.7943,1015.276,120,7660.466666666666,169.29363547991275,7387,8066,0,,,,
P2,2025-09-21,3,120,27.730657441666665,0.2969978328866926,27.178632,28.548944,120,51.28321069333333,2.3417714130456826,47.178496,54.628196,120,1015.2256679999999,0.029903167916282433,1015.15316,1015.3017,120,7554.891666666666,123.39822777920106,7335,7783,0,,,,
P2,2025-09-21,4,120,27.766834263333333,0.30197843278423475,27.226094,28.603438,120,50.96874440333333,2.507820423603293,46.467624,54.554224,120,1015.3964653333334,0.047648294667918485,1015.2393,1015.51052,120,7568.558333333333,132.87036683833415,7351,7842,0,,,,
P2,2025-09-21,5,120,27.61117503666667,0.29834486208692773,26.903436,28.390742,120,50.568146113333334,2.3434718706765123,44.096224,54.261244,120,1015.7090485,0.11533065267494817,1015.4879,1015.8725,120,7670.3,130.3151706344236,7429,8022,0,,,,
P2,2025-09-21,6,120,27.67219875833333,0.27859316339524004,27.154804,28.528634,120,50.69638617,2.028670118089298,46.996772,53.8229,120,1016.0656113333333,0.11976816587831847,1015.7936,1016.21176,120,7647.541666666667,109.97210462439202,7482,7854,0,,,,
P2,2025-09-21,7,120,27.59356434,0.2846745292295409,27.112226,28.41086,120,50.10122047666666,2.210372287857781,45.987212,53.378584,120,1016.3955953333333,0.12223372222344417,1016.13116,1016.6138,120,7579.583333333333,143.0411930639749,7294,7860,0,,,,
P2,2025-09-21,8,120,27.587626928333336,0.30274799631631893,26.919062,28.385664,120,50.04585535333333,2.5428226203532307,45.46466,53.895368,120,1016.462402,0.05363248434933407,1016.3464,1016.61616,120,7620.7,129.81302649865108,7419,7865,0,,,,
P2,2025-09-21,9,120,27.63969717333333,0.3279993826902549,27.00422,28.46203,120,50.285090583333336,2.5889383232121177,45.77876,54.14771,120,1016.3033228333334,0.060328352925311864,1016.1124,1016.4991,120,7626.875,136.962214165965,7398,7925,0,,,,
P2,2025-09-21,10,120,27.669078613333333,0.34300033545608977,27.025898,28.4925,120,49.98254588666667,2.6392099504609754,45.203656,53.765588,120,1016.2559075,0.07477043944997742,1016.0156,1016.36416,120,7642.425,142.97115314024754,7429,7949,0,,,,
P2,2025-09-21,11,120,27.75575672833333,0.3415330159040229,27.085274,28.809298,120,49.108333353333336,2.165262066347137,44.37726,52.709936,120,1015.7014993333333,0.2817725966950311,1015.1845,1016.1582,120,7752.883333333333,126.54578228453775,7515,8041,0,,,,
P2,2025-09-21,12,120,27.419526383333334,0.39432531226150647,26.5659376,28.38918,120,48.34336726666667,2.885752669872555,42.929196,53.104748,120,1015.0404526666666,0.06931893000256904,1014.92084,1015.22312,120,7873.916666666667,201.64356535972132,7547,8264,0,,,,
P2,2025-09-21,13,120,27.63490716333333,0.28376292782974993,27.157148,28.450118,120,49.04275769666666,1.8268913233194624,45.22441,52.171976,120,1014.7147293333333,0.14864751950522007,1014.4804,1015.03408,120,7713.291666666667,102.41195405485327,7526,7961,0,,,,
P2,2025-09-21,14,120,27.654711915,0.2779253549621071,27.21496,28.476484,120,49.60191347333333,1.6482360219391767,46.399276,52.40783,120,1014.4423191666666,0.11373223193451798,1014.26984,1014.7313,120,7611.15,97.35576705132145,7434,7830,0,,,,
P2,2025-09-21,15,120,27.582483613333334,0.31093971278505855,27.047774,28.481758,120,49.22789897333333,2.45951504313565,43.806712,53.168444,120,1014.458717,0.05543260428496569,1014.3436,1014.5927,120,7600.908333333334,130.67877068002474,7356,7919,0,,,,
P2,2025-09-21,16,120,27.589832188333332,0.29597605457387693,27.059884,28.372968,120,49.92882989666667,2.834000722331913,44.882748,54.69209,120,1014.7884986666667,0.11546558032684184,1014.5596,1014.9375,120,7577.433333333333,149.28303349555767,7299,7854,0,,,,
P2,2025-09-21,17,120,27.582903596666664,0.31874258694424357,26.97043,28.38957,120,50.12122177333333,2.881299885618007,44.56304,54.200296,120,1015.0041605,0.06456858218042871,1014.9056,1015.2286,120,7640.325,157.41494502100608,7403,7925,0,,,,
P2,2025-09-21,18,120,27.664715134999998,0.3873780350971954,26.900898,28.622384,120,50.34525451333333,3.168264752135764,44.716124,55.285576,120,1015.1810111666667,0.08887209412752665,1014.90176,1015.4035,120,7656.675,177.8339874738245,7335,7973,0,,,,
P2,2025-09-21,19,120,28.002830298333333,0.34177859619247475,27.296212,28.915156,120,50.644970056666665,2.8559626688894153,45.05919,55.244444,120,1015.6429638333334,0.188704199332272,1015.3692,1015.9716,120,7507.008333333333,149.90941218864504,7249,7836,0,,,,
P2,2025-09-21,20,120,28.20285631,0.3226210943804602,27.609882,29.081954,120,50.65645230333333,2.3329578893743737,45.521492,54.34582,120,1016.2337229999999,0.1639972447328356,1015.96216,1016.52296,120,7529.516666666666,126.39726511064613,7310,7818,0,,,,
P2,2025-09-21,21,120,28.318756518333334,0.28611416983594556,27.84914,29.12043,120,51.009230493333334,1.9012821348521434,46.1464,53.94499,120,1016.4897828333334,0.05423164949562546,1016.3821,1016.5956,120,7461.308333333333,104.96384298096791,7284,7726,0,,,,
P2,2025-09-21,22,120,28.19281082,0.3985802502745093,27.330586,29.175118,120,50.04863274666666,2.4431141023309513,42.92975,53.243796,120,1016.4313821666667,0.06679831335844315,1016.31108,1016.53284,120,7554.858333333334,148.6945035707667,7320,7973,0,,,,
P2,2025-09-21,23,120,28.312255945,0.28909149682974566,27.77043,29.116914,120,50.744877295,1.7019553832978274,46.924516,53.855773,120,1016.2742561666668,0.06164389499554889,1016.18332,1016.4395,120,7463.283333333334,91.87753845651909,7305,7658,0,,,,
P2,2025-09-22,0,120,28.515175693333333,0.27182500644654617,28.06496,29.31203,120,50.88290934,1.4400995492414919,47.629672,53.082904,120,1016.1114775,0.14975875108474587,1015.9135,1016.4498,120,7424.783333333334,83.77412441541017,7284,7613,0,,,,
P2,2025-09-22,1,120,28.594228506666663,0.26375338921524927,28.148554,29.448164,120,50.274025439999996,2.0577950550216144,44.22097,53.94663,120,1015.8604725,0.07167728273943402,1015.6936,1015.9928,120,7476.591666666666,108.83126217889321,7320,7801,0,,,,
P2,2025-09-22,2,120,28.611932001666666,0.2927452685542003,27.9798036,29.381758,120,51.33030335,1.9305478580374165,48.181376,54.9397,120,1015.3975266666667,0.1402379717053851,1015.1242,1015.6897,120,7305.316666666667,124.31465791960858,7048,7613,0,,,,
P2,2025-09-22,3,120,28.658933783333335,0.31860813432564267,28.03996,29.492694,120,50.95141902,3.021160734720591,44.900864,56.293488,120,1015.0082668333333,0.05473961523058541,1014.90264,1015.12192,120,7262.108333333334,152.1861308311864,6987,7591,0,,,,
P2,2025-09-22,4,120,28.866152268333334,0.3285550990388236,28.286446,29.733126,120,51.51273291333334,3.396346944383044,45.990796,56.326632,120,1015.0588658333332,0.0677009972195134,1014.93552,1015.1984,120,7116.891666666666,186.37775843038554,6705,7493,0,,,,
P2,2025-09-22,5,120,29.000707981666668,0.30950037916697143,28.402266,29.835274,120,51.77043774333333,3.478080300776471,45.42119,56.547072,120,1015.182398,0.07337646701726942,1015.0276,1015.30252,120,7077.191666666667,173.15365963772922,6774,7413,0,,,,
P2,2025-09-22,6,120,29.075377468333333,0.29818381812458383,28.569648,29.8692568,120,51.669792453333336,3.396922419153199,46.025436,56.261728,120,1015.5161016666666,0.15711890682280633,1015.2352,1015.73704,120,7014.733333333334,165.7514456549163,6748,7366,0,,,,
P2,2025-09-22,7,120,29.245169111666666,0.28757790736254024,28.673944,30.088204,120,52.063025329999995,2.6668538219536826,46.708572,56.360732,120,1015.8144841666667,0.13053692859503263,1015.5966,1016.06884,120,7055.45,186.41026633465736,6709,7472,0,,,,
P2,2025-09-22,8,120,28.98180662,0.5120928516149273,27.650312,30.015938,120,50.955383,3.208529651396851,42.893216,55.67262,120,1016.0635156666667,0.047997496446076,1015.9712,1016.19052,120,7504.808333333333,245.00781314358312,7125,8135,0,,,,
P2,2025-09-22,9,120,28.511596628333333,0.3067627289491604,27.879022,29.31789,120,51.75365514,2.780372868721749,46.87445,56.09588,120,1016.0608241666666,0.04183970707800312,1015.9811,1016.2136,120,7471.483333333334,165.89776052369908,7184,7795,0,,,,
P2,2025-09-22,10,120,28.25422026,0.3637253235719879,27.60129,29.178048,120,51.597077725,3.8052602225941836,45.310616,56.939184,120,1015.6090889999999,0.22205682798790746,1015.298,1016.04664,120,6682.466666666666,974.1046044404873,4903,7830,0,,,,
P2,2025-09-22,11,120,28.132338673333333,0.38287425041494727,27.375116,29.11242,120,51.310314813333335,3.4729911204307915,44.155176,56.678844,120,1015.0385131666667,0.19001588658056198,1014.7379,1015.342,120,7471.441666666667,484.30471336975154,6127,8270,0,,,,
P2,2025-09-22,12,120,27.904335816666666,0.35597615543038946,27.27082,28.72121,120,52.602616078333334,2.6481732520637054,47.626952,56.67646,120,1014.320963,0.249542875366705,1013.8017,1014.7483,120,7816.15,165.9254996333338,7558,8129,0,,,,
P2,2025-09-22,13,120,27.819871364999997,0.3983685544752113,27.048944,28.747578,120,52.088147254999996,3.3256597611360426,45.98625,56.993376,120,1013.5332125,0.15416843620893347,1013.29096,1013.8524,120,7673.083333333333,250.1527796472902,7224,8173,0,,,,
P2,2025-09-22,14,120,27.798201425000002,0.41090576286351277,27.04172,28.790938,120,52.37002008666666,3.4845573659609497,45.73798,57.395156,120,1013.193776,0.05564583363268035,1013.1177,1013.3588,120,7377.025,204.17834774793255,7063,7807,0,,,,
P2,2025-09-22,15,120,27.878904625,0.38904412199514865,27.18,28.911054,120,52.79284085,2.2745404755313823,47.166252,56.94661,120,1013.3702918333333,0.11121031517663352,1013.1713,1013.5439,120,7348.041666666667,138.30306484347346,7082,7630,0,,,,
P2,2025-09-22,16,120,27.904764065,0.3228181444129119,27.269648,28.774726,120,53.64868262666666,1.5191381053182549,50.032156,56.59591,120,1013.5239184999999,0.055404531511632674,1013.43584,1013.6777,120,7177.233333333334,96.5608384294964,6996,7429,0,,,,
P2,2025-09-22,17,120,28.061585186666665,0.3512765042096429,27.382928,29.10129,120,53.86031728333333,2.2434935984676008,48.77049,57.144624,120,1013.8033625,0.07244045355575364,1013.6005,1013.944,120,7177.466666666666,135.92502464568435,6936,7547,0,,,,
P2,2025-09-22,18,2,27.849238,0.08438329483967696,27.78957,27.908906,2,50.85404,0.5549317450209527,50.461644,51.246436,2,1013.84435,0.009687362902235635,1013.8375,1013.8512,2,7377.0,43.840620433565945,7346,7408,0,,,,
P3,2025-09-15,22,60,30.289469399999998,0.19844644602914902,30.004022,30.833124,60,63.012549193333335,0.3975310732644292,62.3239,63.79906,60,1014.5980253333333,0.06375845317082961,1014.53268,1014.73224,60,6377.7,210.53372852694574,6054,6619,0,,,,
P3,2025-09-15,23,120,30.67180653,0.21926845653527288,30.325312,31.292108,120,62.77938318166667,0.40036788926270767,62.03877,63.55735,120,1014.4564638333334,0.059016784753749454,1014.3413,1014.5557,120,5916.9,116.27093829688074,5674,6064,0,,,,
P3,2025-09-16,0,120,31.071839230000002,0.2035374644827396,30.794062,31.656172,120,62.46910329333333,0.4021471624789979,61.74429,63.265464,120,1014.2074028333334,0.11099839863471052,1013.9977,1014.36992,120,5972.483333333334,97.08109607789895,5800,6146,0,,,,
P3,2025-09-16,1,120,31.393274635,0.19013522660863377,31.168672,31.946406,120,62.17296055166666,0.4186050275326939,61.320984,62.950504,120,1013.6273806666667,0.19780563278801042,1013.3372,1013.99748,120,6245.533333333334,63.86684327151145,6078,6366,0,,,,
P3,2025-09-16,2,120,31.63727858,0.1824254865625528,31.425508,32.15344,120,61.89099455833333,0.39856368484359117,61.22101,62.5463,120,1013.3029121666666,0.11663767724551509,1013.08668,1013.47216,120,6433.658333333334,41.646874010494564,6301,6508,0,,,,
P3,2025-09-16,3,120,31.81422203,0.17937232948001913,31.640156,32.319844,120,61.77157658666667,0.4000400276409995,61.023904,62.475984,120,1013.0063795000001,0.04241743881624167,1012.9416,1013.0963,120,6525.25,54.00330677705792,6421,6632,0,,,,
P3,2025-09-16,4,120,31.95865063333333,0.1733345977604121,31.815156,32.440548,120,61.408257723333335,0.4039923893302717,60.61145,62.16799,120,1013.0452658333332,0.057142917594709706,1012.96424,1013.18728,120,6645.683333333333,30.278534242170327,6578,6721,0,,,,
P3,2025-09-16,5,120,32.06948089,0.17795821246106336,31.932344,32.523556,120,61.12034629166667,0.40111223266659424,60.39813,61.875572,120,1013.045512,0.05711831473645251,1012.9632,1013.20264,120,6693.958333333333,29.289742327344154,6636,6760,0,,,,
P3,2025-09-16,6,120,32.141842716666666,0.17470454556958528,31.981952,32.602264,120,60.449202701666664,0.5028775210782394,59.423872,61.571148,120,1013.0906223333333,0.10534513783315995,1012.93732,1013.3019,120,6726.125,16.23388017530667,6678,6764,0,,,,
P3,2025-09-16,7,120,32.23527048333333,0.1762197467308422,32.08664,32.71965,120,59.64502473,0.4437005199408879,58.642548,60.470172,120,1013.5765816666667,0.11863306760761873,1013.2979,1013.845,120,6727.741666666667,16.172128650800794,6691,6756,0,,,,
P3,2025-09-16,8,120,31.731486096666668,0.5803864981990082,30.873946,32.73957,120,55.59823789833333,3.469805041750664,50.16871,59.757836,120,1014.1006331666666,0.08513716033909555,1013.85736,1014.1964,120,6721.366666666667,33.74669192211629,6653,6786,0,,,,
P3,2025-09-16,9,120,27.544365186666667,1.1405873579248,26.025704,31.161054,120,46.13427605333333,2.74329041504059,43.45415,55.6191,120,1013.9170418333334,0.11793151019039017,1013.6675,1014.2006,120,6353.775,970.2166306006717,4316,7311,0,,,,
P3,2025-09-16,10,120,26.52837570166667,0.41136456824952894,25.868868,27.620821,120,51.35241777,3.244605404032315,46.212864,58.356536,120,1013.51159,0.18643233221233252,1013.1116,1013.8144,120,4250.633333333333,272.94506275606744,3717,4734,0,,,,
P3,2025-09-16,11,120,26.32411786,0.41048559179130417,25.49328,27.427266,120,52.692326533333336,2.9844583355915817,47.89607,59.104116,120,1012.7258506666666,0.29549630612015565,1012.1546,1013.1925,120,4886.733333333334,254.47196056046062,4482,5478,0,,,,
P3,2025-09-16,12,120,26.040013003333335,0.38848646142328425,25.36418,27.006366,120,54.323859754999994,2.7292833830814076,50.161676,59.55761,120,1011.6997043333333,0.24020504238627444,1011.3293,1012.2012,120,5755.883333333333,178.27658538450444,5306,6089,0,,,,
P3,2025-09-16,13,120,26.667132056666667,0.4640887269610167,25.653242,28.06125,120,51.82122389333333,3.1721118364470886,46.9078136,58.45981,120,1011.1292238333333,0.1437220291250032,1010.87052,1011.3713,120,5454.825,408.9183449236845,4392,6071,0,,,,
P3,2025-09-16,14,120,26.726186583333334,0.4524216987064649,26.000898,27.8540232,120,49.23547308333333,2.810706197420365,45.712288,56.190512,120,1010.6679611666666,0.11740144142648377,1010.48376,1010.94216,120,5432.566666666667,275.7483852877391,4764,5954,0,,,,
P3,2025-09-16,15,120,26.643487906666667,0.44605268120671837,25.85539,27.741328,120,49.72201061,3.09309675561899,45.27956,56.89247,120,1010.4777895000001,0.05845509326963027,1010.35704,1010.69908,120,5791.441666666667,349.41958586890274,5050,6456,0,,,,
P3,2025-09-16,16,120,26.428300603333334,0.42661400719657994,25.556954,27.656758,120,49.697637826666664,3.1204363397294466,45.34188,56.458324,120,1010.4821958333334,0.08351739197506416,1010.3493,1010.66584,120,6066.9,561.056122958518,4756,6700,0,,,,
P3,2025-09-16,17,120,26.088849273333334,0.36363048947482296,25.476678,26.985664,120,54.13997557833333,2.7803741860702913,49.200188,59.222312,120,1010.3609611666667,0.07887972051083263,1010.2007,1010.53688,120,6186.691666666667,468.0266241768459,4973,6839,0,,,,
P3,2025-09-16,18,120,25.968925703333333,0.306527968069947,25.451288,26.797188,120,55.70771997666667,2.4098740624576362,50.908356,59.8673032,120,1011.0004688333333,0.29367465152196637,1010.4727,1011.4989,120,6805.175,116.1604701778228,6561,7041,0,,,,
P3,2025-09-16,19,120,25.918186736666666,0.32043651254874544,25.38371,26.771406,120,57.429112366666665,2.4324815899650347,52.27733,61.76505,120,1011.4970625000001,0.05966222923309761,1011.3346,1011.63792,120,6889.025,119.39810271848164,6636,7171,0,,,,
P3,2025-09-16,20,120,25.87796223666667,0.319042540532629,25.23664,26.778634,120,58.75425214166667,2.368796826673153,54.268724,63.059948,120,1011.4629368333333,0.06172686586661733,1011.3482,1011.6616,120,7014.925,101.78310788348085,6799,7216,0,,,,
P3,2025-09-16,21,120,26.987805901666665,1.2763071926833431,25.262618,29.22336,120,60.360399175,2.73314642774758,54.8166,64.552316,120,1011.1932125,0.19597612991443936,1010.8493,1011.52,120,6888.758333333333,131.6802209986027,6721,7221,0,,,,
P3,2025-09-16,22,120,29.417526011666666,0.32957143496368885,28.829608,30.222187,120,64.65100841666667,0.41014916709234933,63.725144,65.390368,120,1011.1242486666666,0.14712844147418233,1010.88352,1011.3722,120,6517.391666666666,266.01394086907226,6033,6769,0,,,,
P3,2025-09-16,23,120,30.105761703333332,0.22478021540467402,29.772578,30.769844,120,64.21651655,0.41029362070889486,63.43113,65.03472,120,1011.6546128333333,0.19441677212290231,1011.2913,1011.9087,120,6101.8,80.36833274096777,5998,6278,0,,,,
P3,2025-09-17,0,120,30.557918365,0.21113474385775147,30.250312,31.183124,120,63.81122892166666,0.4082503761752312,63.0245832,64.54835,120,1011.9269578333333,0.04379882242358002,1011.83512,1012.00776,120,6320.566666666667,72.38131210289481,6182,6460,0,,,,
P3,2025-09-17,1,120,30.95291328333333,0.195522503313823,30.691522,31.530196,120,63.116066636666666,0.4524945500524883,62.096412,64.0724,120,1011.4021630000001,0.17374564344510035,1011.2078,1011.8864,120,6285.95,106.28413243152866,6149,6500,0,,,,
P3,2025-09-17,2,120,31.21927869,0.1803703851583535,31.026874,31.733514,120,62.476918435,0.4099108620733639,61.717276,63.37517,120,1011.1188143333333,0.0766726711115328,1010.9802,1011.2785,120,6545.941666666667,43.690141924702324,6468,6640,0,,,,
P3,2025-09-17,3,120,31.42275538333333,0.18320607716587292,31.240156,31.921992,120,62.182589584999995,0.4005831830320174,61.387604,62.929,120,1011.0528291666667,0.0547491189229285,1010.97016,1011.1948,120,6717.408333333334,33.846538453230885,6623,6791,0,,,,
P3,2025-09-17,4,120,31.574485596666666,0.1764574939522657,31.421992,32.051484,120,61.68929262666666,0.4166928869878824,60.873848,62.5851,120,1011.2584676666667,0.06774101860187495,1011.1529,1011.37144,120,6811.65,20.905007240637232,6764,6857,0,,,,
P3,2025-09-17,5,120,31.688958338333336,0.1754702125068606,31.533516,32.1634,120,61.13275518499999,0.41935256090258055,60.28854,61.97144,120,1011.2839993333333,0.04792208528821922,1011.1967,1011.3887,120,6813.016666666666,21.76304142322055,6764,6866,0,,,,
P3,2025-09-17,6,120,31.800265303333333,0.17463411974548165,31.628634,32.278244,120,60.636015203333336,0.40366141819735,59.903552,61.452684,120,1011.443888,0.0981436141460161,1011.3391,1011.7601,120,6849.15,15.921366648827533,6813,6884,0,,,,
P3,2025-09-17,7,120,31.925742236666668,0.17537180580822198,31.762812,32.40832,120,60.180934826666665,0.4463730915933203,59.132928,61.03436,120,1011.7763963333333,0.07503335746626938,1011.59916,1011.9121,120,6828.8,52.433327011669554,6678,6889,0,,,,
P3,2025-09-17,8,120,32.03936862,0.1757706453003066,31.91164,32.492696,120,58.351499403333335,1.0499389282940566,56.348724,60.424484,120,1011.8825635,0.07303052814700799,1011.75116,1012.04016,120,6576.95,61.377992661810616,6366,6717,0,,,,
P3,2025-09-17,9,120,29.972023031666666,1.1791693538062784,28.374336,32.39758,120,52.26464675333333,3.330923799570338,45.066308,58.651012,120,1012.1346298333334,0.049766582017328045,1012.0453,1012.318,120,6548.925,250.1172552755106,6036,7079,0,,,,
P3,2025-09-17,10,120,28.549070398333335,0.26182277899547246,28.086836,29.388008,120,54.73269172333333,2.103251653558617,50.12314,58.345464,120,1011.9908593333333,0.16750979134937,1011.6572,1012.2542,120,6226.391666666666,484.2658360136222,5006,6862,0,,,,
P3,2025-09-17,11,120,28.39070781,0.28754083652428725,27.743868,29.12121,120,56.04830373833333,2.0094957767281043,51.80464,59.794808,120,1011.0987205,0.3025127832617315,1010.7447,1011.6795,120,5481.108333333334,285.9582973601774,4992,6135,0,,,,
P3,2025-09-17,12,120,28.198823091666668,0.2530599401191305,27.762422,28.903242,120,56.719390731666664,1.8957941254671846,53.089104,59.881264,120,1010.3766625000001,0.24399689646142456,1010.0139,1010.91348,120,6361.991666666667,174.32508489626395,6033,6678,0,,,,
P3,2025-09-17,13,120,26.85327294833333,0.673935235887789,25.892694,28.75754,120,52.168723496666665,3.8229730922388736,47.552548,59.385664,120,1010.7910596666667,0.6317977188888977,1009.7199,1012.14376,120,5763.108333333334,445.7967806948262,5114,6574,0,,,,
P3,2025-09-17,14,120,26.175374296666668,0.32137160315638486,25.567304,27.197188,120,54.88623486666667,2.489092155702754,49.03756,59.728724,120,1012.0981009999999,0.26948456000235266,1011.6013,1012.61348,120,5280.733333333334,1156.9271218473987,3359,6351,0,,,,
P3,2025-09-17,15,120,25.850123616666668,0.27595684283826144,25.294844,26.63547,120,56.18020734666666,2.2164395318017918,51.62484,59.593176,120,1011.8485345,0.12595526886308153,1011.66732,1012.032,120,5450.816666666667,727.1500831447169,3857,6286,0,,,,
P3,2025-09-17,16,120,25.66358883666667,0.2794511034618808,25.212422,26.473946,120,57.76616068,2.2129373798230825,53.209812,61.12301,120,1011.6719031666667,0.10698122917097,1011.4547,1011.90716,120,4955.783333333334,400.3531882602414,4577,6178,0,,,,
P3,2025-09-17,17,120,25.6121794,0.2724890413441217,25.1284368,26.340156,120,58.11929920666667,2.2036174821287684,53.519356,61.84668,120,1011.7724231666667,0.3718486977659284,1011.3368,1012.59592,120,4585.858333333334,728.1474743949792,3275,5644,0,,,,
P3,2025-09-17,18,120,25.615992773333335,0.27808180322193193,25.163594,26.41379,120,59.00691911,2.1954342036727095,54.626764,62.73138,120,1012.7082675,0.38235360084744074,1012.1515,1013.32136,120,5464.525,1274.0261528026856,2375,6817,0,,,,
P3,2025-09-17,19,120,25.586222306666667,0.2709955931276348,25.141914,26.336054,120,60.277272015,2.1686105276971155,55.950883,63.329076,120,1013.9002026666666,0.4219713687282386,1013.35376,1014.7848,120,6885.416666666667,143.35790454494702,6598,7206,0,,,,
P3,2025-09-17,20,120,25.508058223333332,0.27391947513189774,25.071796,26.296602,120,60.29818777333333,2.144834128577378,56.302216,63.795316,120,1014.8463836666667,0.11348581718619781,1014.6855,1015.0627,120,6883.358333333334,131.91255034444333,6598,7196,0,,,,
P3,2025-09-17,21,120,27.343165743333333,1.2100715223314327,25.011836,29.066328,120,63.39796913666667,2.4621926482167837,56.77394,66.43043,120,1015.3363628333334,0.272279314475366,1014.96424,1015.68616,120,6788.416666666667,127.96248027661557,6640,7157,0,,,,
P3,2025-09-17,22,120,29.115908126666667,0.2801249088887921,28.596992,29.893868,120,65.4451138,0.5109394395347541,64.36516,66.64482,120,1015.5144055,0.08830185779748878,1015.3566,1015.6774,120,6729.375,37.60208793147899,6649,6799,0,,,,
P3,2025-09-17,23,120,29.649653178333335,0.20900684377052975,29.335664,30.234296,120,64.53886651666667,0.4657186234451419,63.444984,65.556016,120,1015.4905603333334,0.06936435206712095,1015.3537,1015.6094,120,6815.708333333333,30.15377837253723,6747,6880,0,,,,
P3,2025-09-18,0,120,29.956884600000002,0.18692681432638858,29.722187,30.494648,120,63.444305856666666,0.46605534207370924,62.396164,64.5302,120,1015.668225,0.13006829294089287,1015.40376,1015.8525,120,6893.425,33.96158544170608,6804,6957,0,,,,
P3,2025-09-18,1,120,30.194042860000003,0.1797489896523991,29.993672,30.723164,120,62.40401791,0.46987271894934585,61.46436,63.436848,120,1014.8954261666667,0.31842467525912116,1014.2564,1015.39304,120,6698.841666666666,116.26462107987105,6492,6826,0,,,,
P3,2025-09-18,2,120,30.396451731666666,0.17917582894150988,30.208124,30.882148,120,61.734842795,0.38551462146883547,61.02722,62.47854,120,1014.0764893333333,0.19675559149042626,1013.7263,1014.4643,120,6647.083333333333,109.14253908323415,6504,6857,0,,,,
P3,2025-09-18,3,120,30.570279785,0.17731155145071603,30.38332,31.055392,120,60.875280716666666,0.5142610110185707,59.784036,62.054776,120,1014.9231586666666,0.1884096425789895,1014.4684,1015.1219,120,6982.416666666667,57.7704212259824,6853,7065,0,,,,
P3,2025-09-18,4,120,30.689630491666666,0.17822616617486353,30.550118,31.163984,120,60.401484296666666,0.38930587609746675,59.69432,61.32656,120,1015.1171976666667,0.13703205989799622,1014.8402,1015.302,120,7041.758333333333,30.36500524316313,6976,7103,0,,,,
P3,2025-09-18,5,120,30.78006829,0.17518012653806866,30.616914,31.243868,120,60.101929596666665,0.45461887402984225,59.27876,61.204776,120,1015.7607733333333,0.24801487209859596,1015.2843,1016.0659,120,7131.883333333333,49.74560211689071,7008,7201,0,,,,
P3,2025-09-18,6,120,30.85012197,0.1731031621036142,30.721602,31.321406,120,59.256109306666666,0.43795605499383483,58.23578,60.22535,120,1016.3385178333333,0.14247295741725083,1016.0622,1016.59816,120,7178.008333333333,13.63910334501621,7147,7216,0,,,,
P3,2025-09-18,7,120,30.94309237,0.17413230451343545,30.798164,31.400704,120,58.034620571666665,0.9041814803957472,55.751984,59.477172,120,1016.7797501666666,0.14720524346688135,1016.5249,1017.0862,120,7237.183333333333,42.68646358823169,7162,7332,0,,,,
P3,2025-09-18,8,120,30.923507493333332,0.27664579758409125,30.02375,31.463398,120,55.025195806666666,0.973332521507521,51.84095,56.72596,120,1017.4291613333334,0.15871880625909143,1017.0637,1017.7759,120,7259.216666666666,118.24736807228423,7013,7527,0,,,,
P3,2025-09-18,9,120,28.901606453333333,1.3015975779793902,26.128828,30.40246,120,48.33609329,2.7858004644275423,41.505256,52.03733,120,1017.5800838333333,0.13116382685130895,1017.3283,1017.8313,120,7626.35,194.38987290770984,7291,8140,0,,,,
P3,2025-09-18,10,120,26.499283731666665,0.3232243088893909,25.799726,27.681172,120,51.95298304,2.8944042693940117,43.978884,56.847792,120,1017.4811129999999,0.07431236962980907,1017.2918,1017.6742,120,6963.358333333334,222.51623662156447,6649,7789,0,,,,
P3,2025-09-18,11,120,26.293868583333335,0.242141748396924,25.884688,27.06672,120,54.582130803333335,1.6027050093600483,51.244108,57.60547,120,1016.9972543333333,0.1890608457690954,1016.6369,1017.3188,120,6991.0,128.34806929111278,6657,7191,0,,,,
P3,2025-09-18,12,120,26.017563413333335,0.22479634008122523,25.637812,26.68996,120,55.034736396666666,1.36302347328068,51.986276,57.59935,120,1016.476093,0.0855774581820871,1016.31288,1016.6498,120,6888.208333333333,119.25024150096787,6644,7132,0,,,,
P3,2025-09-18,13,120,26.063069616666667,0.28871309447277044,25.617892,26.866718,120,56.59013758333333,1.7744361774205892,53.2364,59.39617,120,1016.1737118333333,0.09518063670376915,1015.9839,1016.40576,120,7140.583333333333,81.30920165952777,6962,7322,0,,,,
P3,2025-09-18,14,120,26.25576329,0.2683631172845188,25.663202,26.944258,120,56.295703610000004,1.786131986170695,52.729908,59.493916,120,1015.8189623333333,0.1403885757084022,1015.5846,1016.1119,120,6103.383333333333,1097.1688178425145,4498,7256,0,,,,
P3,2025-09-18,15,120,26.249915203333334,0.2388898660197278,25.831954,26.921014,120,55.73080388666666,1.855870119827045,52.08124,58.964564,120,1015.8631408333333,0.12743868582452386,1015.62,1016.2064,120,4582.675,289.3188802961154,3837,5025,0,,,,
P3,2025-09-18,16,120,25.98259107,0.24405092206551962,25.634688,26.681562,120,56.90066571,2.144430584207,52.03443,60.686536,120,1016.3618181666666,0.25163542295167873,1015.95152,1016.7947,120,5464.1,521.301109780925,4422,6358,0,,,,
P3,2025-09-18,17,120,25.951192903333332,0.2384028492329448,25.572578,26.657734,120,56.992586705,1.764279438985509,53.31424,60.124856,120,1016.8741701666667,0.14568104822444236,1016.6607,1017.2006,120,5874.566666666667,310.17931201522873,5195,6320,0,,,,
P3,2025-09-18,18,120,26.877770085,0.8901994575561553,25.352656,28.256172,120,54.83831764666666,1.9714182813582797,52.372196,60.113632,120,1017.1808261666666,0.0947418850270715,1017.0108,1017.406,120,5990.708333333333,357.90887521152825,5134,6607,0,,,,
P3,2025-09-18,19,120,28.079863215,0.219455494136724,27.734296,28.671602,120,52.357105976666666,0.43302790050801426,51.257552,53.388464,120,1017.2318063333333,0.12995760428247158,1017.0257,1017.54316,120,6925.433333333333,217.83278350291673,6611,7271,0,,,,
P3,2025-09-18,20,120,28.46237948,0.3353673680682668,28.04582,29.337422,120,53.06617554333333,1.5596397391179524,50.95005,55.839356,120,1017.3509063333333,0.10170208399520432,1017.1572,1017.5502,120,7307.45,25.97246441066053,7246,7373,0,,,,
P3,2025-09-18,21,120,29.098191741666668,0.19989927794054746,28.798556,29.679218,120,55.95454454666666,0.4305792117431481,54.85759,57.044924,120,1017.601681,0.04129338424230068,1017.4953,1017.67096,120,7341.225,28.094217982239982,7276,7383,0,,,,
P3,2025-09-18,22,120,29.359606058333334,0.18080430257971453,29.15754,29.855,120,56.23441597666667,0.3490420928472992,55.40437,57.18204,120,1017.4493383333333,0.15557781481010388,1017.1478,1017.66328,120,7403.266666666666,42.317077096671035,7332,7494,0,,,,
P3,2025-09-18,23,120,29.531531429999998,0.1769749101554617,29.372186,30.019648,120,55.556415593333334,0.41634900910441025,54.7875,56.688284,120,1016.9441495,0.1308895700043578,1016.6396,1017.146,120,7509.516666666666,25.956972584843182,7457,7565,0,,,,
P3,2025-09-19,0,120,29.664802908333336,0.17313820073855038,29.50422,30.135858,120,55.04748984333333,0.3482731371957472,54.240144,55.745636,120,1016.4576621666668,0.0959360797279613,1016.2932,1016.65184,120,7474.266666666666,27.65809661063551,7425,7554,0,,,,
P3,2025-09-19,1,120,29.750084593333334,0.17746301084561217,29.610468,30.214374,120,55.611027058333335,0.4267339181265651,54.807212,56.538644,120,1016.239095,0.12518640684520613,1016.04832,1016.4695,120,7458.366666666667,23.695524285156218,7394,7500,0,,,,
P3,2025-09-19,2,120,29.829399416666668,0.17417615137649903,29.674726,30.299532,120,56.13633267333333,0.3560869854585926,55.378212,57.089624,120,1015.8932846666667,0.06166564355330651,1015.795,1016.0393,120,7427.041666666667,27.84874990279486,7378,7500,0,,,,
P3,2025-09-19,3,120,29.876860183333335,0.17382279552410454,29.74504,30.343478,120,56.521232391666665,0.37016018080592167,55.694876,57.22077,120,1015.8137836666666,0.05139324560671296,1015.7144,1015.9132,120,7433.816666666667,31.315146101370964,7358,7489,0,,,,
P3,2025-09-19,4,120,29.923002906666667,0.17233279949819824,29.784492,30.389962,120,56.92731783,0.36342742645013904,56.22485,57.704352,120,1015.7453103333334,0.02824363368240302,1015.6932,1015.8157,120,7370.775,21.28970339361843,7301,7404,0,,,,
P3,2025-09-19,5,120,29.96927390333333,0.17273824792626954,29.830194,30.416914,120,57.27730397333333,0.38019371798535817,56.371604,58.170692,120,1015.6812373333333,0.04971550903093203,1015.57868,1015.79468,120,7249.191666666667,36.30410672728536,7186,7337,0,,,,
P3,2025-09-19,6,120,30.04561999666667,0.17360830840568583,29.908906,30.522188,120,57.793137718333334,0.38310910679938615,56.845892,58.609128,120,1015.6586376666667,0.06130350121911989,1015.5504,1015.78408,120,7219.708333333333,20.584891184992784,7171,7261,0,,,,
P3,2025-09-19,7,120,30.178279583333335,0.17727761524423274,30.00207,30.678632,120,57.494428428333336,0.43989576061241775,56.306444,58.37213,120,1016.0666701666667,0.09333470778485974,1015.77232,1016.18776,120,7261.375,15.879833678192808,7221,7296,0,,,,
P3,2025-09-19,8,120,30.307148405000003,0.18257884895898113,30.13625,30.799726,120,56.278940733333336,0.6160456940989022,54.591712,57.51551,120,1015.9794575,0.11940679621336235,1015.8024,1016.14296,120,7247.808333333333,38.70102941616817,7181,7322,0,,,,
P3,2025-09-19,9,120,30.034980401666665,0.34554712028478973,29.537422,30.840936,120,53.30163313333333,1.7011345134908902,50.060252,55.81653,120,1015.6107816666666,0.1264486910679231,1015.3636,1015.8212,120,7292.383333333333,73.24291153166953,7176,7404,0,,,,
P3,2025-09-19,10,120,29.5050457,0.1898784070535198,29.25754,30.119648,120,50.34650699666667,0.6723433510955436,49.190436,52.858484,120,1015.0498953333333,0.17262129622614464,1014.7405,1015.368,120,7385.35,28.572376034710903,7322,7446,0,,,,
P3,2025-09-19,11,120,29.27891911,0.1860879970077397,29.06125,29.8425,120,49.981866569999994,0.36426333023706264,49.194184,51.199136,120,1014.4535696666667,0.2474743707974872,1014.0244,1014.842,120,7343.275,19.526737756085495,7281,7394,0,,,,
P3,2025-09-19,12,120,29.14422828,0.1795661350791044,28.955586,29.663594,120,50.57534756,0.35033530535672286,49.660644,51.412744,120,1013.4379461666666,0.2927281588610903,1012.96184,1014.00416,120,7338.816666666667,15.478357529813403,7301,7383,0,,,,
P3,2025-09-19,13,120,29.07698882,0.28035705651680903,28.412226,29.764376,120,50.58775385333333,0.4391973891135763,49.575092,51.582856,120,1012.5041681666667,0.24945621225356884,1012.1329,1013.0212,120,6523.783333333334,838.4688344085959,4537,7373,0,,,,
P3,2025-09-19,14,120,29.310242483333333,0.2009010378754857,29.069452,29.9020716,120,50.77493181,0.5416239002331709,49.541696,51.86257,120,1011.8659540000001,0.12865293306899028,1011.6119,1012.1575,120,6298.341666666666,170.2552950019209,6071,6661,0,,,,
P3,2025-09-19,15,120,29.376634133333333,0.22820985092969176,29.062812,30.065352,120,50.82178636333333,0.6859543064460358,49.64007,54.72838,120,1011.667767,0.05358969458510694,1011.5506,1011.85336,120,6366.616666666667,341.45578557318396,5450,6602,0,,,,
P3,2025-09-19,16,120,29.163896416666667,0.26227280751702114,28.855586,30.074532,120,50.350349296666664,0.46130214907597983,49.383372,51.418464,120,1011.7946488333333,0.04999509292199939,1011.68648,1011.9557,120,5382.941666666667,519.4411071483648,4506,6245,0,,,,
P3,2025-09-19,17,120,28.780271735,0.18237897582574208,28.581954,29.3380068,120,51.53808322,0.6060979719498433,50.282228,52.87178,120,1011.5297468333333,0.13172088329405207,1011.2961,1011.7618,120,5931.741666666667,305.7062218006348,5139,6297,0,,,,
P3,2025-09-19,18,120,29.025071528333335,0.21692352925784028,28.531758,29.584882,120,53.59706192333333,0.6024810204816515,51.653132,54.491528,120,1011.8131109999999,0.2870671032594571,1011.3562,1012.19024,120,6289.025,27.28359081446404,6219,6362,0,,,,
P3,2025-09-19,19,120,29.11503404,0.17945939303738614,28.91672,29.638008,120,54.947356606666666,0.6003901571657787,53.167168,56.062316,120,1011.5965173333334,0.14951267034775073,1011.4414,1011.9332,120,6347.183333333333,54.8525882942366,6278,6476,0,,,,
P3,2025-09-19,20,120,29.10780599,0.17875400784602838,28.868476,29.620624,120,56.124203075,0.4875183274505992,55.001452,57.5596,120,1011.7448533333334,0.07861877502942488,1011.56492,1011.853,120,6474.233333333334,12.951579724765317,6444,6508,0,,,,
P3,2025-09-19,21,120,29.808056445,0.45794029640545075,28.918672,30.63918,120,59.15383476,2.176307369969598,54.948676,62.84515,120,1011.5756944999999,0.08363818515817323,1011.44104,1011.78016,120,6251.441666666667,140.6081506556887,6089,6508,0,,,,
P3,2025-09-19,22,120,30.373600203333336,0.18181935289125475,30.158906,30.884296,120,62.6986441,0.5735704023259628,61.338252,64.075836,120,1011.2354011666666,0.10611861634404555,1011.0764,1011.5184,120,6123.708333333333,14.58754841045776,6085,6160,0,,,,
P3,2025-09-19,23,120,30.511337891666663,0.17878157858301738,30.328438,30.99211,120,63.68564146166667,0.47908466613256917,62.568484,64.85153,120,1011.1792806666667,0.0887366830414677,1011.028,1011.33024,120,6119.241666666667,16.58286846750751,6075,6153,0,,,,
P3,2025-09-20,0,120,30.646246713333333,0.17392799328547656,30.481758,31.111056,120,64.03396138666668,0.45589340003408874,62.9039,65.01539,120,1011.1773165,0.0963100565675903,1011.01416,1011.34716,120,6139.616666666667,21.60383693486206,6092,6193,0,,,,
P3,2025-09-20,1,120,30.751121285,0.17298426235198017,30.625116,31.219062,120,63.394833260000006,0.45921694342040337,62.326652,64.31165,120,1011.1610943333333,0.13546176378086508,1010.89704,1011.3578,120,6144.275,22.359538223760985,6096,6197,0,,,,
P3,2025-09-20,2,120,30.81557774,0.1764981412256567,30.679218,31.274922,120,62.557300186666666,0.49912772684694917,61.1744,63.59526,120,1010.9733739999999,0.0833754369891116,1010.85,1011.14432,120,6212.066666666667,27.495372669001505,6160,6293,0,,,,
P3,2025-09-20,3,120,30.721485920000003,0.1775400793429508,30.560468,31.241328,120,61.18617281333333,0.45051473010987636,60.196736,62.29843,120,1011.2643755,0.12596772745199386,1011.0625,1011.5011,120,6301.166666666667,61.662722260103465,6178,6405,0,,,,
P3,2025-09-20,4,120,30.575211356666667,0.17459079910734296,30.431562,31.043282,120,60.10359787666666,0.6417986628620188,58.94558,61.721596,120,1011.6862414999999,0.1345959536185663,1011.4651,1011.9712,120,6328.341666666666,83.75078033835115,6197,6460,0,,,,
P3,2025-09-20,5,120,30.48543287833333,0.17329232128181882,30.359102,30.944258,120,59.38169216166667,0.38349026659939367,58.44242,60.17225,120,1012.3299853333334,0.23295893292265515,1011.9501,1012.692,120,6292.858333333334,71.12768679727768,6189,6425,0,,,,
P3,2025-09-20,6,120,30.415293000000002,0.1745135637418237,30.272578,30.8966,120,58.88447593833334,0.4468434942605095,57.845364,59.776756,120,1012.9804678333334,0.13656943630639667,1012.68332,1013.15516,120,6477.2,67.23589477517612,6370,6602,0,,,,
P3,2025-09-20,7,120,30.34252755,0.1734087358642813,30.206758,30.789376,120,58.50061825666667,0.36256341933843006,57.78801,59.154328,120,1013.4118286666667,0.13123123833219213,1013.1448,1013.678,120,6662.391666666666,33.6956960155443,6586,6734,0,,,,
P3,2025-09-20,8,120,30.297965363333333,0.17696921824513484,30.138202,30.78078,120,57.77137671,0.6332919626348051,56.53612,59.07721,120,1013.9333473333334,0.17830518748852925,1013.6124,1014.1623,120,6842.058333333333,93.80905833537939,6708,6985,0,,,,
P3,2025-09-20,9,120,30.272215156666668,0.176243890612936,30.156562,30.710274,120,59.51368962666666,0.4833368242975391,58.278608,60.47596,120,1014.4586493333334,0.14939797125351922,1014.15672,1014.6476,120,6913.433333333333,18.63886485044459,6862,6957,0,,,,
P3,2025-09-20,10,120,30.309897241666665,0.1705790618410221,30.193282,30.741718,120,58.93037579833333,0.44762059137656784,57.86257,59.77372,120,1014.5268991666667,0.033915196405227714,1014.4524,1014.59048,120,6932.383333333333,24.38596625397554,6880,6994,0,,,,
P3,2025-09-20,11,120,30.266500553333334,0.17315011908910716,30.127266,30.730976,120,58.005723618333334,0.36262720649247276,57.307056,58.82603,120,1014.4507548333333,0.10851722563148401,1014.1844,1014.60544,120,7028.65,26.39985039427865,6971,7094,0,,,,
P3,2025-09-20,12,120,30.210239156666667,0.17273101187282228,30.065742,30.669452,120,57.4874667,0.45393201352898316,56.312224,58.369476,120,1013.950734,0.17307256166331425,1013.6576,1014.18784,120,7057.066666666667,51.721089977487665,6962,7123,0,,,,
P3,2025-09-20,13,120,30.201492435,0.175241563068181,30.064374,30.688398,120,56.32146760333333,0.46434296714078144,55.183712,57.443548,120,1013.6478488333333,0.05962277900920027,1013.53424,1013.8812,120,6989.325,35.833687380180116,6921,7060,0,,,,
P3,2025-09-20,14,120,30.15554833,0.17425601797288973,30.016132,30.656366,120,55.722277070000004,0.34766417255100057,54.88559,56.467896,120,1013.8050039999999,0.12890801010625233,1013.6026,1014.1101,120,7104.541666666667,30.85882623922541,7041,7162,0,,,,
P3,2025-09-20,15,120,30.073725463333336,0.17459024238807105,29.920626,30.544844,120,56.125863545,0.3668435699093044,55.09629,56.91003,120,1013.9763191666666,0.08911340403734173,1013.84184,1014.1412,120,7167.466666666666,50.25630665442385,7056,7256,0,,,,
P3,2025-09-20,16,120,30.017503086666668,0.18603548126644806,29.78957,30.54543,120,58.887746805,2.7329495336575076,55.144227,63.457528,120,1014.4423383333334,0.17706684734134556,1014.1314,1014.728,120,7058.683333333333,136.2117718066662,6826,7241,0,,,,
P3,2025-09-20,17,120,29.88384103,0.1766801972650675,29.706758,30.443476,120,58.96917329,0.6039326805612146,57.824904,60.802064,120,1014.7059281666666,0.054296197276000775,1014.6104,1014.8788,120,7107.65,53.67262263172957,6948,7196,0,,,,
P3,2025-09-20,18,120,29.767696951666668,0.17365852373558338,29.637226,30.20832,120,57.41207071833333,0.573363510263041,56.0486268,58.771096,120,1014.9654946666667,0.12280090552702015,1014.7782,1015.1361,120,7264.383333333333,31.116799033203737,7191,7322,0,,,,
P3,2025-09-20,19,120,29.748133066666664,0.1730989487843514,29.626484,30.201876,120,55.21468142333333,0.6143970915893459,54.0865836,56.834656,120,1015.4258766666667,0.24703703320271925,1015.08652,1015.8507,120,7409.066666666667,35.0871025008438,7306,7457,0,,,,
P3,2025-09-20,20,120,29.740733846666668,0.17300803145835061,29.61711,30.187422,120,54.049537183333335,0.46189825509324617,52.764724,54.999224,120,1016.1352791666667,0.1346375794405867,1015.85,1016.3986,120,7460.816666666667,20.077573647865417,7410,7516,0,,,,
P3,2025-09-20,21,120,29.691993736666667,0.17311833281165906,29.558516,30.154804,120,51.91784937333333,0.9799841112347034,50.255636,53.695044,120,1016.3598131666666,0.046398746541721984,1016.27916,1016.456,120,7574.883333333333,44.19003715492295,7500,7647,0,,,,
P3,2025-09-20,22,120,29.650297691666665,0.1730414878570321,29.518086,30.09836,120,49.93618733,0.41143843261754937,49.122628,50.793704,120,1016.3220328333333,0.06005776316401231,1016.2054,1016.4402,120,7623.475,17.67491813538163,7581,7664,0,,,,
P3,2025-09-20,23,120,29.648010935,0.17633083266354127,29.519258,30.082736,120,49.981400040000004,0.31942714916195897,49.234476,50.637156,120,1016.178532,0.09844147269079769,1015.97292,1016.3008,120,7550.516666666666,24.292677367254285,7505,7614,0,,,,
P3,2025-09-21,0,120,29.59970862,0.17168254820857362,29.46828,30.034102,120,50.184790580000005,0.2878609459871233,49.619488,50.814728,120,1015.8793543333334,0.07487303674552366,1015.7452,1016.0107,120,7525.933333333333,14.849798874417104,7478,7565,0,,,,
P3,2025-09-21,1,120,29.595750310000003,0.17329917382990695,29.47414,30.031562,120,50.51613036333333,0.3097232905744622,49.93548,51.250084,120,1015.623336,0.07036385089848447,1015.5264,1015.77292,120,7480.641666666666,21.687542733189865,7436,7527,0,,,,
P3,2025-09-21,2,120,29.57562492,0.1726139620425973,29.45539,30.03254,120,50.60642670666667,0.28122050455538933,50.025484,51.163116,120,1015.8608555,0.13259393647389275,1015.6337,1016.09544,120,7451.941666666667,12.248337793818207,7420,7484,0,,,,
P3,2025-09-21,3,120,29.55915835,0.17287274190518834,29.4409368,29.998554,120,50.571460656666666,0.2888377012778695,50.04263,51.10878,120,1016.050979,0.024714543175394763,1015.9972,1016.11016,120,7423.466666666666,23.03994825702243,7363,7462,0,,,,
P3,2025-09-21,4,120,29.55392888,0.17284057317561866,29.434298,30.01047,120,50.96246208,0.30800925751229,50.326356,51.817476,120,1016.2191408333333,0.05326011643491248,1016.0555,1016.3538,120,7398.266666666666,13.225728258027944,7373,7431,0,,,,
P3,2025-09-21,5,120,29.51832018,0.17397183538085279,29.385078,29.98293,120,50.35330793666667,0.5214399416649111,49.250624,51.596644,120,1016.5366158333333,0.10948401855339963,1016.32056,1016.7031,120,7463.558333333333,31.752402366157433,7394,7516,0,,,,
P3,2025-09-21,6,120,29.508413111666666,0.17728582177746047,29.369648,29.940546,120,49.411218090000006,0.2922315330121854,48.749472,49.99014,120,1016.8808241666667,0.1132405424590726,1016.62948,1017.0287,120,7487.325,11.479731865225643,7457,7521,0,,,,
P3,2025-09-21,7,120,29.402273639999997,0.2474448700150329,28.967304,29.971992,120,47.78358339,1.3811447820721516,45.251424,49.518716,120,1017.197038,0.11358540864984815,1016.96216,1017.3979,120,7488.116666666667,27.191256421326447,7425,7554,0,,,,
P3,2025-09-21,8,120,28.918225908333334,0.19677423919871984,28.62336,29.498554,120,45.46909788999999,0.34175736278364777,44.7759768,46.86458,120,1017.232168,0.0546548546068106,1017.10376,1017.37976,120,7272.033333333334,165.76342022471093,6976,7468,0,,,,
P3,2025-09-21,9,120,29.008951723333332,0.18793102652470714,28.769062,29.605586,120,45.78610341,0.9129158705239716,44.60676,48.24874,120,1017.068514,0.05250777444475761,1016.91832,1017.22408,120,6867.325,67.54931749557177,6700,7008,0,,,,
P3,2025-09-21,10,120,28.784822493333333,0.3211608149457285,28.249922,29.577852,120,47.04500134333333,0.5350059741633286,46.01088,48.68363,120,1017.0201314999999,0.07204309735660562,1016.8147,1017.1461,120,6847.983333333334,44.569082122391634,6704,6953,0,,,,
P3,2025-09-21,11,120,28.289789898333332,0.27289891988572945,27.657734,28.994454,120,47.233331633333336,0.9975787287749958,45.0192268,49.99559,120,1016.4658398333333,0.28643849386272036,1015.99864,1016.9321,120,6946.375,76.76243637779808,6734,7128,0,,,,
P3,2025-09-21,12,120,28.429050906666664,0.307651136918663,28.032734,29.416132,120,47.59426177333333,0.8350046000520998,46.29605,49.705612,120,1015.8218823333334,0.07184286869792765,1015.7346,1016.04488,120,6878.05,73.0109753462333,6721,7004,0,,,,
P3,2025-09-21,13,120,28.513780816666667,0.27736154332610374,28.01789,29.229608,120,46.878917963333336,0.9513931858604259,45.609856,49.194444,120,1015.4903310000001,0.142365243653947,1015.274,1015.7528,120,6630.825,83.7382539110259,6496,6786,0,,,,
P3,2025-09-21,14,120,28.46247052,0.2628928555350078,28.022382,29.247384,120,46.95892911,0.6101018025536149,45.746836,48.6115384,120,1015.2108696666667,0.11725089688388131,1015.04016,1015.47376,120,6277.666666666667,147.07754390649941,6078,6594,0,,,,
P3,2025-09-21,15,120,28.178079309999998,0.20671706198621023,27.902852,28.823946,120,46.96791243,0.3657193110952042,46.13863,47.960256,120,1015.2226976666666,0.05975570486081634,1015.1016,1015.359,120,6107.691666666667,32.568427210726014,6022,6186,0,,,,
P3,2025-09-21,16,120,28.13502263666667,0.2006079938572389,27.846992,28.737032,120,47.60970602333334,0.7527293546160325,46.196488,48.990468,120,1015.5583701666667,0.11816620384465598,1015.3239,1015.7148,120,6034.666666666667,45.0574485459148,5934,6128,0,,,,
P3,2025-09-21,17,120,28.089051126666668,0.2059362892658039,27.818282,28.76125,120,47.87542727666666,0.4100792147476458,47.02125,48.894548,120,1015.7706318333334,0.06563074031217302,1015.6622,1015.997,120,6042.091666666666,32.45811673120717,5954,6121,0,,,,
P3,2025-09-21,18,120,28.790001529999998,0.32139838530647774,28.23332,29.50422,120,48.580424353333335,0.3663925286832265,47.50932,49.389176,120,1015.9483916666667,0.08169341224323484,1015.6939,1016.124,120,6291.933333333333,104.85706424256252,6082,6472,0,,,,
P3,2025-09-21,19,120,29.183950120000002,0.17538227450145255,28.9942568,29.6425,120,48.98858628,0.31699772469795695,48.40819,49.696616,120,1016.4058815000001,0.1835923704527199,1016.12484,1016.7073,120,6608.158333333334,80.47318002341639,6456,6769,0,,,,
P3,2025-09-21,20,120,29.28792802666667,0.17811198075634455,29.1512884,29.746798,120,49.475739823333335,0.32379331212677726,48.73632,50.17097,120,1016.9922086666667,0.1741558927408966,1016.7001,1017.3086,120,6848.4,50.84039947214447,6734,6939,0,,,,
P3,2025-09-21,21,120,29.345410159999997,0.17316557225694745,29.204218,29.801486,120,50.05622675666667,0.3746387812037574,49.32127,50.854152,120,1017.2563313333334,0.053204865180465806,1017.1674,1017.36916,120,6970.575,31.021993418062223,6889,7027,0,,,,
P3,2025-09-21,22,120,29.400846230000003,0.172897895467579,29.2675,29.854414,120,50.112516426666666,0.2849342152453976,49.525724,50.715156,120,1017.206705,0.06151178313025732,1017.06664,1017.3008,120,7064.025,23.62716798998324,7008,7108,0,,,,
P3,2025-09-21,23,120,29.423002886666666,0.17251966670138832,29.292696,29.866328,120,50.19821500666667,0.29303593666899863,49.52559,50.846704,120,1017.0429048333333,0.06313271947950952,1016.955,1017.2134,120,7129.85,26.423076876030045,7051,7176,0,,,,
P3,2025-09-22,0,120,29.43891601,0.1720756364776111,29.318086,29.881952,120,50.633578316666664,0.29257997912519246,50.081492,51.18786,120,1016.8862023333334,0.1462702903641412,1016.686,1017.2106,120,7176.825,16.860107807904114,7137,7216,0,,,,
P3,2025-09-22,1,120,29.44553867833333,0.17285534415442413,29.322188,29.8860536,120,50.91097955333333,0.3224440221377957,50.25344,51.578088,120,1016.6396231666666,0.06243400204800995,1016.4955,1016.75288,120,7209.916666666667,14.3659163237408,7171,7246,0,,,,
P3,2025-09-22,2,120,29.415270215,0.17321896534740547,29.294258,29.862618,120,51.733639939999996,0.38896112161340396,50.8447,52.701216,120,1016.1828085,0.14073843448840603,1015.92832,1016.5103,120,7168.541666666667,22.233631816540953,7113,7226,0,,,,
P3,2025-09-22,3,120,29.402916564999998,0.17607987667489744,29.277266,29.8341,120,52.90826797,0.4683786333331436,51.785392,53.839844,120,1015.8135920000001,0.05152829689452539,1015.7262,1015.92884,120,7109.325,18.36015163519117,7056,7142,0,,,,
P3,2025-09-22,4,120,29.38268402,0.17283719937232692,29.258126,29.833712,120,53.59424015333333,0.32142685686505557,52.905956,54.20555,120,1015.8678913333333,0.06635928592480315,1015.7582,1015.98884,120,7079.9,16.055261709838046,7037,7113,0,,,,
P3,2025-09-22,5,120,29.359313116666666,0.17218625939943516,29.236444,29.82082,120,53.78258911666667,0.3339098717700069,52.944356,54.46351,120,1015.9892298333333,0.06696221701462114,1015.85184,1016.10984,120,7053.775,22.281417248950955,6999,7094,0,,,,
P3,2025-09-22,6,120,29.405517615,0.17512727539224882,29.251874,29.881758,120,54.16911382333333,0.37026654995389324,53.316224,55.023388,120,1016.3315246666666,0.15726481623377847,1016.0758,1016.55552,120,6940.833333333333,26.175982748105614,6893,6994,0,,,,
P3,2025-09-22,7,120,29.512866023333334,0.1754886339081745,29.360078,29.997968,120,54.59521766333333,0.5245771632933705,53.361664,55.653304,120,1016.6376856666667,0.13152736247723137,1016.42776,1016.906,120,6940.258333333333,31.60111045632531,6893,7013,0,,,,
P3,2025-09-22,8,120,29.507597623333332,0.23224654371484602,29.029024,30.064374,120,52.632425493333336,1.1445499197121973,48.53167,53.92753,120,1016.883677,0.0384897825272032,1016.80976,1017.0299,120,7025.541666666667,35.81603223789632,6967,7152,0,,,,
P3,2025-09-22,9,120,28.21867659666667,1.077975828170567,25.928438,29.495234,120,49.97207741666667,2.0033558377929936,44.509764,54.983424,120,1016.8383273333333,0.042175054312661144,1016.76152,1017.02952,120,6795.433333333333,433.35470233887753,5159,7337,0,,,,
P3,2025-09-22,10,121,25.839207100826446,0.4039724445424439,25.109102,27.076876,121,55.71670520661157,2.9849583216181843,49.252104,61.240624,121,1016.406525785124,0.21543842410990638,1016.08952,1016.8627,121,4765.743801652892,980.6619323100562,2971,6178,0,,,,
P3,2025-09-22,11,120,25.48485345,0.278494336806941,24.820626,26.266524,120,58.735986528333335,2.4822274725904325,53.875636,63.479616,120,1015.8809833333332,0.17175432509959518,1015.61052,1016.1807,120,6170.241666666667,398.79589766846755,5360,6782,0,,,,
P3,2025-09-22,12,120,25.36750968333333,0.2673942166438232,24.916132,26.094062,120,59.785648185,2.185112545738797,55.587408,63.344148,120,1015.1917251666667,0.24134001261851015,1014.69368,1015.5884,120,6839.841666666666,123.25051320624331,6565,7079,0,,,,
P3,2025-09-22,13,120,25.944749296666668,0.3810102787385459,25.088984,26.809492,120,56.60935146166666,2.764560958668142,51.391076,61.956504,120,1014.4185196666666,0.15991510245469803,1014.1629,1014.7092,120,5214.466666666666,1498.6194819969237,2598,7118,0,,,,
P3,2025-09-22,14,120,26.13512529666667,0.3387087086078108,25.153634,27.134102,120,54.766137585,2.6222151287189552,49.848664,59.71317,120,1014.0617931666667,0.05402629061189427,1013.9387,1014.2035,120,4607.075,855.5022816986498,2933,5852,0,,,,
P3,2025-09-22,15,120,26.24485985333333,0.36546756752387216,25.453828,27.009102,120,53.79628893666666,2.546548762027561,49.537052,58.872896,120,1014.2281476666667,0.10654702214166756,1014.0488,1014.45736,120,5704.733333333334,699.9993365342993,3978,6747,0,,,,
P3,2025-09-22,16,120,26.09887364333333,0.4492770862477084,25.15168,27.315938,120,55.06503161666667,3.0911878335135445,49.891244,62.116364,120,1014.3701729999999,0.05624796694879087,1014.25852,1014.5461,120,5986.941666666667,637.785286910007,4692,6830,0,,,,
P3,2025-09-22,17,120,25.349101519999998,0.316946300463047,24.807734,26.223554,120,59.885168750000005,2.613030323385317,54.600876,64.48775,120,1014.6654233333334,0.08306771595610543,1014.4345,1014.8475,120,6336.266666666666,109.00633959925986,6082,6569,0,,,,
P3,2025-09-22,18,2,25.460079,0.26958446032737227,25.269454,25.650704,2,62.873255,0.6725504727899654,62.39769,63.34882,2,1014.74496,0.005091168824551374,1014.74136,1014.74856,2,6182.0,31.11269837220809,6160,6204,0,,,,
P4,2025-09-15,22,59,30.5335885220339,0.19893200372759218,30.316522,31.103046,59,68.68751101694914,0.478076998840774,67.74286,69.59992,59,1014.171393220339,0.06665954039480113,1014.10344,1014.3157,59,8002.3050847457625,45.22329817513911,7924,8101,0,,,,
P4,2025-09-15,23,121,30.82296867768595,0.20579035870244747,30.545234,31.421992,121,68.55389429421487,0.4881049830435538,67.50069,69.76586,121,1014.0294327272728,0.0610750360893669,1013.9071,1014.1234,121,8057.165289256199,35.8239554645217,7960,8114,0,,,,
P4,2025-09-16,0,120,31.079225066666666,0.19857192059757708,30.84836,31.63547,120,68.15089050666667,0.47451985264285973,67.24605,69.15429,120,1013.7747018333333,0.1117321671519393,1013.56976,1013.9394,120,8073.383333333333,36.49638714324953,7996,8151,0,,,,
P4,2025-09-16,1,120,31.29641914,0.1898628138182472,31.109296,31.832344,120,67.89104440333332,0.45535156468585264,67.02903,68.854992,120,1013.2032668333334,0.19404134249773325,1012.92084,1013.56316,120,8195.241666666667,48.41244298580921,8082,8286,0,,,,
P4,2025-09-16,2,120,31.435678696666667,0.18543707574163862,31.270236,31.933906,120,67.58916401,0.47908818778431034,66.64506,68.55353,120,1012.87474,0.11951146696517648,1012.6527,1013.04332,120,8290.408333333333,21.652137446968073,8228,8332,0,,,,
P4,2025-09-16,3,120,31.546358960000003,0.18495532088705824,31.38332,32.04387,120,67.18331911,0.48060440607309185,66.19091,68.15709,120,1012.5763328333334,0.04226273299618102,1012.5105,1012.6655,120,8283.416666666666,18.707201387527288,8241,8325,0,,,,
P4,2025-09-16,4,120,31.630040596666667,0.18327456983917131,31.482344,32.11164,120,66.76854642333333,0.480310822854449,65.63828,67.964776,120,1012.6135373333333,0.05681846089705175,1012.5305,1012.75144,120,8344.525,30.7032318393027,8267,8412,0,,,,
P4,2025-09-16,5,120,31.685950400000003,0.18663160263171058,31.533906,32.163788,120,66.17407906666666,0.5163027893955252,64.98101,67.307944,120,1012.614442,0.05900304896832036,1012.5218,1012.7509,120,8395.575,21.90992350281373,8345,8446,0,,,,
P4,2025-09-16,6,120,31.70687497,0.18474560588496272,31.58039,32.19289,120,65.15253943333333,0.5324915228220333,64.096116,66.353968,120,1012.6529429999999,0.10576756779660731,1012.498,1012.8738,120,8372.483333333334,35.67782620778881,8280,8432,0,,,,
P4,2025-09-16,7,120,31.80062170833333,0.19088557042962076,31.621992,32.35051,120,64.7245197,0.47387745559960986,63.45896,65.59994,120,1013.1478195,0.1188667807229909,1012.8566,1013.4056,120,8246.566666666668,30.945257529796727,8170,8339,0,,,,
P4,2025-09-16,8,120,30.33686042,1.3518385676349047,28.67414,32.379808,120,59.35971249666667,4.06442451860575,54.0694,65.33368,120,1013.6619031666667,0.08565787331279029,1013.42192,1013.8002,120,8499.233333333334,228.536253245779,8177,8762,0,,,,
P4,2025-09-16,9,120,27.772765176666667,0.7225475465071828,26.581758,29.1833232,120,54.393129589999994,0.5206756696004402,53.53125,56.576176,120,1013.5874051666667,0.10720346600137444,1013.33016,1013.78536,120,7543.683333333333,678.7926006357694,6287,8690,0,,,,
P4,2025-09-16,10,120,26.441025338333336,0.29521761152681275,25.848946,27.275704,120,56.63079249,1.4262894015951992,54.017096,60.51301,120,1013.1538713333333,0.18802903369088117,1012.7651,1013.44268,120,7093.683333333333,135.76623405001365,6874,7369,0,,,,
P4,2025-09-16,11,120,26.084174733333334,0.31366943579121137,25.606758,26.952656,120,56.70912602833334,0.4367594144991606,55.69199,57.85504,120,1012.3526628333333,0.29755711198473916,1011.78884,1012.83232,120,7325.416666666667,155.38899863361777,7053,7749,0,,,,
P4,2025-09-16,12,120,25.956660196666668,0.327755586107741,25.394454,26.748946,120,57.02462247333334,1.042194327226041,55.15596,58.9356,120,1011.308592,0.23787467070011095,1010.97532,1011.7894,120,8174.875,241.5715549821005,7749,8528,0,,,,
P4,2025-09-16,13,120,25.97706850333333,0.32596098805958174,25.296796,26.746992,120,58.173133305,0.597166269986206,56.721804,59.53443,120,1010.7243579999999,0.14037330241072837,1010.4916,1010.94808,120,8128.308333333333,406.24173777420265,6355,8473,0,,,,
P4,2025-09-16,14,120,25.860790903333335,0.32235596199155225,25.268476,26.684884,120,58.05368644166666,0.6480056393548935,56.243508,59.5313336,120,1010.2799038333334,0.10648372507638904,1010.1144,1010.5221,120,8048.816666666667,155.09281489641288,7732,8372,0,,,,
P4,2025-09-16,15,120,25.91152997,0.32055240228668536,25.33586,26.722384,120,58.00702538166667,0.7877946043727905,56.403084,60.051256,120,1010.0941718333332,0.049146257557375415,1010.00808,1010.2933,120,7935.075,200.5530237521593,7555,8234,0,,,,
P4,2025-09-16,16,120,25.876220686666667,0.32673954825575535,25.201876,26.662032,120,57.019578349999996,0.6723323677023075,55.354996,58.651146,120,1010.0948824999999,0.08347816048356092,1009.9629,1010.2774,120,8130.058333333333,96.53468883494345,7918,8332,0,,,,
P4,2025-09-16,17,120,25.81055006,0.2983978939771709,25.202264,26.565156,120,56.398798023333335,0.7192051993962569,54.854596,58.040296,120,1009.9655038333333,0.07450562675933962,1009.8142,1010.18664,120,7933.55,483.41305562938567,7258,8755,0,,,,
P4,2025-09-16,18,120,25.721634013333336,0.31641258661623417,25.146992,26.5423052,120,56.89001033500001,0.8755637697477605,54.611236,58.9308,120,1010.5821579999999,0.2884111149551609,1010.03,1011.1333,120,8766.125,71.60730474216444,8619,8918,0,,,,
P4,2025-09-16,19,120,25.705331933333333,0.34707790935248034,24.962226,26.563398,120,59.77526799333334,1.8764425121217574,56.904668,64.39312,120,1011.0785071666667,0.05502723492511004,1010.9367,1011.16976,120,8926.966666666667,144.51884430254523,8604,9190,0,,,,
P4,2025-09-16,20,120,25.767636706666668,0.297050222029074,25.181562,26.583906,120,60.121301779999996,1.427608980682511,57.218436,63.997528,120,1011.0325443333334,0.05786065127473565,1010.9344,1011.1866,120,9072.416666666666,84.47649798307621,8828,9190,0,,,,
P4,2025-09-16,21,120,27.355032246666667,1.7359423557379845,25.091524,30.100116,120,64.00389059666666,3.8502523104180053,58.843168,69.81656,120,1010.7645396666667,0.19471068205775213,1010.40708,1011.1512,120,8608.558333333332,283.67805742796844,8241,8971,0,,,,
P4,2025-09-16,22,120,30.264840366666665,0.30095469965880345,29.697188,31.048556,120,68.86509291333333,0.4848260345345915,67.854904,69.87988,120,1010.6679591666667,0.14700711228210397,1010.4295,1010.9333,120,8248.491666666667,51.897765667051544,8177,8378,0,,,,
P4,2025-09-16,23,120,30.81230296833333,0.22264116455138053,30.49953,31.436446,120,68.37628181666668,0.46268217091952607,67.4949,69.30452,120,1011.1916926666667,0.19749161081500577,1010.84,1011.4749,120,8270.741666666667,50.5950301198556,8170,8372,0,,,,
P4,2025-09-17,0,121,31.13277145123967,0.1960427351990269,30.9005068,31.685468,121,68.16800741818182,0.45297869671400987,67.32854,69.021932,121,1011.4758333884298,0.04126217140750492,1011.389,1011.55776,121,8352.099173553719,18.82657915407515,8299,8392,0,,,,
P4,2025-09-17,1,120,31.350143213333336,0.19220681585400304,31.142108,31.866718,120,67.79797064666667,0.46432923365646395,66.85455,68.72391,120,1010.9571616666667,0.17543246433722373,1010.76376,1011.44368,120,8347.716666666667,17.56533223023545,8299,8385,0,,,,
P4,2025-09-17,2,120,31.48254546,0.18891462184918548,31.313592,31.9942568,120,67.31113242666667,0.4934196569526654,66.24513,68.28272,120,1010.6740434999999,0.07981485755691524,1010.5318,1010.8201,120,8337.216666666667,18.439628194603056,8293,8365,0,,,,
P4,2025-09-17,3,120,31.617548829999997,0.18496892205282514,31.450118,32.119452,120,66.82795803333333,0.468132202058102,65.78545,67.6791,120,1010.5924958333333,0.058111834221660226,1010.497,1010.72732,120,8362.616666666667,18.966659528484563,8319,8412,0,,,,
P4,2025-09-17,4,120,31.72509447166667,0.18327189840482327,31.572578,32.212228,120,66.19027832333333,0.5407170995753823,65.03435,67.42322,120,1010.7978401666667,0.06839770871866366,1010.6934,1010.91516,120,8326.758333333333,29.769985401616314,8260,8385,0,,,,
P4,2025-09-17,5,120,31.79646639,0.18705076339784413,31.667696,32.28078,120,65.25140145,0.5511949796042254,64.10746,66.508768,120,1010.8291968333334,0.04534603359719612,1010.7497,1010.9317,120,8282.225,16.33497176370416,8241,8325,0,,,,
P4,2025-09-17,6,120,31.864944675,0.18424369271218374,31.721992,32.382536,120,64.65080523333333,0.45797089855122386,63.59997,65.54964,120,1010.9873665,0.09718333689058939,1010.8861,1011.3,120,8309.683333333332,19.25415303158236,8260,8358,0,,,,
P4,2025-09-17,7,120,31.983154353333337,0.18799649654347148,31.8235552,32.498948,120,64.40275831666666,0.4457949879088334,63.412416,65.506096,120,1011.3259551666666,0.07534580585867445,1011.1587,1011.4627,120,8220.125,79.11491084269355,8009,8345,0,,,,
P4,2025-09-17,8,120,32.06563489,0.18544298650503346,31.840742,32.556952,120,63.420799343333336,0.7012518930683364,60.7820736,64.90415,120,1011.4401949999999,0.07861866788172546,1011.3145,1011.6674,120,7845.191666666667,75.04948460886291,7704,8045,0,,,,
P4,2025-09-17,9,120,28.840288101666665,0.9533075445974133,27.9425,31.834492,120,53.531751979999996,2.844024096307724,51.208212,63.22976,120,1011.6921026666666,0.05185207485516768,1011.5924,1011.82384,120,8145.95,295.81568898342636,7401,8452,0,,,,
P4,2025-09-17,10,120,28.194132463333332,0.24557696802067017,27.687616,28.860274,120,53.20784824666667,0.7145917756409563,51.2796032,54.3402,120,1011.5457661666666,0.16788646213058778,1011.2043,1011.8181,120,8058.241666666667,360.1427353785425,7490,8583,0,,,,
P4,2025-09-17,11,120,28.225675430000003,0.19564806979041596,28.01164,28.755586,120,53.37510629333334,0.39443100529236336,52.415688,54.2928,120,1010.63976,0.3101156082289153,1010.2637,1011.3113,120,7549.066666666667,392.3640209422517,6682,8299,0,,,,
P4,2025-09-17,12,120,28.06048824666667,0.1963897356978281,27.87043,28.5971868,120,53.06931978666667,0.31469139193502105,52.218248,53.750404,120,1009.8958328333333,0.24652766286284344,1009.5388,1010.38492,120,8662.158333333333,134.89622502727767,8312,8821,0,,,,
P4,2025-09-17,13,120,27.147931301666667,0.8495784457563101,25.7915232,28.485274,120,53.552330516666665,0.7037502238539243,52.206144,55.934344,120,1010.3297478333334,0.6290098740205066,1009.33016,1011.6563,120,8446.05,165.05801628365572,8202,8799,0,,,,
P4,2025-09-17,14,120,25.629930016666666,0.2356253296633498,25.273164,26.357734,120,55.76988854166667,1.232552035967359,53.570356,57.785942,120,1011.6604493333333,0.26876838446933543,1011.18,1012.13024,120,8157.408333333334,324.33252714654634,7432,8486,0,,,,
P4,2025-09-17,15,120,25.31896964,0.2007231696205933,25.063204,25.891524,120,56.747214166666666,0.3295566253832874,56.015772,57.433648,120,1011.407062,0.1244272325673895,1011.2149,1011.58592,120,7282.183333333333,573.0146431222267,6242,8045,0,,,,
P4,2025-09-17,16,120,25.16469567333333,0.20418572426726225,24.896016,25.797382,120,56.87065782333333,0.46382495343472174,55.420684,57.98951,120,1011.2196078333333,0.10763667789785372,1011.0156,1011.4725,120,6262.291666666667,554.5789893172632,5727,7871,0,,,,
P4,2025-09-17,17,120,25.15659499666667,0.24422356063338854,24.81203,25.86457,120,57.70045333666667,0.44692266887643306,56.355976,58.659404,120,1011.3109256666667,0.3584824924965897,1010.8946,1012.0497,120,7502.333333333333,386.2027667311722,6532,8064,0,,,,
P4,2025-09-17,18,120,25.441684573333337,0.23286606129408927,25.111836,26.279804,120,58.181137844999995,0.7852634657616343,56.487848,59.791948,120,1012.2328878333334,0.37935723210229605,1011.7115,1012.8644,120,7367.633333333333,790.85287366685,5653,8542,0,,,,
P4,2025-09-17,19,120,25.389360383333333,0.20352741083271791,25.126874,26.036446,120,59.37673587333334,0.3864184840746843,58.608572,60.403928,120,1013.4188063333334,0.41376323092694645,1012.9166,1014.2357,120,8921.583333333334,233.73092276740542,8569,9231,0,,,,
P4,2025-09-17,20,120,25.238051719999998,0.19873499281022644,24.975116,25.8540232,120,58.90606481,0.31138883029342856,58.298156,59.820276,120,1014.3656898333334,0.10877294878088373,1014.2117,1014.5652,120,8544.175,291.60859754071845,8170,9215,0,,,,
P4,2025-09-17,21,120,27.850520883333335,1.7012672019792259,24.876874,29.907734,120,64.18201909,2.9544026857109795,58.3211068,67.42747,120,1014.8532005,0.2706135419104624,1014.5131,1015.2056,120,8764.216666666667,93.59255369121361,8590,8963,0,,,,
P4,2025-09-17,22,120,29.89497564,0.27288984046013276,29.411446,30.632344,120,66.62108343999999,0.4899711961477313,65.42661,67.847944,120,1015.0118556666667,0.08252446959486552,1014.8535,1015.16264,120,8689.7,55.42723293887516,8528,8806,0,,,,
P4,2025-09-17,23,120,30.31600424166667,0.20102258738612316,30.08586,30.897578,120,66.71216063333333,0.4420749173599269,65.732868,67.543656,120,1014.9792990000001,0.07044651914383984,1014.84424,1015.0969,120,8560.283333333333,48.77941833049177,8439,8668,0,,,,
P4,2025-09-18,0,120,30.605255406666668,0.1977484092368453,30.330194,31.146016,120,65.45762343333334,0.5625576580458519,64.275952,66.76694,120,1015.1692155,0.1233988654309786,1014.9161,1015.34984,120,8639.0,32.66843875602728,8555,8718,0,,,,
P4,2025-09-18,1,120,30.785514340000002,0.1891150619375544,30.606368,31.313204,120,64.42334731666666,0.4751344790671541,63.51326,65.47798,120,1014.4099588333333,0.31558766394702376,1013.76936,1014.91316,120,8643.525,68.772913675818,8466,8740,0,,,,
P4,2025-09-18,2,120,30.93480144,0.19329684523974308,30.7458216,31.43586,120,64.09790148,0.43664373586699123,63.13397,65.019808,120,1013.5853599999999,0.1932939990025615,1013.2347,1013.9623,120,8606.458333333334,74.69432339059176,8466,8711,0,,,,
P4,2025-09-18,3,120,31.010043839999998,0.18350822397949162,30.866718,31.48664,120,63.23130994833333,0.5363753768798022,62.11328,64.425,120,1014.4374721666667,0.19440398765314648,1013.9649,1014.6334,120,8623.491666666667,57.20389535912491,8514,8697,0,,,,
P4,2025-09-18,4,120,31.01770185666667,0.18379840861997296,30.87961,31.496406,120,63.102746786666664,0.5142023856224062,61.83728,64.25137,120,1014.6351990000001,0.13530168705527976,1014.367,1014.8078,120,8495.266666666666,45.318616823689645,8385,8583,0,,,,
P4,2025-09-18,5,120,31.00737464166667,0.18282032468902984,30.88039,31.47336,120,63.235781375,0.4547113355195424,62.301124,64.23806,120,1015.281423,0.25108844025829924,1014.80332,1015.594,120,8500.108333333334,30.059827133281747,8432,8576,0,,,,
P4,2025-09-18,6,120,31.030366221666668,0.18342604473670543,30.888594,31.513202,120,62.488713383333334,0.5088689885413784,61.413868,63.684176,120,1015.8572393333333,0.14119421315395908,1015.577,1016.1186,120,8520.008333333333,41.46508014158882,8432,8661,0,,,,
P4,2025-09-18,7,120,31.108017518333334,0.18606515871302468,30.93957,31.60793,120,61.46561054000001,0.46726297617489004,60.42929,62.729796,120,1016.3012585,0.14862104220435032,1016.051,1016.6346,120,8639.708333333334,47.667686469278394,8542,8740,0,,,,
P4,2025-09-18,8,120,30.895688413333335,0.6730624104545772,28.772188,31.659492,120,60.15645846666666,1.2291348744401853,54.94885,61.511836,120,1016.965853,0.15963240741420137,1016.6044,1017.3164,120,8861.108333333334,234.58161561331565,8682,9549,0,,,,
P4,2025-09-18,9,120,28.136142500000002,0.6959301585017951,26.718866,29.272774,120,52.28163164666667,0.8854106909832078,51.059244,55.23819,120,1017.1487436666666,0.09739864458127023,1016.97016,1017.3911,120,8309.708333333334,1817.690493274842,4630,9610,0,,,,
P4,2025-09-18,10,120,27.41391432,0.4083987953853419,26.418086,28.24543,120,51.222181281666664,2.2745879238431823,48.318688,56.504556,120,1017.0502041666666,0.09665140330417069,1016.8273,1017.2486,120,8233.625,597.9977103255687,6686,9087,0,,,,
P4,2025-09-18,11,120,27.126572316666667,0.27343963317270964,26.6436708,27.884688,120,54.809285075000005,2.3900885983784232,48.5141,59.152456,120,1016.5470218333334,0.1914815180234717,1016.1499,1016.8703,120,8975.633333333333,227.10172204733263,8555,9345,0,,,,
P4,2025-09-18,12,120,26.881339283333332,0.27275453532910526,26.409296,27.721602,120,54.116290258333336,1.1353441216273867,52.10977,56.08161,120,1016.0089221666666,0.09023043202001414,1015.83672,1016.1731,120,9039.933333333332,317.7496433583231,8500,9523,0,,,,
P4,2025-09-18,13,120,26.258105476666667,0.34046215737922647,25.856562,27.490156,120,53.73003763333334,0.6589988692129118,52.735656,56.009856,120,1015.6836093333334,0.10030092349202,1015.48488,1015.9163,120,9673.641666666666,125.74054892618153,9396,9881,0,,,,
P4,2025-09-18,14,120,25.88712389,0.20607135043055172,25.572188,26.511836,120,54.08312867666667,0.30972526797846006,53.37066,54.67557,120,1015.326949,0.1379745899356588,1015.10424,1015.61128,120,8355.016666666666,520.9351478747777,7298,9429,0,,,,
P4,2025-09-18,15,120,25.83759097,0.20275925459401026,25.582148,26.424336,120,54.65123448833333,0.49301026193230757,53.167508,55.73842,120,1015.3776236666668,0.12630961562051668,1015.12664,1015.5778,120,7283.341666666666,574.9462743747171,5108,7972,0,,,,
P4,2025-09-18,16,120,26.95834796,0.48437816473298334,25.630976,27.706562,120,55.753284443333335,2.029053472172171,52.25238,60.07256,120,1015.8844218333332,0.242678215826875,1015.49384,1016.21704,120,7024.925,1177.2489734921132,4822,8569,0,,,,
P4,2025-09-18,17,120,27.20542953,0.19341185429522006,26.922578,27.78625,120,54.77694582833333,2.130590803929027,51.981216,59.258772,120,1016.3768436666667,0.14236589389470497,1016.1554,1016.70024,120,8049.2,1102.4165175428311,5241,9362,0,,,,
P4,2025-09-18,18,120,27.307734293333333,0.21627654222638773,27.041914,27.925704,120,53.34729723666667,2.0063009046708955,51.370276,58.490068,120,1016.6643435,0.07523915231743021,1016.5176,1016.81616,120,7982.975,421.7106511807922,7303,8843,0,,,,
P4,2025-09-18,19,120,27.272885621666667,0.26038657270260607,26.828242,27.98293,120,54.521117088333334,2.9043734518595277,51.146152,59.344264,120,1016.7245928333334,0.1431059886419323,1016.50484,1016.98344,120,9515.066666666668,352.9115330221674,8888,10187,0,,,,
P4,2025-09-18,20,120,27.83827150666667,0.9529839405116173,26.777266,29.63957,120,56.01506038,1.3490429799582295,53.17958,59.205696,120,1016.876994,0.09900237106398178,1016.68776,1017.05784,120,9787.775,270.879844444084,9370,10128,0,,,,
P4,2025-09-18,21,120,29.548453646666665,0.2271607654507244,29.178048,30.196992,120,56.339484195,0.43006507436328556,55.339904,57.22294,120,1017.1125175,0.040653056243440115,1017.0185,1017.178,120,9384.916666666666,30.33692686566453,9329,9497,0,,,,
P4,2025-09-18,22,120,29.82093262333333,0.18895897508600643,29.631172,30.362618,120,56.857280378333336,0.3546472339175099,56.158776,57.526964,120,1016.9623425000001,0.15043297836109615,1016.6794,1017.1732,120,9339.491666666667,19.887496951955264,9288,9396,0,,,,
P4,2025-09-18,23,120,30.025828343333334,0.19622407743476405,29.842696,30.566134,120,56.35732408333333,0.43017343552617904,55.31526,57.372352,120,1016.4673481666666,0.12896470223861248,1016.1671,1016.69748,120,9394.983333333334,20.843548196037794,9337,9446,0,,,,
P4,2025-09-19,0,120,30.182195486666668,0.1883172547393694,30.024336,30.70207,120,55.61133807333333,0.3708920730574487,54.819756,56.5194,120,1015.9751983333333,0.10144159860068339,1015.8061,1016.17864,120,9329.75,53.89567420005915,9231,9429,0,,,,
P4,2025-09-19,1,120,30.275227721666667,0.18387512157555638,30.140156,30.74836,120,55.61785672166666,0.40219666294408957,54.829728,56.645348,120,1015.7455558333334,0.12696750312491303,1015.5535,1015.9741,120,9223.833333333334,28.67064007379457,9158,9288,0,,,,
P4,2025-09-19,2,120,30.330525729999998,0.1860093959533937,30.15871,30.833516,120,56.11714230333334,0.35116974303138276,55.383384,56.770736,120,1015.3888253333333,0.06252478982560125,1015.28468,1015.55192,120,9149.216666666667,26.201604714897766,9079,9206,0,,,,
P4,2025-09-19,3,120,30.392423431666668,0.1843146404092575,30.262618,30.871016,120,56.487974105,0.37036366855557934,55.56707,57.303672,120,1015.3094621666667,0.05351857598164083,1015.202,1015.40936,120,9149.875,38.12376186169866,9056,9215,0,,,,
P4,2025-09-19,4,120,30.432324223333335,0.18540588965629212,30.271798,30.92961,120,56.74307874666667,0.3552150577681511,56.029532,57.4753,120,1015.231821,0.031182853061265736,1015.171,1015.2992,120,9047.1,20.067700541967074,8979,9095,0,,,,
P4,2025-09-19,5,120,30.49193854,0.18376376088043814,30.349336,30.987032,120,57.15084229666666,0.37372791750626144,56.42846,58.049384,120,1015.1648358333333,0.049754984541194196,1015.0576,1015.29736,120,8882.083333333334,62.542030685299345,8777,9009,0,,,,
P4,2025-09-19,6,120,30.557236250000003,0.18884705770651447,30.416132,31.038202,120,57.50291241833334,0.39784844986764684,56.6656,58.3893,120,1015.1487748333333,0.06082560122750313,1015.0493,1015.27824,120,8807.491666666667,21.351400022320725,8755,8850,0,,,,
P4,2025-09-19,7,120,30.62915844666667,0.1859021394796767,30.47297,31.119454,120,58.01489872333333,0.360976504844753,57.338636,58.790964,120,1015.553024,0.09669293925362259,1015.2622,1015.6656,120,8867.216666666667,26.86229538154154,8799,8910,0,,,,
P4,2025-09-19,8,120,30.651917285000003,0.18418936603790234,30.5110536,31.128828,120,57.373125970000004,0.5927220668470505,56.11626,58.694028,120,1015.4754371666667,0.11734609984219065,1015.299,1015.6373,120,8912.533333333333,35.49291166855096,8828,8971,0,,,,
P4,2025-09-19,9,120,28.95270672666667,1.20799098162964,27.699532,31.15578,120,55.08249469166667,1.954100748430146,52.443628,58.78686,120,1015.1076093333334,0.13204620512767448,1014.8498,1015.3268,120,9252.575,225.04448346452892,8903,9575,0,,,,
P4,2025-09-19,10,120,27.41379543,0.2443565407029682,27.08918,28.184102,120,53.843818660000004,0.5790771581703985,52.809584,55.125336,120,1014.5759995000001,0.16320805185809362,1014.2753,1014.90592,120,9028.208333333334,120.62804110040013,8895,9329,0,,,,
P4,2025-09-19,11,120,27.086254783333334,0.2093801052986472,26.847578,27.774142,120,54.90665259666666,0.5634915549888986,53.35047,55.91212,120,1014.01016,0.23768399002159918,1013.5923,1014.3337,120,9023.391666666666,89.61245185023266,8895,9198,0,,,,
P4,2025-09-19,12,120,26.834088466666667,0.18922589188827302,26.663594,27.409884,120,56.042201893333335,0.4570373245019181,54.972224,57.037524,120,1013.0037488333332,0.28840183478003156,1012.54768,1013.6202,120,9329.041666666666,72.24751989966853,9166,9412,0,,,,
P4,2025-09-19,13,120,26.89030749,0.24305548890080877,26.610274,27.7137884,120,56.41509052666667,0.6671442189615467,54.777972,58.07921,120,1012.0874033333333,0.24830182287388994,1011.7327,1012.6513,120,8748.241666666667,587.4384358350758,7859,9412,0,,,,
P4,2025-09-19,14,120,26.893697758333335,0.19421835139158333,26.680392,27.487226,120,56.92774422666666,0.40675447984911783,55.895644,57.982696,120,1011.4528138333334,0.12966313401025367,1011.21332,1011.7434,120,7601.991666666667,424.0507638834526,6969,8432,0,,,,
P4,2025-09-19,15,120,27.037958731666667,0.23359654959878393,26.685468,27.721406,120,56.87547473666667,0.464954920937831,55.87163,58.069644,120,1011.2597641666667,0.05838546428380157,1011.15316,1011.4395,120,8377.375,202.62545911279886,7604,8514,0,,,,
P4,2025-09-19,16,120,27.152390793333332,0.19100953274961482,26.975116,27.704806,120,56.63621187333333,0.3744992463496673,55.816148,57.61409,120,1011.3941868333333,0.04991093091876638,1011.27932,1011.5251,120,7423.633333333333,370.24089213278825,6798,8058,0,,,,
P4,2025-09-19,17,120,27.091949793333335,0.19524565901708335,26.904218,27.654804,120,57.31824601,0.5101130940555483,55.96607,58.495744,120,1011.1463958333334,0.12954525747296475,1010.9098,1011.3762,120,8207.308333333332,479.437201499918,7002,8755,0,,,,
P4,2025-09-19,18,120,26.997576494999997,0.19171132918135125,26.802266,27.524726,120,58.369299256666665,0.525828625258094,56.936072,59.59871,120,1011.4062043333332,0.28206637273840335,1010.9373,1011.7863,120,8839.95,41.4268313166871,8740,8918,0,,,,
P4,2025-09-19,19,120,26.898904599999998,0.19363156258981254,26.673944,27.44504,120,60.21076449666667,0.7027154147628899,58.43169,61.629296,120,1011.1932748333332,0.14863354938676573,1011.0394,1011.511,120,8870.625,55.80413865258128,8777,8994,0,,,,
P4,2025-09-19,20,120,26.811106683333332,0.19231596691002012,26.582344,27.362618,120,61.13175419666666,0.5678210444949223,59.929152,62.418544,120,1011.33378,0.08042259329697796,1011.152,1011.4782,120,8853.458333333334,101.26974510933327,8611,9009,0,,,,
P4,2025-09-19,21,120,28.66824205833333,1.134532043122943,26.501484,30.11457,120,63.54973043,1.8032144536985797,59.8497,66.83978,120,1011.1705928333333,0.08802829319028965,1011.019,1011.3663,120,8164.308333333333,242.39164765796008,7936,8633,0,,,,
P4,2025-09-19,22,120,29.90942364,0.2188395922830116,29.594842,30.52746,120,66.36041856666667,0.4346024269317929,65.51086,67.192952,120,1010.8009401666666,0.11195001956517756,1010.6379,1011.093,120,8044.358333333334,23.06687239833189,7972,8089,0,,,,
P4,2025-09-19,23,120,30.23422513166667,0.196362198087949,29.99328,30.789178,120,66.21990723333333,0.42354184471384887,65.44503,66.97669,120,1010.7221000000001,0.08839605976235813,1010.5652,1010.8615,120,8044.233333333334,20.83376918311659,7990,8082,0,,,,
P4,2025-09-20,0,120,30.454973858333336,0.19084836668629418,30.250898,30.966134,120,66.33104733333333,0.43597281435547375,65.46049,67.13005,120,1010.7181013333334,0.09143739270540806,1010.5694,1010.88008,120,8065.341666666666,23.088611122919495,8021,8120,0,,,,
P4,2025-09-20,1,120,30.585180613333332,0.18621627553712328,30.41086,31.08703,120,65.46231736666667,0.5684757676575558,64.114624,66.757992,120,1010.6988836666666,0.13525822887063552,1010.4338,1010.88776,120,8081.466666666666,22.46937536140419,8027,8126,0,,,,
P4,2025-09-20,2,120,30.665968243333335,0.1873156578922217,30.512032,31.167696,120,64.015111315,0.6172660906776594,62.507188,65.52601,120,1010.5002186666667,0.0796574545294597,1010.3834,1010.661,120,8145.441666666667,25.939423884978886,8076,8202,0,,,,
P4,2025-09-20,3,120,30.668214428333332,0.18225009517475235,30.543672,31.144258,120,62.07846286833333,0.5562773481145427,61.043844,63.46039,120,1010.7818675,0.12410630252513455,1010.57152,1010.9866,120,8153.45,34.860068412839865,8076,8228,0,,,,
P4,2025-09-20,4,120,30.64994455,0.1845977483965204,30.52746,31.129804,120,60.92882454,0.6192007397981616,59.781272,62.363464,120,1011.2130353333334,0.13601204861932278,1010.98664,1011.4952,120,8220.35,70.2645242020784,8070,8325,0,,,,
P4,2025-09-20,5,120,30.627867721666668,0.1833353761325205,30.480196,31.116132,120,59.77941285166666,0.40223268677835966,58.923928,60.64881,120,1011.8462018333333,0.2318953251108938,1011.48264,1012.1959,120,8109.283333333334,61.7985590832174,8015,8254,0,,,,
P4,2025-09-20,6,120,30.590418198333335,0.18459501925996133,30.448555,31.065546,120,59.075936129999995,0.4223465222088557,57.99801,59.988116,120,1012.4872066666667,0.13731222803755336,1012.18664,1012.6651,120,8328.3,62.48570929057576,8234,8466,0,,,,
P4,2025-09-20,7,120,30.57846508,0.18721133821083277,30.438008,31.050704,120,58.49215241833333,0.3827286698604288,57.80752,59.2655,120,1012.9219458333333,0.1291716423701456,1012.66092,1013.1903,120,8548.983333333334,54.40201790210231,8425,8633,0,,,,
P4,2025-09-20,8,120,30.47992826,0.20799488501705254,30.172774,31.016132,120,58.26826835,0.37117702113409135,57.539324,59.13246,120,1013.4458688333333,0.18092669954155183,1013.1346,1013.676,120,8720.491666666667,78.31009205847646,8597,8888,0,,,,
P4,2025-09-20,9,120,30.246422396666667,0.18509084543465756,30.100116,30.737618,120,57.560041840000004,0.5315033542102208,56.300676,58.72639,120,1013.9518965000001,0.1491227985469647,1013.64136,1014.1262,120,8962.141666666666,46.28452303771975,8865,9048,0,,,,
P4,2025-09-20,10,120,30.285068338333335,0.18478574492008057,30.11711,30.762618,120,56.531168693333335,0.47841290305929857,55.58485,57.79364,120,1014.009673,0.03576450694910084,1013.9279,1014.0799,120,8969.875,28.040955191777744,8910,9025,0,,,,
P4,2025-09-20,11,120,30.2579085,0.1863616001659463,30.100508,30.754804,120,56.17739125833334,0.4289356813983092,55.31741,57.33236,120,1013.9362293333332,0.10863398400228286,1013.66376,1014.10816,120,9000.05,26.702799400031584,8925,9048,0,,,,
P4,2025-09-20,12,120,30.209998245,0.190017134314188,30.021798,30.726094,120,55.97890434333333,0.39336417200724116,54.95938,56.825128,120,1013.4413006666667,0.1692284548840513,1013.16132,1013.6779,120,9052.583333333334,20.0334104688639,9009,9095,0,,,,
P4,2025-09-20,13,120,30.267202035,0.20384415268109904,30.034686,30.882928,120,56.619923068333335,0.8926449146717866,55.08839,58.70649,120,1013.1534021666666,0.0597457528490913,1013.0224,1013.38008,120,8879.866666666667,119.38166556397728,8690,9040,0,,,,
P4,2025-09-20,14,120,30.44911129666667,0.1941889698628652,30.207344,30.96203,120,55.87670814166667,0.7054203624712724,54.375116,57.41697,120,1013.3127418333333,0.1273651710237461,1013.11468,1013.6253,120,8767.075,55.76257630316506,8661,8873,0,,,,
P4,2025-09-20,15,120,30.470747043333333,0.18798829398826392,30.27961,30.96418,120,54.63695205,0.4157973886693565,53.72616,55.734432,120,1013.4736095000001,0.08704303712717133,1013.3429,1013.644,120,8793.65,97.10036824134598,8562,8918,0,,,,
P4,2025-09-20,16,120,30.501427285,0.22536101824435095,30.143868,31.101094,120,57.220028835,1.2455651971163109,54.11268,60.485928,120,1013.9379123333333,0.16492592336012538,1013.62368,1014.2261,120,8705.008333333333,114.96660061819172,8493,8918,0,,,,
P4,2025-09-20,17,120,30.313933738333333,0.21111195694388052,30.015156,30.963006,120,57.90314641166666,0.5006350937102888,56.66904,59.372492,120,1014.1898598333333,0.05807150958242116,1014.0938,1014.35848,120,8695.016666666666,40.623912181085146,8590,8784,0,,,,
P4,2025-09-20,18,120,30.00640771666667,0.188873482473698,29.830782,30.548358,120,56.433461941666664,0.5245011090019208,55.345916,57.96434,120,1014.4469773333333,0.12625870530432287,1014.25884,1014.62648,120,8908.641666666666,63.020710992542234,8747,9025,0,,,,
P4,2025-09-20,19,120,29.931287479999998,0.185404534097416,29.755782,30.418086,120,55.20499033333333,0.540238517284554,53.97314,56.437184,120,1014.9132846666668,0.2478550177830493,1014.5867,1015.3359,120,9103.725,53.04951904200541,8994,9182,0,,,,
P4,2025-09-20,20,120,29.91670235666667,0.18813504077892795,29.73957,30.41457,120,54.20146754666666,0.37964980614641963,53.292116,55.018068,120,1015.629575,0.1348936737650329,1015.3443,1015.8917,120,9183.708333333334,25.40938615476418,9127,9239,0,,,,
P4,2025-09-20,21,120,29.86001943,0.19248124481678536,29.647382,30.363398,120,53.11249559666667,0.5680202305620929,51.826684,54.30892,120,1015.873094,0.044623401224057765,1015.7912,1015.9821,120,9278.025,63.03853196740099,9143,9396,0,,,,
P4,2025-09-20,22,120,29.831017191666668,0.18403726541054266,29.653436,30.29992,120,51.61306527666667,0.42420236177288156,50.719672,52.51116,120,1015.8445836666667,0.058847960374525436,1015.7219,1015.95932,120,9356.233333333334,22.13508312073615,9296,9396,0,,,,
P4,2025-09-20,23,120,29.69431803666667,0.18671231466514276,29.540156,30.21711,120,51.441915906666665,0.30820978817470573,50.54876,52.07126,120,1015.7014211666667,0.0956316740643761,1015.50664,1015.82384,120,9313.791666666666,32.24066429485717,9231,9396,0,,,,
P4,2025-09-21,0,120,29.724746013333334,0.19055055872067658,29.530586,30.231172,120,51.458690686666664,0.30744323370891813,50.77347,52.126444,120,1015.4087035,0.07389317684510706,1015.2699,1015.5351,120,9228.808333333332,33.850461023222216,9158,9312,0,,,,
P4,2025-09-21,1,120,29.673206321666665,0.1863333946616254,29.511836,30.17082,120,51.809423413333334,0.34306282001900035,51.07188,52.528484,120,1015.152812,0.06988654336756085,1015.06744,1015.31272,120,9211.258333333333,24.39193138164084,9135,9255,0,,,,
P4,2025-09-21,2,120,29.687997958333334,0.18583854291072452,29.531172,30.191522,120,51.77256973333333,0.3184643475370522,51.148956,52.51674,120,1015.3880006666666,0.13197484916830746,1015.1607,1015.63352,120,9181.291666666666,18.186427589259694,9135,9231,0,,,,
P4,2025-09-21,3,120,29.641717173333333,0.185876370221628,29.474922,30.130586,120,51.980599409999996,0.2882530666780254,51.471444,52.617784,120,1015.5790631666666,0.02626734177011056,1015.5242,1015.64136,120,9165.9,28.450576340688997,9087,9215,0,,,,
P4,2025-09-21,4,120,29.645691731666666,0.18917650692141075,29.489374,30.140742,120,52.16529991,0.30916873876078754,51.423304,52.806268,120,1015.7507698333334,0.05381332789171709,1015.5948,1015.9099,120,9122.783333333333,20.022333468778882,9064,9166,0,,,,
P4,2025-09-21,5,120,29.62117509,0.18631588533003102,29.46711,30.120821,120,51.751177,0.3574669754779564,50.966712,52.63344,120,1016.0638466666666,0.10741847332886327,1015.85692,1016.2343,120,9213.8,56.31806432884826,9103,9296,0,,,,
P4,2025-09-21,6,120,29.560878818333332,0.18483431253992041,29.40754,30.052462,120,51.106969029999995,0.3006302594450811,50.496756,51.8228,120,1016.4125066666667,0.12014883434920338,1016.14548,1016.56664,120,9287.516666666666,18.044288806806772,9255,9329,0,,,,
P4,2025-09-21,7,120,28.99251458666667,0.7454806927625328,27.803438,30.074532,120,50.03530340666667,0.8852699425781796,48.21463,52.31936,120,1016.7375333333333,0.11529369058162289,1016.5004,1016.92976,120,9396.325,133.88551251791796,9239,9619,0,,,,
P4,2025-09-21,8,120,27.640532221666668,0.24744161950903432,27.238204,28.364962,120,48.8100521,0.41987567169606316,47.96899,49.910664,120,1016.7825921666666,0.04979343774373472,1016.6456,1016.92848,120,9144.125,334.69819749045706,8535,9514,0,,,,
P4,2025-09-21,9,120,27.27199856,0.21690653926461892,26.943866,28.00168,120,49.51473023333333,0.49889743653639973,48.68318,51.384664,120,1016.6252286666667,0.04949672541469584,1016.49052,1016.7144,120,8425.166666666666,95.9357569824037,8107,8604,0,,,,
P4,2025-09-21,10,120,27.08335780166667,0.39102694429966733,26.0346868,28.032148,120,52.265888016666665,2.761164811315594,49.142896,56.864532,120,1016.5932329999999,0.06599150608185776,1016.4027,1016.7706,120,8137.533333333334,194.47044809449358,7755,8392,0,,,,
P4,2025-09-21,11,120,26.818131243333333,0.6983933517008588,24.988204,27.893282,120,52.25879277,2.6498889768489025,48.793484,59.62454,120,1016.0605618333334,0.27662033243423767,1015.60884,1016.51084,120,8136.316666666667,181.96074853001232,7801,8597,0,,,,
P4,2025-09-21,12,120,27.124173146666667,0.23730023257455804,26.733906,27.873164,120,52.95300739666666,1.5707544460210734,50.947876,56.64274,120,1015.4226018333334,0.07340267002201417,1015.3303,1015.6429,120,7995.191666666667,118.99546604125493,7710,8215,0,,,,
P4,2025-09-21,13,120,27.230633005,0.2821212970191236,26.53957,27.919452,120,50.83472587333333,0.8105846257980451,49.62829,53.267964,120,1015.079796,0.1488585827256659,1014.85268,1015.34936,120,8059.475,63.600111318015394,7918,8196,0,,,,
P4,2025-09-21,14,120,27.248577358333332,0.3126014231594368,26.714766,28.020624,120,51.28195939333333,1.1761133737123102,49.329456,53.82927,120,1014.8044451666667,0.1090516011232375,1014.6344,1015.0542,120,7829.625,174.51782613433892,7522,8101,0,,,,
P4,2025-09-21,15,120,26.852529193333332,0.2714813260080841,26.403242,27.950312,120,51.038787363333334,0.5328485338847676,50.25084,53.029824,120,1014.8122920000001,0.05316477720694981,1014.70904,1014.9244,120,7853.091666666666,72.03080524860236,7604,7996,0,,,,
P4,2025-09-21,16,120,26.985637988333334,0.2870338222919581,26.552656,27.812228,120,51.51832645,0.689841531331033,50.428796,53.1378836,120,1015.151567,0.12246015462152078,1014.9101,1015.308,120,7939.516666666666,63.15380496242863,7795,8095,0,,,,
P4,2025-09-21,17,120,27.222042533333333,0.3197571606855023,26.497968,27.910664,120,50.804394503333334,0.6787392406343437,49.69311,52.77331,120,1015.3579218333333,0.06473212930744397,1015.2488,1015.57448,120,8084.083333333333,61.992759584457716,7948,8234,0,,,,
P4,2025-09-21,18,120,27.9955436,0.8116834893736711,26.467696,29.27961,120,51.54954846666667,0.6792642554554612,50.222176,52.76623,120,1015.5209283333334,0.08158649301555294,1015.2699,1015.7141,120,8155.791666666667,84.60952285968388,7972,8365,0,,,,
P4,2025-09-21,19,120,28.89870277,0.1912577417382493,28.7137884,29.410272,120,52.33631172333333,0.3758569225218269,51.468156,53.19105,120,1015.9768655,0.1844926132651386,1015.6893,1016.29128,120,8512.241666666667,99.30269452565763,8280,8697,0,,,,
P4,2025-09-21,20,120,29.08541488666667,0.18830713003493385,28.878046,29.576876,120,52.461002613333335,0.31358769084252736,51.80444,53.12255,120,1016.5622989999999,0.1688807698521073,1016.28328,1016.88056,120,8782.1,63.750221617676466,8611,8888,0,,,,
P4,2025-09-21,21,120,29.202555201666666,0.19112947460945692,29.014962,29.730782,120,52.6484822,0.2935904384631377,52.134952,53.287576,120,1016.818142,0.05228180308459366,1016.72312,1016.9236,120,8936.475,57.66229744138067,8813,9056,0,,,,
P4,2025-09-21,22,120,29.32736645,0.18780862552004635,29.142108,29.837422,120,52.553104139999995,0.35075551388550624,51.7937668,53.392648,120,1016.7675588333333,0.05853114084875796,1016.6367,1016.89016,120,9067.1,32.017432226625715,8994,9127,0,,,,
P4,2025-09-21,23,120,29.38519022166667,0.18646692010141377,29.218086,29.875898,120,52.31827165333333,0.3375310007145768,51.536684,53.02347,120,1016.5959230000001,0.06230615360838247,1016.5031,1016.7598,120,9119.741666666667,28.759067502016528,9056,9182,0,,,,
P4,2025-09-22,0,120,29.445525685,0.1899653518140081,29.28332,29.951094,120,52.52870738,0.3006984463853402,51.802764,53.14736,120,1016.441458,0.1479392967355472,1016.2351,1016.7595,120,9131.95,21.757197205800434,9072,9166,0,,,,
P4,2025-09-22,1,120,29.458637666666668,0.18462778884373818,29.311446,29.945626,120,52.71875751333334,0.29902806459205095,52.02121,53.24426,120,1016.1929266666666,0.06377438063817165,1016.0334,1016.3066,120,9151.766666666666,22.093283261346443,9095,9198,0,,,,
P4,2025-09-22,2,120,29.40890777166667,0.18454142316140837,29.263788,29.90246,120,53.57922480333333,0.38021869156581456,52.606472,54.393516,120,1015.735454,0.138907349875596,1015.4794,1016.04664,120,9052.591666666667,50.77392565688344,8948,9150,0,,,,
P4,2025-09-22,3,120,29.391635706666666,0.18534376535482885,29.266914,29.872186,120,54.60750947166667,0.49109416367761893,53.479584,55.726852,120,1015.3622899999999,0.05283896162440228,1015.2681,1015.4966,120,8940.575,28.45360738305873,8865,9002,0,,,,
P4,2025-09-22,4,120,29.378834586666667,0.18364281576428337,29.2374216,29.85422,120,55.432945591666666,0.3349165646887301,54.791636,56.115976,120,1015.4112763333334,0.06369110767228181,1015.3049,1015.527,120,8859.283333333333,38.878216089147344,8755,8918,0,,,,
P4,2025-09-22,5,120,29.409785006666667,0.19148153816100744,29.260664,29.901094,120,55.64061613666667,0.31121526336044825,54.89062,56.202804,120,1015.5335415000001,0.0692203307755779,1015.39688,1015.6423,120,8785.85,19.16344997974119,8733,8821,0,,,,
P4,2025-09-22,6,120,29.511109953333335,0.2006432275136458,29.299726,30.100116,120,55.660332939999996,0.33961934461899546,54.9337,56.39532,120,1015.8694216666667,0.15139122205350702,1015.62632,1016.0848,120,8712.166666666666,34.202887816879986,8611,8784,0,,,,
P4,2025-09-22,7,120,29.59691073,0.2265548035404433,29.25871,30.234492,120,55.14853221333333,1.4340030740911427,51.376776,56.73102,120,1016.1651101666666,0.1216264464551337,1015.96312,1016.39868,120,8585.233333333334,57.43783388938659,8446,8661,0,,,,
P4,2025-09-22,8,120,28.987565073333332,0.7858413569901269,27.33039,30.01457,120,52.311002296666665,0.8260268358308362,49.923392,53.93429,120,1016.398674,0.04027535632012563,1016.32984,1016.5418,120,8574.491666666667,118.59074430938901,8398,8888,0,,,,
P4,2025-09-22,9,120,27.196145876666666,0.23359867174247598,26.876484,27.856952,120,51.92244217333334,0.4962762990913095,50.560864,52.696828,120,1016.3842111666667,0.03401031448058503,1016.2943,1016.49336,120,8750.716666666667,126.04962230373154,8432,8910,0,,,,
P4,2025-09-22,10,120,27.028694578333333,0.19647410419684316,26.794844,27.596992,120,52.58940197333333,0.46744954782198467,51.248304,53.52997,120,1015.9532133333333,0.2220236697555889,1015.61668,1016.4096,120,7672.516666666666,424.785105994208,6988,8521,0,,,,
P4,2025-09-22,11,120,26.909021796666664,0.1996574489057129,26.695428,27.497186,120,53.281721739999995,0.3072581410505982,52.662292,54.095496,120,1015.3983575,0.179788874345014,1015.1287,1015.6816,120,8435.258333333333,160.15389110956798,8064,8711,0,,,,
P4,2025-09-22,12,120,26.727441285,0.217667033558719,26.454218,27.366718,120,54.19249485333333,0.44574580610197506,53.14024,55.133188,120,1014.6831055,0.24576455811049305,1014.20708,1015.1294,120,8878.991666666667,91.55018790129158,8668,9025,0,,,,
P4,2025-09-22,13,120,26.689285313333336,0.20250261509171652,26.440156,27.281758,120,54.14391561833334,0.5023469360863289,52.86729,55.13336,120,1013.9063155,0.15910731006909518,1013.6523,1014.2396,120,8244.4,757.6100569021847,7149,9002,0,,,,
P4,2025-09-22,14,121,26.754005623140493,0.18587941309002298,26.552656,27.298164,121,53.94776574214876,0.4228343619054794,53.056944,54.8993,121,1013.564674214876,0.05289799885562184,1013.48192,1013.7224,121,6956.628099173554,481.67676112083365,6220,7598,0,,,,
P4,2025-09-22,15,120,26.773142843333336,0.19982735093130824,26.512618,27.310468,120,53.971673886666665,0.3876460835264679,53.222044,54.92566,120,1013.7338328333334,0.1125365996950611,1013.5538,1014.0071,120,7842.3,328.76746143357724,7233,8221,0,,,,
P4,2025-09-22,16,120,26.851230443333336,0.18957642508403613,26.646406,27.3966,120,54.22641419333333,0.319673573585895,53.581264,54.983432,120,1013.8865183333332,0.05324010017008508,1013.7888,1013.99384,120,7114.691666666667,411.5738351483383,6549,8095,0,,,,
P4,2025-09-22,17,120,26.840574398333334,0.20606987100960555,26.60207,27.46203,120,54.84956795833333,0.47546271951536756,53.839096,55.842016,120,1014.1635476666667,0.07519487561601035,1013.9501,1014.3709,120,7363.675,145.73200697562189,7140,7704,0,,,,
P4,2025-09-22,18,3,26.705519999999996,0.03532932645834109,26.672382,26.742694,3,55.487628666666666,0.44081982190610847,55.066756,55.946,3,1014.2313333333333,0.02609341168442352,1014.20952,1014.26024,3,7538.333333333333,21.501937897160182,7517,7560,0,,,,
