timestamp,device_id,temperature,humidity,pressure,gas_resistance,co2,absolute_humidity,date,hour,dow,is_daytime,is_night,temperature_rollmean_30,humidity_rollmean_30,pressure_rollmean_30,gas_resistance_rollmean_30,co2_rollmean_30,temperature_is_outlier,humidity_is_outlier,pressure_is_outlier,gas_resistance_is_outlier,co2_is_outlier
2025-09-15 22:30:32,P1,27.75,69.6,1014.25,119472,,18.65,2025-09-15,22,0,0,1,,,,,,0,0,0,0,0
2025-09-15 22:31:02,P1,27.75,69.57,1014.26,119302,,18.65,2025-09-15,22,0,0,1,,,,,,0,0,0,0,0
2025-09-15 22:31:33,P1,27.76,69.59,1014.25,119302,,18.66,2025-09-15,22,0,0,1,,,,,,0,0,0,0,0
2025-09-15 22:32:03,P1,27.77,69.63,1014.26,119728,,18.68,2025-09-15,22,0,0,1,,,,,,0,0,0,0,0
2025-09-15 22:32:33,P1,27.77,69.63,1014.26,119557,,18.69,2025-09-15,22,0,0,1,,,,,,0,0,0,0,0
2025-09-15 22:33:03,P1,27.78,69.58,1014.26,120244,,18.68,2025-09-15,22,0,0,1,27.763333333333335,69.6,1014.2566666666667,119600.83333333333,,0,0,0,0,0
2025-09-15 22:33:33,P1,27.79,69.54,1014.27,119387,,18.68,2025-09-15,22,0,0,1,27.767142857142858,69.59142857142857,1014.2585714285714,119570.28571428571,,0,0,0,0,0
2025-09-15 22:34:04,P1,27.8,69.53,1014.28,119814,,18.69,2025-09-15,22,0,0,1,27.771250000000002,69.58375,1014.26125,119600.75,,0,0,0,0,0
2025-09-15 22:34:34,P1,27.81,69.5,1014.27,118710,,18.69,2025-09-15,22,0,0,1,27.775555555555556,69.57444444444444,1014.2622222222222,119501.77777777778,,0,0,0,0,0
2025-09-15 22:35:04,P1,27.82,69.44,1014.26,119728,,18.68,2025-09-15,22,0,0,1,27.78,69.561,1014.262,119524.4,,0,0,0,0,0
2025-09-15 22:35:34,P1,27.83,69.45,1014.25,119814,,18.7,2025-09-15,22,0,0,1,27.784545454545455,69.55090909090909,1014.260909090909,119550.72727272728,,0,0,0,0,0
2025-09-15 22:36:04,P1,27.85,69.41,1014.24,119302,,18.7,2025-09-15,22,0,0,1,27.790000000000003,69.53916666666667,1014.2591666666667,119530.0,,0,0,0,0,0
2025-09-15 22:36:35,P1,27.86,69.36,1014.24,119472,,18.7,2025-09-15,22,0,0,1,27.795384615384613,69.52538461538461,1014.2576923076923,119525.53846153847,,0,0,0,0,0
2025-09-15 22:37:05,P1,27.87,69.39,1014.24,119728,,18.72,2025-09-15,22,0,0,1,27.800714285714285,69.51571428571428,1014.2564285714286,119540.0,,0,0,0,0,0
2025-09-15 22:37:35,P1,27.88,69.41,1014.22,119643,,18.74,2025-09-15,22,0,0,1,27.805999999999997,69.50866666666666,1014.254,119546.86666666667,,0,0,0,0,0
2025-09-15 22:38:05,P1,27.89,69.37,1014.21,119728,,18.74,2025-09-15,22,0,0,1,27.81125,69.5,1014.25125,119558.1875,,0,0,0,0,0
2025-09-15 22:38:35,P1,27.9,69.3,1014.2,119557,,18.73,2025-09-15,22,0,0,1,27.816470588235294,69.48823529411764,1014.2482352941178,119558.11764705883,,0,0,0,0,0
2025-09-15 22:39:06,P1,27.92,69.38,1014.19,119048,,18.76,2025-09-15,22,0,0,1,27.822222222222223,69.48222222222222,1014.245,119529.77777777778,,0,0,0,0,0
2025-09-15 22:39:36,P1,27.93,69.28,1014.18,119217,,18.75,2025-09-15,22,0,0,1,27.827894736842108,69.47157894736843,1014.2415789473685,119513.31578947368,,0,0,0,0,0
2025-09-15 22:40:06,P1,27.94,69.3,1014.18,120158,,18.76,2025-09-15,22,0,0,1,27.833499999999997,69.463,1014.2385,119545.55,,0,0,0,0,0
2025-09-15 22:40:36,P1,27.95,69.31,1014.17,119557,,18.78,2025-09-15,22,0,0,1,27.83904761904762,69.45571428571428,1014.2352380952381,119546.09523809524,,0,0,0,0,0
2025-09-15 22:41:06,P1,27.96,69.34,1014.17,119986,,18.8,2025-09-15,22,0,0,1,27.844545454545457,69.45045454545455,1014.2322727272727,119566.09090909091,,0,0,0,0,0
2025-09-15 22:41:37,P1,27.97,69.31,1014.16,120072,,18.8,2025-09-15,22,0,0,1,27.849999999999998,69.44434782608695,1014.2291304347826,119588.08695652174,,0,0,0,0,0
2025-09-15 22:42:07,P1,27.98,69.29,1014.15,119900,,18.81,2025-09-15,22,0,0,1,27.855416666666667,69.43791666666667,1014.2258333333333,119601.08333333333,,0,0,0,0,0
2025-09-15 22:42:37,P1,27.99,69.31,1014.13,119387,,18.82,2025-09-15,22,0,0,1,27.860799999999998,69.4328,1014.222,119592.52,,0,0,0,0,0
2025-09-15 22:43:07,P1,28.0,69.22,1014.13,119900,,18.81,2025-09-15,22,0,0,1,27.866153846153846,69.42461538461538,1014.2184615384615,119604.34615384616,,0,0,0,0,0
2025-09-15 22:43:37,P1,28.01,69.2,1014.13,119217,,18.81,2025-09-15,22,0,0,1,27.87148148148148,69.4162962962963,1014.2151851851852,119590.0,,0,0,0,0,0
2025-09-15 22:44:07,P1,28.01,69.16,1014.12,119728,,18.8,2025-09-15,22,0,0,1,27.87642857142857,69.40714285714286,1014.2117857142857,119594.92857142857,,0,0,0,0,0
2025-09-15 22:44:38,P1,28.02,69.16,1014.12,120590,,18.81,2025-09-15,22,0,0,1,27.881379310344826,69.39862068965517,1014.2086206896552,119629.24137931035,,0,0,0,0,0
2025-09-15 22:45:08,P1,28.02,69.18,1014.11,119900,,18.82,2025-09-15,22,0,0,1,27.886000000000003,69.39133333333332,1014.2053333333333,119638.26666666666,,0,0,0,0,0
2025-09-15 22:45:38,P1,28.03,69.14,1014.12,119728,,18.82,2025-09-15,22,0,0,1,27.895333333333333,69.376,1014.2009999999999,119646.8,,0,0,0,0,0
2025-09-15 22:46:08,P1,28.04,69.07,1014.12,119814,,18.81,2025-09-15,22,0,0,1,27.904999999999998,69.35933333333332,1014.1963333333334,119663.86666666667,,0,0,0,0,0
2025-09-15 22:46:38,P1,28.05,69.06,1014.11,119728,,18.81,2025-09-15,22,0,0,1,27.91466666666667,69.34166666666667,1014.1916666666667,119678.06666666667,,0,0,0,0,0
2025-09-15 22:47:09,P1,28.05,68.98,1014.11,120158,,18.79,2025-09-15,22,0,0,1,27.924,69.32,1014.1866666666666,119692.4,,0,0,0,0,0
2025-09-15 22:47:39,P1,28.06,69.01,1014.11,119728,,18.81,2025-09-15,22,0,0,1,27.933666666666667,69.29933333333334,1014.1816666666667,119698.1,,0,0,0,0,0
2025-09-15 22:48:09,P1,28.06,69.01,1014.11,120764,,18.82,2025-09-15,22,0,0,1,27.942999999999998,69.28033333333335,1014.1766666666666,119715.43333333333,,0,0,0,0,0
2025-09-15 22:48:39,P1,28.07,69.01,1014.11,120504,,18.82,2025-09-15,22,0,0,1,27.952333333333335,69.26266666666668,1014.1713333333333,119752.66666666667,,0,0,0,0,0
2025-09-15 22:49:09,P1,28.08,68.99,1014.11,120330,,18.83,2025-09-15,22,0,0,1,27.961666666666666,69.24466666666667,1014.1656666666667,119769.86666666667,,0,0,0,0,0
2025-09-15 22:49:40,P1,28.08,68.96,1014.11,119728,,18.82,2025-09-15,22,0,0,1,27.970666666666666,69.22666666666666,1014.1603333333333,119803.8,,0,0,0,0,0
2025-09-15 22:50:10,P1,28.09,68.94,1014.11,120417,,18.83,2025-09-15,22,0,0,1,27.97966666666667,69.21000000000001,1014.1553333333334,119826.76666666666,,0,0,0,0,0
2025-09-15 22:50:40,P1,28.1,68.96,1014.11,120590,,18.84,2025-09-15,22,0,0,1,27.988666666666667,69.19366666666666,1014.1506666666667,119852.63333333333,,0,0,0,0,0
2025-09-15 22:51:10,P1,28.11,68.88,1014.11,120417,,18.83,2025-09-15,22,0,0,1,27.997333333333334,69.17599999999999,1014.1463333333334,119889.8,,0,0,0,0,0
2025-09-15 22:51:40,P1,28.12,68.96,1014.11,120244,,18.86,2025-09-15,22,0,0,1,28.005999999999997,69.16266666666667,1014.142,119915.53333333334,,0,0,0,0,0
2025-09-15 22:52:11,P1,28.12,69.01,1014.11,120417,,18.88,2025-09-15,22,0,0,1,28.014333333333333,69.15,1014.1376666666667,119938.5,,0,0,0,0,0
2025-09-15 22:52:41,P1,28.13,68.96,1014.11,120504,,18.87,2025-09-15,22,0,0,1,28.022666666666666,69.135,1014.134,119967.2,,0,0,0,0,0
2025-09-15 22:53:11,P1,28.14,68.88,1014.11,120590,,18.86,2025-09-15,22,0,0,1,28.031,69.11866666666667,1014.1306666666666,119995.93333333333,,0,0,0,0,0
2025-09-15 22:53:41,P1,28.15,68.93,1014.11,120504,,18.88,2025-09-15,22,0,0,1,28.03933333333333,69.10633333333334,1014.1276666666666,120027.5,,0,0,0,0,0
2025-09-15 22:54:11,P1,28.16,68.88,1014.11,121201,,18.88,2025-09-15,22,0,0,1,28.047333333333334,69.08966666666667,1014.125,120099.26666666666,,0,0,0,0,0
2025-09-15 22:54:41,P1,28.16,68.91,1014.11,119302,,18.89,2025-09-15,22,0,0,1,28.055,69.07733333333333,1014.1226666666666,120102.1,,0,0,0,0,0
2025-09-15 22:55:12,P1,28.17,68.9,1014.11,120504,,18.9,2025-09-15,22,0,0,1,28.062666666666665,69.06400000000001,1014.1203333333334,120113.63333333333,,0,0,0,0,0
2025-09-15 22:55:42,P1,28.18,68.93,1014.11,119900,,18.91,2025-09-15,22,0,0,1,28.070333333333334,69.05133333333333,1014.1183333333335,120125.06666666667,,0,0,0,0,0
2025-09-15 22:56:12,P1,28.19,68.96,1014.11,120590,,18.93,2025-09-15,22,0,0,1,28.077999999999996,69.03866666666666,1014.1163333333333,120145.2,,0,0,0,0,0
2025-09-15 22:56:42,P1,28.19,69.01,1014.11,120590,,18.95,2025-09-15,22,0,0,1,28.085333333333335,69.02866666666667,1014.1146666666666,120162.46666666666,,0,0,0,0,0
2025-09-15 22:57:12,P1,28.19,68.99,1014.12,120504,,18.95,2025-09-15,22,0,0,1,28.092333333333332,69.01866666666666,1014.1136666666667,120182.6,,0,0,0,0,0
2025-09-15 22:57:43,P1,28.2,68.97,1014.12,119643,,18.95,2025-09-15,22,0,0,1,28.099333333333334,69.00733333333334,1014.1133333333333,120191.13333333333,,0,0,0,0,0
2025-09-15 22:58:13,P1,28.21,68.88,1014.12,119728,,18.93,2025-09-15,22,0,0,1,28.106333333333335,68.99600000000001,1014.1129999999999,120185.4,,0,0,0,0,0
2025-09-15 22:58:43,P1,28.21,68.85,1014.12,120417,,18.92,2025-09-15,22,0,0,1,28.113,68.98433333333332,1014.1126666666665,120225.4,,0,0,0,0,0
2025-09-15 22:59:13,P1,28.22,68.86,1014.12,121026,,18.93,2025-09-15,22,0,0,1,28.12,68.97433333333333,1014.1126666666667,120268.66666666667,,0,0,0,0,0
2025-09-15 22:59:43,P1,28.22,68.77,1014.11,120417,,18.92,2025-09-15,22,0,0,1,28.126666666666665,68.96133333333334,1014.1123333333334,120262.9,,0,0,0,0,0
2025-09-15 23:00:14,P1,28.23,68.75,1014.1,120244,,18.92,2025-09-15,23,0,0,1,28.133666666666667,68.94699999999999,1014.112,120274.36666666667,,0,0,0,0,0
2025-09-15 23:00:44,P1,28.24,68.8,1014.1,121026,,18.94,2025-09-15,23,0,0,1,28.140666666666668,68.93566666666668,1014.1113333333334,120317.63333333333,,0,0,0,0,0
2025-09-15 23:01:14,P1,28.24,68.69,1014.1,120158,,18.92,2025-09-15,23,0,0,1,28.147333333333336,68.923,1014.1106666666667,120329.1,,0,0,0,0,0
2025-09-15 23:01:44,P1,28.25,68.67,1014.09,120939,,18.92,2025-09-15,23,0,0,1,28.154,68.91000000000001,1014.1100000000001,120369.46666666666,,0,0,0,0,0
2025-09-15 23:02:14,P1,28.26,68.67,1014.08,120590,,18.92,2025-09-15,23,0,0,1,28.161,68.89966666666666,1014.109,120383.86666666667,,0,0,0,0,0
2025-09-15 23:02:45,P1,28.26,68.69,1014.08,120590,,18.93,2025-09-15,23,0,0,1,28.167666666666666,68.889,1014.1080000000001,120412.6,,0,0,0,0,0
2025-09-15 23:03:15,P1,28.27,68.75,1014.08,120939,,18.96,2025-09-15,23,0,0,1,28.174666666666667,68.88033333333333,1014.107,120418.43333333333,,0,0,0,0,0
2025-09-15 23:03:45,P1,28.27,68.64,1014.08,121465,,18.93,2025-09-15,23,0,0,1,28.18133333333333,68.868,1014.106,120450.46666666666,,0,0,0,0,0
2025-09-15 23:04:15,P1,28.27,68.65,1014.07,120590,,18.93,2025-09-15,23,0,0,1,28.187666666666665,68.85666666666665,1014.1046666666666,120459.13333333333,,0,0,0,0,0
2025-09-15 23:04:45,P1,28.27,68.62,1014.06,120590,,18.93,2025-09-15,23,0,0,1,28.194,68.84533333333334,1014.1030000000002,120487.86666666667,,0,0,0,0,0
2025-09-15 23:05:16,P1,28.27,68.69,1014.06,120851,,18.95,2025-09-15,23,0,0,1,28.200000000000003,68.83699999999999,1014.1013333333334,120502.33333333333,,0,0,0,0,0
2025-09-15 23:05:46,P1,28.28,68.68,1014.06,121114,,18.95,2025-09-15,23,0,0,1,28.206000000000003,68.82766666666666,1014.0996666666667,120519.8,,0,0,0,0,0
2025-09-15 23:06:16,P1,28.28,68.64,1014.06,120764,,18.94,2025-09-15,23,0,0,1,28.211666666666666,68.81966666666668,1014.098,120531.36666666667,,0,0,0,0,0
2025-09-15 23:06:46,P1,28.29,68.63,1014.06,120764,,18.95,2025-09-15,23,0,0,1,28.217333333333332,68.80866666666665,1014.0963333333333,120548.7,,0,0,0,0,0
2025-09-15 23:07:16,P1,28.3,68.68,1014.05,121201,,18.97,2025-09-15,23,0,0,1,28.223333333333336,68.79766666666666,1014.0943333333332,120574.83333333333,,0,0,0,0,0
2025-09-15 23:07:46,P1,28.31,68.65,1014.05,121201,,18.97,2025-09-15,23,0,0,1,28.229333333333333,68.78733333333334,1014.0923333333333,120598.06666666667,,0,0,0,0,0
2025-09-15 23:08:17,P1,28.32,68.65,1014.05,121114,,18.98,2025-09-15,23,0,0,1,28.235333333333337,68.77966666666666,1014.0903333333334,120615.53333333334,,0,0,0,0,0
2025-09-15 23:08:47,P1,28.32,68.61,1014.05,120939,,18.98,2025-09-15,23,0,0,1,28.241,68.769,1014.0883333333334,120630.03333333334,,0,0,0,0,0
2025-09-15 23:09:17,P1,28.33,68.64,1014.05,120677,,18.99,2025-09-15,23,0,0,1,28.246666666666666,68.761,1014.0863333333333,120612.56666666667,,0,0,0,0,0
2025-09-15 23:09:47,P1,28.33,68.63,1014.05,120764,,18.99,2025-09-15,23,0,0,1,28.252333333333336,68.75166666666668,1014.0843333333333,120661.3,,0,0,0,0,0
2025-09-15 23:10:17,P1,28.34,68.6,1014.05,120939,,18.99,2025-09-15,23,0,0,1,28.258,68.74166666666666,1014.0823333333333,120675.8,,0,0,0,0,0
2025-09-15 23:10:48,P1,28.35,68.6,1014.06,120764,,19.0,2025-09-15,23,0,0,1,28.263666666666666,68.73066666666666,1014.0806666666666,120704.6,,0,0,0,0,0
2025-09-15 23:11:18,P1,28.35,68.64,1014.06,120590,,19.01,2025-09-15,23,0,0,1,28.269000000000002,68.72,1014.0790000000001,120704.6,,0,0,0,0,0
2025-09-15 23:11:48,P1,28.36,68.6,1014.06,120590,,19.01,2025-09-15,23,0,0,1,28.27466666666667,68.70633333333333,1014.0773333333333,120704.6,,0,0,0,0,0
2025-09-15 23:12:18,P1,28.37,68.52,1014.06,119986,,19.0,2025-09-15,23,0,0,1,28.28066666666667,68.69066666666667,1014.0753333333333,120687.33333333333,,0,0,0,0,0
2025-09-15 23:12:48,P1,28.37,68.53,1014.07,120764,,19.01,2025-09-15,23,0,0,1,28.286333333333335,68.676,1014.0736666666667,120724.7,,0,0,0,0,0
2025-09-15 23:13:19,P1,28.38,68.55,1014.06,121289,,19.02,2025-09-15,23,0,0,1,28.291999999999998,68.66499999999999,1014.0716666666667,120776.73333333334,,0,0,0,0,0
2025-09-15 23:13:49,P1,28.38,68.58,1014.06,122174,,19.03,2025-09-15,23,0,0,1,28.297666666666668,68.65599999999999,1014.0696666666666,120835.3,,0,0,0,0,0
2025-09-15 23:14:19,P1,28.39,68.57,1014.06,120764,,19.03,2025-09-15,23,0,0,1,28.303333333333335,68.64633333333333,1014.0676666666666,120826.56666666667,,0,0,0,0,0
2025-09-15 23:14:49,P1,28.39,68.56,1014.07,121026,,19.03,2025-09-15,23,0,0,1,28.309,68.63933333333334,1014.0663333333333,120846.86666666667,,0,0,0,0,0
2025-09-15 23:15:19,P1,28.4,68.5,1014.07,121114,,19.02,2025-09-15,23,0,0,1,28.314666666666664,68.63100000000001,1014.0653333333333,120875.86666666667,,0,0,0,0,0
2025-09-15 23:15:50,P1,28.4,68.46,1014.07,120677,,19.01,2025-09-15,23,0,0,1,28.319999999999997,68.61966666666666,1014.0643333333334,120864.23333333334,,0,0,0,0,0
2025-09-15 23:16:20,P1,28.41,68.49,1014.07,121553,,19.03,2025-09-15,23,0,0,1,28.325666666666667,68.613,1014.0633333333333,120910.73333333334,,0,0,0,0,0
2025-09-15 23:16:50,P1,28.41,68.52,1014.07,121465,,19.04,2025-09-15,23,0,0,1,28.331,68.60799999999999,1014.0626666666666,120928.26666666666,,0,0,0,0,0
2025-09-15 23:17:20,P1,28.41,68.61,1014.07,120939,,19.07,2025-09-15,23,0,0,1,28.336,68.606,1014.0623333333333,120939.9,,0,0,0,0,0
2025-09-15 23:17:50,P1,28.41,68.53,1014.08,121289,,19.05,2025-09-15,23,0,0,1,28.341,68.60066666666667,1014.0623333333333,120963.2,,0,0,0,0,0
2025-09-15 23:18:21,P1,28.41,68.51,1014.08,121377,,19.04,2025-09-15,23,0,0,1,28.345666666666666,68.59266666666666,1014.0623333333333,120977.8,,0,0,0,0,0
2025-09-15 23:18:51,P1,28.41,68.57,1014.08,121026,,19.06,2025-09-15,23,0,0,1,28.35033333333333,68.59033333333333,1014.0623333333333,120963.16666666667,,0,0,0,0,0
2025-09-15 23:19:21,P1,28.42,68.61,1014.08,121201,,19.08,2025-09-15,23,0,0,1,28.355333333333338,68.589,1014.0626666666667,120983.53333333334,,0,0,0,0,0
2025-09-15 23:19:51,P1,28.43,68.62,1014.08,121377,,19.09,2025-09-15,23,0,0,1,28.360666666666667,68.589,1014.0633333333333,121009.76666666666,,0,0,0,0,0
2025-09-15 23:20:21,P1,28.43,68.52,1014.07,120764,,19.07,2025-09-15,23,0,0,1,28.365999999999996,68.58333333333333,1014.0636666666667,121006.86666666667,,0,0,0,0,0
2025-09-15 23:20:51,P1,28.44,68.52,1014.07,120939,,19.07,2025-09-15,23,0,0,1,28.371333333333332,68.57799999999999,1014.064,121001.03333333334,,0,0,0,0,0
2025-09-15 23:21:22,P1,28.45,68.48,1014.07,120939,,19.07,2025-09-15,23,0,0,1,28.377,68.57266666666666,1014.0643333333334,121006.86666666667,,0,0,0,0,0
2025-09-15 23:21:52,P1,28.45,68.52,1014.06,121641,,19.08,2025-09-15,23,0,0,1,28.382333333333335,68.56899999999999,1014.0643333333334,121036.1,,0,0,0,0,0
2025-09-15 23:22:22,P1,28.45,68.51,1014.07,120939,,19.08,2025-09-15,23,0,0,1,28.387333333333334,68.56333333333333,1014.065,121027.36666666667,,0,0,0,0,0
2025-09-15 23:22:52,P1,28.45,68.46,1014.05,121641,,19.07,2025-09-15,23,0,0,1,28.392,68.557,1014.065,121042.03333333334,,0,0,0,0,0
2025-09-15 23:23:22,P1,28.46,68.54,1014.05,121641,,19.1,2025-09-15,23,0,0,1,28.396666666666665,68.55333333333333,1014.0649999999999,121059.6,,0,0,0,0,0
2025-09-15 23:23:53,P1,28.46,68.52,1014.05,121114,,19.1,2025-09-15,23,0,0,1,28.401333333333337,68.55033333333334,1014.065,121065.43333333333,,0,0,0,0,0
2025-09-15 23:24:23,P1,28.47,68.48,1014.05,121026,,19.09,2025-09-15,23,0,0,1,28.406,68.545,1014.065,121077.06666666667,,0,0,0,0,0
2025-09-15 23:24:53,P1,28.47,68.51,1014.05,121730,,19.1,2025-09-15,23,0,0,1,28.410666666666664,68.541,1014.065,121109.26666666666,,0,0,0,0,0
2025-09-15 23:25:23,P1,28.48,68.52,1014.05,121114,,19.11,2025-09-15,23,0,0,1,28.415333333333333,68.53833333333334,1014.065,121115.1,,0,0,0,0,0
2025-09-15 23:25:53,P1,28.48,68.56,1014.04,121377,,19.13,2025-09-15,23,0,0,1,28.419666666666668,68.537,1014.0643333333334,121135.53333333334,,0,0,0,0,0
2025-09-15 23:26:24,P1,28.49,68.72,1014.04,120851,,19.18,2025-09-15,23,0,0,1,28.424333333333333,68.53966666666666,1014.0636666666667,121144.23333333334,,0,0,0,0,0
2025-09-15 23:26:54,P1,28.5,68.51,1014.04,121553,,19.13,2025-09-15,23,0,0,1,28.429,68.53666666666666,1014.063,121176.33333333333,,0,0,0,0,0
2025-09-15 23:27:24,P1,28.51,68.37,1014.04,121201,,19.1,2025-09-15,23,0,0,1,28.433666666666667,68.53166666666667,1014.0623333333333,121216.83333333333,,0,0,0,0,0
2025-09-15 23:27:54,P1,28.51,68.35,1014.03,120939,,19.1,2025-09-15,23,0,0,1,28.438333333333333,68.52566666666667,1014.061,121222.66666666667,,0,0,0,0,0
2025-09-15 23:28:24,P1,28.52,68.34,1014.02,120939,,19.1,2025-09-15,23,0,0,1,28.442999999999998,68.51866666666666,1014.0596666666665,121211.0,,0,0,0,0,0
2025-09-15 23:28:55,P1,28.52,68.36,1014.03,121818,,19.11,2025-09-15,23,0,0,1,28.447666666666667,68.51133333333333,1014.0586666666667,121199.13333333333,,0,0,0,0,0
2025-09-15 23:29:25,P1,28.52,68.4,1014.03,121289,,19.12,2025-09-15,23,0,0,1,28.451999999999998,68.50566666666667,1014.0576666666667,121216.63333333333,,0,0,0,0,0
2025-09-15 23:29:55,P1,28.51,68.34,1014.02,121114,,19.1,2025-09-15,23,0,0,1,28.456000000000003,68.49833333333332,1014.056,121219.56666666667,,0,0,0,0,0
2025-09-15 23:30:25,P1,28.51,68.38,1014.03,121730,,19.1,2025-09-15,23,0,0,1,28.45966666666667,68.49433333333333,1014.0546666666667,121240.1,,0,0,0,0,0
2025-09-15 23:30:55,P1,28.51,68.39,1014.02,121996,,19.11,2025-09-15,23,0,0,1,28.463333333333335,68.492,1014.053,121284.06666666667,,0,0,0,0,0
2025-09-15 23:31:25,P1,28.51,68.42,1014.02,121818,,19.12,2025-09-15,23,0,0,1,28.466666666666665,68.48966666666666,1014.0513333333333,121292.9,,0,0,0,0,0
2025-09-15 23:31:56,P1,28.52,68.41,1014.02,121465,,19.12,2025-09-15,23,0,0,1,28.470333333333333,68.486,1014.0496666666667,121292.9,,0,0,0,0,0
2025-09-15 23:32:26,P1,28.52,68.32,1014.02,122531,,19.1,2025-09-15,23,0,0,1,28.474,68.47633333333333,1014.0480000000001,121345.96666666666,,0,0,0,0,0
2025-09-15 23:32:56,P1,28.52,68.26,1014.02,121996,,19.08,2025-09-15,23,0,0,1,28.477666666666664,68.46733333333333,1014.046,121369.53333333334,,0,0,0,0,0
2025-09-15 23:33:26,P1,28.53,68.27,1014.01,121996,,19.09,2025-09-15,23,0,0,1,28.48166666666667,68.45933333333332,1014.0436666666667,121390.16666666667,,0,0,0,0,0
2025-09-15 23:33:56,P1,28.53,68.29,1014.02,122352,,19.1,2025-09-15,23,0,0,1,28.485666666666667,68.45,1014.0416666666666,121434.36666666667,,0,0,0,0,0
2025-09-15 23:34:27,P1,28.53,68.24,1014.02,122531,,19.09,2025-09-15,23,0,0,1,28.489333333333335,68.43766666666667,1014.0396666666667,121478.7,,0,0,0,0,0
2025-09-15 23:34:57,P1,28.53,68.23,1014.02,122174,,19.09,2025-09-15,23,0,0,1,28.492666666666665,68.42466666666665,1014.0376666666667,121505.26666666666,,0,0,0,0,0
2025-09-15 23:35:27,P1,28.53,68.19,1014.02,121996,,19.08,2025-09-15,23,0,0,1,28.496000000000002,68.41366666666666,1014.0360000000001,121546.33333333333,,0,0,0,0,0
2025-09-15 23:35:57,P1,28.53,68.22,1014.02,122352,,19.09,2025-09-15,23,0,0,1,28.499000000000002,68.40366666666667,1014.0343333333333,121593.43333333333,,0,0,0,0,0
2025-09-15 23:36:27,P1,28.53,68.23,1014.02,122621,,19.09,2025-09-15,23,0,0,1,28.501666666666665,68.39533333333334,1014.0326666666666,121649.5,,0,0,0,0,0
2025-09-15 23:36:58,P1,28.54,68.28,1014.01,122442,,19.11,2025-09-15,23,0,0,1,28.504666666666665,68.38733333333333,1014.0310000000001,121676.2,,0,0,0,0,0
2025-09-15 23:37:28,P1,28.54,68.28,1014.01,121996,,19.11,2025-09-15,23,0,0,1,28.50766666666667,68.37966666666667,1014.029,121711.43333333333,,0,0,0,0,0
2025-09-15 23:37:58,P1,28.54,68.24,1014.01,123252,,19.1,2025-09-15,23,0,0,1,28.51066666666667,68.37233333333333,1014.0276666666667,121765.13333333333,,0,0,0,0,0
2025-09-15 23:38:28,P1,28.55,68.22,1014.02,122263,,19.1,2025-09-15,23,0,0,1,28.513666666666666,68.36166666666666,1014.0266666666666,121785.86666666667,,0,0,0,0,0
2025-09-15 23:38:58,P1,28.56,68.23,1014.02,122263,,19.12,2025-09-15,23,0,0,1,28.517,68.352,1014.0256666666666,121824.16666666667,,0,0,0,0,0
2025-09-15 23:39:29,P1,28.57,68.17,1014.02,122801,,19.11,2025-09-15,23,0,0,1,28.520333333333333,68.34166666666667,1014.0246666666666,121883.33333333333,,0,0,0,0,0
2025-09-15 23:39:59,P1,28.57,68.25,1014.02,121818,,19.14,2025-09-15,23,0,0,1,28.523666666666667,68.333,1014.0236666666666,121886.26666666666,,0,0,0,0,0
2025-09-15 23:40:29,P1,28.58,68.33,1014.03,121907,,19.16,2025-09-15,23,0,0,1,28.527,68.32666666666667,1014.0229999999999,121912.7,,0,0,0,0,0
2025-09-15 23:40:59,P1,28.58,68.3,1014.02,121907,,19.16,2025-09-15,23,0,0,1,28.53033333333333,68.318,1014.0223333333332,121930.36666666667,,0,0,0,0,0
2025-09-15 23:41:29,P1,28.59,68.27,1014.02,120939,,19.16,2025-09-15,23,0,0,1,28.533666666666665,68.30300000000001,1014.0216666666666,121933.3,,0,0,0,0,0
2025-09-15 23:42:00,P1,28.59,68.2,1014.01,121818,,19.14,2025-09-15,23,0,0,1,28.53666666666667,68.29266666666668,1014.0206666666668,121942.13333333333,,0,0,0,0,0
2025-09-15 23:42:30,P1,28.6,68.2,1014.0,122352,,19.15,2025-09-15,23,0,0,1,28.539666666666665,68.287,1014.0193333333334,121980.5,,0,0,0,0,0
2025-09-15 23:43:00,P1,28.6,68.26,1013.99,121730,,19.17,2025-09-15,23,0,0,1,28.542666666666666,68.284,1014.018,122006.86666666667,,0,0,0,0,0
2025-09-15 23:43:30,P1,28.61,68.22,1013.99,122442,,19.16,2025-09-15,23,0,0,1,28.545666666666666,68.28,1014.017,122056.96666666666,,0,0,0,0,0
2025-09-15 23:44:00,P1,28.61,68.2,1013.98,122621,,19.16,2025-09-15,23,0,0,1,28.54866666666667,68.27466666666666,1014.0153333333333,122083.73333333334,,0,0,0,0,0
2025-09-15 23:44:30,P1,28.61,68.19,1013.97,122352,,19.15,2025-09-15,23,0,0,1,28.55166666666667,68.26766666666666,1014.0133333333334,122119.16666666667,,0,0,0,0,0
2025-09-15 23:45:01,P1,28.6,68.19,1013.97,122263,,19.15,2025-09-15,23,0,0,1,28.554666666666666,68.26266666666666,1014.0116666666667,122157.46666666666,,0,0,0,0,0
2025-09-15 23:45:31,P1,28.6,68.3,1013.97,122801,,19.18,2025-09-15,23,0,0,1,28.557666666666666,68.26,1014.0096666666667,122193.16666666667,,0,0,0,0,0
2025-09-15 23:46:01,P1,28.6,68.35,1013.96,122174,,19.19,2025-09-15,23,0,0,1,28.560666666666666,68.25866666666667,1014.0076666666666,122199.1,,0,0,0,0,0
2025-09-15 23:46:31,P1,28.61,68.58,1013.95,122174,,19.26,2025-09-15,23,0,0,1,28.564,68.264,1014.0053333333333,122210.96666666666,,0,0,0,0,0
2025-09-15 23:47:01,P1,28.61,68.28,1013.94,122531,,19.19,2025-09-15,23,0,0,1,28.567,68.25966666666666,1014.0026666666666,122246.5,,0,0,0,0,0
2025-09-15 23:47:32,P1,28.62,68.19,1013.93,122352,,19.16,2025-09-15,23,0,0,1,28.570333333333334,68.25533333333333,1013.9996666666666,122240.53333333334,,0,0,0,0,0
2025-09-15 23:48:02,P1,28.62,68.15,1013.92,122711,,19.16,2025-09-15,23,0,0,1,28.573666666666668,68.25166666666667,1013.9963333333333,122264.36666666667,,0,0,0,0,0
2025-09-15 23:48:32,P1,28.63,68.13,1013.91,122531,,19.16,2025-09-15,23,0,0,1,28.577,68.247,1013.993,122282.2,,0,0,0,0,0
2025-09-15 23:49:02,P1,28.63,68.18,1013.91,122891,,19.18,2025-09-15,23,0,0,1,28.580333333333332,68.24333333333333,1013.9893333333333,122300.16666666667,,0,0,0,0,0
2025-09-15 23:49:32,P1,28.64,68.34,1013.92,123071,,19.23,2025-09-15,23,0,0,1,28.584,68.24666666666666,1013.986,122318.16666666667,,0,0,0,0,0
2025-09-15 23:50:03,P1,28.65,68.24,1013.92,122352,,19.21,2025-09-15,23,0,0,1,28.588,68.247,1013.9826666666667,122324.1,,0,0,0,0,0
2025-09-15 23:50:33,P1,28.66,68.13,1013.92,121553,,19.19,2025-09-15,23,0,0,1,28.592333333333332,68.24499999999999,1013.9793333333332,122309.33333333333,,0,0,0,0,0
2025-09-15 23:51:03,P1,28.66,68.04,1013.93,122711,,19.17,2025-09-15,23,0,0,1,28.596666666666668,68.239,1013.9763333333334,122321.3,,0,0,0,0,0
2025-09-15 23:51:33,P1,28.66,68.06,1013.93,121818,,19.18,2025-09-15,23,0,0,1,28.601,68.23333333333333,1013.9733333333334,122294.53333333334,,0,0,0,0,0
2025-09-15 23:52:03,P1,28.67,68.13,1013.94,122801,,19.2,2025-09-15,23,0,0,1,28.605333333333338,68.22833333333334,1013.9709999999999,122306.5,,0,0,0,0,0
2025-09-15 23:52:34,P1,28.67,68.19,1013.94,122801,,19.22,2025-09-15,23,0,0,1,28.609666666666666,68.22533333333334,1013.9686666666668,122333.33333333333,,0,0,0,0,0
2025-09-15 23:53:04,P1,28.68,68.08,1013.94,122711,,19.2,2025-09-15,23,0,0,1,28.61433333333333,68.22,1013.9663333333333,122315.3,,0,0,0,0,0
2025-09-15 23:53:34,P1,28.68,68.11,1013.94,122621,,19.21,2025-09-15,23,0,0,1,28.61866666666667,68.21633333333334,1013.9636666666667,122327.23333333334,,0,0,0,0,0
2025-09-15 23:54:04,P1,28.69,68.02,1013.95,123434,,19.19,2025-09-15,23,0,0,1,28.622999999999998,68.20933333333333,1013.9613333333333,122366.26666666666,,0,0,0,0,0
2025-09-15 23:54:34,P1,28.68,68.04,1013.95,122174,,19.19,2025-09-15,23,0,0,1,28.62666666666667,68.205,1013.9590000000001,122345.36666666667,,0,0,0,0,0
2025-09-15 23:55:04,P1,28.68,68.01,1013.95,122801,,19.18,2025-09-15,23,0,0,1,28.630333333333333,68.197,1013.9566666666667,122378.13333333333,,0,0,0,0,0
2025-09-15 23:55:35,P1,28.68,68.03,1013.95,122531,,19.18,2025-09-15,23,0,0,1,28.633666666666667,68.187,1013.9540000000001,122398.93333333333,,0,0,0,0,0
2025-09-15 23:56:05,P1,28.68,68.03,1013.95,123434,,19.18,2025-09-15,23,0,0,1,28.637,68.178,1013.9516666666667,122449.83333333333,,0,0,0,0,0
2025-09-15 23:56:35,P1,28.68,68.13,1013.94,123616,,19.21,2025-09-15,23,0,0,1,28.64,68.17333333333333,1013.9490000000001,122539.06666666667,,0,0,0,0,0
2025-09-15 23:57:05,P1,28.68,68.27,1013.94,123071,,19.26,2025-09-15,23,0,0,1,28.642999999999997,68.17566666666667,1013.9466666666666,122580.83333333333,,0,0,0,0,0
2025-09-15 23:57:35,P1,28.68,68.01,1013.94,122174,,19.18,2025-09-15,23,0,0,1,28.645666666666667,68.16933333333333,1013.9446666666666,122574.9,,0,0,0,0,0
2025-09-15 23:58:06,P1,28.68,68.02,1013.94,123162,,19.18,2025-09-15,23,0,0,1,28.648333333333333,68.16133333333333,1013.943,122622.63333333333,,0,0,0,0,0
2025-09-15 23:58:36,P1,28.68,68.03,1013.94,122981,,19.19,2025-09-15,23,0,0,1,28.650666666666666,68.155,1013.9413333333333,122640.6,,0,0,0,0,0
2025-09-15 23:59:06,P1,28.68,67.97,1013.94,123708,,19.17,2025-09-15,23,0,0,1,28.653000000000002,68.14733333333334,1013.94,122676.83333333333,,0,0,0,0,0
2025-09-15 23:59:36,P1,28.68,67.96,1013.94,123616,,19.17,2025-09-15,23,0,0,1,28.65533333333333,68.13966666666666,1013.9390000000001,122718.96666666666,,0,0,0,0,0
2025-09-16 00:00:06,P1,28.68,67.91,1013.93,122801,,19.16,2025-09-16,0,1,0,1,28.658,68.13033333333334,1013.9376666666667,122736.9,,0,0,0,0,0
2025-09-16 00:00:37,P1,28.69,68.01,1013.93,123982,,19.19,2025-09-16,0,1,0,1,28.661,68.12066666666666,1013.9363333333333,122776.26666666666,,0,0,0,0,0
2025-09-16 00:01:07,P1,28.69,67.97,1013.93,123616,,19.18,2025-09-16,0,1,0,1,28.664,68.108,1013.9353333333333,122824.33333333333,,0,0,0,0,0
2025-09-16 00:01:37,P1,28.7,67.9,1013.92,122711,,19.17,2025-09-16,0,1,0,1,28.666999999999998,68.08533333333334,1013.9343333333333,122842.23333333334,,0,0,0,0,0
2025-09-16 00:02:07,P1,28.7,67.84,1013.93,123162,,19.15,2025-09-16,0,1,0,1,28.67,68.07066666666667,1013.934,122863.26666666666,,0,0,0,0,0
2025-09-16 00:02:37,P1,28.71,68.05,1013.92,123434,,19.22,2025-09-16,0,1,0,1,28.673000000000002,68.066,1013.9336666666667,122899.33333333333,,0,0,0,0,0
2025-09-16 00:03:08,P1,28.71,67.87,1013.92,123252,,19.18,2025-09-16,0,1,0,1,28.676,68.05666666666667,1013.9336666666666,122917.36666666667,,0,0,0,0,0
2025-09-16 00:03:38,P1,28.72,67.9,1013.92,123616,,19.19,2025-09-16,0,1,0,1,28.679,68.049,1013.934,122953.53333333334,,0,0,0,0,0
2025-09-16 00:04:08,P1,28.72,67.86,1013.92,123616,,19.18,2025-09-16,0,1,0,1,28.682000000000002,68.03833333333334,1013.9343333333333,122977.7,,0,0,0,0,0
2025-09-16 00:04:38,P1,28.73,67.85,1013.93,123708,,19.19,2025-09-16,0,1,0,1,28.685000000000002,68.022,1013.9346666666667,122998.93333333333,,0,0,0,0,0
2025-09-16 00:05:08,P1,28.73,67.81,1013.93,123525,,19.18,2025-09-16,0,1,0,1,28.687666666666665,68.00766666666667,1013.935,123038.03333333334,,0,0,0,0,0
2025-09-16 00:05:39,P1,28.74,67.8,1013.92,122891,,19.18,2025-09-16,0,1,0,1,28.69033333333333,67.99666666666667,1013.935,123082.63333333333,,0,0,0,0,0
2025-09-16 00:06:09,P1,28.74,67.8,1013.92,123982,,19.18,2025-09-16,0,1,0,1,28.692999999999998,67.98866666666667,1013.9346666666667,123125.0,,0,0,0,0,0
2025-09-16 00:06:39,P1,28.75,67.82,1013.92,123799,,19.2,2025-09-16,0,1,0,1,28.696,67.98066666666666,1013.9343333333333,123191.03333333334,,0,0,0,0,0
2025-09-16 00:07:09,P1,28.75,67.8,1013.92,123162,,19.2,2025-09-16,0,1,0,1,28.698666666666664,67.96966666666667,1013.9336666666667,123203.06666666667,,0,0,0,0,0
2025-09-16 00:07:39,P1,28.76,67.84,1013.92,123071,,19.21,2025-09-16,0,1,0,1,28.701666666666664,67.958,1013.9329999999999,123212.06666666667,,0,0,0,0,0
2025-09-16 00:08:09,P1,28.76,67.81,1013.92,123525,,19.21,2025-09-16,0,1,0,1,28.704333333333334,67.949,1013.9323333333334,123239.2,,0,0,0,0,0
2025-09-16 00:08:40,P1,28.77,67.94,1013.91,123434,,19.25,2025-09-16,0,1,0,1,28.707333333333334,67.94333333333334,1013.9313333333334,123266.3,,0,0,0,0,0
2025-09-16 00:09:10,P1,28.77,67.83,1013.91,123982,,19.23,2025-09-16,0,1,0,1,28.71,67.937,1013.9300000000001,123284.56666666667,,0,0,0,0,0
2025-09-16 00:09:40,P1,28.78,67.94,1013.91,123343,,19.26,2025-09-16,0,1,0,1,28.71333333333333,67.93366666666667,1013.9286666666667,123323.53333333334,,0,0,0,0,0
2025-09-16 00:10:10,P1,28.78,67.94,1013.91,123252,,19.27,2025-09-16,0,1,0,1,28.716666666666665,67.93133333333333,1013.9273333333333,123338.56666666667,,0,0,0,0,0
2025-09-16 00:10:40,P1,28.78,67.73,1013.91,123708,,19.21,2025-09-16,0,1,0,1,28.719999999999995,67.92133333333332,1013.9259999999999,123377.8,,0,0,0,0,0
2025-09-16 00:11:11,P1,28.78,67.75,1013.9,123343,,19.22,2025-09-16,0,1,0,1,28.723333333333336,67.91199999999999,1013.9243333333332,123374.76666666666,,0,0,0,0,0
2025-09-16 00:11:41,P1,28.78,67.7,1013.89,122263,,19.2,2025-09-16,0,1,0,1,28.726666666666667,67.89766666666667,1013.9226666666667,123329.66666666667,,0,0,0,0,0
2025-09-16 00:12:11,P1,28.78,67.6,1013.89,122981,,19.17,2025-09-16,0,1,0,1,28.73,67.87533333333333,1013.921,123326.66666666667,,0,0,0,0,0
2025-09-16 00:12:41,P1,28.78,67.6,1013.89,124166,,19.17,2025-09-16,0,1,0,1,28.733333333333334,67.86166666666666,1013.9193333333333,123393.06666666667,,0,0,0,0,0
2025-09-16 00:13:11,P1,28.78,67.56,1013.89,123434,,19.16,2025-09-16,0,1,0,1,28.736666666666668,67.84633333333333,1013.9176666666666,123402.13333333333,,0,0,0,0,0
2025-09-16 00:13:42,P1,28.78,67.53,1013.88,123982,,19.15,2025-09-16,0,1,0,1,28.740000000000002,67.82966666666667,1013.9156666666667,123435.5,,0,0,0,0,0
2025-09-16 00:14:12,P1,28.78,67.57,1013.89,123071,,19.16,2025-09-16,0,1,0,1,28.743333333333332,67.81633333333333,1013.914,123414.26666666666,,0,0,0,0,0
2025-09-16 00:14:42,P1,28.77,67.57,1013.89,124258,,19.15,2025-09-16,0,1,0,1,28.746333333333332,67.80333333333334,1013.9123333333333,123435.66666666667,,0,0,0,0,0
2025-09-16 00:15:12,P1,28.77,67.53,1013.89,123891,,19.14,2025-09-16,0,1,0,1,28.749333333333333,67.79066666666667,1013.911,123472.0,,0,0,0,0,0
2025-09-16 00:15:42,P1,28.77,67.62,1013.89,123799,,19.17,2025-09-16,0,1,0,1,28.752000000000002,67.77766666666666,1013.9096666666666,123465.9,,0,0,0,0,0
2025-09-16 00:16:13,P1,28.77,67.55,1013.89,124074,,19.15,2025-09-16,0,1,0,1,28.754666666666665,67.76366666666667,1013.9083333333333,123481.16666666667,,0,0,0,0,0
2025-09-16 00:16:43,P1,28.77,67.58,1013.89,124166,,19.16,2025-09-16,0,1,0,1,28.757,67.753,1013.9073333333333,123529.66666666667,,0,0,0,0,0
2025-09-16 00:17:13,P1,28.78,67.7,1013.89,124443,,19.2,2025-09-16,0,1,0,1,28.759666666666664,67.74833333333333,1013.9060000000001,123572.36666666667,,0,0,0,0,0
2025-09-16 00:17:43,P1,28.78,67.66,1013.88,124258,,19.19,2025-09-16,0,1,0,1,28.762,67.73533333333333,1013.9046666666667,123599.83333333333,,0,0,0,0,0
2025-09-16 00:18:13,P1,28.79,67.58,1013.88,124350,,19.17,2025-09-16,0,1,0,1,28.764666666666667,67.72566666666667,1013.9033333333333,123636.43333333333,,0,0,0,0,0
2025-09-16 00:18:44,P1,28.79,67.63,1013.87,124074,,19.19,2025-09-16,0,1,0,1,28.767,67.71666666666667,1013.9016666666666,123651.7,,0,0,0,0,0
2025-09-16 00:19:14,P1,28.8,67.55,1013.87,123891,,19.18,2025-09-16,0,1,0,1,28.76966666666667,67.70633333333333,1013.9,123660.86666666667,,0,0,0,0,0
2025-09-16 00:19:44,P1,28.81,67.52,1013.86,124074,,19.17,2025-09-16,0,1,0,1,28.772333333333332,67.69533333333332,1013.8976666666666,123673.06666666667,,0,0,0,0,0
2025-09-16 00:20:14,P1,28.81,67.76,1013.86,124166,,19.25,2025-09-16,0,1,0,1,28.775,67.69366666666666,1013.8953333333334,123694.43333333333,,0,0,0,0,0
2025-09-16 00:20:44,P1,28.82,67.62,1013.85,124443,,19.22,2025-09-16,0,1,0,1,28.77766666666667,67.68766666666666,1013.893,123746.16666666667,,0,0,0,0,0
2025-09-16 00:21:14,P1,28.83,67.78,1013.85,123708,,19.27,2025-09-16,0,1,0,1,28.78066666666667,67.687,1013.8906666666666,123737.03333333334,,0,0,0,0,0
2025-09-16 00:21:45,P1,28.84,67.78,1013.84,123162,,19.28,2025-09-16,0,1,0,1,28.783666666666665,67.68566666666666,1013.888,123715.8,,0,0,0,0,0
2025-09-16 00:22:15,P1,28.84,67.54,1013.83,123799,,19.22,2025-09-16,0,1,0,1,28.78666666666667,67.67699999999999,1013.885,123737.03333333334,,0,0,0,0,0
2025-09-16 00:22:45,P1,28.85,67.51,1013.82,124166,,19.21,2025-09-16,0,1,0,1,28.78966666666667,67.666,1013.8816666666667,123773.53333333334,,0,0,0,0,0
2025-09-16 00:23:15,P1,28.85,67.64,1013.82,123434,,19.26,2025-09-16,0,1,0,1,28.79266666666667,67.66033333333333,1013.8783333333333,123770.5,,0,0,0,0,0
2025-09-16 00:23:45,P1,28.86,67.61,1013.82,123525,,19.25,2025-09-16,0,1,0,1,28.795666666666666,67.64933333333333,1013.8753333333333,123773.53333333334,,0,0,0,0,0
2025-09-16 00:24:16,P1,28.86,67.44,1013.81,123982,,19.21,2025-09-16,0,1,0,1,28.79866666666667,67.63633333333333,1013.872,123773.53333333334,,0,0,0,0,0
2025-09-16 00:24:46,P1,28.86,67.52,1013.8,124258,,19.23,2025-09-16,0,1,0,1,28.801333333333332,67.62233333333333,1013.8683333333333,123804.03333333334,,0,0,0,0,0
2025-09-16 00:25:16,P1,28.86,67.42,1013.79,124258,,19.2,2025-09-16,0,1,0,1,28.804,67.605,1013.8643333333333,123837.56666666667,,0,0,0,0,0
2025-09-16 00:25:46,P1,28.86,67.46,1013.78,123708,,19.21,2025-09-16,0,1,0,1,28.806666666666665,67.596,1013.86,123837.56666666667,,0,0,0,0,0
2025-09-16 00:26:16,P1,28.86,67.4,1013.79,124535,,19.19,2025-09-16,0,1,0,1,28.80933333333333,67.58433333333333,1013.8563333333334,123877.3,,0,0,0,0,0
2025-09-16 00:26:47,P1,28.86,67.46,1013.78,124166,,19.21,2025-09-16,0,1,0,1,28.812,67.57633333333334,1013.8526666666666,123940.73333333334,,0,0,0,0,0
2025-09-16 00:27:17,P1,28.85,67.43,1013.78,123616,,19.2,2025-09-16,0,1,0,1,28.814333333333334,67.57066666666667,1013.8489999999999,123961.9,,0,0,0,0,0
2025-09-16 00:27:47,P1,28.85,67.41,1013.77,123708,,19.19,2025-09-16,0,1,0,1,28.816666666666666,67.56433333333332,1013.8449999999999,123946.63333333333,,0,0,0,0,0
2025-09-16 00:28:17,P1,28.85,67.42,1013.77,124166,,19.2,2025-09-16,0,1,0,1,28.819,67.55966666666667,1013.841,123971.03333333334,,0,0,0,0,0
2025-09-16 00:28:47,P1,28.86,67.36,1013.77,123982,,19.18,2025-09-16,0,1,0,1,28.821666666666665,67.554,1013.8373333333333,123971.03333333334,,0,0,0,0,0
2025-09-16 00:29:18,P1,28.86,67.39,1013.77,123891,,19.19,2025-09-16,0,1,0,1,28.824333333333335,67.548,1013.8333333333334,123998.36666666667,,0,0,0,0,0
2025-09-16 00:29:48,P1,28.86,67.37,1013.76,124166,,19.19,2025-09-16,0,1,0,1,28.827333333333335,67.54133333333333,1013.829,123995.3,,0,0,0,0,0
2025-09-16 00:30:18,P1,28.87,67.34,1013.76,124350,,19.19,2025-09-16,0,1,0,1,28.830666666666666,67.535,1013.8246666666668,124010.6,,0,0,0,0,0
2025-09-16 00:30:48,P1,28.87,67.78,1013.75,124443,,19.32,2025-09-16,0,1,0,1,28.834,67.54033333333334,1013.82,124032.06666666667,,0,0,0,0,0
2025-09-16 00:31:18,P1,28.88,67.45,1013.75,124443,,19.23,2025-09-16,0,1,0,1,28.837666666666667,67.53699999999999,1013.8153333333333,124044.36666666667,,0,0,0,0,0
2025-09-16 00:31:49,P1,28.88,67.34,1013.74,123799,,19.2,2025-09-16,0,1,0,1,28.841333333333335,67.529,1013.8103333333332,124032.13333333333,,0,0,0,0,0
2025-09-16 00:32:19,P1,28.89,67.32,1013.75,124074,,19.21,2025-09-16,0,1,0,1,28.845000000000002,67.51633333333334,1013.8056666666666,124019.83333333333,,0,0,0,0,0
2025-09-16 00:32:49,P1,28.89,67.44,1013.75,124535,,19.25,2025-09-16,0,1,0,1,28.848666666666663,67.509,1013.8013333333332,124029.06666666667,,0,0,0,0,0
2025-09-16 00:33:19,P1,28.9,67.33,1013.76,124721,,19.22,2025-09-16,0,1,0,1,28.85233333333333,67.50066666666666,1013.7973333333334,124041.43333333333,,0,0,0,0,0
2025-09-16 00:33:49,P1,28.91,67.47,1013.75,123982,,19.26,2025-09-16,0,1,0,1,28.856333333333335,67.49533333333333,1013.7933333333333,124038.36666666667,,0,0,0,0,0
2025-09-16 00:34:19,P1,28.91,67.22,1013.75,124814,,19.2,2025-09-16,0,1,0,1,28.86,67.48433333333334,1013.7893333333334,124069.13333333333,,0,0,0,0,0
2025-09-16 00:34:50,P1,28.91,67.34,1013.75,124443,,19.23,2025-09-16,0,1,0,1,28.863333333333333,67.47833333333334,1013.7856666666667,124081.43333333333,,0,0,0,0,0
2025-09-16 00:35:20,P1,28.91,67.46,1013.75,123891,,19.26,2025-09-16,0,1,0,1,28.866666666666667,67.46833333333333,1013.7819999999999,124072.26666666666,,0,0,0,0,0
2025-09-16 00:35:50,P1,28.91,67.4,1013.74,124721,,19.25,2025-09-16,0,1,0,1,28.869666666666667,67.461,1013.7783333333333,124081.53333333334,,0,0,0,0,0
2025-09-16 00:36:20,P1,28.91,67.44,1013.74,124907,,19.26,2025-09-16,0,1,0,1,28.872333333333334,67.44966666666667,1013.7746666666667,124121.5,,0,0,0,0,0
2025-09-16 00:36:50,P1,28.91,67.39,1013.74,124074,,19.25,2025-09-16,0,1,0,1,28.874666666666666,67.43666666666667,1013.7713333333335,124151.9,,0,0,0,0,0
2025-09-16 00:37:21,P1,28.92,67.24,1013.74,124350,,19.21,2025-09-16,0,1,0,1,28.877333333333336,67.42666666666668,1013.7683333333333,124170.26666666666,,0,0,0,0,0
2025-09-16 00:37:51,P1,28.92,67.19,1013.73,123982,,19.2,2025-09-16,0,1,0,1,28.879666666666665,67.416,1013.7653333333333,124164.13333333333,,0,0,0,0,0
2025-09-16 00:38:21,P1,28.92,67.14,1013.73,124443,,19.19,2025-09-16,0,1,0,1,28.881999999999998,67.39933333333333,1013.7623333333333,124197.76666666666,,0,0,0,0,0
2025-09-16 00:38:51,P1,28.92,67.1,1013.72,124350,,19.18,2025-09-16,0,1,0,1,28.884,67.38233333333334,1013.759,124225.26666666666,,0,0,0,0,0
2025-09-16 00:39:21,P1,28.93,67.08,1013.71,124721,,19.18,2025-09-16,0,1,0,1,28.886333333333333,67.37033333333333,1013.7556666666666,124249.9,,0,0,0,0,0
2025-09-16 00:39:52,P1,28.93,67.04,1013.71,124535,,19.17,2025-09-16,0,1,0,1,28.88866666666667,67.35433333333334,1013.7526666666668,124259.13333333333,,0,0,0,0,0
2025-09-16 00:40:22,P1,28.94,67.09,1013.71,124166,,19.19,2025-09-16,0,1,0,1,28.891333333333332,67.34333333333333,1013.75,124256.06666666667,,0,0,0,0,0
2025-09-16 00:40:52,P1,28.94,67.09,1013.7,125374,,19.19,2025-09-16,0,1,0,1,28.894000000000002,67.33099999999999,1013.7473333333334,124311.6,,0,0,0,0,0
2025-09-16 00:41:22,P1,28.95,66.99,1013.7,124628,,19.17,2025-09-16,0,1,0,1,28.897,67.31733333333334,1013.7443333333333,124314.7,,0,0,0,0,0
2025-09-16 00:41:52,P1,28.95,66.95,1013.69,124907,,19.16,2025-09-16,0,1,0,1,28.9,67.30033333333333,1013.7413333333334,124339.4,,0,0,0,0,0
2025-09-16 00:42:23,P1,28.95,66.9,1013.69,123982,,19.15,2025-09-16,0,1,0,1,28.903333333333332,67.28266666666667,1013.7383333333333,124351.6,,0,0,0,0,0
2025-09-16 00:42:53,P1,28.95,66.9,1013.69,125093,,19.15,2025-09-16,0,1,0,1,28.906666666666663,67.26566666666666,1013.7356666666668,124397.76666666666,,0,0,0,0,0
2025-09-16 00:43:23,P1,28.95,66.88,1013.69,125280,,19.14,2025-09-16,0,1,0,1,28.910000000000004,67.24766666666667,1013.7330000000001,124434.9,,0,0,0,0,0
2025-09-16 00:43:53,P1,28.95,66.86,1013.69,125000,,19.14,2025-09-16,0,1,0,1,28.913,67.231,1013.7303333333333,124468.83333333333,,0,0,0,0,0
2025-09-16 00:44:23,P1,28.95,66.94,1013.68,125000,,19.16,2025-09-16,0,1,0,1,28.916,67.216,1013.7273333333334,124505.8,,0,0,0,0,0
2025-09-16 00:44:53,P1,28.95,66.91,1013.68,124814,,19.15,2025-09-16,0,1,0,1,28.919,67.20066666666666,1013.7246666666667,124527.4,,0,0,0,0,0
2025-09-16 00:45:24,P1,28.95,67.09,1013.67,124907,,19.2,2025-09-16,0,1,0,1,28.921666666666667,67.19233333333334,1013.7216666666667,124545.96666666666,,0,0,0,0,0
2025-09-16 00:45:54,P1,28.95,67.04,1013.66,124628,,19.19,2025-09-16,0,1,0,1,28.924333333333333,67.16766666666666,1013.7186666666668,124552.13333333333,,0,0,0,0,0
2025-09-16 00:46:24,P1,28.96,66.96,1013.65,124443,,19.17,2025-09-16,0,1,0,1,28.927,67.15133333333333,1013.7153333333333,124552.13333333333,,0,0,0,0,0
2025-09-16 00:46:54,P1,28.96,67.03,1013.64,124721,,19.19,2025-09-16,0,1,0,1,28.929666666666666,67.141,1013.712,124582.86666666667,,0,0,0,0,0
2025-09-16 00:47:24,P1,28.96,66.92,1013.63,125000,,19.16,2025-09-16,0,1,0,1,28.932000000000002,67.12766666666667,1013.7080000000001,124613.73333333334,,0,0,0,0,0
2025-09-16 00:47:55,P1,28.96,66.89,1013.63,123982,,19.16,2025-09-16,0,1,0,1,28.93433333333333,67.10933333333334,1013.7040000000001,124595.3,,0,0,0,0,0
2025-09-16 00:48:25,P1,28.96,66.92,1013.63,124628,,19.17,2025-09-16,0,1,0,1,28.936333333333334,67.09566666666666,1013.6996666666666,124592.2,,0,0,0,0,0
2025-09-16 00:48:55,P1,28.96,66.91,1013.62,124907,,19.16,2025-09-16,0,1,0,1,28.938,67.077,1013.6953333333333,124623.03333333334,,0,0,0,0,0
2025-09-16 00:49:25,P1,28.96,66.99,1013.6,125093,,19.18,2025-09-16,0,1,0,1,28.939666666666668,67.06933333333333,1013.6903333333333,124632.33333333333,,0,0,0,0,0
2025-09-16 00:49:55,P1,28.95,67.03,1013.61,124907,,19.19,2025-09-16,0,1,0,1,28.941,67.059,1013.6856666666666,124647.8,,0,0,0,0,0
2025-09-16 00:50:26,P1,28.96,66.92,1013.59,124628,,19.16,2025-09-16,0,1,0,1,28.942666666666664,67.041,1013.6803333333334,124672.36666666667,,0,0,0,0,0
2025-09-16 00:50:56,P1,28.96,66.93,1013.58,125562,,19.17,2025-09-16,0,1,0,1,28.94433333333333,67.02533333333334,1013.6750000000001,124700.4,,0,0,0,0,0
2025-09-16 00:51:26,P1,28.97,66.86,1013.58,124721,,19.15,2025-09-16,0,1,0,1,28.94633333333333,67.006,1013.6696666666667,124694.2,,0,0,0,0,0
2025-09-16 00:51:56,P1,28.97,66.95,1013.58,124443,,19.19,2025-09-16,0,1,0,1,28.948333333333334,66.99133333333333,1013.6643333333334,124706.5,,0,0,0,0,0
2025-09-16 00:52:26,P1,28.98,66.91,1013.58,125000,,19.18,2025-09-16,0,1,0,1,28.950333333333333,66.98033333333333,1013.659,124728.16666666667,,0,0,0,0,0
2025-09-16 00:52:57,P1,28.99,66.98,1013.58,125280,,19.21,2025-09-16,0,1,0,1,28.95266666666667,66.97333333333333,1013.6540000000001,124771.43333333333,,0,0,0,0,0
2025-09-16 00:53:27,P1,28.99,66.83,1013.58,124721,,19.18,2025-09-16,0,1,0,1,28.955000000000002,66.963,1013.649,124780.7,,0,0,0,0,0
2025-09-16 00:53:57,P1,29.0,66.84,1013.58,124350,,19.18,2025-09-16,0,1,0,1,28.957666666666668,66.95433333333334,1013.6443333333334,124780.7,,0,0,0,0,0
2025-09-16 00:54:27,P1,29.0,66.86,1013.57,125562,,19.19,2025-09-16,0,1,0,1,28.96,66.947,1013.6396666666667,124808.73333333334,,0,0,0,0,0
2025-09-16 00:54:57,P1,29.0,66.88,1013.57,125562,,19.19,2025-09-16,0,1,0,1,28.962333333333333,66.94166666666666,1013.635,124842.96666666666,,0,0,0,0,0
2025-09-16 00:55:28,P1,29.0,66.8,1013.58,124721,,19.17,2025-09-16,0,1,0,1,28.964333333333336,66.932,1013.6306666666666,124861.46666666666,,0,0,0,0,0
2025-09-16 00:55:58,P1,29.0,66.88,1013.58,125656,,19.19,2025-09-16,0,1,0,1,28.966333333333335,66.925,1013.6266666666667,124870.86666666667,,0,0,0,0,0
2025-09-16 00:56:28,P1,29.0,66.79,1013.58,125093,,19.17,2025-09-16,0,1,0,1,28.968000000000004,66.91833333333334,1013.6226666666666,124886.36666666667,,0,0,0,0,0
2025-09-16 00:56:58,P1,29.0,66.8,1013.59,125280,,19.17,2025-09-16,0,1,0,1,28.96966666666667,66.91333333333334,1013.6193333333333,124898.8,,0,0,0,0,0
2025-09-16 00:57:28,P1,29.0,66.79,1013.58,125000,,19.17,2025-09-16,0,1,0,1,28.971333333333334,66.90966666666667,1013.6156666666667,124932.73333333334,,0,0,0,0,0
2025-09-16 00:57:58,P1,29.0,66.79,1013.58,125093,,19.17,2025-09-16,0,1,0,1,28.973000000000003,66.906,1013.612,124932.73333333334,,0,0,0,0,0
2025-09-16 00:58:29,P1,29.01,66.82,1013.58,125374,,19.18,2025-09-16,0,1,0,1,28.975,66.904,1013.6083333333333,124935.86666666667,,0,0,0,0,0
2025-09-16 00:58:59,P1,29.01,66.97,1013.58,125656,,19.23,2025-09-16,0,1,0,1,28.977,66.90766666666667,1013.6046666666667,124957.73333333334,,0,0,0,0,0
2025-09-16 00:59:29,P1,29.01,66.88,1013.57,125093,,19.21,2025-09-16,0,1,0,1,28.979,66.90566666666668,1013.6010000000001,124960.83333333333,,0,0,0,0,0
2025-09-16 00:59:59,P1,29.01,66.92,1013.57,125000,,19.22,2025-09-16,0,1,0,1,28.980999999999998,66.90599999999999,1013.5973333333334,124967.03333333334,,0,0,0,0,0
2025-09-16 01:00:29,P1,29.02,67.01,1013.56,125374,,19.25,2025-09-16,1,1,0,1,28.983333333333334,66.90333333333334,1013.5936666666665,124982.6,,0,0,0,0,0
2025-09-16 01:01:00,P1,29.02,66.89,1013.56,124443,,19.22,2025-09-16,1,1,0,1,28.985666666666663,66.89833333333334,1013.5903333333333,124976.43333333333,,0,0,0,0,0
2025-09-16 01:01:30,P1,29.02,66.99,1013.54,124907,,19.25,2025-09-16,1,1,0,1,28.98766666666667,66.89933333333333,1013.5866666666667,124991.9,,0,0,0,0,0
2025-09-16 01:02:00,P1,29.03,66.93,1013.53,126225,,19.24,2025-09-16,1,1,0,1,28.990000000000002,66.896,1013.5830000000001,125042.03333333334,,0,0,0,0,0
2025-09-16 01:02:30,P1,29.03,66.93,1013.52,125468,,19.24,2025-09-16,1,1,0,1,28.99233333333333,66.89633333333333,1013.5793333333334,125057.63333333333,,0,0,0,0,0
2025-09-16 01:03:00,P1,29.03,67.16,1013.5,125187,,19.31,2025-09-16,1,1,0,1,28.994666666666667,66.90533333333333,1013.575,125097.8,,0,0,0,0,0
2025-09-16 01:03:31,P1,29.04,66.93,1013.49,124814,,19.25,2025-09-16,1,1,0,1,28.997333333333337,66.90566666666668,1013.5703333333335,125104.0,,0,0,0,0,0
2025-09-16 01:04:01,P1,29.04,66.97,1013.49,124628,,19.26,2025-09-16,1,1,0,1,29.0,66.90766666666667,1013.566,125094.7,,0,0,0,0,0
2025-09-16 01:04:31,P1,29.04,66.99,1013.48,124628,,19.27,2025-09-16,1,1,0,1,29.002666666666663,66.90766666666667,1013.562,125079.2,,0,0,0,0,0
2025-09-16 01:05:01,P1,29.04,66.92,1013.47,124721,,19.25,2025-09-16,1,1,0,1,29.00566666666667,66.904,1013.5573333333334,125073.0,,0,0,0,0,0
2025-09-16 01:05:31,P1,29.04,66.93,1013.47,125845,,19.25,2025-09-16,1,1,0,1,29.008333333333333,66.90433333333333,1013.5533333333334,125113.56666666667,,0,0,0,0,0
2025-09-16 01:06:02,P1,29.05,67.13,1013.46,125374,,19.32,2025-09-16,1,1,0,1,29.01133333333333,66.911,1013.5493333333333,125107.3,,0,0,0,0,0
2025-09-16 01:06:32,P1,29.05,66.97,1013.46,125093,,19.27,2025-09-16,1,1,0,1,29.014000000000003,66.91466666666666,1013.5453333333334,125119.7,,0,0,0,0,0
2025-09-16 01:07:02,P1,29.05,66.92,1013.46,124907,,19.26,2025-09-16,1,1,0,1,29.016666666666666,66.91366666666666,1013.5413333333332,125135.16666666667,,0,0,0,0,0
2025-09-16 01:07:32,P1,29.05,66.87,1013.46,125280,,19.25,2025-09-16,1,1,0,1,29.019,66.91233333333334,1013.5373333333334,125144.5,,0,0,0,0,0
2025-09-16 01:08:02,P1,29.06,67.08,1013.46,125562,,19.31,2025-09-16,1,1,0,1,29.021333333333335,66.91566666666667,1013.5333333333333,125153.9,,0,0,0,0,0
2025-09-16 01:08:33,P1,29.06,67.11,1013.45,124721,,19.32,2025-09-16,1,1,0,1,29.023666666666664,66.925,1013.5290000000001,125153.9,,0,0,0,0,0
2025-09-16 01:09:03,P1,29.06,67.03,1013.45,125280,,19.3,2025-09-16,1,1,0,1,29.025666666666666,66.93133333333334,1013.5246666666666,125184.9,,0,0,0,0,0
2025-09-16 01:09:33,P1,29.06,66.9,1013.44,124907,,19.27,2025-09-16,1,1,0,1,29.027666666666665,66.93266666666666,1013.5203333333334,125163.06666666667,,0,0,0,0,0
2025-09-16 01:10:03,P1,29.06,66.86,1013.44,125280,,19.25,2025-09-16,1,1,0,1,29.029666666666667,66.932,1013.516,125153.66666666667,,0,0,0,0,0
2025-09-16 01:10:33,P1,29.06,67.01,1013.44,125468,,19.3,2025-09-16,1,1,0,1,29.031666666666663,66.93900000000001,1013.5113333333335,125178.56666666667,,0,0,0,0,0
2025-09-16 01:11:03,P1,29.06,66.89,1013.44,125468,,19.26,2025-09-16,1,1,0,1,29.033666666666665,66.93933333333334,1013.5066666666667,125172.3,,0,0,0,0,0
2025-09-16 01:11:34,P1,29.07,66.89,1013.43,125280,,19.27,2025-09-16,1,1,0,1,29.035999999999998,66.94266666666667,1013.5016666666668,125178.53333333334,,0,0,0,0,0
2025-09-16 01:12:04,P1,29.07,67.03,1013.42,124721,,19.31,2025-09-16,1,1,0,1,29.038333333333334,66.95033333333333,1013.496,125159.9,,0,0,0,0,0
2025-09-16 01:12:34,P1,29.07,67.15,1013.42,124535,,19.35,2025-09-16,1,1,0,1,29.040666666666663,66.96233333333333,1013.4906666666667,125144.4,,0,0,0,0,0
2025-09-16 01:13:04,P1,29.08,67.02,1013.42,125562,,19.32,2025-09-16,1,1,0,1,29.043333333333333,66.97,1013.4853333333333,125160.03333333334,,0,0,0,0,0
2025-09-16 01:13:34,P1,29.08,66.87,1013.41,125093,,19.28,2025-09-16,1,1,0,1,29.045666666666666,66.97166666666666,1013.4796666666666,125150.66666666667,,0,0,0,0,0
2025-09-16 01:14:05,P1,29.08,66.88,1013.41,124814,,19.28,2025-09-16,1,1,0,1,29.048,66.96866666666668,1013.4739999999999,125122.6,,0,0,0,0,0
2025-09-16 01:14:35,P1,29.09,66.87,1013.4,125940,,19.28,2025-09-16,1,1,0,1,29.050666666666665,66.96833333333333,1013.4683333333334,125150.83333333333,,0,0,0,0,0
2025-09-16 01:15:05,P1,29.09,66.88,1013.38,125187,,19.29,2025-09-16,1,1,0,1,29.053333333333335,66.96700000000001,1013.462,125157.06666666667,,0,0,0,0,0
2025-09-16 01:15:35,P1,29.09,67.15,1013.36,125280,,19.37,2025-09-16,1,1,0,1,29.055666666666664,66.97166666666666,1013.4553333333334,125153.93333333333,,0,0,0,0,0
2025-09-16 01:16:05,P1,29.09,66.98,1013.35,125000,,19.32,2025-09-16,1,1,0,1,29.058,66.97466666666666,1013.4483333333334,125172.5,,0,0,0,0,0
2025-09-16 01:16:36,P1,29.1,67.02,1013.33,124907,,19.34,2025-09-16,1,1,0,1,29.06066666666667,66.97566666666667,1013.4413333333333,125172.5,,0,0,0,0,0
2025-09-16 01:17:06,P1,29.1,67.28,1013.31,125468,,19.42,2025-09-16,1,1,0,1,29.063,66.98733333333332,1013.434,125147.26666666666,,0,0,0,0,0
2025-09-16 01:17:36,P1,29.1,66.99,1013.3,124814,,19.33,2025-09-16,1,1,0,1,29.065333333333335,66.98933333333333,1013.4266666666666,125125.46666666666,,0,0,0,0,0
2025-09-16 01:18:06,P1,29.1,66.94,1013.28,125000,,19.32,2025-09-16,1,1,0,1,29.067666666666664,66.982,1013.4193333333334,125119.23333333334,,0,0,0,0,0
2025-09-16 01:18:36,P1,29.11,66.98,1013.27,124907,,19.34,2025-09-16,1,1,0,1,29.069999999999997,66.98366666666666,1013.4119999999999,125122.33333333333,,0,0,0,0,0
2025-09-16 01:19:07,P1,29.11,67.0,1013.27,124535,,19.34,2025-09-16,1,1,0,1,29.072333333333333,66.98466666666667,1013.4046666666667,125119.23333333334,,0,0,0,0,0
2025-09-16 01:19:37,P1,29.1,67.04,1013.26,125280,,19.35,2025-09-16,1,1,0,1,29.074333333333335,66.98633333333333,1013.3973333333334,125140.96666666666,,0,0,0,0,0
2025-09-16 01:20:07,P1,29.1,67.11,1013.25,125280,,19.37,2025-09-16,1,1,0,1,29.076333333333334,66.99266666666668,1013.39,125159.6,,0,0,0,0,0
2025-09-16 01:20:37,P1,29.11,67.29,1013.25,124814,,19.42,2025-09-16,1,1,0,1,29.078666666666667,67.00466666666667,1013.3826666666666,125125.23333333334,,0,0,0,0,0
2025-09-16 01:21:07,P1,29.11,67.11,1013.24,124721,,19.37,2025-09-16,1,1,0,1,29.08066666666667,67.00399999999999,1013.3753333333333,125103.46666666666,,0,0,0,0,0
2025-09-16 01:21:37,P1,29.11,67.14,1013.24,124350,,19.39,2025-09-16,1,1,0,1,29.082666666666665,67.00966666666666,1013.368,125078.7,,0,0,0,0,0
2025-09-16 01:22:08,P1,29.11,67.03,1013.23,124814,,19.36,2025-09-16,1,1,0,1,29.084666666666667,67.01333333333334,1013.3603333333334,125075.6,,0,0,0,0,0
2025-09-16 01:22:38,P1,29.11,67.01,1013.23,124814,,19.35,2025-09-16,1,1,0,1,29.086666666666666,67.018,1013.3526666666666,125060.06666666667,,0,0,0,0,0
2025-09-16 01:23:08,P1,29.12,67.11,1013.22,125280,,19.38,2025-09-16,1,1,0,1,29.088666666666665,67.019,1013.3446666666666,125050.66666666667,,0,0,0,0,0
2025-09-16 01:23:38,P1,29.12,67.07,1013.22,125280,,19.38,2025-09-16,1,1,0,1,29.090666666666667,67.01766666666667,1013.337,125069.3,,0,0,0,0,0
2025-09-16 01:24:08,P1,29.12,67.03,1013.22,125093,,19.36,2025-09-16,1,1,0,1,29.092666666666666,67.01766666666667,1013.3293333333334,125063.06666666667,,0,0,0,0,0
2025-09-16 01:24:39,P1,29.12,66.99,1013.2,124907,,19.35,2025-09-16,1,1,0,1,29.09466666666667,67.02066666666667,1013.3213333333333,125063.06666666667,,0,0,0,0,0
2025-09-16 01:25:09,P1,29.12,67.0,1013.2,125280,,19.36,2025-09-16,1,1,0,1,29.096666666666668,67.02533333333334,1013.3133333333334,125063.06666666667,,0,0,0,0,0
2025-09-16 01:25:39,P1,29.12,67.23,1013.21,124907,,19.42,2025-09-16,1,1,0,1,29.098666666666666,67.03266666666667,1013.3056666666666,125044.36666666667,,0,0,0,0,0
2025-09-16 01:26:09,P1,29.13,67.08,1013.2,124907,,19.38,2025-09-16,1,1,0,1,29.101,67.039,1013.2976666666667,125025.66666666667,,0,0,0,0,0
2025-09-16 01:26:39,P1,29.13,67.42,1013.2,124721,,19.48,2025-09-16,1,1,0,1,29.103,67.05666666666667,1013.2900000000001,125007.03333333334,,0,0,0,0,0
2025-09-16 01:27:10,P1,29.13,67.15,1013.19,124535,,19.41,2025-09-16,1,1,0,1,29.105,67.06066666666666,1013.2823333333333,125000.83333333333,,0,0,0,0,0
2025-09-16 01:27:40,P1,29.13,67.12,1013.19,124814,,19.4,2025-09-16,1,1,0,1,29.107000000000003,67.05966666666667,1013.2746666666666,125010.13333333333,,0,0,0,0,0
2025-09-16 01:28:10,P1,29.13,67.12,1013.19,124721,,19.4,2025-09-16,1,1,0,1,29.108666666666668,67.063,1013.267,124982.1,,0,0,0,0,0
2025-09-16 01:28:40,P1,29.13,67.14,1013.18,124535,,19.4,2025-09-16,1,1,0,1,29.110333333333333,67.072,1013.2593333333334,124963.5,,0,0,0,0,0
2025-09-16 01:29:10,P1,29.13,67.15,1013.18,124350,,19.41,2025-09-16,1,1,0,1,29.112000000000002,67.081,1013.2516666666668,124948.03333333334,,0,0,0,0,0
2025-09-16 01:29:41,P1,29.13,67.1,1013.17,125187,,19.4,2025-09-16,1,1,0,1,29.113333333333333,67.08866666666667,1013.244,124922.93333333333,,0,0,0,0,0
2025-09-16 01:30:11,P1,29.14,67.1,1013.17,124535,,19.4,2025-09-16,1,1,0,1,29.115,67.09599999999999,1013.237,124901.2,,0,0,0,0,0
2025-09-16 01:30:41,P1,29.14,67.1,1013.16,125468,,19.4,2025-09-16,1,1,0,1,29.116666666666667,67.09433333333334,1013.2303333333333,124907.46666666666,,0,0,0,0,0
2025-09-16 01:31:11,P1,29.14,67.06,1013.16,125093,,19.39,2025-09-16,1,1,0,1,29.118333333333336,67.09700000000001,1013.224,124910.56666666667,,0,0,0,0,0
2025-09-16 01:31:41,P1,29.14,67.13,1013.16,125000,,19.42,2025-09-16,1,1,0,1,29.119666666666667,67.10066666666667,1013.2183333333335,124913.66666666667,,0,0,0,0,0
2025-09-16 01:32:12,P1,29.15,67.07,1013.15,124721,,19.4,2025-09-16,1,1,0,1,29.121333333333332,67.09366666666668,1013.213,124888.76666666666,,0,0,0,0,0
2025-09-16 01:32:42,P1,29.15,67.16,1013.13,125280,,19.44,2025-09-16,1,1,0,1,29.122999999999998,67.09933333333333,1013.2073333333334,124904.3,,0,0,0,0,0
2025-09-16 01:33:12,P1,29.16,67.05,1013.12,125093,,19.41,2025-09-16,1,1,0,1,29.125,67.10300000000001,1013.2019999999999,124907.4,,0,0,0,0,0
2025-09-16 01:33:42,P1,29.16,67.03,1013.11,125562,,19.4,2025-09-16,1,1,0,1,29.12666666666667,67.10466666666667,1013.1966666666667,124929.23333333334,,0,0,0,0,0
2025-09-16 01:34:12,P1,29.16,67.03,1013.1,125093,,19.41,2025-09-16,1,1,0,1,29.128333333333334,67.10566666666666,1013.1910000000001,124947.83333333333,,0,0,0,0,0
2025-09-16 01:34:42,P1,29.16,66.99,1013.09,125656,,19.4,2025-09-16,1,1,0,1,29.130333333333333,67.104,1013.1853333333332,124960.36666666667,,0,0,0,0,0
2025-09-16 01:35:13,P1,29.16,66.97,1013.08,124628,,19.39,2025-09-16,1,1,0,1,29.132333333333335,67.09933333333333,1013.1796666666667,124938.63333333333,,0,0,0,0,0
2025-09-16 01:35:43,P1,29.16,66.97,1013.07,125468,,19.39,2025-09-16,1,1,0,1,29.134,67.08866666666667,1013.1736666666667,124960.43333333333,,0,0,0,0,0
2025-09-16 01:36:13,P1,29.16,66.94,1013.06,125845,,19.38,2025-09-16,1,1,0,1,29.135666666666665,67.083,1013.1676666666667,124997.9,,0,0,0,0,0
2025-09-16 01:36:43,P1,29.16,66.88,1013.06,125374,,19.36,2025-09-16,1,1,0,1,29.137333333333334,67.07433333333333,1013.1616666666666,125032.03333333334,,0,0,0,0,0
2025-09-16 01:37:13,P1,29.16,67.02,1013.06,125751,,19.41,2025-09-16,1,1,0,1,29.139000000000003,67.074,1013.1560000000001,125063.26666666666,,0,0,0,0,0
2025-09-16 01:37:44,P1,29.16,66.87,1013.05,124814,,19.36,2025-09-16,1,1,0,1,29.140666666666668,67.06933333333333,1013.15,125063.26666666666,,0,0,0,0,0
2025-09-16 01:38:14,P1,29.16,66.8,1013.05,125656,,19.34,2025-09-16,1,1,0,1,29.142,67.059,1013.1443333333333,125075.8,,0,0,0,0,0
2025-09-16 01:38:44,P1,29.17,66.76,1013.05,125656,,19.33,2025-09-16,1,1,0,1,29.143666666666668,67.04866666666666,1013.1386666666668,125088.33333333333,,0,0,0,0,0
2025-09-16 01:39:14,P1,29.17,66.69,1013.03,125845,,19.32,2025-09-16,1,1,0,1,29.145333333333333,67.03733333333334,1013.1323333333333,125113.4,,0,0,0,0,0
2025-09-16 01:39:44,P1,29.17,66.6,1013.03,125845,,19.29,2025-09-16,1,1,0,1,29.147,67.02433333333333,1013.1266666666667,125144.66666666667,,0,0,0,0,0
2025-09-16 01:40:15,P1,29.18,66.66,1013.02,125656,,19.32,2025-09-16,1,1,0,1,29.149,67.01299999999999,1013.1206666666666,125157.2,,0,0,0,0,0
2025-09-16 01:40:45,P1,29.18,66.78,1013.02,125751,,19.35,2025-09-16,1,1,0,1,29.151,66.99799999999999,1013.1143333333333,125185.33333333333,,0,0,0,0,0
2025-09-16 01:41:15,P1,29.18,66.65,1013.01,125751,,19.31,2025-09-16,1,1,0,1,29.15266666666667,66.98366666666666,1013.108,125213.46666666666,,0,0,0,0,0
2025-09-16 01:41:45,P1,29.18,66.69,1013.0,125751,,19.33,2025-09-16,1,1,0,1,29.154333333333334,66.95933333333333,1013.1013333333333,125247.8,,0,0,0,0,0
2025-09-16 01:42:15,P1,29.18,66.82,1013.0,125656,,19.36,2025-09-16,1,1,0,1,29.156000000000002,66.94833333333334,1013.0949999999999,125285.16666666667,,0,0,0,0,0
2025-09-16 01:42:46,P1,29.18,66.87,1013.0,125280,,19.38,2025-09-16,1,1,0,1,29.157666666666668,66.94,1013.0886666666667,125300.7,,0,0,0,0,0
2025-09-16 01:43:16,P1,29.18,66.73,1013.0,125845,,19.34,2025-09-16,1,1,0,1,29.159333333333333,66.92699999999999,1013.0823333333333,125338.16666666667,,0,0,0,0,0
2025-09-16 01:43:46,P1,29.18,66.65,1013.0,125656,,19.32,2025-09-16,1,1,0,1,29.161,66.91066666666667,1013.0763333333332,125375.53333333334,,0,0,0,0,0
2025-09-16 01:44:16,P1,29.18,66.66,1012.99,125656,,19.33,2025-09-16,1,1,0,1,29.162666666666667,66.89433333333334,1013.0699999999999,125419.06666666667,,0,0,0,0,0
2025-09-16 01:44:46,P1,29.19,66.59,1012.99,126035,,19.3,2025-09-16,1,1,0,1,29.16466666666667,66.87733333333333,1013.064,125447.33333333333,,0,0,0,0,0
2025-09-16 01:45:16,P1,29.19,66.71,1012.99,126225,,19.35,2025-09-16,1,1,0,1,29.166333333333334,66.86433333333333,1013.0579999999999,125503.66666666667,,0,0,0,0,0
2025-09-16 01:45:47,P1,29.2,66.83,1012.99,125656,,19.39,2025-09-16,1,1,0,1,29.168333333333337,66.85533333333333,1013.0523333333333,125509.93333333333,,0,0,0,0,0
2025-09-16 01:46:17,P1,29.2,66.75,1012.98,125656,,19.37,2025-09-16,1,1,0,1,29.17033333333333,66.845,1013.0463333333333,125528.7,,0,0,0,0,0
2025-09-16 01:46:47,P1,29.21,66.6,1012.98,126035,,19.33,2025-09-16,1,1,0,1,29.172666666666665,66.82733333333334,1013.0403333333333,125563.2,,0,0,0,0,0
2025-09-16 01:47:17,P1,29.21,66.57,1012.98,126415,,19.33,2025-09-16,1,1,0,1,29.174666666666667,66.81066666666666,1013.0346666666667,125619.66666666667,,0,0,0,0,0
2025-09-16 01:47:47,P1,29.21,66.38,1012.98,126035,,19.27,2025-09-16,1,1,0,1,29.17666666666667,66.78466666666667,1013.0296666666667,125644.83333333333,,0,0,0,0,0
2025-09-16 01:48:18,P1,29.21,66.38,1012.96,126606,,19.27,2025-09-16,1,1,0,1,29.178333333333335,66.76233333333333,1013.0243333333333,125695.26666666666,,0,0,0,0,0
2025-09-16 01:48:48,P1,29.21,66.31,1012.96,126415,,19.25,2025-09-16,1,1,0,1,29.18,66.73833333333333,1013.0193333333334,125723.7,,0,0,0,0,0
2025-09-16 01:49:18,P1,29.21,66.32,1012.96,126320,,19.25,2025-09-16,1,1,0,1,29.18166666666667,66.71466666666666,1013.0146666666667,125764.6,,0,0,0,0,0
2025-09-16 01:49:48,P1,29.21,66.25,1012.96,127280,,19.24,2025-09-16,1,1,0,1,29.183333333333334,66.69,1013.0103333333334,125818.73333333334,,0,0,0,0,0
2025-09-16 01:50:18,P1,29.22,66.41,1012.95,126606,,19.28,2025-09-16,1,1,0,1,29.185333333333332,66.67133333333332,1013.006,125884.66666666667,,0,0,0,0,0
2025-09-16 01:50:49,P1,29.22,66.3,1012.96,126511,,19.26,2025-09-16,1,1,0,1,29.187333333333335,66.649,1013.0023333333334,125919.43333333333,,0,0,0,0,0
2025-09-16 01:51:19,P1,29.22,66.3,1012.95,126798,,19.26,2025-09-16,1,1,0,1,29.189333333333334,66.62766666666667,1012.9986666666666,125951.2,,0,0,0,0,0
2025-09-16 01:51:49,P1,29.22,66.42,1012.95,127183,,19.29,2025-09-16,1,1,0,1,29.191333333333333,66.61233333333332,1012.9950000000001,126011.5,,0,0,0,0,0
2025-09-16 01:52:19,P1,29.22,66.24,1012.95,126415,,19.24,2025-09-16,1,1,0,1,29.19333333333333,66.58633333333333,1012.9913333333334,126033.63333333333,,0,0,0,0,0
2025-09-16 01:52:49,P1,29.22,66.24,1012.94,126606,,19.24,2025-09-16,1,1,0,1,29.195333333333334,66.56533333333333,1012.9876666666667,126093.36666666667,,0,0,0,0,0
2025-09-16 01:53:20,P1,29.23,66.27,1012.92,127376,,19.26,2025-09-16,1,1,0,1,29.19766666666667,66.54766666666667,1012.9833333333333,126150.7,,0,0,0,0,0
2025-09-16 01:53:50,P1,29.23,66.22,1012.92,126798,,19.24,2025-09-16,1,1,0,1,29.199666666666666,66.52966666666667,1012.9789999999999,126188.76666666666,,0,0,0,0,0
2025-09-16 01:54:20,P1,29.23,66.29,1012.91,127376,,19.27,2025-09-16,1,1,0,1,29.201666666666664,66.51633333333334,1012.975,126239.8,,0,0,0,0,0
2025-09-16 01:54:50,P1,29.24,66.22,1012.91,126606,,19.25,2025-09-16,1,1,0,1,29.204,66.50366666666666,1012.971,126265.16666666667,,0,0,0,0,0
2025-09-16 01:55:20,P1,29.24,66.17,1012.9,126702,,19.24,2025-09-16,1,1,0,1,29.206,66.48733333333334,1012.9670000000001,126300.03333333334,,0,0,0,0,0
2025-09-16 01:55:51,P1,29.24,66.17,1012.9,126606,,19.24,2025-09-16,1,1,0,1,29.208000000000002,66.467,1012.963,126328.53333333334,,0,0,0,0,0
2025-09-16 01:56:21,P1,29.24,66.22,1012.89,127376,,19.25,2025-09-16,1,1,0,1,29.209999999999997,66.45266666666666,1012.9590000000001,126382.7,,0,0,0,0,0
2025-09-16 01:56:51,P1,29.24,66.39,1012.89,127668,,19.3,2025-09-16,1,1,0,1,29.212,66.44266666666667,1012.9553333333333,126446.6,,0,0,0,0,0
2025-09-16 01:57:21,P1,29.24,66.24,1012.89,126990,,19.26,2025-09-16,1,1,0,1,29.214000000000002,66.42333333333333,1012.9516666666667,126491.06666666667,,0,0,0,0,0
2025-09-16 01:57:51,P1,29.24,66.22,1012.89,126798,,19.25,2025-09-16,1,1,0,1,29.216,66.40166666666666,1012.9480000000001,126541.66666666667,,0,0,0,0,0
2025-09-16 01:58:21,P1,29.24,66.26,1012.89,126894,,19.27,2025-09-16,1,1,0,1,29.218000000000004,66.38600000000001,1012.9443333333334,126576.63333333333,,0,0,0,0,0
2025-09-16 01:58:52,P1,29.24,66.43,1012.89,126702,,19.32,2025-09-16,1,1,0,1,29.219999999999995,66.37866666666666,1012.9406666666667,126611.5,,0,0,0,0,0
2025-09-16 01:59:22,P1,29.25,66.41,1012.88,127086,,19.32,2025-09-16,1,1,0,1,29.222333333333335,66.37033333333333,1012.937,126659.16666666667,,0,0,0,0,0
2025-09-16 01:59:52,P1,29.25,66.38,1012.89,127183,,19.31,2025-09-16,1,1,0,1,29.224333333333334,66.36333333333333,1012.9336666666667,126697.43333333333,,0,0,0,0,0
2025-09-16 02:00:22,P1,29.25,66.56,1012.89,127183,,19.37,2025-09-16,2,1,0,1,29.226333333333333,66.35833333333333,1012.9303333333334,126729.36666666667,,0,0,0,0,0
2025-09-16 02:00:52,P1,29.26,66.39,1012.89,127570,,19.32,2025-09-16,2,1,0,1,29.228333333333335,66.34366666666666,1012.9269999999999,126793.16666666667,,0,0,0,0,0
2025-09-16 02:01:23,P1,29.26,66.41,1012.89,126606,,19.33,2025-09-16,2,1,0,1,29.230333333333338,66.33233333333334,1012.9239999999999,126824.83333333333,,0,0,0,0,0
2025-09-16 02:01:53,P1,29.26,66.48,1012.89,127086,,19.36,2025-09-16,2,1,0,1,29.232000000000003,66.32833333333333,1012.921,126859.86666666667,,0,0,0,0,0
2025-09-16 02:02:23,P1,29.26,66.39,1012.9,127473,,19.33,2025-09-16,2,1,0,1,29.233666666666668,66.32233333333333,1012.9183333333333,126895.13333333333,,0,0,0,0,0
2025-09-16 02:02:53,P1,29.26,66.41,1012.89,126894,,19.33,2025-09-16,2,1,0,1,29.235333333333333,66.32333333333334,1012.9153333333333,126923.76666666666,,0,0,0,0,0
2025-09-16 02:03:23,P1,29.26,66.55,1012.9,126798,,19.37,2025-09-16,2,1,0,1,29.237000000000002,66.329,1012.9133333333334,126930.16666666667,,0,0,0,0,0
2025-09-16 02:03:54,P1,29.26,66.54,1012.91,126798,,19.37,2025-09-16,2,1,0,1,29.238666666666667,66.33666666666666,1012.9116666666666,126942.93333333333,,0,0,0,0,0
2025-09-16 02:04:24,P1,29.25,66.55,1012.91,126130,,19.37,2025-09-16,2,1,0,1,29.24,66.34433333333334,1012.91,126936.6,,0,0,0,0,0
2025-09-16 02:04:54,P1,29.25,66.67,1012.91,126894,,19.4,2025-09-16,2,1,0,1,29.241333333333333,66.35833333333333,1012.9083333333333,126923.73333333334,,0,0,0,0,0
2025-09-16 02:05:24,P1,29.26,66.58,1012.92,126606,,19.38,2025-09-16,2,1,0,1,29.242666666666665,66.364,1012.9073333333333,126923.73333333334,,0,0,0,0,0
2025-09-16 02:05:54,P1,29.26,66.47,1012.93,126894,,19.35,2025-09-16,2,1,0,1,29.243999999999996,66.36966666666666,1012.9063333333332,126936.5,,0,0,0,0,0
2025-09-16 02:06:25,P1,29.27,66.71,1012.94,126606,,19.43,2025-09-16,2,1,0,1,29.24566666666666,66.38333333333334,1012.9060000000001,126930.1,,0,0,0,0,0
2025-09-16 02:06:55,P1,29.27,66.61,1012.94,126606,,19.41,2025-09-16,2,1,0,1,29.247333333333337,66.38966666666667,1012.9056666666667,126910.86666666667,,0,0,0,0,0
2025-09-16 02:07:25,P1,29.28,66.52,1012.94,126606,,19.38,2025-09-16,2,1,0,1,29.249333333333333,66.399,1012.9053333333334,126917.23333333334,,0,0,0,0,0
2025-09-16 02:07:55,P1,29.28,66.68,1012.95,126511,,19.43,2025-09-16,2,1,0,1,29.25133333333333,66.41366666666666,1012.9056666666667,126914.06666666667,,0,0,0,0,0
2025-09-16 02:08:25,P1,29.28,66.67,1012.95,127086,,19.43,2025-09-16,2,1,0,1,29.252999999999997,66.42699999999999,1012.9066666666666,126904.4,,0,0,0,0,0
2025-09-16 02:08:56,P1,29.29,66.86,1012.95,126320,,19.49,2025-09-16,2,1,0,1,29.255,66.44833333333334,1012.9076666666666,126888.46666666666,,0,0,0,0,0
2025-09-16 02:09:26,P1,29.29,66.88,1012.95,126415,,19.5,2025-09-16,2,1,0,1,29.257,66.468,1012.909,126856.43333333333,,0,0,0,0,0
2025-09-16 02:09:56,P1,29.29,66.8,1012.95,126702,,19.48,2025-09-16,2,1,0,1,29.258666666666667,66.48733333333332,1012.9103333333334,126859.63333333333,,0,0,0,0,0
2025-09-16 02:10:26,P1,29.3,66.82,1012.96,126415,,19.49,2025-09-16,2,1,0,1,29.26066666666667,66.509,1012.9123333333333,126850.06666666667,,0,0,0,0,0
2025-09-16 02:10:56,P1,29.3,66.66,1012.96,126320,,19.45,2025-09-16,2,1,0,1,29.262666666666668,66.52533333333334,1012.9143333333334,126840.53333333334,,0,0,0,0,0
2025-09-16 02:11:26,P1,29.31,66.84,1012.96,126894,,19.51,2025-09-16,2,1,0,1,29.265,66.546,1012.9166666666666,126824.46666666666,,0,0,0,0,0
2025-09-16 02:11:57,P1,29.31,66.83,1012.96,126415,,19.51,2025-09-16,2,1,0,1,29.267333333333333,66.56066666666666,1012.9190000000001,126782.7,,0,0,0,0,0
2025-09-16 02:12:27,P1,29.31,66.76,1012.96,126225,,19.49,2025-09-16,2,1,0,1,29.26966666666667,66.578,1012.9213333333333,126757.2,,0,0,0,0,0
2025-09-16 02:12:57,P1,29.31,66.83,1012.96,125656,,19.51,2025-09-16,2,1,0,1,29.272,66.59833333333333,1012.9236666666667,126719.13333333333,,0,0,0,0,0
2025-09-16 02:13:27,P1,29.31,67.05,1012.96,125845,,19.58,2025-09-16,2,1,0,1,29.274333333333335,66.62466666666666,1012.9259999999999,126684.16666666667,,0,0,0,0,0
2025-09-16 02:13:57,P1,29.31,66.96,1012.97,125845,,19.55,2025-09-16,2,1,0,1,29.276666666666664,66.64233333333333,1012.9286666666667,126655.6,,0,0,0,0,0
2025-09-16 02:14:28,P1,29.32,67.21,1012.98,125845,,19.62,2025-09-16,2,1,0,1,29.279,66.669,1012.932,126614.23333333334,,0,0,0,0,0
2025-09-16 02:14:58,P1,29.32,67.05,1012.97,125845,,19.58,2025-09-16,2,1,0,1,29.281333333333336,66.69133333333333,1012.9346666666667,126569.63333333333,,0,0,0,0,0
2025-09-16 02:15:28,P1,29.32,67.13,1012.98,125468,,19.6,2025-09-16,2,1,0,1,29.28366666666667,66.71033333333334,1012.9376666666667,126512.46666666666,,0,0,0,0,0
2025-09-16 02:15:58,P1,29.31,66.96,1012.99,125656,,19.55,2025-09-16,2,1,0,1,29.28533333333333,66.72933333333334,1012.9410000000001,126448.66666666667,,0,0,0,0,0
2025-09-16 02:16:28,P1,29.31,67.14,1012.99,125656,,19.6,2025-09-16,2,1,0,1,29.287,66.75366666666666,1012.9443333333334,126417.0,,0,0,0,0,0
2025-09-16 02:16:59,P1,29.31,67.0,1012.98,125562,,19.56,2025-09-16,2,1,0,1,29.288666666666664,66.771,1012.9473333333333,126366.2,,0,0,0,0,0
2025-09-16 02:17:29,P1,29.31,66.88,1012.99,126415,,19.53,2025-09-16,2,1,0,1,29.290333333333333,66.78733333333334,1012.9503333333334,126330.93333333333,,0,0,0,0,0
2025-09-16 02:17:59,P1,29.32,66.87,1012.99,126606,,19.52,2025-09-16,2,1,0,1,29.292333333333332,66.80266666666667,1012.9536666666667,126321.33333333333,,0,0,0,0,0
2025-09-16 02:18:29,P1,29.32,66.95,1012.99,125940,,19.55,2025-09-16,2,1,0,1,29.294333333333334,66.816,1012.9566666666667,126292.73333333334,,0,0,0,0,0
2025-09-16 02:18:59,P1,29.32,66.87,1012.98,125187,,19.53,2025-09-16,2,1,0,1,29.296333333333333,66.827,1012.9590000000001,126239.03333333334,,0,0,0,0,0
2025-09-16 02:19:30,P1,29.32,66.77,1012.98,125656,,19.5,2025-09-16,2,1,0,1,29.29866666666667,66.83433333333332,1012.9613333333333,126223.23333333334,,0,0,0,0,0
2025-09-16 02:20:00,P1,29.32,66.91,1012.97,126130,,19.54,2025-09-16,2,1,0,1,29.301,66.84233333333333,1012.9633333333334,126197.76666666666,,0,0,0,0,0
2025-09-16 02:20:30,P1,29.32,66.74,1012.97,126225,,19.5,2025-09-16,2,1,0,1,29.303,66.84766666666665,1012.9650000000001,126185.06666666667,,0,0,0,0,0
2025-09-16 02:21:00,P1,29.32,66.73,1012.96,125940,,19.49,2025-09-16,2,1,0,1,29.305,66.85633333333334,1012.9660000000001,126153.26666666666,,0,0,0,0,0
2025-09-16 02:21:30,P1,29.32,66.98,1012.96,125656,,19.56,2025-09-16,2,1,0,1,29.306666666666665,66.86533333333334,1012.9666666666667,126121.6,,0,0,0,0,0
2025-09-16 02:22:01,P1,29.32,66.87,1012.95,125845,,19.52,2025-09-16,2,1,0,1,29.308333333333334,66.874,1012.9670000000001,126096.23333333334,,0,0,0,0,0
2025-09-16 02:22:31,P1,29.31,67.02,1012.95,126511,,19.57,2025-09-16,2,1,0,1,29.30933333333333,66.89066666666666,1012.9673333333334,126093.06666666667,,0,0,0,0,0
2025-09-16 02:23:01,P1,29.31,66.87,1012.94,126130,,19.52,2025-09-16,2,1,0,1,29.310333333333336,66.897,1012.9670000000001,126080.36666666667,,0,0,0,0,0
2025-09-16 02:23:31,P1,29.31,66.92,1012.93,126511,,19.54,2025-09-16,2,1,0,1,29.311333333333334,66.90533333333333,1012.9663333333334,126061.2,,0,0,0,0,0
2025-09-16 02:24:01,P1,29.32,67.19,1012.93,126320,,19.62,2025-09-16,2,1,0,1,29.312333333333335,66.91633333333333,1012.9656666666667,126061.2,,0,0,0,0,0
2025-09-16 02:24:31,P1,29.32,66.92,1012.92,126130,,19.54,2025-09-16,2,1,0,1,29.313333333333333,66.91766666666666,1012.9646666666666,126051.7,,0,0,0,0,0
2025-09-16 02:25:02,P1,29.33,67.23,1012.92,126415,,19.64,2025-09-16,2,1,0,1,29.314666666666668,66.932,1012.9636666666667,126042.13333333333,,0,0,0,0,0
2025-09-16 02:25:32,P1,29.34,67.73,1012.92,125280,,19.8,2025-09-16,2,1,0,1,29.315999999999995,66.96233333333333,1012.9623333333333,126004.3,,0,0,0,0,0
2025-09-16 02:26:02,P1,29.34,66.93,1012.9,125751,,19.57,2025-09-16,2,1,0,1,29.317333333333334,66.97133333333333,1012.9603333333333,125985.33333333333,,0,0,0,0,0
2025-09-16 02:26:32,P1,29.35,67.01,1012.9,125656,,19.6,2025-09-16,2,1,0,1,29.318666666666665,66.977,1012.9583333333334,125944.06666666667,,0,0,0,0,0
2025-09-16 02:27:02,P1,29.35,67.0,1012.89,125280,,19.6,2025-09-16,2,1,0,1,29.32,66.98266666666667,1012.956,125906.23333333334,,0,0,0,0,0
2025-09-16 02:27:33,P1,29.35,67.13,1012.89,125940,,19.64,2025-09-16,2,1,0,1,29.32133333333333,66.99499999999999,1012.9536666666667,125896.73333333334,,0,0,0,0,0
2025-09-16 02:28:03,P1,29.36,67.31,1012.88,125845,,19.7,2025-09-16,2,1,0,1,29.323,67.01100000000001,1012.9509999999999,125903.03333333334,,0,0,0,0,0
2025-09-16 02:28:33,P1,29.36,66.89,1012.88,125845,,19.58,2025-09-16,2,1,0,1,29.324666666666666,67.00566666666667,1012.9483333333334,125903.03333333334,,0,0,0,0,0
2025-09-16 02:29:03,P1,29.36,67.23,1012.88,125187,,19.68,2025-09-16,2,1,0,1,29.32633333333333,67.01466666666667,1012.9453333333333,125881.1,,0,0,0,0,0
2025-09-16 02:29:33,P1,29.36,67.5,1012.87,124907,,19.76,2025-09-16,2,1,0,1,29.327666666666666,67.02433333333333,1012.9416666666667,125849.83333333333,,0,0,0,0,0
2025-09-16 02:30:04,P1,29.37,67.01,1012.87,124907,,19.62,2025-09-16,2,1,0,1,29.329333333333334,67.023,1012.9383333333333,125818.56666666667,,0,0,0,0,0
2025-09-16 02:30:34,P1,29.37,67.01,1012.86,125751,,19.63,2025-09-16,2,1,0,1,29.331,67.01899999999999,1012.9343333333333,125828.0,,0,0,0,0,0
2025-09-16 02:31:04,P1,29.37,67.04,1012.85,125468,,19.63,2025-09-16,2,1,0,1,29.333000000000002,67.02166666666666,1012.9296666666667,125821.73333333334,,0,0,0,0,0
2025-09-16 02:31:34,P1,29.37,67.05,1012.85,125468,,19.64,2025-09-16,2,1,0,1,29.334999999999997,67.01866666666668,1012.925,125815.46666666666,,0,0,0,0,0
2025-09-16 02:32:04,P1,29.37,67.11,1012.84,125562,,19.65,2025-09-16,2,1,0,1,29.337,67.02233333333334,1012.9203333333334,125815.46666666666,,0,0,0,0,0
2025-09-16 02:32:35,P1,29.37,66.9,1012.84,125751,,19.59,2025-09-16,2,1,0,1,29.339,67.023,1012.9153333333333,125793.33333333333,,0,0,0,0,0
2025-09-16 02:33:05,P1,29.37,66.95,1012.84,125468,,19.61,2025-09-16,2,1,0,1,29.340666666666667,67.02566666666667,1012.9103333333334,125755.4,,0,0,0,0,0
2025-09-16 02:33:35,P1,29.38,66.78,1012.84,125940,,19.56,2025-09-16,2,1,0,1,29.342666666666666,67.02000000000001,1012.9053333333334,125755.4,,0,0,0,0,0
2025-09-16 02:34:05,P1,29.38,66.8,1012.84,126035,,19.57,2025-09-16,2,1,0,1,29.34466666666667,67.01766666666667,1012.9006666666667,125783.66666666667,,0,0,0,0,0
2025-09-16 02:34:35,P1,29.39,66.71,1012.83,125940,,19.55,2025-09-16,2,1,0,1,29.346999999999998,67.01566666666668,1012.8956666666668,125793.13333333333,,0,0,0,0,0
2025-09-16 02:35:05,P1,29.39,66.82,1012.83,126320,,19.59,2025-09-16,2,1,0,1,29.349333333333334,67.01266666666668,1012.891,125799.46666666666,,0,0,0,0,0
2025-09-16 02:35:36,P1,29.39,66.65,1012.81,126606,,19.54,2025-09-16,2,1,0,1,29.351666666666667,67.00966666666666,1012.8856666666667,125812.16666666667,,0,0,0,0,0
2025-09-16 02:36:06,P1,29.39,66.64,1012.81,126130,,19.54,2025-09-16,2,1,0,1,29.354,67.00666666666667,1012.8806666666666,125818.5,,0,0,0,0,0
2025-09-16 02:36:36,P1,29.39,66.71,1012.81,125187,,19.56,2025-09-16,2,1,0,1,29.356333333333335,66.99766666666667,1012.8756666666667,125802.86666666667,,0,0,0,0,0
2025-09-16 02:37:06,P1,29.39,67.17,1012.8,126702,,19.69,2025-09-16,2,1,0,1,29.358666666666668,67.00766666666667,1012.8706666666666,125831.43333333333,,0,0,0,0,0
2025-09-16 02:37:36,P1,29.4,67.15,1012.79,126702,,19.69,2025-09-16,2,1,0,1,29.361666666666668,67.012,1012.8653333333333,125837.8,,0,0,0,0,0
2025-09-16 02:38:07,P1,29.4,67.0,1012.79,126511,,19.65,2025-09-16,2,1,0,1,29.364666666666665,67.01633333333334,1012.8603333333334,125850.5,,0,0,0,0,0
2025-09-16 02:38:37,P1,29.4,66.77,1012.78,125845,,19.58,2025-09-16,2,1,0,1,29.367666666666665,67.01133333333333,1012.8553333333333,125828.3,,0,0,0,0,0
2025-09-16 02:39:07,P1,29.4,66.8,1012.78,125845,,19.59,2025-09-16,2,1,0,1,29.37033333333333,66.99833333333333,1012.8503333333333,125812.46666666666,,0,0,0,0,0
2025-09-16 02:39:37,P1,29.4,66.84,1012.77,125845,,19.6,2025-09-16,2,1,0,1,29.373,66.99566666666666,1012.8453333333333,125802.96666666666,,0,0,0,0,0
2025-09-16 02:40:07,P1,29.4,66.8,1012.77,126702,,19.59,2025-09-16,2,1,0,1,29.375333333333334,66.98133333333334,1012.8403333333333,125812.53333333334,,0,0,0,0,0
2025-09-16 02:40:38,P1,29.4,66.98,1012.77,126035,,19.65,2025-09-16,2,1,0,1,29.377333333333336,66.95633333333333,1012.8353333333333,125837.7,,0,0,0,0,0
2025-09-16 02:41:08,P1,29.4,67.26,1012.77,125562,,19.73,2025-09-16,2,1,0,1,29.37933333333333,66.96733333333333,1012.831,125831.4,,0,0,0,0,0
2025-09-16 02:41:38,P1,29.41,67.51,1012.77,125751,,19.81,2025-09-16,2,1,0,1,29.381333333333334,66.984,1012.8266666666667,125834.56666666667,,0,0,0,0,0
2025-09-16 02:42:08,P1,29.41,67.49,1012.77,125374,,19.81,2025-09-16,2,1,0,1,29.383333333333333,67.00033333333333,1012.8226666666666,125837.7,,0,0,0,0,0
2025-09-16 02:42:38,P1,29.42,67.21,1012.76,125000,,19.74,2025-09-16,2,1,0,1,29.385666666666665,67.003,1012.8183333333333,125806.36666666667,,0,0,0,0,0
2025-09-16 02:43:09,P1,29.43,67.06,1012.76,125093,,19.7,2025-09-16,2,1,0,1,29.388,66.99466666666666,1012.8143333333334,125781.3,,0,0,0,0,0
2025-09-16 02:43:39,P1,29.43,67.11,1012.76,125468,,19.72,2025-09-16,2,1,0,1,29.390333333333334,67.002,1012.8103333333333,125768.73333333334,,0,0,0,0,0
2025-09-16 02:44:09,P1,29.43,67.22,1012.75,125845,,19.75,2025-09-16,2,1,0,1,29.392666666666667,67.00166666666667,1012.806,125790.66666666667,,0,0,0,0,0
2025-09-16 02:44:39,P1,29.43,67.23,1012.75,125280,,19.76,2025-09-16,2,1,0,1,29.395,66.99266666666666,1012.802,125803.1,,0,0,0,0,0
2025-09-16 02:45:09,P1,29.43,67.03,1012.74,125845,,19.7,2025-09-16,2,1,0,1,29.397,66.99333333333333,1012.7976666666667,125834.36666666667,,0,0,0,0,0
2025-09-16 02:45:40,P1,29.43,66.9,1012.74,125374,,19.66,2025-09-16,2,1,0,1,29.399,66.98966666666666,1012.7936666666667,125821.8,,0,0,0,0,0
2025-09-16 02:46:10,P1,29.43,67.05,1012.73,125751,,19.7,2025-09-16,2,1,0,1,29.401,66.99,1012.7896666666667,125831.23333333334,,0,0,0,0,0
2025-09-16 02:46:40,P1,29.43,67.0,1012.73,126130,,19.69,2025-09-16,2,1,0,1,29.403000000000002,66.98833333333333,1012.7856666666667,125853.3,,0,0,0,0,0
2025-09-16 02:47:10,P1,29.43,66.87,1012.72,125093,,19.65,2025-09-16,2,1,0,1,29.404999999999998,66.98033333333333,1012.7816666666666,125837.66666666667,,0,0,0,0,0
2025-09-16 02:47:40,P1,29.43,67.0,1012.72,126320,,19.69,2025-09-16,2,1,0,1,29.407,66.98366666666666,1012.7776666666667,125856.63333333333,,0,0,0,0,0
2025-09-16 02:48:10,P1,29.43,67.08,1012.72,125562,,19.71,2025-09-16,2,1,0,1,29.409,66.988,1012.7736666666666,125859.76666666666,,0,0,0,0,0
2025-09-16 02:48:41,P1,29.43,67.12,1012.71,126130,,19.72,2025-09-16,2,1,0,1,29.410666666666664,66.99933333333334,1012.7693333333333,125866.1,,0,0,0,0,0
2025-09-16 02:49:11,P1,29.43,67.15,1012.71,125280,,19.73,2025-09-16,2,1,0,1,29.412333333333333,67.011,1012.765,125840.93333333333,,0,0,0,0,0
2025-09-16 02:49:41,P1,29.43,67.04,1012.71,125845,,19.7,2025-09-16,2,1,0,1,29.413666666666664,67.02199999999999,1012.7610000000001,125837.76666666666,,0,0,0,0,0
2025-09-16 02:50:11,P1,29.43,66.86,1012.7,125468,,19.65,2025-09-16,2,1,0,1,29.415000000000003,67.02333333333334,1012.7566666666667,125809.36666666667,,0,0,0,0,0
2025-09-16 02:50:41,P1,29.43,66.98,1012.69,126415,,19.68,2025-09-16,2,1,0,1,29.416333333333334,67.03433333333334,1012.7526666666666,125803.0,,0,0,0,0,0
2025-09-16 02:51:12,P1,29.43,67.15,1012.69,125940,,19.73,2025-09-16,2,1,0,1,29.41766666666667,67.05133333333333,1012.7486666666667,125796.66666666667,,0,0,0,0,0
2025-09-16 02:51:42,P1,29.43,67.33,1012.7,125280,,19.79,2025-09-16,2,1,0,1,29.418999999999997,67.072,1012.745,125799.76666666666,,0,0,0,0,0
2025-09-16 02:52:12,P1,29.44,67.2,1012.69,126130,,19.75,2025-09-16,2,1,0,1,29.420666666666666,67.07300000000001,1012.7413333333334,125780.7,,0,0,0,0,0
2025-09-16 02:52:42,P1,29.44,67.28,1012.69,125940,,19.78,2025-09-16,2,1,0,1,29.422,67.07733333333334,1012.7379999999999,125755.3,,0,0,0,0,0
2025-09-16 02:53:12,P1,29.44,67.07,1012.69,125656,,19.72,2025-09-16,2,1,0,1,29.423333333333336,67.07966666666667,1012.7346666666666,125726.8,,0,0,0,0,0
2025-09-16 02:53:43,P1,29.44,67.09,1012.68,125751,,19.73,2025-09-16,2,1,0,1,29.424666666666667,67.09033333333333,1012.7313333333333,125723.66666666667,,0,0,0,0,0
2025-09-16 02:54:13,P1,29.44,67.02,1012.68,125280,,19.7,2025-09-16,2,1,0,1,29.426000000000002,67.09766666666667,1012.728,125704.83333333333,,0,0,0,0,0
2025-09-16 02:54:43,P1,29.44,67.27,1012.67,125656,,19.78,2025-09-16,2,1,0,1,29.42733333333333,67.112,1012.7246666666667,125698.53333333334,,0,0,0,0,0
2025-09-16 02:55:13,P1,29.45,67.54,1012.66,125468,,19.86,2025-09-16,2,1,0,1,29.429,67.13666666666667,1012.721,125657.4,,0,0,0,0,0
2025-09-16 02:55:43,P1,29.45,67.27,1012.66,125468,,19.79,2025-09-16,2,1,0,1,29.430666666666664,67.14633333333333,1012.7173333333334,125638.5,,0,0,0,0,0
2025-09-16 02:56:14,P1,29.45,67.12,1012.66,125093,,19.74,2025-09-16,2,1,0,1,29.432333333333336,67.14166666666667,1012.7136666666667,125622.86666666667,,0,0,0,0,0
2025-09-16 02:56:44,P1,29.45,67.12,1012.66,125562,,19.75,2025-09-16,2,1,0,1,29.433666666666667,67.12866666666667,1012.7099999999999,125616.56666666667,,0,0,0,0,0
2025-09-16 02:57:14,P1,29.45,67.02,1012.66,125468,,19.72,2025-09-16,2,1,0,1,29.435,67.113,1012.7063333333334,125619.7,,0,0,0,0,0
2025-09-16 02:57:44,P1,29.45,67.18,1012.65,125374,,19.77,2025-09-16,2,1,0,1,29.436,67.112,1012.7026666666667,125632.16666666667,,0,0,0,0,0
2025-09-16 02:58:14,P1,29.46,67.18,1012.65,125280,,19.76,2025-09-16,2,1,0,1,29.436999999999998,67.116,1012.6990000000001,125638.4,,0,0,0,0,0
2025-09-16 02:58:45,P1,29.46,67.06,1012.64,125656,,19.73,2025-09-16,2,1,0,1,29.438,67.11433333333333,1012.6949999999999,125644.66666666667,,0,0,0,0,0
2025-09-16 02:59:15,P1,29.46,67.13,1012.64,125845,,19.76,2025-09-16,2,1,0,1,29.439000000000004,67.11133333333333,1012.6913333333333,125644.66666666667,,0,0,0,0,0
2025-09-16 02:59:45,P1,29.47,66.95,1012.64,126035,,19.71,2025-09-16,2,1,0,1,29.440333333333335,67.102,1012.6876666666667,125669.83333333333,,0,0,0,0,0
2025-09-16 03:00:15,P1,29.47,67.02,1012.63,126415,,19.73,2025-09-16,3,1,0,1,29.441666666666666,67.10166666666667,1012.684,125688.83333333333,,0,0,0,0,0
2025-09-16 03:00:45,P1,29.47,67.13,1012.63,125562,,19.77,2025-09-16,3,1,0,1,29.442999999999998,67.10933333333334,1012.6803333333334,125695.1,,0,0,0,0,0
2025-09-16 03:01:15,P1,29.48,67.25,1012.63,125093,,19.81,2025-09-16,3,1,0,1,29.444666666666667,67.116,1012.677,125673.16666666667,,0,0,0,0,0
2025-09-16 03:01:46,P1,29.48,67.0,1012.61,125656,,19.74,2025-09-16,3,1,0,1,29.44633333333333,67.116,1012.6730000000001,125657.36666666667,,0,0,0,0,0
2025-09-16 03:02:16,P1,29.48,66.96,1012.61,126415,,19.73,2025-09-16,3,1,0,1,29.448,67.119,1012.6693333333333,125701.43333333333,,0,0,0,0,0
2025-09-16 03:02:46,P1,29.49,67.11,1012.62,125280,,19.78,2025-09-16,3,1,0,1,29.45,67.12266666666666,1012.6659999999999,125666.76666666666,,0,0,0,0,0
2025-09-16 03:03:16,P1,29.49,66.94,1012.61,125845,,19.73,2025-09-16,3,1,0,1,29.451999999999998,67.118,1012.6623333333334,125676.2,,0,0,0,0,0
2025-09-16 03:03:46,P1,29.49,67.18,1012.6,125751,,19.8,2025-09-16,3,1,0,1,29.454,67.12,1012.6586666666667,125663.56666666667,,0,0,0,0,0
2025-09-16 03:04:17,P1,29.49,67.06,1012.6,125468,,19.76,2025-09-16,3,1,0,1,29.456,67.117,1012.655,125669.83333333333,,0,0,0,0,0
2025-09-16 03:04:47,P1,29.49,67.3,1012.6,125656,,19.84,2025-09-16,3,1,0,1,29.458000000000002,67.12566666666666,1012.6513333333334,125663.53333333334,,0,0,0,0,0
2025-09-16 03:05:17,P1,29.5,67.54,1012.6,125280,,19.92,2025-09-16,3,1,0,1,29.46033333333333,67.14833333333334,1012.6479999999999,125657.26666666666,,0,0,0,0,0
2025-09-16 03:05:47,P1,29.5,67.14,1012.6,125093,,19.8,2025-09-16,3,1,0,1,29.462666666666667,67.15366666666667,1012.6450000000001,125613.2,,0,0,0,0,0
2025-09-16 03:06:17,P1,29.5,67.17,1012.6,125468,,19.81,2025-09-16,3,1,0,1,29.464999999999996,67.15433333333334,1012.6419999999999,125597.46666666666,,0,0,0,0,0
2025-09-16 03:06:48,P1,29.5,67.06,1012.6,125280,,19.78,2025-09-16,3,1,0,1,29.467333333333332,67.14533333333333,1012.6386666666666,125597.46666666666,,0,0,0,0,0
2025-09-16 03:07:18,P1,29.51,66.96,1012.6,125656,,19.75,2025-09-16,3,1,0,1,29.469666666666665,67.13733333333333,1012.6356666666667,125581.66666666667,,0,0,0,0,0
2025-09-16 03:07:48,P1,29.51,67.35,1012.59,124907,,19.87,2025-09-16,3,1,0,1,29.471999999999998,67.13966666666666,1012.6323333333333,125547.23333333334,,0,0,0,0,0
2025-09-16 03:08:18,P1,29.51,67.12,1012.6,125940,,19.8,2025-09-16,3,1,0,1,29.47433333333333,67.14133333333334,1012.6293333333334,125556.7,,0,0,0,0,0
2025-09-16 03:08:48,P1,29.51,67.19,1012.59,125468,,19.82,2025-09-16,3,1,0,1,29.47666666666667,67.14466666666667,1012.6263333333334,125547.26666666666,,0,0,0,0,0
2025-09-16 03:09:19,P1,29.51,67.47,1012.6,125187,,19.9,2025-09-16,3,1,0,1,29.479,67.15966666666667,1012.6236666666667,125544.16666666667,,0,0,0,0,0
2025-09-16 03:09:49,P1,29.51,67.23,1012.59,125468,,19.83,2025-09-16,3,1,0,1,29.481333333333335,67.15833333333333,1012.6209999999999,125537.9,,0,0,0,0,0
2025-09-16 03:10:19,P1,29.5,67.1,1012.59,125562,,19.79,2025-09-16,3,1,0,1,29.483,67.14366666666668,1012.6186666666666,125541.03333333334,,0,0,0,0,0
2025-09-16 03:10:49,P1,29.5,67.11,1012.59,126035,,19.79,2025-09-16,3,1,0,1,29.48466666666667,67.13833333333334,1012.6163333333333,125559.93333333333,,0,0,0,0,0
2025-09-16 03:11:19,P1,29.5,67.32,1012.59,125845,,19.85,2025-09-16,3,1,0,1,29.486333333333334,67.145,1012.6139999999999,125585.0,,0,0,0,0,0
2025-09-16 03:11:49,P1,29.5,67.12,1012.59,124907,,19.79,2025-09-16,3,1,0,1,29.488,67.145,1012.6116666666666,125563.16666666667,,0,0,0,0,0
2025-09-16 03:12:20,P1,29.5,67.12,1012.58,125374,,19.79,2025-09-16,3,1,0,1,29.48966666666667,67.14833333333333,1012.609,125560.03333333334,,0,0,0,0,0
2025-09-16 03:12:50,P1,29.5,67.25,1012.58,125000,,19.84,2025-09-16,3,1,0,1,29.491333333333333,67.15066666666667,1012.6066666666667,125547.56666666667,,0,0,0,0,0
2025-09-16 03:13:20,P1,29.51,67.13,1012.59,125468,,19.8,2025-09-16,3,1,0,1,29.493000000000002,67.149,1012.6046666666666,125553.83333333333,,0,0,0,0,0
2025-09-16 03:13:50,P1,29.51,67.05,1012.59,125280,,19.78,2025-09-16,3,1,0,1,29.494666666666667,67.14866666666667,1012.603,125541.3,,0,0,0,0,0
2025-09-16 03:14:20,P1,29.5,67.0,1012.58,125280,,19.76,2025-09-16,3,1,0,1,29.496,67.14433333333334,1012.6010000000001,125522.46666666666,,0,0,0,0,0
2025-09-16 03:14:51,P1,29.5,66.97,1012.59,125468,,19.75,2025-09-16,3,1,0,1,29.497,67.145,1012.5993333333333,125503.56666666667,,0,0,0,0,0
2025-09-16 03:15:21,P1,29.5,67.11,1012.59,125656,,19.79,2025-09-16,3,1,0,1,29.498,67.148,1012.5980000000001,125478.26666666666,,0,0,0,0,0
2025-09-16 03:15:51,P1,29.5,67.07,1012.59,125845,,19.78,2025-09-16,3,1,0,1,29.499000000000002,67.146,1012.5966666666667,125487.7,,0,0,0,0,0
2025-09-16 03:16:21,P1,29.5,67.17,1012.58,125751,,19.81,2025-09-16,3,1,0,1,29.499666666666666,67.14333333333333,1012.5949999999999,125509.63333333333,,0,0,0,0,0
2025-09-16 03:16:51,P1,29.51,66.98,1012.58,125751,,19.76,2025-09-16,3,1,0,1,29.500666666666667,67.14266666666667,1012.5939999999999,125512.8,,0,0,0,0,0
2025-09-16 03:17:22,P1,29.51,67.02,1012.58,126415,,19.78,2025-09-16,3,1,0,1,29.501666666666665,67.14466666666667,1012.5930000000001,125512.8,,0,0,0,0,0
2025-09-16 03:17:52,P1,29.52,67.02,1012.58,125751,,19.79,2025-09-16,3,1,0,1,29.502666666666663,67.14166666666667,1012.5916666666667,125528.5,,0,0,0,0,0
2025-09-16 03:18:22,P1,29.53,67.01,1012.58,126511,,19.79,2025-09-16,3,1,0,1,29.504000000000005,67.144,1012.5906666666666,125550.7,,0,0,0,0,0
2025-09-16 03:18:52,P1,29.53,66.88,1012.58,125468,,19.76,2025-09-16,3,1,0,1,29.505333333333336,67.134,1012.59,125541.26666666666,,0,0,0,0,0
2025-09-16 03:19:22,P1,29.53,67.3,1012.58,125656,,19.89,2025-09-16,3,1,0,1,29.506666666666668,67.142,1012.5893333333335,125547.53333333334,,0,0,0,0,0
2025-09-16 03:19:53,P1,29.54,67.3,1012.58,125751,,19.89,2025-09-16,3,1,0,1,29.508333333333333,67.142,1012.5886666666667,125550.7,,0,0,0,0,0
2025-09-16 03:20:23,P1,29.54,67.21,1012.58,125656,,19.87,2025-09-16,3,1,0,1,29.509666666666668,67.131,1012.5880000000001,125563.23333333334,,0,0,0,0,0
2025-09-16 03:20:53,P1,29.55,66.99,1012.57,125468,,19.81,2025-09-16,3,1,0,1,29.511333333333333,67.126,1012.587,125575.73333333334,,0,0,0,0,0
2025-09-16 03:21:23,P1,29.55,67.07,1012.56,125562,,19.83,2025-09-16,3,1,0,1,29.512999999999998,67.12266666666666,1012.5856666666666,125578.86666666667,,0,0,0,0,0
2025-09-16 03:21:53,P1,29.55,67.06,1012.56,125374,,19.83,2025-09-16,3,1,0,1,29.514666666666667,67.12266666666667,1012.5843333333335,125582.0,,0,0,0,0,0
2025-09-16 03:22:23,P1,29.55,67.0,1012.56,125656,,19.81,2025-09-16,3,1,0,1,29.516000000000002,67.124,1012.5830000000001,125582.0,,0,0,0,0,0
2025-09-16 03:22:54,P1,29.55,67.27,1012.55,125845,,19.89,2025-09-16,3,1,0,1,29.517333333333337,67.12133333333334,1012.5816666666667,125613.26666666666,,0,0,0,0,0
2025-09-16 03:23:24,P1,29.55,67.02,1012.55,125468,,19.81,2025-09-16,3,1,0,1,29.518666666666668,67.118,1012.58,125597.53333333334,,0,0,0,0,0
2025-09-16 03:23:54,P1,29.54,67.18,1012.54,125656,,19.86,2025-09-16,3,1,0,1,29.519666666666662,67.11766666666666,1012.5783333333334,125603.8,,0,0,0,0,0
2025-09-16 03:24:24,P1,29.54,67.3,1012.54,125656,,19.89,2025-09-16,3,1,0,1,29.520666666666667,67.11200000000001,1012.5763333333332,125619.43333333333,,0,0,0,0,0
2025-09-16 03:24:54,P1,29.54,67.11,1012.54,125468,,19.84,2025-09-16,3,1,0,1,29.521666666666665,67.108,1012.5746666666666,125619.43333333333,,0,0,0,0,0
2025-09-16 03:25:25,P1,29.54,67.01,1012.53,125656,,19.81,2025-09-16,3,1,0,1,29.523,67.10499999999999,1012.5726666666667,125622.56666666667,,0,0,0,0,0
2025-09-16 03:25:55,P1,29.55,67.01,1012.53,125280,,19.81,2025-09-16,3,1,0,1,29.52466666666667,67.10166666666666,1012.5706666666667,125597.4,,0,0,0,0,0
2025-09-16 03:26:25,P1,29.55,67.01,1012.52,125845,,19.81,2025-09-16,3,1,0,1,29.526333333333334,67.09133333333334,1012.5683333333334,125597.4,,0,0,0,0,0
2025-09-16 03:26:55,P1,29.55,67.08,1012.52,125656,,19.83,2025-09-16,3,1,0,1,29.528000000000002,67.09,1012.5660000000001,125622.36666666667,,0,0,0,0,0
2025-09-16 03:27:25,P1,29.54,66.99,1012.52,125468,,19.8,2025-09-16,3,1,0,1,29.529333333333334,67.08566666666667,1012.564,125625.5,,0,0,0,0,0
2025-09-16 03:27:56,P1,29.54,67.31,1012.51,125845,,19.9,2025-09-16,3,1,0,1,29.530666666666665,67.08766666666666,1012.5616666666667,125653.66666666667,,0,0,0,0,0
2025-09-16 03:28:26,P1,29.54,67.12,1012.51,125374,,19.84,2025-09-16,3,1,0,1,29.531666666666663,67.08733333333333,1012.559,125650.53333333334,,0,0,0,0,0
2025-09-16 03:28:56,P1,29.54,67.38,1012.52,125562,,19.92,2025-09-16,3,1,0,1,29.532666666666668,67.09833333333333,1012.5566666666667,125659.93333333333,,0,0,0,0,0
2025-09-16 03:29:26,P1,29.55,67.2,1012.51,125280,,19.87,2025-09-16,3,1,0,1,29.534333333333333,67.105,1012.5543333333334,125659.93333333333,,0,0,0,0,0
2025-09-16 03:29:56,P1,29.55,67.15,1012.51,125468,,19.86,2025-09-16,3,1,0,1,29.536,67.111,1012.5516666666666,125659.93333333333,,0,0,0,0,0
2025-09-16 03:30:27,P1,29.56,67.27,1012.5,125656,,19.9,2025-09-16,3,1,0,1,29.538,67.11633333333333,1012.5486666666667,125659.93333333333,,0,0,0,0,0
2025-09-16 03:30:57,P1,29.56,67.15,1012.5,125656,,19.87,2025-09-16,3,1,0,1,29.540000000000003,67.119,1012.5456666666666,125653.63333333333,,0,0,0,0,0
2025-09-16 03:31:27,P1,29.57,66.97,1012.5,126225,,19.82,2025-09-16,3,1,0,1,29.542333333333332,67.11233333333334,1012.543,125669.43333333333,,0,0,0,0,0
2025-09-16 03:31:57,P1,29.57,67.22,1012.51,125280,,19.9,2025-09-16,3,1,0,1,29.544333333333334,67.12033333333333,1012.5406666666667,125653.73333333334,,0,0,0,0,0
2025-09-16 03:32:27,P1,29.58,67.29,1012.51,124721,,19.93,2025-09-16,3,1,0,1,29.546666666666667,67.12933333333334,1012.5383333333334,125597.26666666666,,0,0,0,0,0
2025-09-16 03:32:58,P1,29.58,67.21,1012.51,125280,,19.91,2025-09-16,3,1,0,1,29.54866666666667,67.13566666666667,1012.536,125581.56666666667,,0,0,0,0,0
2025-09-16 03:33:28,P1,29.58,67.01,1012.5,125656,,19.86,2025-09-16,3,1,0,1,29.550333333333338,67.13566666666667,1012.5333333333333,125553.06666666667,,0,0,0,0,0
2025-09-16 03:33:58,P1,29.59,67.17,1012.5,125280,,19.9,2025-09-16,3,1,0,1,29.55233333333333,67.14533333333333,1012.5306666666667,125546.8,,0,0,0,0,0
2025-09-16 03:34:28,P1,29.59,66.95,1012.5,126035,,19.84,2025-09-16,3,1,0,1,29.554333333333332,67.13366666666667,1012.5279999999999,125559.43333333333,,0,0,0,0,0
2025-09-16 03:34:58,P1,29.59,67.31,1012.51,125093,,19.95,2025-09-16,3,1,0,1,29.556,67.134,1012.5256666666667,125537.5,,0,0,0,0,0
2025-09-16 03:35:28,P1,29.59,67.01,1012.49,125468,,19.86,2025-09-16,3,1,0,1,29.557666666666663,67.12733333333334,1012.5226666666665,125531.23333333334,,0,0,0,0,0
2025-09-16 03:35:59,P1,29.6,67.05,1012.49,125562,,19.88,2025-09-16,3,1,0,1,29.55933333333333,67.12933333333334,1012.52,125534.36666666667,,0,0,0,0,0
2025-09-16 03:36:29,P1,29.6,67.24,1012.5,125845,,19.94,2025-09-16,3,1,0,1,29.561,67.135,1012.518,125543.8,,0,0,0,0,0
2025-09-16 03:36:59,P1,29.6,67.11,1012.5,125000,,19.9,2025-09-16,3,1,0,1,29.562666666666665,67.13666666666667,1012.516,125531.33333333333,,0,0,0,0,0
2025-09-16 03:37:29,P1,29.6,67.09,1012.51,125656,,19.89,2025-09-16,3,1,0,1,29.564333333333334,67.13966666666667,1012.5143333333332,125531.33333333333,,0,0,0,0,0
2025-09-16 03:37:59,P1,29.6,67.33,1012.5,125656,,19.96,2025-09-16,3,1,0,1,29.565999999999995,67.14166666666667,1012.5126666666666,125525.03333333334,,0,0,0,0,0
2025-09-16 03:38:30,P1,29.6,67.04,1012.51,125468,,19.88,2025-09-16,3,1,0,1,29.567666666666664,67.14233333333333,1012.5113333333334,125525.03333333334,,0,0,0,0,0
2025-09-16 03:39:00,P1,29.6,67.09,1012.5,125845,,19.89,2025-09-16,3,1,0,1,29.569666666666667,67.13933333333334,1012.51,125531.33333333333,,0,0,0,0,0
2025-09-16 03:39:30,P1,29.61,67.55,1012.5,125374,,20.04,2025-09-16,3,1,0,1,29.572,67.14766666666667,1012.5086666666667,125521.93333333333,,0,0,0,0,0
2025-09-16 03:40:00,P1,29.61,67.16,1012.51,125093,,19.92,2025-09-16,3,1,0,1,29.574333333333335,67.14933333333333,1012.5076666666666,125509.43333333333,,0,0,0,0,0
2025-09-16 03:40:30,P1,29.61,67.52,1012.51,124350,,20.04,2025-09-16,3,1,0,1,29.576666666666668,67.16633333333333,1012.507,125465.9,,0,0,0,0,0
2025-09-16 03:41:01,P1,29.61,67.15,1012.52,125093,,19.93,2025-09-16,3,1,0,1,29.578666666666667,67.171,1012.5066666666667,125459.66666666667,,0,0,0,0,0
2025-09-16 03:41:31,P1,29.61,67.26,1012.52,125093,,19.96,2025-09-16,3,1,0,1,29.580666666666666,67.17933333333333,1012.5066666666665,125434.6,,0,0,0,0,0
2025-09-16 03:42:01,P1,29.61,67.11,1012.52,124535,,19.91,2025-09-16,3,1,0,1,29.582666666666665,67.18033333333332,1012.5066666666665,125397.23333333334,,0,0,0,0,0
2025-09-16 03:42:31,P1,29.61,67.19,1012.52,125374,,19.94,2025-09-16,3,1,0,1,29.584999999999997,67.187,1012.5066666666667,125394.1,,0,0,0,0,0
2025-09-16 03:43:01,P1,29.61,66.99,1012.53,125374,,19.88,2025-09-16,3,1,0,1,29.587333333333333,67.17633333333333,1012.5073333333333,125378.4,,0,0,0,0,0
2025-09-16 03:43:32,P1,29.62,66.99,1012.53,125280,,19.88,2025-09-16,3,1,0,1,29.59,67.172,1012.508,125375.26666666666,,0,0,0,0,0
2025-09-16 03:44:02,P1,29.62,66.94,1012.54,126130,,19.87,2025-09-16,3,1,0,1,29.592666666666666,67.15733333333334,1012.5086666666667,125394.2,,0,0,0,0,0
2025-09-16 03:44:32,P1,29.62,67.02,1012.54,125656,,19.9,2025-09-16,3,1,0,1,29.595000000000002,67.15133333333333,1012.5096666666666,125406.73333333334,,0,0,0,0,0
2025-09-16 03:45:02,P1,29.62,66.97,1012.54,125187,,19.88,2025-09-16,3,1,0,1,29.59733333333333,67.14533333333334,1012.5106666666667,125397.36666666667,,0,0,0,0,0
2025-09-16 03:45:32,P1,29.62,67.17,1012.54,125374,,19.95,2025-09-16,3,1,0,1,29.599333333333334,67.142,1012.5120000000001,125387.96666666666,,0,0,0,0,0
2025-09-16 03:46:03,P1,29.62,66.92,1012.53,125468,,19.87,2025-09-16,3,1,0,1,29.601333333333333,67.13433333333333,1012.513,125381.7,,0,0,0,0,0
2025-09-16 03:46:33,P1,29.63,66.93,1012.53,126130,,19.88,2025-09-16,3,1,0,1,29.603333333333335,67.133,1012.5139999999999,125378.53333333334,,0,0,0,0,0
2025-09-16 03:47:03,P1,29.64,66.98,1012.53,125656,,19.9,2025-09-16,3,1,0,1,29.605666666666664,67.125,1012.5146666666666,125391.06666666667,,0,0,0,0,0
2025-09-16 03:47:33,P1,29.65,66.92,1012.52,125468,,19.9,2025-09-16,3,1,0,1,29.608,67.11266666666667,1012.515,125415.96666666666,,0,0,0,0,0
2025-09-16 03:48:03,P1,29.66,67.02,1012.53,125940,,19.94,2025-09-16,3,1,0,1,29.610666666666667,67.10633333333334,1012.5156666666667,125437.96666666666,,0,0,0,0,0
2025-09-16 03:48:33,P1,29.67,66.88,1012.54,125093,,19.9,2025-09-16,3,1,0,1,29.613666666666667,67.102,1012.517,125419.2,,0,0,0,0,0
2025-09-16 03:49:04,P1,29.68,67.55,1012.54,125751,,20.11,2025-09-16,3,1,0,1,29.616666666666667,67.11466666666666,1012.5183333333333,125434.9,,0,0,0,0,0
2025-09-16 03:49:34,P1,29.68,67.3,1012.54,125280,,20.05,2025-09-16,3,1,0,1,29.619666666666667,67.12633333333333,1012.5196666666667,125409.73333333334,,0,0,0,0,0
2025-09-16 03:50:04,P1,29.68,67.12,1012.54,125187,,19.99,2025-09-16,3,1,0,1,29.622666666666664,67.12,1012.5206666666667,125412.86666666667,,0,0,0,0,0
2025-09-16 03:50:34,P1,29.68,66.86,1012.54,125656,,19.91,2025-09-16,3,1,0,1,29.62566666666667,67.115,1012.5223333333334,125419.13333333333,,0,0,0,0,0
2025-09-16 03:51:04,P1,29.68,66.91,1012.55,125656,,19.92,2025-09-16,3,1,0,1,29.628333333333334,67.11033333333333,1012.5243333333333,125422.26666666666,,0,0,0,0,0
2025-09-16 03:51:35,P1,29.67,66.93,1012.54,125656,,19.92,2025-09-16,3,1,0,1,29.630666666666666,67.1,1012.5256666666667,125415.96666666666,,0,0,0,0,0
2025-09-16 03:52:05,P1,29.66,67.54,1012.54,125468,,20.1,2025-09-16,3,1,0,1,29.63266666666667,67.11433333333333,1012.5269999999999,125431.56666666667,,0,0,0,0,0
2025-09-16 03:52:35,P1,29.66,67.19,1012.55,126415,,19.99,2025-09-16,3,1,0,1,29.634666666666664,67.11766666666668,1012.5283333333334,125456.86666666667,,0,0,0,0,0
2025-09-16 03:53:05,P1,29.66,67.1,1012.54,125468,,19.96,2025-09-16,3,1,0,1,29.636666666666667,67.11,1012.5296666666667,125450.6,,0,0,0,0,0
2025-09-16 03:53:35,P1,29.65,67.55,1012.54,125374,,20.09,2025-09-16,3,1,0,1,29.638333333333335,67.127,1012.5306666666667,125447.46666666666,,0,0,0,0,0
2025-09-16 03:54:06,P1,29.65,67.38,1012.55,126225,,20.03,2025-09-16,3,1,0,1,29.64,67.13666666666667,1012.5323333333332,125460.13333333333,,0,0,0,0,0
2025-09-16 03:54:36,P1,29.65,67.25,1012.55,125093,,20.0,2025-09-16,3,1,0,1,29.641333333333332,67.12666666666667,1012.5339999999999,125450.76666666666,,0,0,0,0,0
2025-09-16 03:55:06,P1,29.65,67.27,1012.54,125280,,20.0,2025-09-16,3,1,0,1,29.642666666666667,67.13033333333334,1012.535,125457.0,,0,0,0,0,0
2025-09-16 03:55:36,P1,29.65,67.3,1012.53,125562,,20.01,2025-09-16,3,1,0,1,29.644,67.123,1012.5356666666667,125497.4,,0,0,0,0,0
2025-09-16 03:56:06,P1,29.64,67.04,1012.53,125093,,19.92,2025-09-16,3,1,0,1,29.644999999999996,67.11933333333333,1012.536,125497.4,,0,0,0,0,0
2025-09-16 03:56:37,P1,29.64,67.29,1012.53,125374,,20.0,2025-09-16,3,1,0,1,29.646000000000004,67.12033333333333,1012.5363333333333,125506.76666666666,,0,0,0,0,0
2025-09-16 03:57:07,P1,29.65,67.33,1012.52,125187,,20.02,2025-09-16,3,1,0,1,29.647333333333336,67.12766666666667,1012.5363333333333,125528.5,,0,0,0,0,0
2025-09-16 03:57:37,P1,29.65,67.65,1012.52,125280,,20.12,2025-09-16,3,1,0,1,29.648666666666667,67.143,1012.5363333333333,125525.36666666667,,0,0,0,0,0
2025-09-16 03:58:07,P1,29.66,67.31,1012.51,124721,,20.02,2025-09-16,3,1,0,1,29.650333333333332,67.15366666666667,1012.5356666666665,125503.6,,0,0,0,0,0
2025-09-16 03:58:37,P1,29.66,67.33,1012.5,124721,,20.03,2025-09-16,3,1,0,1,29.651666666666664,67.165,1012.5346666666666,125484.96666666666,,0,0,0,0,0
2025-09-16 03:59:07,P1,29.66,66.99,1012.51,125000,,19.93,2025-09-16,3,1,0,1,29.653000000000002,67.16666666666667,1012.5336666666666,125447.3,,0,0,0,0,0
2025-09-16 03:59:38,P1,29.66,67.03,1012.51,125280,,19.94,2025-09-16,3,1,0,1,29.654333333333334,67.167,1012.5326666666666,125434.76666666666,,0,0,0,0,0
2025-09-16 04:00:08,P1,29.66,67.07,1012.51,125656,,19.95,2025-09-16,4,1,0,1,29.655666666666665,67.17033333333333,1012.5316666666666,125450.4,,0,0,0,0,0
2025-09-16 04:00:38,P1,29.67,67.1,1012.51,125751,,19.97,2025-09-16,4,1,0,1,29.657333333333334,67.16799999999999,1012.5306666666667,125462.96666666666,,0,0,0,0,0
2025-09-16 04:01:08,P1,29.67,67.25,1012.51,126035,,20.02,2025-09-16,4,1,0,1,29.659,67.179,1012.5300000000001,125481.86666666667,,0,0,0,0,0
2025-09-16 04:01:38,P1,29.68,67.0,1012.51,125751,,19.95,2025-09-16,4,1,0,1,29.660666666666664,67.18133333333334,1012.5293333333334,125469.23333333334,,0,0,0,0,0
2025-09-16 04:02:09,P1,29.68,67.12,1012.51,125468,,19.99,2025-09-16,4,1,0,1,29.662,67.18599999999999,1012.5286666666666,125462.96666666666,,0,0,0,0,0
2025-09-16 04:02:39,P1,29.68,67.48,1012.51,125845,,20.1,2025-09-16,4,1,0,1,29.663,67.20466666666667,1012.5283333333333,125475.53333333334,,0,0,0,0,0
2025-09-16 04:03:09,P1,29.68,67.61,1012.51,125093,,20.14,2025-09-16,4,1,0,1,29.663666666666664,67.22433333333332,1012.5276666666666,125447.3,,0,0,0,0,0
2025-09-16 04:03:39,P1,29.69,67.13,1012.52,124907,,20.0,2025-09-16,4,1,0,1,29.66433333333333,67.23266666666667,1012.5269999999999,125441.1,,0,0,0,0,0
2025-09-16 04:04:09,P1,29.69,66.89,1012.52,125656,,19.93,2025-09-16,4,1,0,1,29.66466666666667,67.21066666666667,1012.5263333333334,125437.93333333333,,0,0,0,0,0
2025-09-16 04:04:40,P1,29.69,67.4,1012.53,125468,,20.09,2025-09-16,4,1,0,1,29.665,67.214,1012.526,125444.2,,0,0,0,0,0
2025-09-16 04:05:10,P1,29.7,67.45,1012.52,125000,,20.11,2025-09-16,4,1,0,1,29.665666666666667,67.225,1012.5253333333333,125437.96666666666,,0,0,0,0,0
2025-09-16 04:05:40,P1,29.71,66.99,1012.53,125845,,19.98,2025-09-16,4,1,0,1,29.666666666666668,67.22933333333334,1012.525,125444.26666666666,,0,0,0,0,0
2025-09-16 04:06:10,P1,29.72,66.77,1012.54,126035,,19.93,2025-09-16,4,1,0,1,29.668,67.22466666666666,1012.5246666666666,125456.9,,0,0,0,0,0
2025-09-16 04:06:40,P1,29.73,67.11,1012.54,125656,,20.04,2025-09-16,4,1,0,1,29.67,67.23066666666666,1012.5246666666666,125456.9,,0,0,0,0,0
2025-09-16 04:07:11,P1,29.73,67.01,1012.54,125280,,20.01,2025-09-16,4,1,0,1,29.67233333333333,67.213,1012.5246666666667,125450.63333333333,,0,0,0,0,0
2025-09-16 04:07:41,P1,29.73,67.13,1012.54,125000,,20.05,2025-09-16,4,1,0,1,29.674666666666667,67.211,1012.5243333333332,125403.46666666666,,0,0,0,0,0
2025-09-16 04:08:11,P1,29.73,67.03,1012.54,125656,,20.02,2025-09-16,4,1,0,1,29.677000000000003,67.20866666666667,1012.5243333333333,125409.73333333334,,0,0,0,0,0
2025-09-16 04:08:41,P1,29.73,66.76,1012.54,125468,,19.94,2025-09-16,4,1,0,1,29.67966666666667,67.18233333333333,1012.5243333333333,125412.86666666667,,0,0,0,0,0
2025-09-16 04:09:11,P1,29.73,66.95,1012.54,125845,,19.99,2025-09-16,4,1,0,1,29.68233333333333,67.16799999999999,1012.524,125400.2,,0,0,0,0,0
2025-09-16 04:09:42,P1,29.73,67.18,1012.54,126320,,20.06,2025-09-16,4,1,0,1,29.685,67.16566666666667,1012.5236666666666,125441.1,,0,0,0,0,0
2025-09-16 04:10:12,P1,29.73,67.23,1012.54,125656,,20.08,2025-09-16,4,1,0,1,29.687666666666665,67.16433333333333,1012.5236666666666,125453.63333333333,,0,0,0,0,0
2025-09-16 04:10:42,P1,29.73,67.07,1012.55,125656,,20.03,2025-09-16,4,1,0,1,29.690333333333335,67.15666666666667,1012.5243333333333,125456.76666666666,,0,0,0,0,0
2025-09-16 04:11:12,P1,29.73,66.64,1012.55,125656,,19.9,2025-09-16,4,1,0,1,29.693333333333335,67.14333333333333,1012.525,125475.53333333334,,0,0,0,0,0
2025-09-16 04:11:42,P1,29.72,66.59,1012.55,126415,,19.88,2025-09-16,4,1,0,1,29.696000000000005,67.12,1012.5256666666667,125510.23333333334,,0,0,0,0,0
2025-09-16 04:12:12,P1,29.72,66.85,1012.55,125940,,19.95,2025-09-16,4,1,0,1,29.69833333333333,67.104,1012.5266666666666,125535.33333333333,,0,0,0,0,0
2025-09-16 04:12:43,P1,29.72,66.88,1012.54,126225,,19.96,2025-09-16,4,1,0,1,29.700666666666667,67.07833333333333,1012.5273333333333,125566.83333333333,,0,0,0,0,0
2025-09-16 04:13:13,P1,29.71,66.61,1012.54,126894,,19.87,2025-09-16,4,1,0,1,29.702333333333335,67.05499999999999,1012.5283333333333,125639.26666666666,,0,0,0,0,0
2025-09-16 04:13:43,P1,29.71,66.53,1012.54,126702,,19.84,2025-09-16,4,1,0,1,29.704,67.02833333333334,1012.5296666666667,125705.3,,0,0,0,0,0
2025-09-16 04:14:13,P1,29.7,66.68,1012.54,126606,,19.88,2025-09-16,4,1,0,1,29.705333333333332,67.018,1012.5306666666667,125758.83333333333,,0,0,0,0,0
2025-09-16 04:14:43,P1,29.7,66.85,1012.54,126606,,19.93,2025-09-16,4,1,0,1,29.706666666666667,67.012,1012.5316666666666,125803.03333333334,,0,0,0,0,0
2025-09-16 04:15:14,P1,29.7,66.78,1012.54,126894,,19.9,2025-09-16,4,1,0,1,29.708000000000002,67.00233333333333,1012.5326666666665,125844.3,,0,0,0,0,0
2025-09-16 04:15:44,P1,29.69,67.3,1012.54,126035,,20.06,2025-09-16,4,1,0,1,29.708666666666666,67.009,1012.5336666666666,125853.76666666666,,0,0,0,0,0
2025-09-16 04:16:14,P1,29.7,67.24,1012.55,126035,,20.04,2025-09-16,4,1,0,1,29.709666666666667,67.00866666666667,1012.535,125853.76666666666,,0,0,0,0,0
2025-09-16 04:16:44,P1,29.7,66.85,1012.56,126894,,19.93,2025-09-16,4,1,0,1,29.710333333333335,67.00366666666667,1012.5366666666666,125891.86666666667,,0,0,0,0,0
2025-09-16 04:17:14,P1,29.7,66.73,1012.56,126702,,19.89,2025-09-16,4,1,0,1,29.711000000000002,66.99066666666667,1012.5383333333334,125933.0,,0,0,0,0,0
2025-09-16 04:17:45,P1,29.7,66.87,1012.57,126606,,19.93,2025-09-16,4,1,0,1,29.711666666666666,66.97033333333333,1012.5403333333333,125958.36666666667,,0,0,0,0,0
2025-09-16 04:18:15,P1,29.7,67.01,1012.57,126511,,19.97,2025-09-16,4,1,0,1,29.712333333333333,66.95033333333333,1012.5423333333333,126005.63333333333,,0,0,0,0,0
2025-09-16 04:18:45,P1,29.7,66.65,1012.57,126225,,19.87,2025-09-16,4,1,0,1,29.712666666666667,66.93433333333333,1012.544,126049.56666666667,,0,0,0,0,0
2025-09-16 04:19:15,P1,29.7,66.9,1012.56,126415,,19.95,2025-09-16,4,1,0,1,29.713,66.93466666666667,1012.5453333333334,126074.86666666667,,0,0,0,0,0
2025-09-16 04:19:45,P1,29.71,67.03,1012.57,126702,,19.99,2025-09-16,4,1,0,1,29.71366666666667,66.92233333333334,1012.5466666666667,126116.0,,0,0,0,0,0
2025-09-16 04:20:16,P1,29.71,66.45,1012.57,126798,,19.82,2025-09-16,4,1,0,1,29.714,66.889,1012.5483333333334,126175.93333333333,,0,0,0,0,0
2025-09-16 04:20:46,P1,29.71,66.51,1012.57,126511,,19.84,2025-09-16,4,1,0,1,29.714,66.873,1012.5496666666666,126198.13333333333,,0,0,0,0,0
2025-09-16 04:21:16,P1,29.71,67.14,1012.57,126990,,20.03,2025-09-16,4,1,0,1,29.71366666666667,66.88533333333334,1012.5506666666666,126229.96666666666,,0,0,0,0,0
2025-09-16 04:21:46,P1,29.71,67.59,1012.57,126320,,20.17,2025-09-16,4,1,0,1,29.713,66.90133333333334,1012.5516666666666,126252.1,,0,0,0,0,0
2025-09-16 04:22:16,P1,29.71,67.01,1012.58,126606,,19.99,2025-09-16,4,1,0,1,29.712333333333333,66.90133333333334,1012.553,126296.3,,0,0,0,0,0
2025-09-16 04:22:47,P1,29.71,66.87,1012.58,126320,,19.95,2025-09-16,4,1,0,1,29.711666666666666,66.89266666666667,1012.5543333333334,126340.3,,0,0,0,0,0
2025-09-16 04:23:17,P1,29.71,66.44,1012.58,126798,,19.82,2025-09-16,4,1,0,1,29.711,66.873,1012.5556666666668,126378.36666666667,,0,0,0,0,0
2025-09-16 04:23:47,P1,29.7,66.73,1012.58,126798,,19.9,2025-09-16,4,1,0,1,29.709999999999997,66.872,1012.557,126422.7,,0,0,0,0,0
2025-09-16 04:24:17,P1,29.7,66.94,1012.57,127086,,19.96,2025-09-16,4,1,0,1,29.709000000000003,66.87166666666667,1012.5579999999999,126464.06666666667,,0,0,0,0,0
2025-09-16 04:24:47,P1,29.7,66.99,1012.58,126702,,19.97,2025-09-16,4,1,0,1,29.708000000000002,66.86533333333334,1012.5593333333333,126476.8,,0,0,0,0,0
2025-09-16 04:25:17,P1,29.7,66.59,1012.58,127086,,19.85,2025-09-16,4,1,0,1,29.707,66.844,1012.5606666666666,126524.46666666666,,0,0,0,0,0
2025-09-16 04:25:48,P1,29.7,66.88,1012.58,126798,,19.94,2025-09-16,4,1,0,1,29.706,66.83766666666666,1012.5616666666667,126562.53333333334,,0,0,0,0,0
2025-09-16 04:26:18,P1,29.7,66.99,1012.57,126702,,19.97,2025-09-16,4,1,0,1,29.705,66.84933333333333,1012.5623333333333,126597.4,,0,0,0,0,0
2025-09-16 04:26:48,P1,29.7,66.99,1012.57,127668,,19.97,2025-09-16,4,1,0,1,29.704333333333334,66.86266666666667,1012.563,126639.16666666667,,0,0,0,0,0
2025-09-16 04:27:18,P1,29.7,66.84,1012.56,127183,,19.93,2025-09-16,4,1,0,1,29.703666666666667,66.86233333333334,1012.5633333333334,126680.6,,0,0,0,0,0
2025-09-16 04:27:48,P1,29.7,66.83,1012.55,127183,,19.93,2025-09-16,4,1,0,1,29.703,66.86066666666666,1012.5636666666667,126712.53333333334,,0,0,0,0,0
2025-09-16 04:28:19,P1,29.7,66.68,1012.55,127280,,19.88,2025-09-16,4,1,0,1,29.702666666666666,66.863,1012.5640000000001,126725.4,,0,0,0,0,0
2025-09-16 04:28:49,P1,29.7,66.64,1012.53,126798,,19.86,2025-09-16,4,1,0,1,29.702333333333335,66.86666666666666,1012.5636666666667,126728.6,,0,0,0,0,0
2025-09-16 04:29:19,P1,29.69,66.7,1012.52,127376,,19.88,2025-09-16,4,1,0,1,29.701999999999998,66.86733333333333,1012.563,126754.26666666666,,0,0,0,0,0
2025-09-16 04:29:49,P1,29.7,67.2,1012.52,127280,,20.03,2025-09-16,4,1,0,1,29.701999999999998,66.879,1012.5623333333333,126776.73333333334,,0,0,0,0,0
2025-09-16 04:30:19,P1,29.7,67.45,1012.54,126511,,20.12,2025-09-16,4,1,0,1,29.702,66.90133333333334,1012.5623333333334,126763.96666666666,,0,0,0,0,0
2025-09-16 04:30:50,P1,29.71,66.94,1012.53,126225,,19.97,2025-09-16,4,1,0,1,29.702666666666666,66.88933333333333,1012.562,126770.3,,0,0,0,0,0
2025-09-16 04:31:20,P1,29.71,67.09,1012.53,126130,,20.02,2025-09-16,4,1,0,1,29.703,66.88433333333333,1012.5613333333334,126773.46666666666,,0,0,0,0,0
2025-09-16 04:31:50,P1,29.72,67.4,1012.53,126225,,20.11,2025-09-16,4,1,0,1,29.703666666666667,66.90266666666666,1012.5603333333333,126751.16666666667,,0,0,0,0,0
2025-09-16 04:32:20,P1,29.72,67.09,1012.54,126320,,20.03,2025-09-16,4,1,0,1,29.704333333333334,66.91466666666666,1012.5596666666667,126738.43333333333,,0,0,0,0,0
2025-09-16 04:32:50,P1,29.72,66.73,1012.53,126415,,19.92,2025-09-16,4,1,0,1,29.705,66.91000000000001,1012.5583333333333,126732.06666666667,,0,0,0,0,0
2025-09-16 04:33:21,P1,29.72,67.03,1012.53,126798,,20.01,2025-09-16,4,1,0,1,29.705666666666666,66.91066666666667,1012.557,126741.63333333333,,0,0,0,0,0
2025-09-16 04:33:51,P1,29.73,67.37,1012.52,126035,,20.12,2025-09-16,4,1,0,1,29.706666666666667,66.93466666666667,1012.5553333333334,126735.3,,0,0,0,0,0
2025-09-16 04:34:21,P1,29.73,67.06,1012.53,127086,,20.02,2025-09-16,4,1,0,1,29.707666666666668,66.94,1012.5543333333333,126757.66666666667,,0,0,0,0,0
2025-09-16 04:34:51,P1,29.73,67.33,1012.53,126225,,20.1,2025-09-16,4,1,0,1,29.708333333333332,66.95,1012.553,126741.76666666666,,0,0,0,0,0
2025-09-16 04:35:21,P1,29.73,67.08,1012.53,125940,,20.03,2025-09-16,4,1,0,1,29.709,66.97099999999999,1012.5516666666666,126713.16666666667,,0,0,0,0,0
2025-09-16 04:35:51,P1,29.73,67.19,1012.55,126035,,20.06,2025-09-16,4,1,0,1,29.709666666666667,66.99366666666667,1012.5509999999999,126697.3,,0,0,0,0,0
2025-09-16 04:36:22,P1,29.73,67.32,1012.56,126320,,20.11,2025-09-16,4,1,0,1,29.71033333333333,66.99966666666667,1012.5506666666666,126674.96666666666,,0,0,0,0,0
2025-09-16 04:36:52,P1,29.74,67.02,1012.56,126130,,20.02,2025-09-16,4,1,0,1,29.711333333333336,66.98066666666666,1012.5503333333332,126668.63333333333,,0,0,0,0,0
2025-09-16 04:37:22,P1,29.74,66.97,1012.56,126511,,20.01,2025-09-16,4,1,0,1,29.712333333333333,66.97933333333333,1012.5496666666666,126665.46666666666,,0,0,0,0,0
2025-09-16 04:37:52,P1,29.75,67.08,1012.57,126415,,20.05,2025-09-16,4,1,0,1,29.713666666666665,66.98633333333333,1012.5493333333333,126668.63333333333,,0,0,0,0,0
2025-09-16 04:38:22,P1,29.75,66.9,1012.57,126035,,19.99,2025-09-16,4,1,0,1,29.715,67.00166666666667,1012.5489999999999,126643.2,,0,0,0,0,0
2025-09-16 04:38:53,P1,29.75,67.28,1012.57,126606,,20.11,2025-09-16,4,1,0,1,29.716666666666665,67.02,1012.5486666666667,126636.8,,0,0,0,0,0
2025-09-16 04:39:23,P1,29.75,67.36,1012.58,125845,,20.14,2025-09-16,4,1,0,1,29.71833333333333,67.034,1012.5490000000001,126595.43333333333,,0,0,0,0,0
2025-09-16 04:39:53,P1,29.76,67.46,1012.59,125751,,20.18,2025-09-16,4,1,0,1,29.720333333333333,67.04966666666667,1012.5493333333333,126563.73333333334,,0,0,0,0,0
2025-09-16 04:40:23,P1,29.76,66.8,1012.59,126320,,19.98,2025-09-16,4,1,0,1,29.72233333333333,67.05666666666667,1012.5496666666667,126538.2,,0,0,0,0,0
2025-09-16 04:40:53,P1,29.76,67.02,1012.58,126320,,20.05,2025-09-16,4,1,0,1,29.724333333333334,67.06133333333334,1012.5496666666666,126522.26666666666,,0,0,0,0,0
2025-09-16 04:41:24,P1,29.75,66.75,1012.58,127183,,19.96,2025-09-16,4,1,0,1,29.726,67.05333333333334,1012.55,126538.3,,0,0,0,0,0
2025-09-16 04:41:54,P1,29.75,67.23,1012.58,126130,,20.1,2025-09-16,4,1,0,1,29.727666666666664,67.06133333333334,1012.5503333333332,126487.03333333334,,0,0,0,0,0
2025-09-16 04:42:24,P1,29.76,67.04,1012.59,126415,,20.05,2025-09-16,4,1,0,1,29.729666666666667,67.068,1012.5513333333332,126461.43333333333,,0,0,0,0,0
2025-09-16 04:42:54,P1,29.76,67.0,1012.59,126035,,20.04,2025-09-16,4,1,0,1,29.731666666666666,67.07366666666667,1012.5526666666666,126423.16666666667,,0,0,0,0,0
2025-09-16 04:43:24,P1,29.76,67.13,1012.58,126606,,20.08,2025-09-16,4,1,0,1,29.733666666666668,67.08866666666667,1012.5536666666667,126400.7,,0,0,0,0,0
2025-09-16 04:43:55,P1,29.76,66.81,1012.59,126415,,19.99,2025-09-16,4,1,0,1,29.735666666666667,67.09433333333334,1012.5556666666668,126387.93333333333,,0,0,0,0,0
2025-09-16 04:44:25,P1,29.77,66.88,1012.58,126511,,20.01,2025-09-16,4,1,0,1,29.738333333333337,67.10033333333334,1012.5576666666667,126359.1,,0,0,0,0,0
2025-09-16 04:44:55,P1,29.77,66.79,1012.58,127086,,19.99,2025-09-16,4,1,0,1,29.740666666666666,67.08666666666666,1012.5596666666667,126352.63333333333,,0,0,0,0,0
2025-09-16 04:45:25,P1,29.77,67.02,1012.58,126415,,20.06,2025-09-16,4,1,0,1,29.743,67.07233333333333,1012.5609999999999,126349.43333333333,,0,0,0,0,0
2025-09-16 04:45:55,P1,29.77,66.81,1012.58,126130,,20.0,2025-09-16,4,1,0,1,29.745,67.06800000000001,1012.5626666666667,126346.26666666666,,0,0,0,0,0
2025-09-16 04:46:26,P1,29.78,67.14,1012.58,126225,,20.1,2025-09-16,4,1,0,1,29.747333333333334,67.06966666666666,1012.5643333333334,126349.43333333333,,0,0,0,0,0
2025-09-16 04:46:56,P1,29.78,67.16,1012.58,126225,,20.11,2025-09-16,4,1,0,1,29.749333333333333,67.06166666666667,1012.566,126349.43333333333,,0,0,0,0,0
2025-09-16 04:47:26,P1,29.78,67.69,1012.59,126130,,20.27,2025-09-16,4,1,0,1,29.75133333333333,67.08166666666666,1012.5676666666666,126343.1,,0,0,0,0,0
2025-09-16 04:47:56,P1,29.78,66.97,1012.6,126320,,20.06,2025-09-16,4,1,0,1,29.753333333333334,67.08966666666667,1012.5699999999999,126339.93333333333,,0,0,0,0,0
2025-09-16 04:48:26,P1,29.78,67.36,1012.61,125845,,20.17,2025-09-16,4,1,0,1,29.755333333333333,67.10066666666667,1012.5726666666667,126308.16666666667,,0,0,0,0,0
2025-09-16 04:48:56,P1,29.78,66.92,1012.61,126606,,20.04,2025-09-16,4,1,0,1,29.757,67.08566666666667,1012.5756666666667,126327.2,,0,0,0,0,0
2025-09-16 04:49:27,P1,29.78,67.22,1012.62,126320,,20.13,2025-09-16,4,1,0,1,29.758666666666667,67.091,1012.5786666666667,126301.66666666667,,0,0,0,0,0
2025-09-16 04:49:57,P1,29.78,67.05,1012.63,126415,,20.08,2025-09-16,4,1,0,1,29.76033333333333,67.08166666666666,1012.582,126308.0,,0,0,0,0,0
2025-09-16 04:50:27,P1,29.78,67.83,1012.63,126511,,20.31,2025-09-16,4,1,0,1,29.762,67.10666666666667,1012.5853333333333,126327.03333333334,,0,0,0,0,0
2025-09-16 04:50:57,P1,29.79,67.63,1012.64,125845,,20.26,2025-09-16,4,1,0,1,29.764000000000003,67.12133333333333,1012.5883333333334,126320.7,,0,0,0,0,0
2025-09-16 04:51:27,P1,29.79,67.35,1012.64,125940,,20.18,2025-09-16,4,1,0,1,29.766000000000002,67.12233333333333,1012.591,126308.03333333334,,0,0,0,0,0
2025-09-16 04:51:58,P1,29.79,67.28,1012.65,126606,,20.16,2025-09-16,4,1,0,1,29.767666666666667,67.131,1012.5940000000002,126323.9,,0,0,0,0,0
2025-09-16 04:52:28,P1,29.79,67.04,1012.66,125940,,20.09,2025-09-16,4,1,0,1,29.769333333333336,67.13333333333334,1012.5973333333334,126304.86666666667,,0,0,0,0,0
2025-09-16 04:52:58,P1,29.79,67.21,1012.67,126798,,20.14,2025-09-16,4,1,0,1,29.770666666666667,67.13766666666666,1012.6006666666667,126317.63333333333,,0,0,0,0,0
2025-09-16 04:53:28,P1,29.79,67.17,1012.68,126130,,20.12,2025-09-16,4,1,0,1,29.772,67.14666666666668,1012.6043333333333,126320.8,,0,0,0,0,0
2025-09-16 04:53:58,P1,29.79,67.2,1012.69,126130,,20.13,2025-09-16,4,1,0,1,29.773333333333333,67.144,1012.6083333333333,126304.93333333333,,0,0,0,0,0
2025-09-16 04:54:29,P1,29.78,67.2,1012.69,125845,,20.13,2025-09-16,4,1,0,1,29.774333333333335,67.13866666666667,1012.612,126304.93333333333,,0,0,0,0,0
2025-09-16 04:54:59,P1,29.78,66.96,1012.7,126415,,20.05,2025-09-16,4,1,0,1,29.775,67.122,1012.6156666666667,126327.06666666667,,0,0,0,0,0
2025-09-16 04:55:29,P1,29.78,67.44,1012.7,126606,,20.19,2025-09-16,4,1,0,1,29.775666666666666,67.14333333333333,1012.6193333333334,126336.6,,0,0,0,0,0
2025-09-16 04:55:59,P1,29.78,67.2,1012.7,126320,,20.12,2025-09-16,4,1,0,1,29.776333333333337,67.14933333333333,1012.6233333333333,126336.6,,0,0,0,0,0
2025-09-16 04:56:29,P1,29.78,67.14,1012.69,126415,,20.1,2025-09-16,4,1,0,1,29.777333333333335,67.16233333333334,1012.6270000000001,126311.0,,0,0,0,0,0
2025-09-16 04:57:00,P1,29.78,66.98,1012.7,126035,,20.06,2025-09-16,4,1,0,1,29.778333333333332,67.154,1012.631,126307.83333333333,,0,0,0,0,0
2025-09-16 04:57:30,P1,29.78,66.9,1012.69,126130,,20.03,2025-09-16,4,1,0,1,29.779,67.14933333333333,1012.6343333333334,126298.33333333333,,0,0,0,0,0
2025-09-16 04:58:00,P1,29.77,67.22,1012.69,126702,,20.12,2025-09-16,4,1,0,1,29.779333333333337,67.15666666666667,1012.6376666666667,126320.56666666667,,0,0,0,0,0
2025-09-16 04:58:30,P1,29.77,66.96,1012.7,126990,,20.04,2025-09-16,4,1,0,1,29.77966666666667,67.15100000000001,1012.6416666666667,126333.36666666667,,0,0,0,0,0
2025-09-16 04:59:00,P1,29.77,66.87,1012.7,126990,,20.02,2025-09-16,4,1,0,1,29.779999999999998,67.15299999999999,1012.6453333333334,126352.53333333334,,0,0,0,0,0
2025-09-16 04:59:30,P1,29.78,67.09,1012.7,127280,,20.09,2025-09-16,4,1,0,1,29.78033333333333,67.16,1012.6493333333334,126378.16666666667,,0,0,0,0,0
2025-09-16 05:00:01,P1,29.78,66.99,1012.71,126511,,20.06,2025-09-16,5,1,0,1,29.780666666666665,67.16666666666667,1012.6536666666667,126359.0,,0,0,0,0,0
2025-09-16 05:00:31,P1,29.78,67.4,1012.7,126511,,20.19,2025-09-16,5,1,0,1,29.781000000000002,67.17933333333333,1012.6576666666667,126362.2,,0,0,0,0,0
2025-09-16 05:01:01,P1,29.79,67.26,1012.71,126415,,20.15,2025-09-16,5,1,0,1,29.78166666666667,67.19433333333333,1012.662,126371.7,,0,0,0,0,0
2025-09-16 05:01:31,P1,29.79,67.27,1012.71,126606,,20.15,2025-09-16,5,1,0,1,29.782,67.19866666666667,1012.6663333333332,126384.4,,0,0,0,0,0
2025-09-16 05:02:01,P1,29.79,67.52,1012.71,126415,,20.23,2025-09-16,5,1,0,1,29.782333333333334,67.21066666666667,1012.6706666666668,126390.73333333334,,0,0,0,0,0
2025-09-16 05:02:32,P1,29.79,67.52,1012.72,125751,,20.23,2025-09-16,5,1,0,1,29.782666666666668,67.205,1012.675,126378.1,,0,0,0,0,0
2025-09-16 05:03:02,P1,29.79,67.43,1012.71,126415,,20.2,2025-09-16,5,1,0,1,29.783,67.22033333333333,1012.6786666666667,126381.26666666666,,0,0,0,0,0
2025-09-16 05:03:32,P1,29.78,66.96,1012.71,126606,,20.05,2025-09-16,5,1,0,1,29.783,67.20700000000001,1012.6820000000001,126406.63333333333,,0,0,0,0,0
2025-09-16 05:04:02,P1,29.78,67.17,1012.71,125940,,20.11,2025-09-16,5,1,0,1,29.783,67.21533333333333,1012.6853333333333,126384.43333333333,,0,0,0,0,0
2025-09-16 05:04:32,P1,29.78,67.73,1012.7,126415,,20.28,2025-09-16,5,1,0,1,29.783,67.23233333333333,1012.6880000000001,126387.6,,0,0,0,0,0
2025-09-16 05:05:03,P1,29.78,67.11,1012.7,126798,,20.09,2025-09-16,5,1,0,1,29.783,67.23433333333334,1012.6903333333335,126400.36666666667,,0,0,0,0,0
2025-09-16 05:05:33,P1,29.77,66.97,1012.69,126990,,20.05,2025-09-16,5,1,0,1,29.782666666666668,67.20566666666667,1012.6923333333333,126416.33333333333,,0,0,0,0,0
2025-09-16 05:06:03,P1,29.77,67.6,1012.69,126511,,20.23,2025-09-16,5,1,0,1,29.782,67.20466666666667,1012.694,126438.53333333334,,0,0,0,0,0
2025-09-16 05:06:33,P1,29.78,67.8,1012.68,126130,,20.3,2025-09-16,5,1,0,1,29.78166666666667,67.21966666666667,1012.6953333333333,126444.86666666667,,0,0,0,0,0
2025-09-16 05:07:03,P1,29.79,67.08,1012.68,126225,,20.1,2025-09-16,5,1,0,1,29.78166666666667,67.21300000000001,1012.6963333333333,126432.16666666667,,0,0,0,0,0
2025-09-16 05:07:34,P1,29.79,67.37,1012.67,126035,,20.19,2025-09-16,5,1,0,1,29.781666666666663,67.224,1012.6966666666667,126435.33333333333,,0,0,0,0,0
2025-09-16 05:08:04,P1,29.8,66.76,1012.66,126990,,20.01,2025-09-16,5,1,0,1,29.782,67.209,1012.6963333333334,126441.73333333334,,0,0,0,0,0
2025-09-16 05:08:34,P1,29.8,67.08,1012.66,126130,,20.11,2025-09-16,5,1,0,1,29.782333333333334,67.20599999999999,1012.6956666666667,126441.73333333334,,0,0,0,0,0
2025-09-16 05:09:04,P1,29.8,67.58,1012.66,126415,,20.26,2025-09-16,5,1,0,1,29.782666666666668,67.21866666666668,1012.6946666666666,126451.23333333334,,0,0,0,0,0
2025-09-16 05:09:34,P1,29.81,67.79,1012.66,126225,,20.33,2025-09-16,5,1,0,1,29.783666666666665,67.23833333333333,1012.6936666666667,126463.9,,0,0,0,0,0
2025-09-16 05:10:05,P1,29.81,67.23,1012.66,126225,,20.17,2025-09-16,5,1,0,1,29.78466666666667,67.24733333333333,1012.6923333333333,126457.56666666667,,0,0,0,0,0
2025-09-16 05:10:35,P1,29.81,67.16,1012.65,126894,,20.14,2025-09-16,5,1,0,1,29.785666666666668,67.238,1012.6906666666666,126467.16666666667,,0,0,0,0,0
2025-09-16 05:11:05,P1,29.8,67.22,1012.65,126415,,20.15,2025-09-16,5,1,0,1,29.78633333333333,67.23866666666666,1012.6890000000001,126470.33333333333,,0,0,0,0,0
2025-09-16 05:11:35,P1,29.8,67.22,1012.65,126415,,20.15,2025-09-16,5,1,0,1,29.787,67.24133333333333,1012.6876666666667,126470.33333333333,,0,0,0,0,0
2025-09-16 05:12:05,P1,29.79,67.41,1012.65,126415,,20.2,2025-09-16,5,1,0,1,29.787333333333333,67.25566666666667,1012.6859999999999,126483.0,,0,0,0,0,0
2025-09-16 05:12:35,P1,29.79,67.43,1012.64,126320,,20.2,2025-09-16,5,1,0,1,29.787666666666667,67.27333333333334,1012.6843333333333,126489.33333333333,,0,0,0,0,0
2025-09-16 05:13:06,P1,29.79,67.76,1012.64,126320,,20.3,2025-09-16,5,1,0,1,29.788333333333334,67.29133333333333,1012.6826666666667,126476.6,,0,0,0,0,0
2025-09-16 05:13:36,P1,29.79,67.63,1012.62,125562,,20.27,2025-09-16,5,1,0,1,29.788999999999998,67.31366666666666,1012.6800000000001,126429.0,,0,0,0,0,0
2025-09-16 05:14:06,P1,29.79,67.39,1012.62,126511,,20.19,2025-09-16,5,1,0,1,29.789666666666665,67.331,1012.6773333333333,126413.03333333334,,0,0,0,0,0
2025-09-16 05:14:36,P1,29.79,67.54,1012.61,125751,,20.24,2025-09-16,5,1,0,1,29.790000000000003,67.346,1012.6743333333333,126362.06666666667,,0,0,0,0,0
2025-09-16 05:15:06,P1,29.79,67.69,1012.6,126415,,20.28,2025-09-16,5,1,0,1,29.790333333333333,67.36933333333334,1012.6706666666666,126358.86666666667,,0,0,0,0,0
2025-09-16 05:15:37,P1,29.79,67.32,1012.6,126606,,20.17,2025-09-16,5,1,0,1,29.790666666666663,67.36666666666666,1012.6673333333333,126362.03333333334,,0,0,0,0,0
2025-09-16 05:16:07,P1,29.79,67.47,1012.6,125940,,20.21,2025-09-16,5,1,0,1,29.790666666666667,67.37366666666667,1012.6636666666667,126346.2,,0,0,0,0,0
2025-09-16 05:16:37,P1,29.79,67.72,1012.6,126606,,20.29,2025-09-16,5,1,0,1,29.790666666666667,67.38866666666667,1012.66,126346.2,,0,0,0,0,0
2025-09-16 05:17:07,P1,29.79,67.4,1012.6,126035,,20.19,2025-09-16,5,1,0,1,29.790666666666663,67.38466666666666,1012.6563333333332,126333.53333333334,,0,0,0,0,0
2025-09-16 05:17:37,P1,29.79,68.1,1012.6,126130,,20.4,2025-09-16,5,1,0,1,29.790666666666667,67.40400000000001,1012.6523333333333,126346.16666666667,,0,0,0,0,0
2025-09-16 05:18:08,P1,29.78,67.62,1012.6,125751,,20.25,2025-09-16,5,1,0,1,29.790333333333333,67.41033333333333,1012.6486666666667,126324.03333333334,,0,0,0,0,0
2025-09-16 05:18:38,P1,29.78,67.72,1012.59,126225,,20.28,2025-09-16,5,1,0,1,29.790333333333333,67.43566666666666,1012.6446666666667,126311.33333333333,,0,0,0,0,0
2025-09-16 05:19:08,P1,29.78,67.78,1012.6,126511,,20.3,2025-09-16,5,1,0,1,29.79033333333333,67.456,1012.641,126330.36666666667,,0,0,0,0,0
2025-09-16 05:19:38,P1,29.79,67.73,1012.58,126320,,20.29,2025-09-16,5,1,0,1,29.790666666666667,67.456,1012.6370000000001,126327.2,,0,0,0,0,0
2025-09-16 05:20:08,P1,29.79,67.36,1012.59,125845,,20.18,2025-09-16,5,1,0,1,29.791,67.46433333333333,1012.6333333333333,126295.43333333333,,0,0,0,0,0
2025-09-16 05:20:39,P1,29.79,67.54,1012.58,126225,,20.24,2025-09-16,5,1,0,1,29.791666666666668,67.48333333333333,1012.6296666666666,126269.93333333333,,0,0,0,0,0
2025-09-16 05:21:09,P1,29.8,67.38,1012.58,126320,,20.19,2025-09-16,5,1,0,1,29.79266666666667,67.476,1012.6260000000001,126263.56666666667,,0,0,0,0,0
2025-09-16 05:21:39,P1,29.8,67.61,1012.58,125845,,20.26,2025-09-16,5,1,0,1,29.793333333333333,67.46966666666667,1012.6226666666666,126254.06666666667,,0,0,0,0,0
2025-09-16 05:22:09,P1,29.8,67.22,1012.58,126130,,20.15,2025-09-16,5,1,0,1,29.793666666666663,67.47433333333333,1012.6193333333334,126250.9,,0,0,0,0,0
2025-09-16 05:22:39,P1,29.8,67.41,1012.58,127183,,20.21,2025-09-16,5,1,0,1,29.794,67.47566666666667,1012.6163333333333,126289.16666666667,,0,0,0,0,0
2025-09-16 05:23:10,P1,29.8,67.5,1012.58,126225,,20.24,2025-09-16,5,1,0,1,29.793999999999997,67.50033333333333,1012.6136666666666,126263.66666666667,,0,0,0,0,0
2025-09-16 05:23:40,P1,29.81,67.17,1012.58,126225,,20.14,2025-09-16,5,1,0,1,29.794333333333334,67.50333333333334,1012.611,126266.83333333333,,0,0,0,0,0
2025-09-16 05:24:10,P1,29.8,66.9,1012.58,126511,,20.06,2025-09-16,5,1,0,1,29.79433333333333,67.48066666666666,1012.6083333333333,126270.03333333334,,0,0,0,0,0
2025-09-16 05:24:40,P1,29.8,67.15,1012.58,126606,,20.13,2025-09-16,5,1,0,1,29.794,67.45933333333333,1012.6056666666666,126282.73333333334,,0,0,0,0,0
2025-09-16 05:25:10,P1,29.8,67.88,1012.58,127376,,20.35,2025-09-16,5,1,0,1,29.793666666666663,67.48100000000001,1012.603,126321.1,,0,0,0,0,0
2025-09-16 05:25:40,P1,29.81,67.97,1012.57,126225,,20.38,2025-09-16,5,1,0,1,29.793666666666663,67.508,1012.6003333333334,126298.8,,0,0,0,0,0
2025-09-16 05:26:11,P1,29.81,67.54,1012.57,126225,,20.25,2025-09-16,5,1,0,1,29.794,67.51866666666668,1012.5976666666667,126292.46666666666,,0,0,0,0,0
2025-09-16 05:26:41,P1,29.8,67.46,1012.57,126511,,20.23,2025-09-16,5,1,0,1,29.793999999999997,67.52666666666667,1012.5949999999999,126295.66666666667,,0,0,0,0,0
2025-09-16 05:27:11,P1,29.8,67.54,1012.56,125656,,20.25,2025-09-16,5,1,0,1,29.794333333333334,67.531,1012.5920000000001,126270.36666666667,,0,0,0,0,0
2025-09-16 05:27:41,P1,29.8,67.35,1012.56,126894,,20.19,2025-09-16,5,1,0,1,29.794666666666668,67.52833333333334,1012.5893333333333,126289.5,,0,0,0,0,0
2025-09-16 05:28:11,P1,29.8,67.35,1012.56,126702,,20.19,2025-09-16,5,1,0,1,29.795,67.51466666666666,1012.5866666666667,126302.23333333334,,0,0,0,0,0
2025-09-16 05:28:42,P1,29.8,67.65,1012.55,126225,,20.28,2025-09-16,5,1,0,1,29.795333333333335,67.51533333333333,1012.5843333333333,126324.33333333333,,0,0,0,0,0
2025-09-16 05:29:12,P1,29.8,67.62,1012.55,126130,,20.27,2025-09-16,5,1,0,1,29.795666666666666,67.523,1012.582,126311.63333333333,,0,0,0,0,0
2025-09-16 05:29:42,P1,29.8,67.76,1012.55,125000,,20.32,2025-09-16,5,1,0,1,29.796,67.53033333333333,1012.58,126286.6,,0,0,0,0,0
2025-09-16 05:30:12,P1,29.8,67.41,1012.54,126130,,20.21,2025-09-16,5,1,0,1,29.796333333333333,67.521,1012.578,126277.1,,0,0,0,0,0
2025-09-16 05:30:42,P1,29.8,67.92,1012.54,125940,,20.36,2025-09-16,5,1,0,1,29.79666666666667,67.541,1012.5759999999999,126254.9,,0,0,0,0,0
2025-09-16 05:31:13,P1,29.8,67.57,1012.54,126130,,20.25,2025-09-16,5,1,0,1,29.797,67.54433333333333,1012.5740000000001,126261.23333333334,,0,0,0,0,0
2025-09-16 05:31:43,P1,29.8,67.83,1012.53,126320,,20.33,2025-09-16,5,1,0,1,29.79733333333333,67.548,1012.5716666666667,126251.7,,0,0,0,0,0
2025-09-16 05:32:13,P1,29.8,67.79,1012.54,125845,,20.32,2025-09-16,5,1,0,1,29.797666666666668,67.561,1012.5696666666666,126245.36666666667,,0,0,0,0,0
2025-09-16 05:32:43,P1,29.8,67.43,1012.54,126225,,20.21,2025-09-16,5,1,0,1,29.798,67.53866666666666,1012.5676666666667,126248.53333333334,,0,0,0,0,0
2025-09-16 05:33:13,P1,29.8,67.5,1012.54,126606,,20.23,2025-09-16,5,1,0,1,29.79866666666667,67.53466666666667,1012.5656666666666,126277.03333333334,,0,0,0,0,0
2025-09-16 05:33:44,P1,29.8,67.42,1012.54,126415,,20.21,2025-09-16,5,1,0,1,29.799333333333333,67.52466666666666,1012.564,126283.36666666667,,0,0,0,0,0
2025-09-16 05:34:14,P1,29.8,67.89,1012.54,126798,,20.35,2025-09-16,5,1,0,1,29.8,67.52833333333334,1012.562,126292.93333333333,,0,0,0,0,0
2025-09-16 05:34:44,P1,29.8,67.87,1012.54,126225,,20.35,2025-09-16,5,1,0,1,29.800333333333334,67.533,1012.5606666666666,126289.76666666666,,0,0,0,0,0
2025-09-16 05:35:14,P1,29.81,67.88,1012.55,126130,,20.35,2025-09-16,5,1,0,1,29.801,67.55033333333333,1012.5593333333333,126299.26666666666,,0,0,0,0,0
2025-09-16 05:35:44,P1,29.81,67.92,1012.54,125093,,20.37,2025-09-16,5,1,0,1,29.80166666666667,67.563,1012.5580000000001,126261.53333333334,,0,0,0,0,0
2025-09-16 05:36:15,P1,29.82,68.2,1012.55,125374,,20.46,2025-09-16,5,1,0,1,29.80233333333333,67.59033333333333,1012.557,126230.0,,0,0,0,0,0
2025-09-16 05:36:45,P1,29.82,67.62,1012.55,125751,,20.29,2025-09-16,5,1,0,1,29.803,67.59066666666666,1012.556,126226.86666666667,,0,0,0,0,0
2025-09-16 05:37:15,P1,29.82,67.92,1012.56,125845,,20.39,2025-09-16,5,1,0,1,29.80366666666667,67.61399999999999,1012.5553333333334,126217.36666666667,,0,0,0,0,0
2025-09-16 05:37:45,P1,29.83,67.9,1012.56,126130,,20.39,2025-09-16,5,1,0,1,29.804666666666666,67.63033333333334,1012.5546666666667,126182.26666666666,,0,0,0,0,0
2025-09-16 05:38:15,P1,29.83,67.38,1012.57,125468,,20.23,2025-09-16,5,1,0,1,29.80566666666667,67.62633333333333,1012.5543333333333,126157.03333333334,,0,0,0,0,0
2025-09-16 05:38:45,P1,29.82,67.58,1012.56,125845,,20.28,2025-09-16,5,1,0,1,29.805999999999997,67.64,1012.5536666666667,126144.36666666667,,0,0,0,0,0
2025-09-16 05:39:16,P1,29.82,67.52,1012.57,125562,,20.26,2025-09-16,5,1,0,1,29.80666666666667,67.66066666666667,1012.5533333333333,126112.73333333334,,0,0,0,0,0
2025-09-16 05:39:46,P1,29.81,67.84,1012.57,126225,,20.35,2025-09-16,5,1,0,1,29.807,67.68366666666667,1012.553,126100.03333333334,,0,0,0,0,0
2025-09-16 05:40:16,P1,29.81,67.59,1012.58,125845,,20.27,2025-09-16,5,1,0,1,29.807333333333336,67.674,1012.553,126049.0,,0,0,0,0,0
2025-09-16 05:40:46,P1,29.81,67.82,1012.58,125751,,20.34,2025-09-16,5,1,0,1,29.807333333333336,67.669,1012.5533333333333,126033.2,,0,0,0,0,0
2025-09-16 05:41:16,P1,29.8,67.72,1012.59,126415,,20.3,2025-09-16,5,1,0,1,29.807000000000002,67.675,1012.554,126039.53333333334,,0,0,0,0,0
2025-09-16 05:41:47,P1,29.8,67.55,1012.59,126225,,20.25,2025-09-16,5,1,0,1,29.807000000000002,67.678,1012.5546666666667,126030.0,,0,0,0,0,0
2025-09-16 05:42:17,P1,29.8,67.56,1012.59,125845,,20.25,2025-09-16,5,1,0,1,29.807,67.67866666666666,1012.5556666666666,126036.3,,0,0,0,0,0
2025-09-16 05:42:47,P1,29.8,67.93,1012.59,125280,,20.37,2025-09-16,5,1,0,1,29.807000000000002,67.69800000000001,1012.5566666666667,125982.5,,0,0,0,0,0
2025-09-16 05:43:17,P1,29.81,67.7,1012.59,125845,,20.3,2025-09-16,5,1,0,1,29.80733333333333,67.70966666666668,1012.5576666666667,125953.93333333333,,0,0,0,0,0
2025-09-16 05:43:47,P1,29.81,67.42,1012.6,126606,,20.22,2025-09-16,5,1,0,1,29.807666666666666,67.702,1012.5593333333333,125966.63333333333,,0,0,0,0,0
2025-09-16 05:44:18,P1,29.82,68.28,1012.61,125280,,20.49,2025-09-16,5,1,0,1,29.808333333333334,67.724,1012.5613333333333,125938.3,,0,0,0,0,0
2025-09-16 05:44:48,P1,29.82,68.31,1012.6,125468,,20.5,2025-09-16,5,1,0,1,29.809,67.74233333333333,1012.563,125953.9,,0,0,0,0,0
2025-09-16 05:45:18,P1,29.82,68.13,1012.59,125187,,20.44,2025-09-16,5,1,0,1,29.809666666666665,67.76633333333334,1012.5646666666668,125922.46666666666,,0,0,0,0,0
2025-09-16 05:45:48,P1,29.82,67.82,1012.59,125093,,20.35,2025-09-16,5,1,0,1,29.810333333333332,67.763,1012.5663333333334,125894.23333333334,,0,0,0,0,0
2025-09-16 05:46:18,P1,29.82,67.59,1012.59,125751,,20.28,2025-09-16,5,1,0,1,29.811,67.76366666666667,1012.568,125881.6,,0,0,0,0,0
2025-09-16 05:46:49,P1,29.81,67.41,1012.59,126035,,20.22,2025-09-16,5,1,0,1,29.811333333333334,67.74966666666667,1012.57,125872.1,,0,0,0,0,0
2025-09-16 05:47:19,P1,29.81,67.93,1012.59,126511,,20.38,2025-09-16,5,1,0,1,29.811666666666667,67.75433333333334,1012.5716666666667,125894.3,,0,0,0,0,0
2025-09-16 05:47:49,P1,29.81,68.22,1012.59,126130,,20.47,2025-09-16,5,1,0,1,29.812,67.78066666666668,1012.5733333333333,125891.13333333333,,0,0,0,0,0
2025-09-16 05:48:19,P1,29.82,68.23,1012.59,125468,,20.47,2025-09-16,5,1,0,1,29.812666666666665,67.805,1012.575,125853.2,,0,0,0,0,0
2025-09-16 05:48:49,P1,29.82,67.63,1012.58,126035,,20.29,2025-09-16,5,1,0,1,29.813333333333333,67.812,1012.5763333333333,125840.53333333334,,0,0,0,0,0
2025-09-16 05:49:19,P1,29.82,68.05,1012.57,125562,,20.42,2025-09-16,5,1,0,1,29.814000000000004,67.81733333333334,1012.5773333333333,125799.33333333333,,0,0,0,0,0
2025-09-16 05:49:50,P1,29.82,68.16,1012.57,125751,,20.45,2025-09-16,5,1,0,1,29.814666666666664,67.827,1012.5783333333333,125783.53333333334,,0,0,0,0,0
2025-09-16 05:50:20,P1,29.82,68.21,1012.56,126035,,20.47,2025-09-16,5,1,0,1,29.815,67.838,1012.5786666666667,125780.36666666667,,0,0,0,0,0
2025-09-16 05:50:50,P1,29.81,67.88,1012.56,125656,,20.36,2025-09-16,5,1,0,1,29.814999999999998,67.83666666666667,1012.5793333333332,125799.13333333333,,0,0,0,0,0
2025-09-16 05:51:20,P1,29.81,68.05,1012.55,125280,,20.41,2025-09-16,5,1,0,1,29.814666666666668,67.83166666666666,1012.5793333333334,125796.0,,0,0,0,0,0
2025-09-16 05:51:50,P1,29.81,68.21,1012.54,125562,,20.46,2025-09-16,5,1,0,1,29.81433333333333,67.85133333333333,1012.579,125789.7,,0,0,0,0,0
2025-09-16 05:52:21,P1,29.81,68.19,1012.53,125562,,20.45,2025-09-16,5,1,0,1,29.814000000000004,67.86033333333333,1012.578,125780.26666666666,,0,0,0,0,0
2025-09-16 05:52:51,P1,29.81,67.98,1012.53,125280,,20.39,2025-09-16,5,1,0,1,29.813333333333333,67.863,1012.577,125751.93333333333,,0,0,0,0,0
2025-09-16 05:53:21,P1,29.81,68.13,1012.52,125187,,20.43,2025-09-16,5,1,0,1,29.812666666666665,67.88799999999999,1012.5753333333334,125742.56666666667,,0,0,0,0,0
2025-09-16 05:53:51,P1,29.81,67.52,1012.51,125751,,20.25,2025-09-16,5,1,0,1,29.812333333333335,67.886,1012.5736666666667,125739.43333333333,,0,0,0,0,0
2025-09-16 05:54:21,P1,29.81,67.26,1012.51,125656,,20.17,2025-09-16,5,1,0,1,29.812,67.87733333333333,1012.5716666666667,125742.56666666667,,0,0,0,0,0
2025-09-16 05:54:52,P1,29.81,68.19,1012.52,126225,,20.45,2025-09-16,5,1,0,1,29.812,67.889,1012.57,125742.56666666667,,0,0,0,0,0
2025-09-16 05:55:22,P1,29.81,67.9,1012.52,125845,,20.37,2025-09-16,5,1,0,1,29.811999999999998,67.89933333333333,1012.568,125742.56666666667,,0,0,0,0,0
2025-09-16 05:55:52,P1,29.82,67.75,1012.53,126320,,20.33,2025-09-16,5,1,0,1,29.812333333333335,67.89699999999999,1012.5663333333334,125761.53333333334,,0,0,0,0,0
2025-09-16 05:56:22,P1,29.82,67.73,1012.54,125845,,20.33,2025-09-16,5,1,0,1,29.813,67.89733333333332,1012.5646666666668,125742.53333333334,,0,0,0,0,0
2025-09-16 05:56:52,P1,29.82,67.28,1012.54,127086,,20.19,2025-09-16,5,1,0,1,29.813666666666666,67.88833333333334,1012.563,125771.23333333334,,0,0,0,0,0
2025-09-16 05:57:23,P1,29.82,67.56,1012.54,126035,,20.28,2025-09-16,5,1,0,1,29.814333333333334,67.88833333333334,1012.5613333333333,125777.56666666667,,0,0,0,0,0
2025-09-16 05:57:53,P1,29.83,67.77,1012.55,126225,,20.34,2025-09-16,5,1,0,1,29.81533333333333,67.883,1012.56,125809.06666666667,,0,0,0,0,0
2025-09-16 05:58:23,P1,29.83,67.71,1012.55,125845,,20.33,2025-09-16,5,1,0,1,29.816,67.88333333333334,1012.5586666666666,125809.06666666667,,0,0,0,0,0
2025-09-16 05:58:53,P1,29.83,67.27,1012.56,126894,,20.2,2025-09-16,5,1,0,1,29.816666666666666,67.87833333333334,1012.5573333333334,125818.66666666667,,0,0,0,0,0
2025-09-16 05:59:23,P1,29.83,67.49,1012.57,126415,,20.26,2025-09-16,5,1,0,1,29.817,67.852,1012.556,125856.5,,0,0,0,0,0
2025-09-16 05:59:54,P1,29.83,67.67,1012.57,126415,,20.32,2025-09-16,5,1,0,1,29.817333333333334,67.83066666666666,1012.555,125888.06666666667,,0,0,0,0,0
2025-09-16 06:00:24,P1,29.83,67.67,1012.58,126702,,20.32,2025-09-16,6,1,1,0,29.817666666666664,67.81533333333333,1012.5546666666667,125938.56666666667,,0,0,0,0,0
2025-09-16 06:00:54,P1,29.83,66.92,1012.57,126415,,20.09,2025-09-16,6,1,1,0,29.817999999999998,67.78533333333333,1012.554,125982.63333333333,,0,0,0,0,0
2025-09-16 06:01:24,P1,29.84,67.53,1012.58,127086,,20.28,2025-09-16,6,1,1,0,29.818666666666665,67.78333333333333,1012.5536666666666,126027.13333333333,,0,0,0,0,0
2025-09-16 06:01:54,P1,29.84,67.42,1012.6,126415,,20.25,2025-09-16,6,1,1,0,29.819666666666667,67.78366666666666,1012.554,126039.8,,0,0,0,0,0
2025-09-16 06:02:24,P1,29.84,67.43,1012.59,126511,,20.26,2025-09-16,6,1,1,0,29.820666666666664,67.767,1012.554,126039.8,,0,0,0,0,0
2025-09-16 06:02:55,P1,29.85,68.1,1012.59,126415,,20.47,2025-09-16,6,1,1,0,29.822,67.763,1012.554,126049.3,,0,0,0,0,0
2025-09-16 06:03:25,P1,29.85,67.79,1012.59,126702,,20.38,2025-09-16,6,1,1,0,29.822999999999997,67.74833333333333,1012.5540000000001,126090.43333333333,,0,0,0,0,0
2025-09-16 06:03:55,P1,29.86,67.91,1012.6,126225,,20.42,2025-09-16,6,1,1,0,29.824333333333335,67.75766666666667,1012.5546666666667,126096.76666666666,,0,0,0,0,0
2025-09-16 06:04:25,P1,29.87,68.16,1012.6,125468,,20.51,2025-09-16,6,1,1,0,29.826,67.76133333333333,1012.5556666666668,126093.63333333333,,0,0,0,0,0
2025-09-16 06:04:55,P1,29.87,67.65,1012.61,125280,,20.36,2025-09-16,6,1,1,0,29.82766666666667,67.74433333333334,1012.557,126077.93333333333,,0,0,0,0,0
2025-09-16 06:05:26,P1,29.87,67.27,1012.61,125751,,20.25,2025-09-16,6,1,1,0,29.829333333333334,67.71300000000001,1012.5586666666666,126068.46666666666,,0,0,0,0,0
2025-09-16 06:05:56,P1,29.88,67.84,1012.61,125845,,20.42,2025-09-16,6,1,1,0,29.831666666666667,67.71166666666666,1012.5603333333333,126074.76666666666,,0,0,0,0,0
2025-09-16 06:06:26,P1,29.88,67.45,1012.62,125751,,20.31,2025-09-16,6,1,1,0,29.834,67.69166666666666,1012.5626666666666,126090.46666666666,,0,0,0,0,0
2025-09-16 06:06:56,P1,29.88,67.56,1012.6,127086,,20.35,2025-09-16,6,1,1,0,29.836333333333336,67.67,1012.5646666666668,126141.26666666666,,0,0,0,0,0
2025-09-16 06:07:26,P1,29.89,67.16,1012.6,126511,,20.23,2025-09-16,6,1,1,0,29.839,67.63566666666667,1012.5669999999999,126172.9,,0,0,0,0,0
2025-09-16 06:07:57,P1,29.89,67.44,1012.59,126798,,20.31,2025-09-16,6,1,1,0,29.841666666666665,67.61766666666668,1012.569,126223.5,,0,0,0,0,0
2025-09-16 06:08:27,P1,29.88,67.28,1012.6,126415,,20.26,2025-09-16,6,1,1,0,29.843999999999998,67.58933333333333,1012.5716666666667,126264.43333333333,,0,0,0,0,0
2025-09-16 06:08:57,P1,29.88,67.26,1012.6,126798,,20.25,2025-09-16,6,1,1,0,29.846333333333334,67.58066666666667,1012.5746666666668,126299.33333333333,,0,0,0,0,0
2025-09-16 06:09:27,P1,29.88,67.12,1012.59,126415,,20.2,2025-09-16,6,1,1,0,29.848666666666663,67.576,1012.5773333333333,126324.63333333333,,0,0,0,0,0
2025-09-16 06:09:57,P1,29.88,67.34,1012.59,126702,,20.27,2025-09-16,6,1,1,0,29.851,67.54766666666667,1012.5796666666666,126340.53333333334,,0,0,0,0,0
2025-09-16 06:10:28,P1,29.88,67.72,1012.58,126990,,20.39,2025-09-16,6,1,1,0,29.853333333333335,67.54166666666667,1012.5816666666667,126378.7,,0,0,0,0,0
2025-09-16 06:10:58,P1,29.88,67.87,1012.58,125940,,20.43,2025-09-16,6,1,1,0,29.85533333333333,67.54566666666668,1012.5833333333334,126366.03333333334,,0,0,0,0,0
2025-09-16 06:11:28,P1,29.88,67.77,1012.58,126225,,20.4,2025-09-16,6,1,1,0,29.85733333333333,67.547,1012.5846666666665,126378.7,,0,0,0,0,0
2025-09-16 06:11:58,P1,29.88,67.38,1012.58,127086,,20.28,2025-09-16,6,1,1,0,29.859333333333332,67.55033333333334,1012.586,126378.7,,0,0,0,0,0
2025-09-16 06:12:28,P1,29.87,67.41,1012.58,126511,,20.29,2025-09-16,6,1,1,0,29.860999999999997,67.54533333333333,1012.5873333333334,126394.56666666667,,0,0,0,0,0
2025-09-16 06:12:59,P1,29.87,67.47,1012.58,127280,,20.3,2025-09-16,6,1,1,0,29.862333333333332,67.53533333333333,1012.5883333333334,126429.73333333334,,0,0,0,0,0
2025-09-16 06:13:29,P1,29.87,67.72,1012.57,126320,,20.37,2025-09-16,6,1,1,0,29.863666666666667,67.53566666666667,1012.589,126445.56666666667,,0,0,0,0,0
2025-09-16 06:13:59,P1,29.87,67.97,1012.58,126415,,20.45,2025-09-16,6,1,1,0,29.865,67.559,1012.5896666666667,126429.6,,0,0,0,0,0
2025-09-16 06:14:29,P1,29.87,67.4,1012.58,126320,,20.28,2025-09-16,6,1,1,0,29.866333333333333,67.556,1012.59,126426.43333333333,,0,0,0,0,0
2025-09-16 06:14:59,P1,29.87,67.41,1012.58,127280,,20.28,2025-09-16,6,1,1,0,29.867666666666665,67.54733333333334,1012.5903333333334,126455.26666666666,,0,0,0,0,0
2025-09-16 06:15:29,P1,29.87,67.79,1012.57,126606,,20.4,2025-09-16,6,1,1,0,29.869000000000003,67.55133333333333,1012.59,126452.06666666667,,0,0,0,0,0
2025-09-16 06:16:00,P1,29.87,67.6,1012.58,125845,,20.34,2025-09-16,6,1,1,0,29.870333333333335,67.574,1012.5903333333333,126433.06666666667,,0,0,0,0,0
2025-09-16 06:16:30,P1,29.87,67.08,1012.58,126702,,20.18,2025-09-16,6,1,1,0,29.871333333333332,67.559,1012.5903333333334,126420.26666666666,,0,0,0,0,0
2025-09-16 06:17:00,P1,29.87,67.3,1012.58,126798,,20.26,2025-09-16,6,1,1,0,29.872333333333334,67.55499999999999,1012.5896666666666,126433.03333333334,,0,0,0,0,0
2025-09-16 06:17:30,P1,29.87,66.79,1012.57,127376,,20.1,2025-09-16,6,1,1,0,29.873333333333335,67.53366666666666,1012.589,126461.86666666667,,0,0,0,0,0
2025-09-16 06:18:00,P1,29.88,67.28,1012.58,127376,,20.25,2025-09-16,6,1,1,0,29.874333333333333,67.50633333333333,1012.5886666666667,126493.9,,0,0,0,0,0
2025-09-16 06:18:31,P1,29.88,67.51,1012.58,127570,,20.33,2025-09-16,6,1,1,0,29.875333333333334,67.497,1012.5883333333334,126522.83333333333,,0,0,0,0,0
2025-09-16 06:19:01,P1,29.89,67.11,1012.58,127086,,20.22,2025-09-16,6,1,1,0,29.87633333333333,67.47033333333334,1012.5876666666667,126551.53333333334,,0,0,0,0,0
2025-09-16 06:19:31,P1,29.89,67.18,1012.59,127863,,20.24,2025-09-16,6,1,1,0,29.877,67.43766666666667,1012.5873333333333,126631.36666666667,,0,0,0,0,0
2025-09-16 06:20:01,P1,29.89,66.94,1012.59,127570,,20.17,2025-09-16,6,1,1,0,29.877666666666663,67.414,1012.5866666666667,126707.7,,0,0,0,0,0
2025-09-16 06:20:31,P1,29.9,67.38,1012.59,127376,,20.3,2025-09-16,6,1,1,0,29.878666666666668,67.41766666666666,1012.586,126761.86666666667,,0,0,0,0,0
2025-09-16 06:21:02,P1,29.9,67.34,1012.59,127376,,20.3,2025-09-16,6,1,1,0,29.87933333333333,67.401,1012.5853333333333,126812.9,,0,0,0,0,0
2025-09-16 06:21:32,P1,29.9,66.66,1012.58,128058,,20.09,2025-09-16,6,1,1,0,29.88,67.37466666666667,1012.5840000000002,126889.8,,0,0,0,0,0
2025-09-16 06:22:02,P1,29.9,66.87,1012.59,127765,,20.16,2025-09-16,6,1,1,0,29.880666666666666,67.35166666666666,1012.5836666666668,126912.43333333333,,0,0,0,0,0
2025-09-16 06:22:32,P1,29.9,66.96,1012.58,128451,,20.18,2025-09-16,6,1,1,0,29.880999999999997,67.345,1012.5830000000001,126977.1,,0,0,0,0,0
2025-09-16 06:23:02,P1,29.9,67.05,1012.58,128550,,20.21,2025-09-16,6,1,1,0,29.881333333333334,67.332,1012.5826666666668,127035.5,,0,0,0,0,0
2025-09-16 06:23:33,P1,29.91,66.72,1012.58,127765,,20.11,2025-09-16,6,1,1,0,29.882333333333335,67.31333333333333,1012.582,127080.5,,0,0,0,0,0
2025-09-16 06:24:03,P1,29.9,66.54,1012.57,127863,,20.06,2025-09-16,6,1,1,0,29.883,67.28933333333333,1012.581,127116.0,,0,0,0,0,0
2025-09-16 06:24:33,P1,29.9,66.73,1012.57,127863,,20.12,2025-09-16,6,1,1,0,29.883666666666667,67.27633333333333,1012.5803333333333,127164.26666666666,,0,0,0,0,0
2025-09-16 06:25:03,P1,29.9,66.2,1012.55,128254,,19.95,2025-09-16,6,1,1,0,29.884333333333334,67.23833333333333,1012.579,127216.0,,0,0,0,0,0
2025-09-16 06:25:33,P1,29.89,66.17,1012.54,129244,,19.94,2025-09-16,6,1,1,0,29.884666666666664,67.18666666666667,1012.5776666666667,127291.13333333333,,0,0,0,0,0
2025-09-16 06:26:04,P1,29.89,66.66,1012.53,128846,,20.08,2025-09-16,6,1,1,0,29.885,67.14633333333333,1012.5760000000001,127388.0,,0,0,0,0,0
2025-09-16 06:26:34,P1,29.89,66.73,1012.53,128945,,20.1,2025-09-16,6,1,1,0,29.885333333333335,67.11166666666666,1012.5743333333335,127478.66666666667,,0,0,0,0,0
2025-09-16 06:27:04,P1,29.89,66.39,1012.53,128451,,20.0,2025-09-16,6,1,1,0,29.88566666666667,67.07866666666666,1012.5726666666667,127524.16666666667,,0,0,0,0,0
2025-09-16 06:27:34,P1,29.89,66.54,1012.52,129444,,20.05,2025-09-16,6,1,1,0,29.886333333333333,67.04966666666667,1012.5706666666666,127621.93333333333,,0,0,0,0,0
2025-09-16 06:28:04,P1,29.9,66.85,1012.52,128747,,20.15,2025-09-16,6,1,1,0,29.887333333333334,67.02900000000001,1012.5686666666667,127670.83333333333,,0,0,0,0,0
2025-09-16 06:28:34,P1,29.9,66.7,1012.51,129444,,20.1,2025-09-16,6,1,1,0,29.888333333333332,66.99499999999999,1012.5666666666667,127774.96666666666,,0,0,0,0,0
2025-09-16 06:29:05,P1,29.9,66.47,1012.51,129045,,20.03,2025-09-16,6,1,1,0,29.889333333333337,66.945,1012.5643333333334,127862.63333333333,,0,0,0,0,0
2025-09-16 06:29:35,P1,29.9,66.87,1012.51,129045,,20.16,2025-09-16,6,1,1,0,29.890333333333334,66.92733333333334,1012.562,127953.46666666666,,0,0,0,0,0
2025-09-16 06:30:05,P1,29.9,66.27,1012.52,128156,,19.98,2025-09-16,6,1,1,0,29.891333333333332,66.88933333333334,1012.56,127982.66666666667,,0,0,0,0,0
2025-09-16 06:30:35,P1,29.9,66.11,1012.52,129444,,19.93,2025-09-16,6,1,1,0,29.892333333333333,66.83333333333333,1012.5583333333333,128077.26666666666,,0,0,0,0,0
2025-09-16 06:31:05,P1,29.9,66.31,1012.53,129845,,19.98,2025-09-16,6,1,1,0,29.89333333333333,66.79033333333334,1012.5566666666667,128210.6,,0,0,0,0,0
2025-09-16 06:31:36,P1,29.89,66.43,1012.54,129845,,20.02,2025-09-16,6,1,1,0,29.894,66.76866666666666,1012.5553333333334,128315.36666666667,,0,0,0,0,0
2025-09-16 06:32:06,P1,29.89,65.96,1012.54,129444,,19.87,2025-09-16,6,1,1,0,29.89466666666667,66.724,1012.5540000000001,128403.56666666667,,0,0,0,0,0
2025-09-16 06:32:36,P1,29.88,65.62,1012.55,130859,,19.76,2025-09-16,6,1,1,0,29.895,66.685,1012.5533333333333,128519.66666666667,,0,0,0,0,0
2025-09-16 06:33:06,P1,29.88,65.63,1012.55,130249,,19.76,2025-09-16,6,1,1,0,29.895,66.63000000000001,1012.5523333333333,128615.43333333333,,0,0,0,0,0
2025-09-16 06:33:36,P1,29.89,65.4,1012.56,130249,,19.7,2025-09-16,6,1,1,0,29.895333333333333,66.55966666666667,1012.5516666666666,128704.73333333334,,0,0,0,0,0
2025-09-16 06:34:07,P1,29.9,65.8,1012.56,131579,,19.83,2025-09-16,6,1,1,0,29.895666666666667,66.516,1012.5509999999999,128854.5,,0,0,0,0,0
2025-09-16 06:34:37,P1,29.92,65.92,1012.58,130655,,19.89,2025-09-16,6,1,1,0,29.896666666666665,66.474,1012.5506666666666,128947.56666666667,,0,0,0,0,0
2025-09-16 06:35:07,P1,29.93,65.27,1012.59,131064,,19.71,2025-09-16,6,1,1,0,29.898000000000003,66.41833333333334,1012.5506666666666,129064.03333333334,,0,0,0,0,0
2025-09-16 06:35:37,P1,29.94,65.3,1012.6,131167,,19.72,2025-09-16,6,1,1,0,29.89933333333333,66.349,1012.5509999999999,129190.4,,0,0,0,0,0
2025-09-16 06:36:07,P1,29.95,65.64,1012.61,130757,,19.84,2025-09-16,6,1,1,0,29.901,66.29233333333333,1012.5516666666666,129303.1,,0,0,0,0,0
2025-09-16 06:36:38,P1,29.96,65.94,1012.61,130962,,19.94,2025-09-16,6,1,1,0,29.903000000000002,66.26833333333333,1012.5526666666666,129399.9,,0,0,0,0,0
2025-09-16 06:37:08,P1,29.96,65.56,1012.62,130757,,19.83,2025-09-16,6,1,1,0,29.904999999999998,66.22466666666666,1012.5536666666666,129499.63333333333,,0,0,0,0,0
2025-09-16 06:37:38,P1,29.97,65.46,1012.62,131270,,19.81,2025-09-16,6,1,1,0,29.907333333333334,66.17466666666667,1012.5550000000001,129593.6,,0,0,0,0,0
2025-09-16 06:38:08,P1,29.98,65.71,1012.62,130859,,19.89,2025-09-16,6,1,1,0,29.91,66.13000000000001,1012.5563333333333,129670.56666666667,,0,0,0,0,0
2025-09-16 06:38:38,P1,29.97,65.52,1012.63,130757,,19.83,2025-09-16,6,1,1,0,29.912,66.09,1012.5580000000001,129770.3,,0,0,0,0,0
2025-09-16 06:39:09,P1,29.98,65.74,1012.63,130757,,19.9,2025-09-16,6,1,1,0,29.914666666666665,66.06333333333333,1012.56,129866.76666666666,,0,0,0,0,0
2025-09-16 06:39:39,P1,29.98,65.55,1012.64,131167,,19.84,2025-09-16,6,1,1,0,29.917333333333332,66.024,1012.5623333333333,129976.9,,0,0,0,0,0
2025-09-16 06:40:09,P1,29.98,65.48,1012.64,130553,,19.82,2025-09-16,6,1,1,0,29.92,66.0,1012.5653333333335,130053.53333333334,,0,0,0,0,0
2025-09-16 06:40:39,P1,29.97,65.59,1012.65,131579,,19.85,2025-09-16,6,1,1,0,29.922666666666668,65.98066666666666,1012.569,130131.36666666667,,0,0,0,0,0
2025-09-16 06:41:09,P1,29.97,65.81,1012.65,130859,,19.91,2025-09-16,6,1,1,0,29.925333333333334,65.95233333333333,1012.573,130198.46666666666,,0,0,0,0,0
2025-09-16 06:41:39,P1,29.96,65.38,1012.66,131476,,19.77,2025-09-16,6,1,1,0,29.927666666666664,65.90733333333334,1012.5773333333333,130282.83333333333,,0,0,0,0,0
2025-09-16 06:42:10,P1,29.95,66.01,1012.65,130757,,19.95,2025-09-16,6,1,1,0,29.929666666666666,65.89466666666667,1012.5813333333333,130359.7,,0,0,0,0,0
2025-09-16 06:42:40,P1,29.95,66.12,1012.66,130350,,19.98,2025-09-16,6,1,1,0,29.931666666666665,65.88066666666667,1012.5859999999999,130389.9,,0,0,0,0,0
2025-09-16 06:43:10,P1,29.95,65.41,1012.66,130859,,19.76,2025-09-16,6,1,1,0,29.933333333333334,65.83266666666667,1012.5906666666666,130460.3,,0,0,0,0,0
2025-09-16 06:43:40,P1,29.94,65.17,1012.67,131167,,19.69,2025-09-16,6,1,1,0,29.93466666666667,65.78166666666667,1012.596,130517.73333333334,,0,0,0,0,0
2025-09-16 06:44:10,P1,29.95,65.62,1012.69,131476,,19.83,2025-09-16,6,1,1,0,29.93633333333333,65.75333333333334,1012.602,130598.76666666666,,0,0,0,0,0
2025-09-16 06:44:41,P1,29.95,65.58,1012.69,131579,,19.82,2025-09-16,6,1,1,0,29.938,65.71033333333334,1012.6080000000001,130683.23333333334,,0,0,0,0,0
2025-09-16 06:45:11,P1,29.95,65.51,1012.7,131786,,19.8,2025-09-16,6,1,1,0,29.939666666666664,65.685,1012.6139999999999,130804.23333333334,,0,0,0,0,0
2025-09-16 06:45:41,P1,29.95,65.48,1012.7,131270,,19.79,2025-09-16,6,1,1,0,29.941333333333333,65.664,1012.62,130865.1,,0,0,0,0,0
2025-09-16 06:46:11,P1,29.95,65.58,1012.7,131373,,19.82,2025-09-16,6,1,1,0,29.943,65.63966666666666,1012.6256666666667,130916.03333333334,,0,0,0,0,0
2025-09-16 06:46:41,P1,29.95,65.68,1012.72,131476,,19.85,2025-09-16,6,1,1,0,29.945,65.61466666666666,1012.6316666666667,130970.4,,0,0,0,0,0
2025-09-16 06:47:12,P1,29.96,65.58,1012.73,131373,,19.83,2025-09-16,6,1,1,0,29.947333333333333,65.602,1012.638,131034.7,,0,0,0,0,0
2025-09-16 06:47:42,P1,29.97,66.02,1012.75,130655,,19.97,2025-09-16,6,1,1,0,29.950333333333333,65.61533333333333,1012.6446666666667,131027.9,,0,0,0,0,0
2025-09-16 06:48:12,P1,29.98,65.18,1012.76,130553,,19.73,2025-09-16,6,1,1,0,29.953666666666663,65.60033333333334,1012.6516666666666,131038.03333333334,,0,0,0,0,0
2025-09-16 06:48:42,P1,29.99,64.93,1012.78,131786,,19.66,2025-09-16,6,1,1,0,29.956999999999997,65.58466666666666,1012.659,131089.26666666666,,0,0,0,0,0
2025-09-16 06:49:12,P1,29.99,65.0,1012.78,132306,,19.69,2025-09-16,6,1,1,0,29.959999999999997,65.558,1012.6663333333333,131113.5,,0,0,0,0,0
2025-09-16 06:49:43,P1,29.99,64.81,1012.79,132831,,19.63,2025-09-16,6,1,1,0,29.962333333333333,65.521,1012.6733333333334,131186.03333333333,,0,0,0,0,0
2025-09-16 06:50:13,P1,29.99,65.12,1012.8,132411,,19.73,2025-09-16,6,1,1,0,29.964333333333332,65.516,1012.6803333333334,131230.93333333332,,0,0,0,0,0
2025-09-16 06:50:43,P1,29.99,65.07,1012.81,132621,,19.71,2025-09-16,6,1,1,0,29.966,65.50833333333334,1012.6873333333334,131279.4,,0,0,0,0,0
2025-09-16 06:51:13,P1,30.0,65.77,1012.81,131476,,19.93,2025-09-16,6,1,1,0,29.967666666666666,65.51266666666668,1012.694,131303.36666666667,,0,0,0,0,0
2025-09-16 06:51:43,P1,29.99,65.22,1012.82,132411,,19.76,2025-09-16,6,1,1,0,29.968666666666664,65.48866666666667,1012.7009999999999,131351.66666666666,,0,0,0,0,0
2025-09-16 06:52:13,P1,29.99,64.98,1012.83,132411,,19.68,2025-09-16,6,1,1,0,29.96966666666667,65.46933333333334,1012.7080000000001,131406.8,,0,0,0,0,0
2025-09-16 06:52:44,P1,29.99,65.6,1012.83,131890,,19.87,2025-09-16,6,1,1,0,29.970333333333333,65.474,1012.7149999999999,131427.46666666667,,0,0,0,0,0
2025-09-16 06:53:14,P1,29.99,65.12,1012.83,132621,,19.72,2025-09-16,6,1,1,0,29.970666666666666,65.45433333333334,1012.722,131486.2,,0,0,0,0,0
2025-09-16 06:53:44,P1,29.98,65.06,1012.82,132621,,19.69,2025-09-16,6,1,1,0,29.970999999999997,65.43900000000001,1012.7283333333332,131548.33333333334,,0,0,0,0,0
2025-09-16 06:54:14,P1,29.97,65.39,1012.82,132726,,19.78,2025-09-16,6,1,1,0,29.970666666666666,65.42733333333334,1012.7346666666667,131613.96666666667,,0,0,0,0,0
2025-09-16 06:54:44,P1,29.96,65.0,1012.82,132098,,19.65,2025-09-16,6,1,1,0,29.970000000000002,65.409,1012.7406666666667,131645.0,,0,0,0,0,0
2025-09-16 06:55:15,P1,29.95,65.2,1012.82,132937,,19.71,2025-09-16,6,1,1,0,29.968999999999998,65.39966666666666,1012.7466666666666,131724.46666666667,,0,0,0,0,0
2025-09-16 06:55:45,P1,29.95,64.91,1012.82,132726,,19.62,2025-09-16,6,1,1,0,29.96833333333333,65.377,1012.7523333333334,131762.7,,0,0,0,0,0
2025-09-16 06:56:15,P1,29.95,65.05,1012.81,132306,,19.66,2025-09-16,6,1,1,0,29.967666666666666,65.35166666666666,1012.7576666666666,131810.93333333332,,0,0,0,0,0
2025-09-16 06:56:45,P1,29.95,64.73,1012.81,132098,,19.56,2025-09-16,6,1,1,0,29.967333333333332,65.33,1012.7626666666667,131831.66666666666,,0,0,0,0,0
2025-09-16 06:57:15,P1,29.95,65.13,1012.81,132411,,19.69,2025-09-16,6,1,1,0,29.967333333333332,65.30066666666667,1012.768,131886.8,,0,0,0,0,0
2025-09-16 06:57:46,P1,29.96,65.24,1012.81,132937,,19.72,2025-09-16,6,1,1,0,29.96766666666667,65.27133333333333,1012.773,131973.03333333333,,0,0,0,0,0
2025-09-16 06:58:16,P1,29.96,65.18,1012.81,132937,,19.7,2025-09-16,6,1,1,0,29.968,65.26366666666667,1012.778,132042.3,,0,0,0,0,0
2025-09-16 06:58:46,P1,29.95,64.99,1012.82,133254,,19.65,2025-09-16,6,1,1,0,29.96833333333333,65.25766666666667,1012.783,132111.86666666667,,0,0,0,0,0
2025-09-16 06:59:16,P1,29.95,64.96,1012.82,133466,,19.64,2025-09-16,6,1,1,0,29.96833333333333,65.23566666666666,1012.7873333333334,132178.2,,0,0,0,0,0
2025-09-16 06:59:46,P1,29.95,65.0,1012.82,133254,,19.64,2025-09-16,6,1,1,0,29.96833333333333,65.21633333333334,1012.7916666666666,132234.03333333333,,0,0,0,0,0
2025-09-16 07:00:17,P1,29.95,64.91,1012.83,132621,,19.61,2025-09-16,7,1,1,0,29.968333333333337,65.19633333333334,1012.796,132261.86666666667,,0,0,0,0,0
2025-09-16 07:00:47,P1,29.95,64.91,1012.84,133042,,19.61,2025-09-16,7,1,1,0,29.96833333333333,65.17733333333334,1012.8006666666666,132320.93333333332,,0,0,0,0,0
2025-09-16 07:01:17,P1,29.95,64.67,1012.85,133148,,19.55,2025-09-16,7,1,1,0,29.96833333333333,65.147,1012.8056666666668,132380.1,,0,0,0,0,0
2025-09-16 07:01:47,P1,29.96,64.58,1012.86,133466,,19.53,2025-09-16,7,1,1,0,29.968666666666664,65.11033333333333,1012.8103333333332,132446.43333333332,,0,0,0,0,0
2025-09-16 07:02:17,P1,29.97,64.6,1012.87,133042,,19.54,2025-09-16,7,1,1,0,29.968999999999998,65.07766666666667,1012.815,132502.06666666668,,0,0,0,0,0
2025-09-16 07:02:48,P1,29.97,65.1,1012.87,133254,,19.7,2025-09-16,7,1,1,0,29.968999999999998,65.047,1012.819,132588.7,,0,0,0,0,0
2025-09-16 07:03:18,P1,29.98,65.31,1012.88,133254,,19.77,2025-09-16,7,1,1,0,29.969,65.05133333333333,1012.8230000000001,132678.73333333334,,0,0,0,0,0
2025-09-16 07:03:48,P1,29.98,65.19,1012.9,133360,,19.74,2025-09-16,7,1,1,0,29.968666666666667,65.06,1012.8269999999999,132731.2,,0,0,0,0,0
2025-09-16 07:04:18,P1,29.98,65.1,1012.92,132516,,19.71,2025-09-16,7,1,1,0,29.96833333333333,65.06333333333333,1012.8316666666667,132738.2,,0,0,0,0,0
2025-09-16 07:04:48,P1,29.98,65.1,1012.92,131786,,19.71,2025-09-16,7,1,1,0,29.968,65.07300000000001,1012.8359999999999,132703.36666666667,,0,0,0,0,0
2025-09-16 07:05:18,P1,29.97,64.91,1012.93,133466,,19.64,2025-09-16,7,1,1,0,29.967333333333332,65.06599999999999,1012.8403333333333,132738.53333333333,,0,0,0,0,0
2025-09-16 07:05:49,P1,29.96,64.88,1012.94,132831,,19.62,2025-09-16,7,1,1,0,29.966333333333335,65.05966666666667,1012.8446666666666,132745.53333333333,,0,0,0,0,0
2025-09-16 07:06:19,P1,29.95,64.98,1012.95,132411,,19.64,2025-09-16,7,1,1,0,29.964666666666666,65.03333333333333,1012.8493333333333,132776.7,,0,0,0,0,0
2025-09-16 07:06:49,P1,29.95,64.78,1012.96,132306,,19.57,2025-09-16,7,1,1,0,29.96333333333333,65.01866666666666,1012.854,132773.2,,0,0,0,0,0
2025-09-16 07:07:19,P1,29.94,65.06,1012.97,132411,,19.65,2025-09-16,7,1,1,0,29.961666666666662,65.02133333333333,1012.8586666666666,132773.2,,0,0,0,0,0
2025-09-16 07:07:49,P1,29.94,65.27,1012.99,132726,,19.71,2025-09-16,7,1,1,0,29.959999999999997,65.01033333333334,1012.864,132801.06666666668,,0,0,0,0,0
2025-09-16 07:08:20,P1,29.93,65.33,1012.99,132306,,19.72,2025-09-16,7,1,1,0,29.957999999999995,65.01733333333333,1012.8693333333333,132790.56666666668,,0,0,0,0,0
2025-09-16 07:08:50,P1,29.92,65.01,1012.99,132306,,19.62,2025-09-16,7,1,1,0,29.956000000000003,65.01566666666666,1012.875,132780.06666666668,,0,0,0,0,0
2025-09-16 07:09:20,P1,29.92,65.03,1012.98,132306,,19.62,2025-09-16,7,1,1,0,29.954333333333334,65.00366666666666,1012.8803333333333,132766.06666666668,,0,0,0,0,0
2025-09-16 07:09:50,P1,29.92,65.05,1012.99,132411,,19.62,2025-09-16,7,1,1,0,29.953,65.00533333333334,1012.8860000000001,132776.5,,0,0,0,0,0
2025-09-16 07:10:20,P1,29.91,65.26,1012.99,133042,,19.68,2025-09-16,7,1,1,0,29.951666666666668,65.00733333333334,1012.8916666666667,132780.0,,0,0,0,0,0
2025-09-16 07:10:51,P1,29.91,65.09,1012.99,132306,,19.63,2025-09-16,7,1,1,0,29.950333333333333,65.01333333333334,1012.8973333333334,132766.0,,0,0,0,0,0
2025-09-16 07:11:21,P1,29.91,65.24,1012.99,132831,,19.68,2025-09-16,7,1,1,0,29.948999999999998,65.01966666666667,1012.9033333333333,132783.5,,0,0,0,0,0
2025-09-16 07:11:51,P1,29.91,64.92,1012.99,132411,,19.58,2025-09-16,7,1,1,0,29.94766666666667,65.026,1012.9093333333333,132793.93333333332,,0,0,0,0,0
2025-09-16 07:12:21,P1,29.92,65.17,1012.99,133042,,19.66,2025-09-16,7,1,1,0,29.946666666666665,65.02733333333333,1012.9153333333335,132814.96666666667,,0,0,0,0,0
2025-09-16 07:12:51,P1,29.92,64.81,1013.0,132411,,19.56,2025-09-16,7,1,1,0,29.94533333333333,65.01299999999999,1012.9216666666667,132797.43333333332,,0,0,0,0,0
2025-09-16 07:13:22,P1,29.93,64.77,1013.01,133254,,19.56,2025-09-16,7,1,1,0,29.944333333333336,64.99933333333334,1012.9283333333334,132808.0,,0,0,0,0,0
2025-09-16 07:13:52,P1,29.94,64.91,1013.02,133254,,19.61,2025-09-16,7,1,1,0,29.944,64.99666666666667,1012.935,132808.0,,0,0,0,0,0
2025-09-16 07:14:22,P1,29.95,65.38,1013.02,132621,,19.76,2025-09-16,7,1,1,0,29.944000000000003,65.01066666666667,1012.9416666666667,132779.83333333334,,0,0,0,0,0
2025-09-16 07:14:52,P1,29.95,64.89,1013.03,132098,,19.61,2025-09-16,7,1,1,0,29.944000000000003,65.007,1012.9486666666667,132741.3,,0,0,0,0,0
2025-09-16 07:15:22,P1,29.96,65.14,1013.03,132621,,19.7,2025-09-16,7,1,1,0,29.94433333333333,65.01466666666666,1012.9553333333333,132741.3,,0,0,0,0,0
2025-09-16 07:15:53,P1,29.97,65.03,1013.05,132726,,19.67,2025-09-16,7,1,1,0,29.945,65.01866666666666,1012.9623333333334,132730.76666666666,,0,0,0,0,0
2025-09-16 07:16:23,P1,29.97,65.18,1013.05,131994,,19.72,2025-09-16,7,1,1,0,29.945666666666668,65.03566666666667,1012.9689999999999,132692.3,,0,0,0,0,0
2025-09-16 07:16:53,P1,29.97,64.96,1013.05,132098,,19.65,2025-09-16,7,1,1,0,29.946000000000005,65.04833333333333,1012.9753333333333,132646.7,,0,0,0,0,0
2025-09-16 07:17:23,P1,29.97,64.84,1013.05,131786,,19.61,2025-09-16,7,1,1,0,29.946,65.05633333333333,1012.9813333333333,132604.83333333334,,0,0,0,0,0
2025-09-16 07:17:53,P1,29.96,64.79,1013.07,132516,,19.59,2025-09-16,7,1,1,0,29.945666666666668,65.046,1012.9879999999999,132580.23333333334,,0,0,0,0,0
2025-09-16 07:18:23,P1,29.96,65.03,1013.08,132098,,19.66,2025-09-16,7,1,1,0,29.945,65.03666666666668,1012.9946666666667,132541.7,,0,0,0,0,0
2025-09-16 07:18:54,P1,29.96,65.4,1013.08,131270,,19.77,2025-09-16,7,1,1,0,29.94433333333333,65.04366666666667,1013.0006666666667,132472.03333333333,,0,0,0,0,0
2025-09-16 07:19:24,P1,29.95,65.3,1013.08,131579,,19.74,2025-09-16,7,1,1,0,29.94333333333333,65.05033333333333,1013.006,132440.8,,0,0,0,0,0
2025-09-16 07:19:54,P1,29.95,65.52,1013.08,131786,,19.81,2025-09-16,7,1,1,0,29.942333333333337,65.06433333333332,1013.0113333333334,132440.8,,0,0,0,0,0
2025-09-16 07:20:24,P1,29.96,65.5,1013.09,131064,,19.8,2025-09-16,7,1,1,0,29.942,65.084,1013.0166666666667,132360.73333333334,,0,0,0,0,0
2025-09-16 07:20:54,P1,29.95,65.37,1013.09,131476,,19.76,2025-09-16,7,1,1,0,29.941666666666666,65.10033333333334,1013.0216666666666,132315.56666666668,,0,0,0,0,0
2025-09-16 07:21:25,P1,29.95,65.22,1013.09,131682,,19.71,2025-09-16,7,1,1,0,29.941666666666666,65.10833333333333,1013.0263333333334,132291.26666666666,,0,0,0,0,0
2025-09-16 07:21:55,P1,29.95,65.19,1013.1,132202,,19.7,2025-09-16,7,1,1,0,29.941666666666666,65.122,1013.0310000000001,132287.8,,0,0,0,0,0
2025-09-16 07:22:25,P1,29.94,64.96,1013.11,131786,,19.62,2025-09-16,7,1,1,0,29.941666666666666,65.11866666666667,1013.0356666666667,132266.96666666667,,0,0,0,0,0
2025-09-16 07:22:55,P1,29.93,64.95,1013.11,131579,,19.61,2025-09-16,7,1,1,0,29.941333333333333,65.108,1013.0396666666667,132228.73333333334,,0,0,0,0,0
2025-09-16 07:23:25,P1,29.93,65.05,1013.11,131373,,19.63,2025-09-16,7,1,1,0,29.941333333333333,65.09866666666666,1013.0436666666667,132197.63333333333,,0,0,0,0,0
2025-09-16 07:23:56,P1,29.93,65.55,1013.11,131994,,19.78,2025-09-16,7,1,1,0,29.941666666666666,65.11666666666666,1013.0476666666667,132187.23333333334,,0,0,0,0,0
2025-09-16 07:24:26,P1,29.92,65.01,1013.11,131167,,19.62,2025-09-16,7,1,1,0,29.941666666666666,65.116,1013.052,132149.26666666666,,0,0,0,0,0
2025-09-16 07:24:56,P1,29.92,65.02,1013.11,131786,,19.62,2025-09-16,7,1,1,0,29.941666666666666,65.115,1013.056,132128.43333333332,,0,0,0,0,0
2025-09-16 07:25:26,P1,29.92,64.9,1013.11,132516,,19.58,2025-09-16,7,1,1,0,29.942,65.103,1013.0600000000001,132110.9,,0,0,0,0,0
2025-09-16 07:25:56,P1,29.91,64.9,1013.11,131373,,19.58,2025-09-16,7,1,1,0,29.942,65.09666666666666,1013.064,132079.8,,0,0,0,0,0
2025-09-16 07:26:27,P1,29.91,64.91,1013.1,131890,,19.58,2025-09-16,7,1,1,0,29.942000000000004,65.08566666666667,1013.0676666666667,132048.43333333332,,0,0,0,0,0
2025-09-16 07:26:57,P1,29.91,65.2,1013.11,131682,,19.66,2025-09-16,7,1,1,0,29.942,65.095,1013.0716666666667,132024.13333333333,,0,0,0,0,0
2025-09-16 07:27:27,P1,29.92,65.24,1013.1,132516,,19.68,2025-09-16,7,1,1,0,29.942,65.09733333333332,1013.0753333333333,132006.6,,0,0,0,0,0
2025-09-16 07:27:57,P1,29.92,64.84,1013.11,131373,,19.56,2025-09-16,7,1,1,0,29.942000000000004,65.09833333333333,1013.079,131972.0,,0,0,0,0,0
2025-09-16 07:28:27,P1,29.91,64.96,1013.11,132202,,19.59,2025-09-16,7,1,1,0,29.941333333333333,65.10466666666667,1013.0823333333334,131936.93333333332,,0,0,0,0,0
2025-09-16 07:28:58,P1,29.92,64.84,1013.11,131994,,19.57,2025-09-16,7,1,1,0,29.94066666666667,65.10233333333333,1013.0853333333333,131894.93333333332,,0,0,0,0,0
2025-09-16 07:29:28,P1,29.93,64.95,1013.12,131270,,19.61,2025-09-16,7,1,1,0,29.94,65.08800000000001,1013.0886666666667,131849.9,,0,0,0,0,0
2025-09-16 07:29:58,P1,29.94,65.06,1013.13,131476,,19.65,2025-09-16,7,1,1,0,29.939666666666664,65.09366666666666,1013.0920000000001,131829.16666666666,,0,0,0,0,0
2025-09-16 07:30:28,P1,29.94,64.83,1013.13,132411,,19.58,2025-09-16,7,1,1,0,29.939000000000004,65.08333333333333,1013.0953333333333,131822.16666666666,,0,0,0,0,0
2025-09-16 07:30:58,P1,29.94,64.9,1013.13,131890,,19.6,2025-09-16,7,1,1,0,29.938,65.07900000000001,1013.098,131794.3,,0,0,0,0,0
2025-09-16 07:31:28,P1,29.94,64.88,1013.14,132726,,19.59,2025-09-16,7,1,1,0,29.937,65.069,1013.101,131818.7,,0,0,0,0,0
2025-09-16 07:31:59,P1,29.93,64.91,1013.15,131373,,19.6,2025-09-16,7,1,1,0,29.935666666666666,65.06733333333334,1013.1043333333333,131794.53333333333,,0,0,0,0,0
2025-09-16 07:32:29,P1,29.93,65.06,1013.14,132202,,19.64,2025-09-16,7,1,1,0,29.934333333333335,65.07466666666667,1013.1073333333334,131808.4,,0,0,0,0,0
2025-09-16 07:32:59,P1,29.93,65.25,1013.14,131373,,19.7,2025-09-16,7,1,1,0,29.933333333333334,65.08999999999999,1013.1096666666667,131770.3,,0,0,0,0,0
2025-09-16 07:33:29,P1,29.93,65.07,1013.14,131579,,19.65,2025-09-16,7,1,1,0,29.932333333333336,65.09133333333334,1013.1116666666666,131753.0,,0,0,0,0,0
2025-09-16 07:33:59,P1,29.93,64.91,1013.14,131786,,19.59,2025-09-16,7,1,1,0,29.931333333333335,65.075,1013.1136666666666,131770.2,,0,0,0,0,0
2025-09-16 07:34:30,P1,29.93,64.97,1013.14,131270,,19.61,2025-09-16,7,1,1,0,29.930666666666664,65.06400000000001,1013.1156666666667,131759.9,,0,0,0,0,0
2025-09-16 07:35:00,P1,29.92,64.9,1013.14,132202,,19.59,2025-09-16,7,1,1,0,29.929666666666666,65.04333333333334,1013.1176666666668,131773.76666666666,,0,0,0,0,0
2025-09-16 07:35:30,P1,29.92,64.98,1013.15,131373,,19.61,2025-09-16,7,1,1,0,29.928333333333335,65.02600000000001,1013.1196666666667,131784.06666666668,,0,0,0,0,0
2025-09-16 07:36:00,P1,29.92,64.87,1013.14,132202,,19.58,2025-09-16,7,1,1,0,29.927333333333333,65.00933333333333,1013.1213333333333,131808.26666666666,,0,0,0,0,0
2025-09-16 07:36:30,P1,29.92,64.87,1013.14,132516,,19.58,2025-09-16,7,1,1,0,29.926333333333336,64.99766666666667,1013.123,131836.06666666668,,0,0,0,0,0
2025-09-16 07:37:01,P1,29.93,64.8,1013.15,132621,,19.56,2025-09-16,7,1,1,0,29.925666666666665,64.98466666666667,1013.1246666666666,131850.03333333333,,0,0,0,0,0
2025-09-16 07:37:31,P1,29.93,64.86,1013.16,132202,,19.58,2025-09-16,7,1,1,0,29.925333333333334,64.98133333333334,1013.1263333333334,131863.9,,0,0,0,0,0
2025-09-16 07:38:01,P1,29.94,64.79,1013.16,132202,,19.57,2025-09-16,7,1,1,0,29.925666666666665,64.976,1013.128,131884.66666666666,,0,0,0,0,0
2025-09-16 07:38:31,P1,29.95,64.8,1013.17,132621,,19.59,2025-09-16,7,1,1,0,29.926333333333336,64.96766666666667,1013.13,131926.26666666666,,0,0,0,0,0
2025-09-16 07:39:01,P1,29.96,64.89,1013.17,132202,,19.62,2025-09-16,7,1,1,0,29.927333333333333,64.94566666666667,1013.132,131933.2,,0,0,0,0,0
2025-09-16 07:39:32,P1,29.97,64.91,1013.19,131682,,19.63,2025-09-16,7,1,1,0,29.929,64.94233333333334,1013.1346666666667,131950.36666666667,,0,0,0,0,0
2025-09-16 07:40:02,P1,29.97,64.54,1013.19,132306,,19.52,2025-09-16,7,1,1,0,29.930666666666664,64.92633333333333,1013.1373333333333,131967.7,,0,0,0,0,0
2025-09-16 07:40:32,P1,29.97,64.73,1013.19,131994,,19.58,2025-09-16,7,1,1,0,29.932333333333336,64.92066666666668,1013.1399999999999,131950.3,,0,0,0,0,0
2025-09-16 07:41:02,P1,29.97,64.69,1013.19,132516,,19.57,2025-09-16,7,1,1,0,29.934333333333335,64.91366666666667,1013.1426666666667,131988.4,,0,0,0,0,0
2025-09-16 07:41:32,P1,29.96,64.82,1013.19,132411,,19.6,2025-09-16,7,1,1,0,29.935999999999996,64.91066666666667,1013.1456666666667,132005.76666666666,,0,0,0,0,0
2025-09-16 07:42:02,P1,29.96,64.75,1013.2,132202,,19.58,2025-09-16,7,1,1,0,29.937666666666665,64.89566666666667,1013.1486666666666,132023.1,,0,0,0,0,0
2025-09-16 07:42:33,P1,29.95,64.69,1013.2,132831,,19.55,2025-09-16,7,1,1,0,29.93866666666667,64.87733333333334,1013.152,132033.6,,0,0,0,0,0
2025-09-16 07:43:03,P1,29.95,64.71,1013.21,132202,,19.56,2025-09-16,7,1,1,0,29.939666666666664,64.873,1013.1553333333334,132061.23333333334,,0,0,0,0,0
2025-09-16 07:43:33,P1,29.95,64.75,1013.21,132098,,19.57,2025-09-16,7,1,1,0,29.941,64.866,1013.1586666666666,132057.76666666666,,0,0,0,0,0
2025-09-16 07:44:03,P1,29.96,64.67,1013.21,131373,,19.55,2025-09-16,7,1,1,0,29.942333333333334,64.86033333333333,1013.1619999999999,132037.06666666668,,0,0,0,0,0
2025-09-16 07:44:33,P1,29.96,64.62,1013.22,132831,,19.54,2025-09-16,7,1,1,0,29.94333333333333,64.84933333333333,1013.1653333333333,132089.1,,0,0,0,0,0
2025-09-16 07:45:04,P1,29.96,64.62,1013.22,132726,,19.54,2025-09-16,7,1,1,0,29.944000000000003,64.83466666666666,1013.1683333333333,132130.76666666666,,0,0,0,0,0
2025-09-16 07:45:34,P1,29.97,64.97,1013.22,132831,,19.65,2025-09-16,7,1,1,0,29.945,64.83933333333333,1013.1713333333333,132144.76666666666,,0,0,0,0,0
2025-09-16 07:46:04,P1,29.97,64.91,1013.22,131579,,19.64,2025-09-16,7,1,1,0,29.946,64.83966666666667,1013.1743333333333,132134.4,,0,0,0,0,0
2025-09-16 07:46:34,P1,29.98,65.01,1013.22,131994,,19.68,2025-09-16,7,1,1,0,29.947333333333333,64.84400000000001,1013.177,132110.0,,0,0,0,0,0
2025-09-16 07:47:04,P1,29.98,65.04,1013.22,132411,,19.69,2025-09-16,7,1,1,0,29.949,64.84833333333333,1013.1793333333334,132144.6,,0,0,0,0,0
2025-09-16 07:47:35,P1,29.99,65.15,1013.21,132202,,19.73,2025-09-16,7,1,1,0,29.951,64.85133333333334,1013.1816666666667,132144.6,,0,0,0,0,0
2025-09-16 07:48:05,P1,29.98,64.8,1013.21,132202,,19.62,2025-09-16,7,1,1,0,29.95266666666667,64.83633333333334,1013.184,132172.23333333334,,0,0,0,0,0
2025-09-16 07:48:35,P1,29.97,64.78,1013.21,131579,,19.6,2025-09-16,7,1,1,0,29.954,64.82666666666667,1013.1863333333333,132172.23333333334,,0,0,0,0,0
2025-09-16 07:49:05,P1,29.97,64.95,1013.21,132306,,19.65,2025-09-16,7,1,1,0,29.955333333333332,64.828,1013.1886666666668,132189.56666666668,,0,0,0,0,0
2025-09-16 07:49:35,P1,29.97,64.73,1013.21,131476,,19.58,2025-09-16,7,1,1,0,29.956666666666667,64.82000000000001,1013.191,132196.43333333332,,0,0,0,0,0
2025-09-16 07:50:06,P1,29.96,64.72,1013.21,131579,,19.57,2025-09-16,7,1,1,0,29.958000000000002,64.81400000000001,1013.1933333333333,132175.66666666666,,0,0,0,0,0
2025-09-16 07:50:36,P1,29.97,64.74,1013.22,132202,,19.59,2025-09-16,7,1,1,0,29.959666666666667,64.806,1013.1956666666667,132203.3,,0,0,0,0,0
2025-09-16 07:51:06,P1,29.97,64.57,1013.21,131994,,19.54,2025-09-16,7,1,1,0,29.961333333333332,64.796,1013.1980000000001,132196.36666666667,,0,0,0,0,0
2025-09-16 07:51:36,P1,29.98,64.59,1013.21,132726,,19.55,2025-09-16,7,1,1,0,29.96333333333333,64.78666666666666,1013.2003333333333,132203.36666666667,,0,0,0,0,0
2025-09-16 07:52:06,P1,29.99,64.7,1013.21,132202,,19.59,2025-09-16,7,1,1,0,29.965333333333334,64.78333333333333,1013.2023333333333,132189.4,,0,0,0,0,0
2025-09-16 07:52:37,P1,29.99,64.57,1013.22,132306,,19.55,2025-09-16,7,1,1,0,29.967333333333332,64.77366666666667,1013.2043333333334,132192.86666666667,,0,0,0,0,0
2025-09-16 07:53:07,P1,29.99,64.6,1013.22,132202,,19.56,2025-09-16,7,1,1,0,29.969,64.76733333333333,1013.2063333333334,132192.86666666667,,0,0,0,0,0
2025-09-16 07:53:37,P1,29.99,64.7,1013.23,131994,,19.6,2025-09-16,7,1,1,0,29.970333333333333,64.764,1013.2083333333334,132171.96666666667,,0,0,0,0,0
2025-09-16 07:54:07,P1,29.99,64.71,1013.23,132202,,19.6,2025-09-16,7,1,1,0,29.971333333333334,64.758,1013.2103333333333,132171.96666666667,,0,0,0,0,0
2025-09-16 07:54:37,P1,30.0,64.91,1013.24,132621,,19.67,2025-09-16,7,1,1,0,29.972333333333335,64.758,1013.212,132203.26666666666,,0,0,0,0,0
2025-09-16 07:55:08,P1,30.0,64.63,1013.26,131682,,19.59,2025-09-16,7,1,1,0,29.973333333333336,64.761,1013.2143333333333,132182.46666666667,,0,0,0,0,0
2025-09-16 07:55:38,P1,30.0,64.72,1013.27,131579,,19.62,2025-09-16,7,1,1,0,29.974333333333334,64.76066666666667,1013.2170000000001,132168.63333333333,,0,0,0,0,0
2025-09-16 07:56:08,P1,30.01,64.88,1013.28,131167,,19.67,2025-09-16,7,1,1,0,29.975666666666665,64.767,1013.2199999999999,132123.66666666666,,0,0,0,0,0
2025-09-16 07:56:38,P1,30.01,64.76,1013.29,131994,,19.63,2025-09-16,7,1,1,0,29.977333333333334,64.765,1013.2233333333334,132109.76666666666,,0,0,0,0,0
2025-09-16 07:57:08,P1,30.01,64.7,1013.3,131994,,19.61,2025-09-16,7,1,1,0,29.979,64.76333333333334,1013.2266666666667,132102.83333333334,,0,0,0,0,0
2025-09-16 07:57:38,P1,30.01,64.59,1013.31,131994,,19.58,2025-09-16,7,1,1,0,29.980999999999998,64.76,1013.2303333333333,132074.93333333332,,0,0,0,0,0
2025-09-16 07:58:09,P1,30.01,64.56,1013.32,131373,,19.57,2025-09-16,7,1,1,0,29.983,64.75500000000001,1013.234,132047.3,,0,0,0,0,0
2025-09-16 07:58:39,P1,30.0,64.48,1013.33,131786,,19.54,2025-09-16,7,1,1,0,29.984666666666666,64.74600000000001,1013.2379999999999,132036.9,,0,0,0,0,0
2025-09-16 07:59:09,P1,30.0,64.58,1013.34,131994,,19.57,2025-09-16,7,1,1,0,29.986,64.743,1013.2423333333334,132057.6,,0,0,0,0,0
2025-09-16 07:59:39,P1,30.0,64.57,1013.36,132098,,19.56,2025-09-16,7,1,1,0,29.987333333333332,64.74133333333333,1013.247,132033.16666666666,,0,0,0,0,0
2025-09-16 08:00:09,P1,29.99,64.64,1013.37,131270,,19.58,2025-09-16,8,1,1,0,29.988333333333333,64.742,1013.2520000000001,131984.63333333333,,0,0,0,0,0
2025-09-16 08:00:40,P1,29.99,64.59,1013.39,132202,,19.57,2025-09-16,8,1,1,0,29.988999999999997,64.72933333333334,1013.2576666666668,131963.66666666666,,0,0,0,0,0
2025-09-16 08:01:10,P1,30.0,64.76,1013.4,131786,,19.62,2025-09-16,8,1,1,0,29.990000000000002,64.72433333333333,1013.2636666666666,131970.56666666668,,0,0,0,0,0
2025-09-16 08:01:40,P1,30.0,64.63,1013.41,132411,,19.58,2025-09-16,8,1,1,0,29.990666666666666,64.71166666666666,1013.27,131984.46666666667,,0,0,0,0,0
2025-09-16 08:02:10,P1,30.0,64.6,1013.42,131373,,19.57,2025-09-16,8,1,1,0,29.991333333333333,64.69699999999999,1013.2766666666666,131949.86666666667,,0,0,0,0,0
2025-09-16 08:02:40,P1,30.0,64.58,1013.43,130962,,19.57,2025-09-16,8,1,1,0,29.991666666666667,64.678,1013.284,131908.53333333333,,0,0,0,0,0
2025-09-16 08:03:11,P1,30.0,64.58,1013.44,131786,,19.57,2025-09-16,8,1,1,0,29.99233333333333,64.67066666666666,1013.2916666666666,131894.66666666666,,0,0,0,0,0
2025-09-16 08:03:41,P1,30.0,64.56,1013.44,131167,,19.57,2025-09-16,8,1,1,0,29.993333333333332,64.66333333333333,1013.2993333333335,131880.93333333332,,0,0,0,0,0
2025-09-16 08:04:11,P1,30.0,64.55,1013.44,131579,,19.56,2025-09-16,8,1,1,0,29.994333333333334,64.65,1013.307,131856.7,,0,0,0,0,0
2025-09-16 08:04:41,P1,30.0,64.54,1013.45,131476,,19.56,2025-09-16,8,1,1,0,29.995333333333335,64.64366666666666,1013.315,131856.7,,0,0,0,0,0
2025-09-16 08:05:11,P1,30.01,64.62,1013.46,131167,,19.59,2025-09-16,8,1,1,0,29.997,64.64033333333333,1013.3233333333334,131842.96666666667,,0,0,0,0,0
2025-09-16 08:05:42,P1,30.01,64.64,1013.46,131682,,19.6,2025-09-16,8,1,1,0,29.998333333333335,64.637,1013.3313333333333,131825.63333333333,,0,0,0,0,0
2025-09-16 08:06:12,P1,30.01,64.55,1013.47,131476,,19.58,2025-09-16,8,1,1,0,29.999666666666666,64.63633333333333,1013.34,131808.36666666667,,0,0,0,0,0
2025-09-16 08:06:42,P1,30.01,64.55,1013.49,130047,,19.57,2025-09-16,8,1,1,0,30.000666666666667,64.635,1013.3493333333333,131719.06666666668,,0,0,0,0,0
2025-09-16 08:07:12,P1,30.01,64.57,1013.49,130757,,19.57,2025-09-16,8,1,1,0,30.00133333333333,64.63066666666666,1013.3586666666666,131670.9,,0,0,0,0,0
2025-09-16 08:07:42,P1,30.01,64.49,1013.5,131167,,19.55,2025-09-16,8,1,1,0,30.002,64.628,1013.368,131632.93333333332,,0,0,0,0,0
2025-09-16 08:08:12,P1,30.0,64.61,1013.5,131167,,19.58,2025-09-16,8,1,1,0,30.002333333333333,64.62833333333333,1013.3773333333334,131598.43333333332,,0,0,0,0,0
2025-09-16 08:08:43,P1,30.0,64.54,1013.51,130757,,19.56,2025-09-16,8,1,1,0,30.002666666666663,64.623,1013.3866666666667,131557.2,,0,0,0,0,0
2025-09-16 08:09:13,P1,30.0,64.52,1013.51,131064,,19.55,2025-09-16,8,1,1,0,30.002999999999997,64.61666666666666,1013.3960000000001,131519.26666666666,,0,0,0,0,0
2025-09-16 08:09:43,P1,30.0,64.48,1013.52,130859,,19.54,2025-09-16,8,1,1,0,30.002999999999997,64.60233333333333,1013.4053333333334,131460.53333333333,,0,0,0,0,0
2025-09-16 08:10:13,P1,30.01,64.42,1013.53,130553,,19.53,2025-09-16,8,1,1,0,30.003333333333334,64.59533333333334,1013.4143333333334,131422.9,,0,0,0,0,0
2025-09-16 08:10:43,P1,30.01,64.42,1013.55,130350,,19.53,2025-09-16,8,1,1,0,30.003666666666668,64.58533333333334,1013.4236666666667,131381.93333333332,,0,0,0,0,0
2025-09-16 08:11:14,P1,30.01,64.5,1013.56,130757,,19.56,2025-09-16,8,1,1,0,30.003666666666668,64.57266666666666,1013.4330000000001,131368.26666666666,,0,0,0,0,0
2025-09-16 08:11:44,P1,30.02,64.35,1013.55,131373,,19.52,2025-09-16,8,1,1,0,30.004,64.559,1013.4416666666667,131347.56666666668,,0,0,0,0,0
2025-09-16 08:12:14,P1,30.02,64.36,1013.56,131373,,19.52,2025-09-16,8,1,1,0,30.00433333333333,64.54766666666667,1013.4503333333334,131326.86666666667,,0,0,0,0,0
2025-09-16 08:12:44,P1,30.02,64.37,1013.57,130452,,19.53,2025-09-16,8,1,1,0,30.004666666666665,64.54033333333334,1013.4590000000001,131275.46666666667,,0,0,0,0,0
2025-09-16 08:13:14,P1,30.02,64.32,1013.57,131167,,19.51,2025-09-16,8,1,1,0,30.005,64.53233333333334,1013.4673333333334,131268.6,,0,0,0,0,0
2025-09-16 08:13:45,P1,30.02,64.29,1013.58,130962,,19.5,2025-09-16,8,1,1,0,30.00566666666667,64.526,1013.4756666666667,131241.13333333333,,0,0,0,0,0
2025-09-16 08:14:15,P1,30.02,64.4,1013.59,130350,,19.54,2025-09-16,8,1,1,0,30.006333333333334,64.52000000000001,1013.484,131186.33333333334,,0,0,0,0,0
2025-09-16 08:14:45,P1,30.03,65.64,1013.59,130452,,19.93,2025-09-16,8,1,1,0,30.007333333333335,64.55566666666667,1013.4916666666667,131131.46666666667,,0,0,0,0,0
2025-09-16 08:15:15,P1,30.05,66.09,1013.61,129946,,20.09,2025-09-16,8,1,1,0,30.009333333333334,64.604,1013.4996666666666,131087.33333333334,,0,0,0,0,0
2025-09-16 08:15:45,P1,30.08,66.51,1013.62,128945,,20.24,2025-09-16,8,1,1,0,30.012333333333334,64.66799999999999,1013.5073333333332,130978.76666666666,,0,0,0,0,0
2025-09-16 08:16:16,P1,30.11,66.55,1013.64,128747,,20.28,2025-09-16,8,1,1,0,30.016000000000002,64.72766666666666,1013.5153333333334,130877.46666666666,,0,0,0,0,0
2025-09-16 08:16:46,P1,30.13,66.56,1013.64,128156,,20.31,2025-09-16,8,1,1,0,30.020333333333333,64.792,1013.523,130735.63333333333,,0,0,0,0,0
2025-09-16 08:17:16,P1,30.14,66.69,1013.65,127280,,20.37,2025-09-16,8,1,1,0,30.025,64.86166666666666,1013.5306666666667,130599.2,,0,0,0,0,0
2025-09-16 08:17:46,P1,30.15,66.57,1013.66,127086,,20.34,2025-09-16,8,1,1,0,30.029999999999998,64.928,1013.5383333333333,130470.0,,0,0,0,0,0
2025-09-16 08:18:16,P1,30.15,66.46,1013.65,126511,,20.31,2025-09-16,8,1,1,0,30.035,64.99066666666667,1013.5453333333334,130294.16666666667,,0,0,0,0,0
2025-09-16 08:18:47,P1,30.15,66.31,1013.65,127280,,20.25,2025-09-16,8,1,1,0,30.040000000000003,65.049,1013.5523333333333,130164.6,,0,0,0,0,0
2025-09-16 08:19:17,P1,30.13,65.6,1013.67,127280,,20.02,2025-09-16,8,1,1,0,30.044333333333334,65.084,1013.56,130021.3,,0,0,0,0,0
2025-09-16 08:19:47,P1,30.1,65.59,1013.67,128058,,19.99,2025-09-16,8,1,1,0,30.047666666666665,65.119,1013.5673333333333,129907.36666666667,,0,0,0,0,0
2025-09-16 08:20:17,P1,30.09,66.35,1013.67,128058,,20.21,2025-09-16,8,1,1,0,30.050333333333334,65.17666666666666,1013.5743333333334,129803.73333333334,,0,0,0,0,0
2025-09-16 08:20:47,P1,30.09,66.63,1013.67,126798,,20.29,2025-09-16,8,1,1,0,30.053,65.243,1013.5813333333333,129640.93333333333,,0,0,0,0,0
2025-09-16 08:21:17,P1,30.09,65.65,1013.68,127765,,19.99,2025-09-16,8,1,1,0,30.05566666666667,65.27966666666666,1013.5883333333333,129517.23333333334,,0,0,0,0,0
2025-09-16 08:21:48,P1,30.1,65.64,1013.69,127960,,20.0,2025-09-16,8,1,1,0,30.058666666666667,65.316,1013.595,129447.66666666667,,0,0,0,0,0
2025-09-16 08:22:18,P1,30.09,66.08,1013.69,128352,,20.12,2025-09-16,8,1,1,0,30.061333333333334,65.36633333333333,1013.6016666666667,129367.5,,0,0,0,0,0
2025-09-16 08:22:48,P1,30.07,65.9,1013.68,128846,,20.04,2025-09-16,8,1,1,0,30.063333333333336,65.41333333333334,1013.6076666666667,129290.13333333333,,0,0,0,0,0
2025-09-16 08:23:18,P1,30.03,65.0,1013.68,128352,,19.73,2025-09-16,8,1,1,0,30.064333333333334,65.42633333333333,1013.6136666666666,129196.3,,0,0,0,0,0
2025-09-16 08:23:48,P1,29.98,64.37,1013.69,129144,,19.48,2025-09-16,8,1,1,0,30.06366666666667,65.42066666666666,1013.6196666666667,129142.53333333334,,0,0,0,0,0
2025-09-16 08:24:19,P1,29.92,63.82,1013.68,131064,,19.25,2025-09-16,8,1,1,0,30.061,65.39733333333334,1013.6253333333333,129142.53333333334,,0,0,0,0,0
2025-09-16 08:24:49,P1,29.86,63.67,1013.67,131167,,19.14,2025-09-16,8,1,1,0,30.056333333333335,65.37033333333333,1013.6303333333333,129152.8,,0,0,0,0,0
2025-09-16 08:25:19,P1,29.8,63.18,1013.68,132937,,18.94,2025-09-16,8,1,1,0,30.04933333333333,65.329,1013.6353333333334,129232.26666666666,,0,0,0,0,0
2025-09-16 08:25:49,P1,29.74,63.39,1013.68,133893,,18.94,2025-09-16,8,1,1,0,30.04033333333333,65.29466666666667,1013.6396666666667,129350.36666666667,,0,0,0,0,0
2025-09-16 08:26:19,P1,29.67,63.07,1013.68,134972,,18.78,2025-09-16,8,1,1,0,30.029,65.247,1013.6436666666666,129490.86666666667,,0,0,0,0,0
2025-09-16 08:26:50,P1,29.6,62.68,1013.68,135958,,18.59,2025-09-16,8,1,1,0,30.014999999999997,65.19133333333333,1013.6479999999999,129643.7,,0,0,0,0,0
2025-09-16 08:27:20,P1,29.54,62.73,1013.69,136401,,18.53,2025-09-16,8,1,1,0,29.999000000000002,65.137,1013.6523333333333,129811.3,,0,0,0,0,0
2025-09-16 08:27:50,P1,29.47,62.02,1013.7,137634,,18.26,2025-09-16,8,1,1,0,29.980666666666668,65.05866666666667,1013.6566666666665,130050.7,,0,0,0,0,0
2025-09-16 08:28:20,P1,29.43,62.18,1013.7,138889,,18.27,2025-09-16,8,1,1,0,29.961000000000002,64.98733333333332,1013.661,130308.1,,0,0,0,0,0
2025-09-16 08:28:50,P1,29.38,61.71,1013.69,139467,,18.08,2025-09-16,8,1,1,0,29.939666666666664,64.90133333333333,1013.6646666666668,130591.6,,0,0,0,0,0
2025-09-16 08:29:21,P1,29.32,61.07,1013.69,140638,,17.84,2025-09-16,8,1,1,0,29.916333333333334,64.79033333333334,1013.668,130934.53333333334,,0,0,0,0,0
2025-09-16 08:29:51,P1,29.28,61.14,1013.69,142070,,17.82,2025-09-16,8,1,1,0,29.891333333333332,64.64033333333333,1013.6713333333333,131321.8,,0,0,0,0,0
2025-09-16 08:30:21,P1,29.23,60.49,1013.7,142553,,17.58,2025-09-16,8,1,1,0,29.864,64.45366666666666,1013.6743333333333,131742.03333333333,,0,0,0,0,0
2025-09-16 08:30:51,P1,29.19,60.55,1013.69,143900,,17.56,2025-09-16,8,1,1,0,29.834333333333333,64.255,1013.6766666666667,132240.53333333333,,0,0,0,0,0
2025-09-16 08:31:21,P1,29.16,59.88,1013.69,145526,,17.34,2025-09-16,8,1,1,0,29.802666666666664,64.03266666666667,1013.6783333333333,132799.83333333334,,0,0,0,0,0
2025-09-16 08:31:52,P1,29.13,59.53,1013.69,146930,,17.2,2025-09-16,8,1,1,0,29.769333333333332,63.79833333333333,1013.68,133425.63333333333,,0,0,0,0,0
2025-09-16 08:32:22,P1,29.09,58.95,1013.69,147318,,17.0,2025-09-16,8,1,1,0,29.734333333333332,63.540333333333336,1013.6813333333334,134093.56666666668,,0,0,0,0,0
2025-09-16 08:32:52,P1,29.05,58.48,1013.69,149154,,16.83,2025-09-16,8,1,1,0,29.69766666666667,63.27066666666667,1013.6823333333334,134829.16666666666,,0,0,0,0,0
2025-09-16 08:33:22,P1,29.01,58.47,1013.68,151173,,16.79,2025-09-16,8,1,1,0,29.65966666666667,63.004333333333335,1013.6833333333333,135651.23333333334,,0,0,0,0,0
2025-09-16 08:33:52,P1,28.98,58.17,1013.69,151037,,16.68,2025-09-16,8,1,1,0,29.62066666666667,62.733,1013.6846666666665,136443.13333333333,,0,0,0,0,0
2025-09-16 08:34:22,P1,28.95,57.88,1013.7,152550,,16.57,2025-09-16,8,1,1,0,29.58133333333333,62.47566666666667,1013.6856666666666,137285.46666666667,,0,0,0,0,0
2025-09-16 08:34:53,P1,28.92,57.57,1013.71,153811,,16.45,2025-09-16,8,1,1,0,29.542000000000005,62.208333333333336,1013.6869999999999,138143.9,,0,0,0,0,0
2025-09-16 08:35:23,P1,28.89,57.27,1013.72,154378,,16.34,2025-09-16,8,1,1,0,29.502000000000002,61.90566666666667,1013.6886666666667,139021.23333333334,,0,0,0,0,0
2025-09-16 08:35:53,P1,28.85,57.25,1013.71,156250,,16.3,2025-09-16,8,1,1,0,29.460666666666665,61.592999999999996,1013.69,140002.96666666667,,0,0,0,0,0
2025-09-16 08:36:23,P1,28.82,57.01,1013.71,156982,,16.2,2025-09-16,8,1,1,0,29.418333333333333,61.30499999999999,1013.6910000000001,140976.86666666667,,0,0,0,0,0
2025-09-16 08:36:53,P1,28.79,56.47,1013.7,158467,,16.02,2025-09-16,8,1,1,0,29.374666666666666,60.99933333333333,1013.6913333333333,141993.76666666666,,0,0,0,0,0
2025-09-16 08:37:24,P1,28.76,56.48,1013.7,159372,,16.0,2025-09-16,8,1,1,0,29.330333333333332,60.67933333333334,1013.6916666666667,143027.76666666666,,0,0,0,0,0
2025-09-16 08:37:54,P1,28.74,56.34,1013.7,159981,,15.94,2025-09-16,8,1,1,0,29.285999999999998,60.36066666666667,1013.6923333333333,144065.6,,0,0,0,0,0
2025-09-16 08:38:24,P1,28.72,56.03,1013.71,162306,,15.84,2025-09-16,8,1,1,0,29.24233333333333,60.06166666666666,1013.6933333333333,145197.4,,0,0,0,0,0
2025-09-16 08:38:54,P1,28.69,56.09,1013.71,162464,,15.83,2025-09-16,8,1,1,0,29.199333333333335,59.78566666666667,1013.6940000000001,146308.06666666668,,0,0,0,0,0
2025-09-16 08:39:24,P1,28.65,55.78,1013.71,162779,,15.71,2025-09-16,8,1,1,0,29.157,59.51766666666666,1013.695,147365.23333333334,,0,0,0,0,0
2025-09-16 08:39:55,P1,28.63,55.67,1013.7,164216,,15.65,2025-09-16,8,1,1,0,29.116,59.251000000000005,1013.696,148466.86666666667,,0,0,0,0,0
2025-09-16 08:40:25,P1,28.62,55.42,1013.7,165025,,15.58,2025-09-16,8,1,1,0,29.076666666666668,58.992333333333335,1013.6966666666666,149536.46666666667,,0,0,0,0,0
2025-09-16 08:40:55,P1,28.62,55.21,1013.71,165678,,15.52,2025-09-16,8,1,1,0,29.039333333333335,58.71966666666666,1013.6976666666668,150595.96666666667,,0,0,0,0,0
2025-09-16 08:41:25,P1,28.62,55.18,1013.71,166336,,15.51,2025-09-16,8,1,1,0,29.00433333333333,58.45666666666667,1013.6986666666668,151641.43333333332,,0,0,0,0,0
2025-09-16 08:41:55,P1,28.6,55.06,1013.7,168173,,15.46,2025-09-16,8,1,1,0,28.971000000000004,58.202666666666666,1013.6993333333335,152715.26666666666,,0,0,0,0,0
2025-09-16 08:42:26,P1,28.57,55.16,1013.69,169363,,15.46,2025-09-16,8,1,1,0,28.938666666666666,57.95033333333333,1013.6993333333334,153814.0,,0,0,0,0,0
2025-09-16 08:42:56,P1,28.54,55.24,1013.68,168681,,15.46,2025-09-16,8,1,1,0,28.907666666666664,57.724333333333334,1013.6986666666667,154848.9,,0,0,0,0,0
2025-09-16 08:43:26,P1,28.51,55.25,1013.68,169534,,15.44,2025-09-16,8,1,1,0,28.877000000000002,57.49333333333334,1013.6980000000001,155870.4,,0,0,0,0,0
2025-09-16 08:43:56,P1,28.47,55.4,1013.68,170224,,15.45,2025-09-16,8,1,1,0,28.846666666666668,57.283,1013.6976666666667,156895.63333333333,,0,0,0,0,0
2025-09-16 08:44:26,P1,28.48,55.12,1013.67,170051,,15.37,2025-09-16,8,1,1,0,28.818666666666665,57.084666666666664,1013.697,157876.06666666668,,0,0,0,0,0
2025-09-16 08:44:56,P1,28.47,54.9,1013.67,171795,,15.31,2025-09-16,8,1,1,0,28.791666666666668,56.876666666666665,1013.6963333333334,158866.9,,0,0,0,0,0
2025-09-16 08:45:27,P1,28.49,54.91,1013.66,171795,,15.32,2025-09-16,8,1,1,0,28.767,56.690666666666665,1013.695,159841.63333333333,,0,0,0,0,0
2025-09-16 08:45:57,P1,28.48,54.85,1013.66,171971,,15.3,2025-09-16,8,1,1,0,28.743333333333336,56.50066666666667,1013.694,160777.33333333334,,0,0,0,0,0
2025-09-16 08:46:27,P1,28.47,54.94,1013.66,172680,,15.32,2025-09-16,8,1,1,0,28.720333333333333,56.336,1013.693,161682.46666666667,,0,0,0,0,0
2025-09-16 08:46:57,P1,28.45,54.84,1013.67,172859,,15.28,2025-09-16,8,1,1,0,28.69766666666667,56.17966666666667,1013.6923333333333,162546.76666666666,,0,0,0,0,0
2025-09-16 08:47:27,P1,28.43,54.96,1013.66,173936,,15.29,2025-09-16,8,1,1,0,28.675666666666665,56.04666666666666,1013.6913333333333,163434.03333333333,,0,0,0,0,0
2025-09-16 08:47:58,P1,28.41,54.99,1013.67,172859,,15.28,2025-09-16,8,1,1,0,28.654333333333334,55.93033333333333,1013.6906666666667,164224.2,,0,0,0,0,0
2025-09-16 08:48:28,P1,28.38,54.74,1013.67,173936,,15.19,2025-09-16,8,1,1,0,28.633333333333333,55.806,1013.6903333333333,164982.96666666667,,0,0,0,0,0
2025-09-16 08:48:58,P1,28.36,54.77,1013.67,175393,,15.18,2025-09-16,8,1,1,0,28.612666666666666,55.69266666666667,1013.6896666666668,165794.83333333334,,0,0,0,0,0
2025-09-16 08:49:28,P1,28.36,54.83,1013.68,175945,,15.2,2025-09-16,8,1,1,0,28.593,55.591,1013.6890000000001,166574.66666666666,,0,0,0,0,0
2025-09-16 08:49:58,P1,28.35,54.64,1013.67,175393,,15.14,2025-09-16,8,1,1,0,28.573999999999998,55.49333333333333,1013.6876666666667,167294.06666666668,,0,0,0,0,0
2025-09-16 08:50:29,P1,28.34,54.59,1013.67,176502,,15.11,2025-09-16,8,1,1,0,28.555666666666664,55.404,1013.686,168031.53333333333,,0,0,0,0,0
2025-09-16 08:50:59,P1,28.33,54.65,1013.67,175761,,15.12,2025-09-16,8,1,1,0,28.538333333333338,55.31733333333333,1013.6846666666667,168681.9,,0,0,0,0,0
2025-09-16 08:51:29,P1,28.32,54.42,1013.68,177061,,15.05,2025-09-16,8,1,1,0,28.521666666666665,55.231,1013.6836666666666,169351.2,,0,0,0,0,0
2025-09-16 08:51:59,P1,28.3,54.67,1013.68,176874,,15.11,2025-09-16,8,1,1,0,28.505333333333336,55.17100000000001,1013.6830000000001,169964.76666666666,,0,0,0,0,0
2025-09-16 08:52:29,P1,28.28,54.84,1013.68,176874,,15.13,2025-09-16,8,1,1,0,28.489333333333335,55.11633333333334,1013.6823333333334,170548.16666666666,,0,0,0,0,0
2025-09-16 08:53:00,P1,28.25,54.78,1013.68,177436,,15.09,2025-09-16,8,1,1,0,28.473000000000003,55.06433333333334,1013.6816666666667,171130.0,,0,0,0,0,0
2025-09-16 08:53:30,P1,28.22,55.1,1013.69,177625,,15.15,2025-09-16,8,1,1,0,28.456333333333337,55.03333333333334,1013.681,171640.63333333333,,0,0,0,0,0
2025-09-16 08:54:00,P1,28.2,54.98,1013.69,177813,,15.1,2025-09-16,8,1,1,0,28.439999999999998,54.99633333333333,1013.6803333333332,172152.26666666666,,0,0,0,0,0
2025-09-16 08:54:30,P1,28.18,55.19,1013.7,178002,,15.14,2025-09-16,8,1,1,0,28.424333333333333,54.97666666666667,1013.68,172659.7,,0,0,0,0,0
2025-09-16 08:55:00,P1,28.17,55.08,1013.7,177625,,15.11,2025-09-16,8,1,1,0,28.409,54.957,1013.68,173106.66666666666,,0,0,0,0,0
2025-09-16 08:55:31,P1,28.16,55.28,1013.7,177436,,15.15,2025-09-16,8,1,1,0,28.393666666666665,54.952333333333335,1013.6800000000001,173520.36666666667,,0,0,0,0,0
2025-09-16 08:56:01,P1,28.17,55.2,1013.69,177625,,15.14,2025-09-16,8,1,1,0,28.378666666666668,54.952,1013.6793333333333,173918.6,,0,0,0,0,0
2025-09-16 08:56:31,P1,28.18,55.18,1013.71,178953,,15.14,2025-09-16,8,1,1,0,28.363999999999997,54.952,1013.6793333333334,174339.16666666666,,0,0,0,0,0
2025-09-16 08:57:01,P1,28.18,55.01,1013.71,178381,,15.09,2025-09-16,8,1,1,0,28.35,54.95033333333333,1013.6796666666667,174679.43333333332,,0,0,0,0,0
2025-09-16 08:57:31,P1,28.17,55.39,1013.71,178953,,15.2,2025-09-16,8,1,1,0,28.336666666666666,54.958,1013.6803333333334,174999.1,,0,0,0,0,0
2025-09-16 08:58:01,P1,28.17,55.32,1013.71,178381,,15.17,2025-09-16,8,1,1,0,28.324333333333335,54.96066666666666,1013.6813333333333,175322.43333333332,,0,0,0,0,0
2025-09-16 08:58:32,P1,28.16,55.31,1013.72,179336,,15.17,2025-09-16,8,1,1,0,28.312666666666665,54.962666666666664,1013.6826666666667,175649.16666666666,,0,0,0,0,0
2025-09-16 08:59:02,P1,28.16,55.39,1013.73,178381,,15.18,2025-09-16,8,1,1,0,28.302333333333333,54.96233333333334,1013.6843333333333,175921.06666666668,,0,0,0,0,0
2025-09-16 08:59:32,P1,28.17,55.21,1013.72,179528,,15.14,2025-09-16,8,1,1,0,28.291999999999998,54.965333333333334,1013.686,176236.96666666667,,0,0,0,0,0
2025-09-16 09:00:02,P1,28.17,55.3,1013.73,178953,,15.17,2025-09-16,9,1,1,0,28.282,54.97866666666667,1013.688,176475.56666666668,,0,0,0,0,0
2025-09-16 09:00:32,P1,28.17,55.44,1013.73,178381,,15.2,2025-09-16,9,1,1,0,28.271333333333335,54.99633333333334,1013.6903333333333,176695.1,,0,0,0,0,0
2025-09-16 09:01:03,P1,28.15,55.18,1013.73,179914,,15.12,2025-09-16,9,1,1,0,28.26033333333333,55.007333333333335,1013.6926666666666,176959.86666666667,,0,0,0,0,0
2025-09-16 09:01:33,P1,28.13,55.08,1013.74,180108,,15.07,2025-09-16,9,1,1,0,28.249000000000002,55.01200000000001,1013.6953333333333,177207.46666666667,,0,0,0,0,0
2025-09-16 09:02:03,P1,28.09,55.19,1013.72,180496,,15.07,2025-09-16,9,1,1,0,28.237000000000002,55.023666666666664,1013.697,177462.03333333333,,0,0,0,0,0
2025-09-16 09:02:33,P1,28.06,55.34,1013.72,180108,,15.09,2025-09-16,9,1,1,0,28.224666666666668,55.03633333333334,1013.6990000000001,177667.76666666666,,0,0,0,0,0
2025-09-16 09:03:03,P1,28.04,55.16,1013.72,180108,,15.02,2025-09-16,9,1,1,0,28.212333333333333,55.042,1013.7006666666667,177909.4,,0,0,0,0,0
2025-09-16 09:03:34,P1,28.03,55.06,1013.72,180886,,14.98,2025-09-16,9,1,1,0,28.200666666666667,55.052666666666674,1013.7023333333333,178141.06666666668,,0,0,0,0,0
2025-09-16 09:04:04,P1,28.01,54.88,1013.71,179336,,14.92,2025-09-16,9,1,1,0,28.189,55.056333333333335,1013.7036666666667,178272.5,,0,0,0,0,0
2025-09-16 09:04:34,P1,28.0,55.05,1013.71,181081,,14.96,2025-09-16,9,1,1,0,28.177000000000003,55.06366666666666,1013.7046666666666,178443.7,,0,0,0,0,0
2025-09-16 09:05:04,P1,27.98,55.02,1013.71,180108,,14.94,2025-09-16,9,1,1,0,28.16466666666667,55.07633333333333,1013.706,178600.86666666667,,0,0,0,0,0
2025-09-16 09:05:34,P1,27.97,55.1,1013.7,179914,,14.95,2025-09-16,9,1,1,0,28.152333333333335,55.093333333333334,1013.707,178714.6,,0,0,0,0,0
2025-09-16 09:06:05,P1,27.95,54.69,1013.7,181277,,14.82,2025-09-16,9,1,1,0,28.139666666666663,55.09466666666667,1013.7080000000001,178898.46666666667,,0,0,0,0,0
2025-09-16 09:06:35,P1,27.93,54.53,1013.7,180301,,14.76,2025-09-16,9,1,1,0,28.12666666666667,55.098333333333336,1013.7086666666668,179006.46666666667,,0,0,0,0,0
2025-09-16 09:07:05,P1,27.91,54.38,1013.69,181868,,14.7,2025-09-16,9,1,1,0,28.113666666666667,55.08866666666666,1013.7090000000001,179172.93333333332,,0,0,0,0,0
2025-09-16 09:07:35,P1,27.89,54.54,1013.68,181670,,14.73,2025-09-16,9,1,1,0,28.100666666666665,55.07866666666666,1013.7090000000001,179332.8,,0,0,0,0,0
2025-09-16 09:08:05,P1,27.87,54.27,1013.68,183060,,14.64,2025-09-16,9,1,1,0,28.088,55.061666666666675,1013.7090000000001,179520.26666666666,,0,0,0,0,0
2025-09-16 09:08:36,P1,27.87,54.32,1013.68,183260,,14.65,2025-09-16,9,1,1,0,28.07633333333333,55.035666666666664,1013.7086666666668,179708.1,,0,0,0,0,0
2025-09-16 09:09:06,P1,27.86,54.39,1013.67,183060,,14.67,2025-09-16,9,1,1,0,28.065,55.016,1013.708,179883.0,,0,0,0,0,0
2025-09-16 09:09:36,P1,27.86,54.14,1013.66,184268,,14.59,2025-09-16,9,1,1,0,28.054333333333332,54.981,1013.7066666666667,180091.86666666667,,0,0,0,0,0
2025-09-16 09:10:06,P1,27.85,54.31,1013.66,183461,,14.64,2025-09-16,9,1,1,0,28.04366666666667,54.95533333333333,1013.7053333333333,180286.4,,0,0,0,0,0
2025-09-16 09:10:36,P1,27.85,54.11,1013.66,183461,,14.58,2025-09-16,9,1,1,0,28.033333333333335,54.916333333333334,1013.704,180487.23333333334,,0,0,0,0,0
2025-09-16 09:11:07,P1,27.85,53.88,1013.66,184268,,14.52,2025-09-16,9,1,1,0,28.022666666666666,54.87233333333334,1013.703,180708.66666666666,,0,0,0,0,0
2025-09-16 09:11:37,P1,27.84,53.77,1013.65,182860,,14.48,2025-09-16,9,1,1,0,28.011333333333333,54.82533333333333,1013.7009999999999,180838.9,,0,0,0,0,0
2025-09-16 09:12:07,P1,27.85,53.82,1013.69,184268,,14.5,2025-09-16,9,1,1,0,28.000333333333334,54.78566666666667,1013.7003333333333,181035.13333333333,,0,0,0,0,0
2025-09-16 09:12:37,P1,27.85,53.57,1013.67,184675,,14.44,2025-09-16,9,1,1,0,27.98966666666667,54.725,1013.6990000000001,181225.86666666667,,0,0,0,0,0
2025-09-16 09:13:07,P1,27.86,53.87,1013.66,183461,,14.52,2025-09-16,9,1,1,0,27.979333333333333,54.67666666666666,1013.6973333333334,181395.2,,0,0,0,0,0
2025-09-16 09:13:38,P1,27.86,53.7,1013.65,184879,,14.48,2025-09-16,9,1,1,0,27.96933333333333,54.623000000000005,1013.6949999999999,181579.96666666667,,0,0,0,0,0
2025-09-16 09:14:08,P1,27.87,53.61,1013.65,184268,,14.46,2025-09-16,9,1,1,0,27.959666666666667,54.56366666666667,1013.6923333333333,181776.2,,0,0,0,0,0
2025-09-16 09:14:38,P1,27.87,53.53,1013.64,185493,,14.45,2025-09-16,9,1,1,0,27.949666666666666,54.507666666666665,1013.6896666666667,181975.03333333333,,0,0,0,0,0
2025-09-16 09:15:08,P1,27.87,53.53,1013.63,183260,,14.44,2025-09-16,9,1,1,0,27.939666666666664,54.44866666666667,1013.6863333333333,182118.6,,0,0,0,0,0
2025-09-16 09:15:38,P1,27.87,53.71,1013.63,184879,,14.49,2025-09-16,9,1,1,0,27.929666666666666,54.391,1013.6830000000001,182335.2,,0,0,0,0,0
2025-09-16 09:16:09,P1,27.87,53.69,1013.63,184268,,14.48,2025-09-16,9,1,1,0,27.920333333333335,54.34133333333333,1013.6796666666667,182480.33333333334,,0,0,0,0,0
2025-09-16 09:16:39,P1,27.86,54.06,1013.63,183060,,14.58,2025-09-16,9,1,1,0,27.911333333333335,54.30733333333333,1013.6759999999999,182578.73333333334,,0,0,0,0,0
2025-09-16 09:17:09,P1,27.86,54.03,1013.62,183662,,14.56,2025-09-16,9,1,1,0,27.903666666666666,54.268666666666675,1013.6726666666667,182684.26666666666,,0,0,0,0,0
2025-09-16 09:17:39,P1,27.85,53.99,1013.62,184268,,14.55,2025-09-16,9,1,1,0,27.89666666666667,54.22366666666667,1013.6693333333334,182822.93333333332,,0,0,0,0,0
2025-09-16 09:18:09,P1,27.84,53.97,1013.62,183864,,14.53,2025-09-16,9,1,1,0,27.889999999999997,54.184000000000005,1013.6659999999999,182948.13333333333,,0,0,0,0,0
2025-09-16 09:18:39,P1,27.83,53.82,1013.62,183060,,14.49,2025-09-16,9,1,1,0,27.883333333333333,54.14266666666666,1013.6626666666667,183020.6,,0,0,0,0,0
2025-09-16 09:19:10,P1,27.83,53.85,1013.61,184268,,14.49,2025-09-16,9,1,1,0,27.877333333333336,54.108333333333334,1013.6593333333333,183185.0,,0,0,0,0,0
2025-09-16 09:19:40,P1,27.83,53.85,1013.6,184268,,14.5,2025-09-16,9,1,1,0,27.871666666666666,54.06833333333334,1013.6556666666667,183291.23333333334,,0,0,0,0,0
2025-09-16 09:20:10,P1,27.84,54.25,1013.6,183461,,14.61,2025-09-16,9,1,1,0,27.867,54.042666666666676,1013.652,183403.0,,0,0,0,0,0
2025-09-16 09:20:40,P1,27.85,53.99,1013.6,183461,,14.55,2025-09-16,9,1,1,0,27.863,54.00566666666667,1013.6486666666666,183521.23333333334,,0,0,0,0,0
2025-09-16 09:21:10,P1,27.87,53.91,1013.59,182462,,14.55,2025-09-16,9,1,1,0,27.860333333333337,53.97966666666666,1013.645,183560.73333333334,,0,0,0,0,0
2025-09-16 09:21:41,P1,27.87,53.84,1013.58,183461,,14.53,2025-09-16,9,1,1,0,27.858333333333334,53.95666666666667,1013.641,183666.06666666668,,0,0,0,0,0
2025-09-16 09:22:11,P1,27.85,53.88,1013.57,183864,,14.52,2025-09-16,9,1,1,0,27.856333333333335,53.940000000000005,1013.6370000000001,183732.6,,0,0,0,0,0
2025-09-16 09:22:41,P1,27.82,53.92,1013.56,182860,,14.51,2025-09-16,9,1,1,0,27.854,53.91933333333334,1013.6329999999999,183772.26666666666,,0,0,0,0,0
2025-09-16 09:23:11,P1,27.79,54.11,1013.55,183864,,14.53,2025-09-16,9,1,1,0,27.851333333333333,53.913999999999994,1013.6286666666667,183799.06666666668,,0,0,0,0,0
2025-09-16 09:23:41,P1,27.77,53.92,1013.54,183864,,14.47,2025-09-16,9,1,1,0,27.848000000000003,53.900666666666666,1013.6239999999999,183819.2,,0,0,0,0,0
2025-09-16 09:24:12,P1,27.76,54.26,1013.53,181868,,14.55,2025-09-16,9,1,1,0,27.84466666666667,53.89633333333334,1013.6193333333334,183779.46666666667,,0,0,0,0,0
2025-09-16 09:24:42,P1,27.74,54.14,1013.52,182462,,14.5,2025-09-16,9,1,1,0,27.840666666666667,53.89633333333334,1013.6146666666667,183719.26666666666,,0,0,0,0,0
2025-09-16 09:25:12,P1,27.73,54.39,1013.52,183662,,14.56,2025-09-16,9,1,1,0,27.836666666666662,53.899,1013.61,183725.96666666667,,0,0,0,0,0
2025-09-16 09:25:42,P1,27.73,54.32,1013.51,183864,,14.54,2025-09-16,9,1,1,0,27.832666666666668,53.90599999999999,1013.605,183739.4,,0,0,0,0,0
2025-09-16 09:26:12,P1,27.73,53.94,1013.5,182661,,14.44,2025-09-16,9,1,1,0,27.828666666666667,53.908,1013.5996666666667,183685.83333333334,,0,0,0,0,0
2025-09-16 09:26:43,P1,27.73,54.32,1013.49,183260,,14.54,2025-09-16,9,1,1,0,27.825,53.92633333333333,1013.5943333333332,183699.16666666666,,0,0,0,0,0
2025-09-16 09:27:13,P1,27.74,54.25,1013.54,183060,,14.53,2025-09-16,9,1,1,0,27.82133333333333,53.94066666666666,1013.5893333333333,183658.9,,0,0,0,0,0
2025-09-16 09:27:43,P1,27.73,54.31,1013.53,183260,,14.54,2025-09-16,9,1,1,0,27.817333333333334,53.965333333333334,1013.5846666666667,183611.73333333334,,0,0,0,0,0
2025-09-16 09:28:13,P1,27.7,54.11,1013.52,183461,,14.46,2025-09-16,9,1,1,0,27.812,53.973333333333336,1013.5799999999999,183611.73333333334,,0,0,0,0,0
2025-09-16 09:28:43,P1,27.68,54.23,1013.51,183864,,14.48,2025-09-16,9,1,1,0,27.806,53.991,1013.5753333333334,183577.9,,0,0,0,0,0
2025-09-16 09:29:13,P1,27.66,54.15,1013.51,184066,,14.44,2025-09-16,9,1,1,0,27.799,54.009,1013.5706666666666,183571.16666666666,,0,0,0,0,0
2025-09-16 09:29:44,P1,27.64,54.41,1013.51,183060,,14.5,2025-09-16,9,1,1,0,27.791333333333334,54.03833333333333,1013.5663333333334,183490.06666666668,,0,0,0,0,0
2025-09-16 09:30:14,P1,27.63,54.44,1013.51,184066,,14.49,2025-09-16,9,1,1,0,27.783333333333335,54.068666666666665,1013.5623333333333,183516.93333333332,,0,0,0,0,0
2025-09-16 09:30:44,P1,27.61,55.89,1013.51,182263,,14.86,2025-09-16,9,1,1,0,27.77466666666667,54.141333333333336,1013.5583333333333,183429.73333333334,,0,0,0,0,0
2025-09-16 09:31:14,P1,27.52,56.99,1013.55,181473,,15.08,2025-09-16,9,1,1,0,27.762999999999998,54.25133333333334,1013.5556666666668,183336.56666666668,,0,0,0,0,0
2025-09-16 09:31:44,P1,27.39,57.26,1013.53,180301,,15.04,2025-09-16,9,1,1,0,27.747333333333334,54.358,1013.5523333333333,183244.6,,0,0,0,0,0
2025-09-16 09:32:15,P1,27.19,57.8,1013.53,180496,,15.02,2025-09-16,9,1,1,0,27.725,54.483666666666664,1013.5493333333333,183139.06666666668,,0,0,0,0,0
2025-09-16 09:32:45,P1,26.97,58.29,1013.52,179914,,14.96,2025-09-16,9,1,1,0,27.695666666666668,54.626999999999995,1013.5459999999999,182993.93333333332,,0,0,0,0,0
2025-09-16 09:33:15,P1,26.72,58.14,1013.51,181081,,14.72,2025-09-16,9,1,1,0,27.658333333333335,54.766,1013.5423333333333,182901.16666666666,,0,0,0,0,0
2025-09-16 09:33:45,P1,26.48,58.55,1013.5,181277,,14.63,2025-09-16,9,1,1,0,27.613333333333333,54.92366666666667,1013.5383333333334,182841.73333333334,,0,0,0,0,0
2025-09-16 09:34:15,P1,26.24,58.79,1013.48,183864,,14.49,2025-09-16,9,1,1,0,27.560333333333332,55.08833333333334,1013.534,182828.26666666666,,0,0,0,0,0
2025-09-16 09:34:46,P1,26.03,59.08,1013.47,184675,,14.39,2025-09-16,9,1,1,0,27.500333333333334,55.26266666666666,1013.5296666666668,182841.83333333334,,0,0,0,0,0
2025-09-16 09:35:16,P1,25.82,59.27,1013.47,184675,,14.27,2025-09-16,9,1,1,0,27.433,55.42999999999999,1013.5253333333333,182882.3,,0,0,0,0,0
2025-09-16 09:35:46,P1,25.65,59.41,1013.46,185905,,14.17,2025-09-16,9,1,1,0,27.359666666666666,55.61066666666667,1013.5206666666667,182963.76666666666,,0,0,0,0,0
2025-09-16 09:36:16,P1,25.49,59.39,1013.46,185698,,14.03,2025-09-16,9,1,1,0,27.28033333333333,55.79333333333333,1013.5163333333334,183071.63333333333,,0,0,0,0,0
2025-09-16 09:36:46,P1,25.33,59.6,1013.46,185588,,13.96,2025-09-16,9,1,1,0,27.195666666666668,55.98533333333333,1013.5123333333333,183142.53333333333,,0,0,0,0,0
2025-09-16 09:37:17,P1,25.2,60.02,1013.46,186428,,13.96,2025-09-16,9,1,1,0,27.10733333333333,56.190000000000005,1013.5086666666666,183228.0,,0,0,0,0,0
2025-09-16 09:37:47,P1,25.1,60.25,1013.46,186640,,13.94,2025-09-16,9,1,1,0,27.016666666666666,56.400999999999996,1013.5053333333333,183354.0,,0,0,0,0,0
2025-09-16 09:38:17,P1,25.01,60.12,1013.47,186746,,13.83,2025-09-16,9,1,1,0,26.924,56.60133333333333,1013.5026666666666,183450.06666666668,,0,0,0,0,0
2025-09-16 09:38:47,P1,24.91,59.94,1013.46,186958,,13.72,2025-09-16,9,1,1,0,26.828666666666663,56.802,1013.5,183553.2,,0,0,0,0,0
2025-09-16 09:39:17,P1,24.84,60.03,1013.46,186640,,13.68,2025-09-16,9,1,1,0,26.731333333333332,56.99433333333333,1013.4976666666666,183712.26666666666,,0,0,0,0,0
2025-09-16 09:39:48,P1,24.78,60.09,1013.45,188563,,13.65,2025-09-16,9,1,1,0,26.632666666666662,57.19266666666667,1013.4953333333332,183915.63333333333,,0,0,0,0,0
2025-09-16 09:40:18,P1,24.74,60.37,1013.45,188996,,13.68,2025-09-16,9,1,1,0,26.533,57.392,1013.493,184093.43333333332,,0,0,0,0,0
2025-09-16 09:40:48,P1,24.7,60.42,1013.46,187918,,13.66,2025-09-16,9,1,1,0,26.432000000000002,57.595333333333336,1013.4913333333334,184228.56666666668,,0,0,0,0,0
2025-09-16 09:41:18,P1,24.65,60.19,1013.46,190527,,13.57,2025-09-16,9,1,1,0,26.329333333333334,57.80366666666667,1013.49,184490.76666666666,,0,0,0,0,0
2025-09-16 09:41:48,P1,24.61,59.96,1013.47,190197,,13.49,2025-09-16,9,1,1,0,26.22533333333333,57.99166666666666,1013.4893333333333,184722.0,,0,0,0,0,0
2025-09-16 09:42:18,P1,24.56,60.18,1013.47,190197,,13.5,2025-09-16,9,1,1,0,26.11933333333333,58.18933333333334,1013.487,184959.9,,0,0,0,0,0
2025-09-16 09:42:49,P1,24.54,60.48,1013.47,190417,,13.55,2025-09-16,9,1,1,0,26.012999999999998,58.394999999999996,1013.485,185198.46666666667,,0,0,0,0,0
2025-09-16 09:43:19,P1,24.51,60.12,1013.47,190858,,13.45,2025-09-16,9,1,1,0,25.90666666666667,58.595333333333336,1013.4833333333335,185445.03333333333,,0,0,0,0,0
2025-09-16 09:43:49,P1,24.48,60.04,1013.47,191524,,13.41,2025-09-16,9,1,1,0,25.8,58.789,1013.482,185700.36666666667,,0,0,0,0,0
2025-09-16 09:44:19,P1,24.44,60.01,1013.48,191970,,13.37,2025-09-16,9,1,1,0,25.692666666666664,58.98433333333333,1013.481,185963.83333333334,,0,0,0,0,0
2025-09-16 09:44:49,P1,24.38,59.95,1013.48,192644,,13.31,2025-09-16,9,1,1,0,25.584,59.169000000000004,1013.4799999999999,186283.3,,0,0,0,0,0
2025-09-16 09:45:20,P1,24.34,60.0,1013.52,194464,,13.3,2025-09-16,9,1,1,0,25.474333333333334,59.35433333333334,1013.4803333333333,186629.9,,0,0,0,0,0
2025-09-16 09:45:50,P1,24.32,60.03,1013.52,194006,,13.28,2025-09-16,9,1,1,0,25.36466666666667,59.492333333333335,1013.4806666666666,187021.33333333334,,0,0,0,0,0
2025-09-16 09:46:20,P1,24.29,59.84,1013.51,192644,,13.22,2025-09-16,9,1,1,0,25.257,59.587333333333326,1013.4793333333333,187393.7,,0,0,0,0,0
2025-09-16 09:46:50,P1,24.26,59.7,1013.5,195619,,13.16,2025-09-16,9,1,1,0,25.15266666666667,59.66866666666667,1013.4783333333334,187904.3,,0,0,0,0,0
2025-09-16 09:47:20,P1,24.23,59.96,1013.5,195156,,13.2,2025-09-16,9,1,1,0,25.054,59.74066666666667,1013.4773333333335,188392.96666666667,,0,0,0,0,0
2025-09-16 09:47:51,P1,24.19,59.7,1013.49,195852,,13.11,2025-09-16,9,1,1,0,24.961333333333332,59.787666666666674,1013.4763333333334,188924.23333333334,,0,0,0,0,0
2025-09-16 09:48:21,P1,24.17,60.08,1013.47,195387,,13.18,2025-09-16,9,1,1,0,24.876333333333335,59.852333333333334,1013.475,189401.1,,0,0,0,0,0
2025-09-16 09:48:51,P1,24.16,60.23,1013.47,195503,,13.21,2025-09-16,9,1,1,0,24.799,59.90833333333333,1013.474,189875.3,,0,0,0,0,0
2025-09-16 09:49:21,P1,24.14,60.07,1013.45,194925,,13.16,2025-09-16,9,1,1,0,24.729,59.951,1013.473,190244.0,,0,0,0,0,0
2025-09-16 09:49:51,P1,24.1,60.3,1013.44,197024,,13.18,2025-09-16,9,1,1,0,24.66466666666667,59.99166666666667,1013.472,190655.63333333333,,0,0,0,0,0
2025-09-16 09:50:22,P1,24.06,60.15,1013.43,195619,,13.11,2025-09-16,9,1,1,0,24.605999999999998,60.021,1013.4706666666667,191020.43333333332,,0,0,0,0,0
2025-09-16 09:50:52,P1,24.02,60.02,1013.43,196788,,13.06,2025-09-16,9,1,1,0,24.55166666666667,60.041333333333334,1013.4696666666667,191383.2,,0,0,0,0,0
2025-09-16 09:51:22,P1,23.99,60.51,1013.42,196906,,13.14,2025-09-16,9,1,1,0,24.501666666666665,60.07866666666667,1013.4683333333334,191756.8,,0,0,0,0,0
2025-09-16 09:51:52,P1,23.98,60.41,1013.42,198448,,13.11,2025-09-16,9,1,1,0,24.456666666666663,60.10566666666667,1013.4670000000001,192185.46666666667,,0,0,0,0,0
2025-09-16 09:52:22,P1,23.97,60.56,1013.42,196319,,13.13,2025-09-16,9,1,1,0,24.415666666666667,60.123666666666665,1013.4656666666667,192515.16666666666,,0,0,0,0,0
2025-09-16 09:52:52,P1,23.95,60.47,1013.45,197260,,13.11,2025-09-16,9,1,1,0,24.377333333333336,60.131,1013.4653333333334,192869.16666666666,,0,0,0,0,0
2025-09-16 09:53:23,P1,23.94,60.46,1013.48,197024,,13.1,2025-09-16,9,1,1,0,24.341666666666665,60.14233333333333,1013.4656666666667,193211.76666666666,,0,0,0,0,0
2025-09-16 09:53:53,P1,23.94,60.33,1013.46,197378,,13.07,2025-09-16,9,1,1,0,24.309333333333335,60.15533333333334,1013.4656666666667,193559.1,,0,0,0,0,0
2025-09-16 09:54:23,P1,23.94,60.35,1013.49,196436,,13.07,2025-09-16,9,1,1,0,24.279333333333334,60.166000000000004,1013.4666666666667,193885.63333333333,,0,0,0,0,0
2025-09-16 09:54:53,P1,23.93,60.76,1013.46,196906,,13.15,2025-09-16,9,1,1,0,24.251,60.188333333333325,1013.4670000000001,194163.73333333334,,0,0,0,0,0
2025-09-16 09:55:23,P1,23.91,60.48,1013.48,197378,,13.07,2025-09-16,9,1,1,0,24.223333333333336,60.192,1013.4680000000001,194443.13333333333,,0,0,0,0,0
2025-09-16 09:55:54,P1,23.88,60.46,1013.46,199409,,13.05,2025-09-16,9,1,1,0,24.196,60.193333333333335,1013.468,194826.16666666666,,0,0,0,0,0
2025-09-16 09:56:24,P1,23.85,60.36,1013.44,197378,,13.0,2025-09-16,9,1,1,0,24.169333333333334,60.19899999999999,1013.4673333333334,195054.53333333333,,0,0,0,0,0
2025-09-16 09:56:54,P1,23.82,60.28,1013.42,197733,,12.97,2025-09-16,9,1,1,0,24.142999999999997,60.20966666666667,1013.4656666666667,195305.73333333334,,0,0,0,0,0
2025-09-16 09:57:24,P1,23.81,60.75,1013.4,197024,,13.06,2025-09-16,9,1,1,0,24.118000000000002,60.22866666666667,1013.4633333333334,195533.3,,0,0,0,0,0
2025-09-16 09:57:54,P1,23.81,60.79,1013.39,196671,,13.07,2025-09-16,9,1,1,0,24.093666666666664,60.239000000000004,1013.4606666666666,195741.76666666666,,0,0,0,0,0
2025-09-16 09:58:25,P1,23.81,60.52,1013.38,197378,,13.01,2025-09-16,9,1,1,0,24.070333333333334,60.25233333333333,1013.4576666666667,195959.1,,0,0,0,0,0
2025-09-16 09:58:55,P1,23.79,60.77,1013.35,196788,,13.05,2025-09-16,9,1,1,0,24.04733333333333,60.276666666666664,1013.4536666666667,196134.56666666668,,0,0,0,0,0
2025-09-16 09:59:25,P1,23.78,60.82,1013.33,197496,,13.05,2025-09-16,9,1,1,0,24.025333333333332,60.303666666666665,1013.4486666666668,196318.76666666666,,0,0,0,0,0
2025-09-16 09:59:55,P1,23.77,61.85,1013.32,197024,,13.27,2025-09-16,9,1,1,0,24.005,60.367,1013.4433333333334,196464.76666666666,,0,0,0,0,0
2025-09-16 10:00:25,P1,23.76,62.47,1013.31,196085,,13.39,2025-09-16,10,1,1,0,23.985666666666667,60.44933333333333,1013.4363333333333,196518.8,,0,0,0,0,0
2025-09-16 10:00:56,P1,23.76,62.92,1013.33,196319,,13.49,2025-09-16,10,1,1,0,23.967,60.54566666666666,1013.4300000000001,196595.9,,0,0,0,0,0
2025-09-16 10:01:26,P1,23.78,63.17,1013.33,196319,,13.55,2025-09-16,10,1,1,0,23.95,60.656666666666666,1013.4239999999999,196718.4,,0,0,0,0,0
2025-09-16 10:01:56,P1,23.78,62.23,1013.34,193778,,13.36,2025-09-16,10,1,1,0,23.934,60.741,1013.4186666666666,196657.03333333333,,0,0,0,0,0
2025-09-16 10:02:26,P1,23.78,62.4,1013.39,194120,,13.4,2025-09-16,10,1,1,0,23.918999999999997,60.822333333333326,1013.4150000000001,196622.5,,0,0,0,0,0
2025-09-16 10:02:56,P1,23.79,62.46,1013.39,193778,,13.42,2025-09-16,10,1,1,0,23.90566666666667,60.914333333333325,1013.4116666666667,196553.36666666667,,0,0,0,0,0
2025-09-16 10:03:27,P1,23.79,62.7,1013.38,193778,,13.47,2025-09-16,10,1,1,0,23.892999999999997,61.001666666666665,1013.4086666666666,196499.73333333334,,0,0,0,0,0
2025-09-16 10:03:57,P1,23.78,62.38,1013.37,193096,,13.39,2025-09-16,10,1,1,0,23.880333333333333,61.07333333333334,1013.4053333333334,196419.5,,0,0,0,0,0
2025-09-16 10:04:27,P1,23.76,62.71,1013.36,196553,,13.44,2025-09-16,10,1,1,0,23.867666666666665,61.16133333333333,1013.4023333333334,196473.76666666666,,0,0,0,0,0
2025-09-16 10:04:57,P1,23.72,62.55,1013.35,194006,,13.38,2025-09-16,10,1,1,0,23.855,61.23633333333334,1013.3993333333333,196373.16666666666,,0,0,0,0,0
2025-09-16 10:05:27,P1,23.7,62.74,1013.34,194120,,13.4,2025-09-16,10,1,1,0,23.843000000000004,61.32266666666667,1013.3963333333334,196323.2,,0,0,0,0,0
2025-09-16 10:05:57,P1,23.67,62.23,1013.34,195503,,13.27,2025-09-16,10,1,1,0,23.83133333333333,61.39633333333333,1013.3933333333333,196280.36666666667,,0,0,0,0,0
2025-09-16 10:06:28,P1,23.62,62.02,1013.33,196319,,13.19,2025-09-16,10,1,1,0,23.819000000000003,61.44666666666667,1013.3903333333333,196260.8,,0,0,0,0,0
2025-09-16 10:06:58,P1,23.56,62.07,1013.31,196906,,13.15,2025-09-16,10,1,1,0,23.805000000000003,61.501999999999995,1013.3866666666667,196209.4,,0,0,0,0,0
2025-09-16 10:07:28,P1,23.51,61.93,1013.31,198209,,13.09,2025-09-16,10,1,1,0,23.78966666666667,61.54766666666667,1013.383,196272.4,,0,0,0,0,0
2025-09-16 10:07:58,P1,23.46,62.11,1013.3,197496,,13.09,2025-09-16,10,1,1,0,23.77333333333333,61.602333333333334,1013.378,196280.26666666666,,0,0,0,0,0
2025-09-16 10:08:28,P1,23.43,62.06,1013.27,198209,,13.06,2025-09-16,10,1,1,0,23.756333333333334,61.65566666666667,1013.371,196319.76666666666,,0,0,0,0,0
2025-09-16 10:08:59,P1,23.39,62.06,1013.26,197615,,13.03,2025-09-16,10,1,1,0,23.738,61.71333333333333,1013.3643333333333,196327.66666666666,,0,0,0,0,0
2025-09-16 10:09:29,P1,23.34,62.22,1013.26,199409,,13.02,2025-09-16,10,1,1,0,23.718000000000004,61.775666666666666,1013.3566666666667,196426.76666666666,,0,0,0,0,0
2025-09-16 10:09:59,P1,23.28,62.61,1013.25,199289,,13.06,2025-09-16,10,1,1,0,23.69633333333333,61.83733333333334,1013.3496666666667,196506.2,,0,0,0,0,0
2025-09-16 10:10:29,P1,23.23,62.92,1013.24,199168,,13.09,2025-09-16,10,1,1,0,23.67366666666667,61.91866666666667,1013.3416666666667,196565.86666666667,,0,0,0,0,0
2025-09-16 10:10:59,P1,23.2,63.2,1013.24,201114,,13.13,2025-09-16,10,1,1,0,23.651,62.01,1013.3343333333335,196622.7,,0,0,0,0,0
2025-09-16 10:11:30,P1,23.2,63.9,1013.24,198448,,13.27,2025-09-16,10,1,1,0,23.62933333333333,62.12800000000001,1013.3276666666666,196658.36666666667,,0,0,0,0,0
2025-09-16 10:12:00,P1,23.22,64.16,1013.24,197378,,13.33,2025-09-16,10,1,1,0,23.609333333333336,62.25733333333333,1013.3216666666667,196646.53333333333,,0,0,0,0,0
2025-09-16 10:12:30,P1,23.24,64.51,1013.25,196906,,13.43,2025-09-16,10,1,1,0,23.590333333333334,62.382666666666665,1013.3166666666667,196642.6,,0,0,0,0,0
2025-09-16 10:13:00,P1,23.27,64.0,1013.24,196788,,13.34,2025-09-16,10,1,1,0,23.572333333333336,62.48966666666667,1013.3116666666666,196646.5,,0,0,0,0,0
2025-09-16 10:13:30,P1,23.3,63.63,1013.24,195852,,13.29,2025-09-16,10,1,1,0,23.555333333333333,62.593333333333334,1013.307,196595.63333333333,,0,0,0,0,0
2025-09-16 10:14:01,P1,23.33,63.89,1013.23,195619,,13.37,2025-09-16,10,1,1,0,23.540000000000003,62.69733333333333,1013.303,196556.66666666666,,0,0,0,0,0
2025-09-16 10:14:31,P1,23.36,63.78,1013.24,194694,,13.37,2025-09-16,10,1,1,0,23.526000000000003,62.79600000000001,1013.3,196463.26666666666,,0,0,0,0,0
2025-09-16 10:15:01,P1,23.39,63.78,1013.24,194120,,13.38,2025-09-16,10,1,1,0,23.513333333333335,62.86033333333333,1013.2973333333333,196366.46666666667,,0,0,0,0,0
2025-09-16 10:15:31,P1,23.38,63.71,1013.24,195156,,13.37,2025-09-16,10,1,1,0,23.500666666666667,62.90166666666667,1013.2950000000001,196335.5,,0,0,0,0,0
2025-09-16 10:16:01,P1,23.38,63.69,1013.23,193892,,13.36,2025-09-16,10,1,1,0,23.488,62.92733333333334,1013.2916666666666,196254.6,,0,0,0,0,0
2025-09-16 10:16:31,P1,23.37,63.89,1013.23,195156,,13.4,2025-09-16,10,1,1,0,23.474333333333334,62.95133333333333,1013.2883333333334,196215.83333333334,,0,0,0,0,0
2025-09-16 10:17:02,P1,23.37,64.05,1013.23,192870,,13.43,2025-09-16,10,1,1,0,23.46066666666667,63.01199999999999,1013.2846666666667,196185.56666666668,,0,0,0,0,0
2025-09-16 10:17:32,P1,23.36,63.78,1013.23,193436,,13.37,2025-09-16,10,1,1,0,23.44666666666667,63.058,1013.2793333333333,196162.76666666666,,0,0,0,0,0
2025-09-16 10:18:02,P1,23.35,64.23,1013.22,193323,,13.45,2025-09-16,10,1,1,0,23.432,63.117,1013.2736666666666,196147.6,,0,0,0,0,0
2025-09-16 10:18:32,P1,23.34,63.89,1013.23,194809,,13.37,2025-09-16,10,1,1,0,23.416999999999998,63.156666666666666,1013.2686666666667,196181.96666666667,,0,0,0,0,0
2025-09-16 10:19:02,P1,23.31,63.56,1013.23,194235,,13.28,2025-09-16,10,1,1,0,23.401333333333337,63.196,1013.2639999999999,196219.93333333332,,0,0,0,0,0
2025-09-16 10:19:33,P1,23.28,63.68,1013.22,194464,,13.29,2025-09-16,10,1,1,0,23.385333333333335,63.22833333333334,1013.2593333333333,196150.3,,0,0,0,0,0
2025-09-16 10:20:03,P1,23.27,64.05,1013.22,195156,,13.36,2025-09-16,10,1,1,0,23.370333333333335,63.27833333333333,1013.255,196188.63333333333,,0,0,0,0,0
2025-09-16 10:20:33,P1,23.25,63.98,1013.22,194925,,13.33,2025-09-16,10,1,1,0,23.35533333333333,63.31966666666666,1013.251,196215.46666666667,,0,0,0,0,0
2025-09-16 10:21:03,P1,23.24,64.06,1013.22,196319,,13.33,2025-09-16,10,1,1,0,23.341,63.38066666666667,1013.247,196242.66666666666,,0,0,0,0,0
2025-09-16 10:21:33,P1,23.24,64.04,1013.22,194925,,13.33,2025-09-16,10,1,1,0,23.328333333333333,63.44799999999999,1013.2433333333335,196196.2,,0,0,0,0,0
2025-09-16 10:22:04,P1,23.24,64.31,1013.23,195852,,13.39,2025-09-16,10,1,1,0,23.317666666666664,63.522666666666666,1013.2406666666667,196161.06666666668,,0,0,0,0,0
2025-09-16 10:22:34,P1,23.25,64.42,1013.23,193664,,13.41,2025-09-16,10,1,1,0,23.309,63.605666666666664,1013.2379999999999,196009.56666666668,,0,0,0,0,0
2025-09-16 10:23:04,P1,23.26,64.18,1013.23,194809,,13.38,2025-09-16,10,1,1,0,23.302333333333333,63.67466666666667,1013.2356666666667,195920.0,,0,0,0,0,0
2025-09-16 10:23:34,P1,23.27,64.46,1013.22,194120,,13.44,2025-09-16,10,1,1,0,23.297,63.75466666666667,1013.234,195783.7,,0,0,0,0,0
2025-09-16 10:24:04,P1,23.28,64.78,1013.22,191970,,13.51,2025-09-16,10,1,1,0,23.293333333333333,63.845333333333336,1013.2326666666667,195595.53333333333,,0,0,0,0,0
2025-09-16 10:24:35,P1,23.27,64.59,1013.21,194120,,13.47,2025-09-16,10,1,1,0,23.290999999999997,63.92433333333334,1013.231,195419.23333333334,,0,0,0,0,0
2025-09-16 10:25:05,P1,23.29,64.49,1013.21,193436,,13.46,2025-09-16,10,1,1,0,23.291333333333334,63.986999999999995,1013.2296666666666,195224.13333333333,,0,0,0,0,0
2025-09-16 10:25:35,P1,23.29,64.41,1013.19,192983,,13.45,2025-09-16,10,1,1,0,23.293333333333333,64.03666666666668,1013.228,195017.96666666667,,0,0,0,0,0
2025-09-16 10:26:05,P1,23.3,64.32,1013.17,192195,,13.43,2025-09-16,10,1,1,0,23.296666666666667,64.074,1013.2256666666667,194720.66666666666,,0,0,0,0,0
2025-09-16 10:26:35,P1,23.31,64.42,1013.16,193323,,13.46,2025-09-16,10,1,1,0,23.300333333333334,64.09133333333334,1013.2230000000001,194549.83333333334,,0,0,0,0,0
2025-09-16 10:27:06,P1,23.31,64.61,1013.16,193323,,13.5,2025-09-16,10,1,1,0,23.30333333333333,64.10633333333332,1013.2203333333333,194414.66666666666,,0,0,0,0,0
2025-09-16 10:27:36,P1,23.31,64.54,1013.15,194925,,13.48,2025-09-16,10,1,1,0,23.305666666666664,64.10733333333333,1013.217,194348.63333333333,,0,0,0,0,0
2025-09-16 10:28:06,P1,23.3,64.42,1013.14,193323,,13.46,2025-09-16,10,1,1,0,23.306666666666665,64.12133333333333,1013.2136666666668,194233.13333333333,,0,0,0,0,0
2025-09-16 10:28:36,P1,23.29,64.49,1013.13,193436,,13.46,2025-09-16,10,1,1,0,23.306333333333335,64.15,1013.2099999999999,194152.6,,0,0,0,0,0
2025-09-16 10:29:06,P1,23.28,64.9,1013.13,192419,,13.54,2025-09-16,10,1,1,0,23.304666666666666,64.18366666666667,1013.2066666666667,194045.93333333332,,0,0,0,0,0
2025-09-16 10:29:36,P1,23.25,64.56,1013.12,193664,,13.44,2025-09-16,10,1,1,0,23.301,64.20966666666666,1013.2026666666666,194011.6,,0,0,0,0,0
2025-09-16 10:30:07,P1,23.23,64.44,1013.12,193436,,13.4,2025-09-16,10,1,1,0,23.295666666666666,64.23166666666667,1013.1986666666668,193988.8,,0,0,0,0,0
2025-09-16 10:30:37,P1,23.21,64.72,1013.11,194464,,13.45,2025-09-16,10,1,1,0,23.29,64.26533333333333,1013.1943333333332,193965.73333333334,,0,0,0,0,0
2025-09-16 10:31:07,P1,23.2,64.74,1013.09,194235,,13.44,2025-09-16,10,1,1,0,23.284,64.30033333333333,1013.1896666666667,193977.16666666666,,0,0,0,0,0
2025-09-16 10:31:37,P1,23.2,64.63,1013.1,193550,,13.42,2025-09-16,10,1,1,0,23.27833333333333,64.325,1013.1853333333333,193923.63333333333,,0,0,0,0,0
2025-09-16 10:32:07,P1,23.19,64.4,1013.09,196436,,13.36,2025-09-16,10,1,1,0,23.272333333333332,64.33666666666667,1013.1806666666668,194042.5,,0,0,0,0,0
2025-09-16 10:32:38,P1,23.18,65.02,1013.09,195040,,13.49,2025-09-16,10,1,1,0,23.26633333333333,64.378,1013.176,194095.96666666667,,0,0,0,0,0
2025-09-16 10:33:08,P1,23.16,64.76,1013.09,193892,,13.42,2025-09-16,10,1,1,0,23.26,64.39566666666667,1013.1716666666667,194114.93333333332,,0,0,0,0,0
2025-09-16 10:33:38,P1,23.14,64.73,1013.08,195271,,13.4,2025-09-16,10,1,1,0,23.253333333333334,64.42366666666666,1013.1666666666666,194130.33333333334,,0,0,0,0,0
2025-09-16 10:34:08,P1,23.12,64.89,1013.08,194235,,13.42,2025-09-16,10,1,1,0,23.247,64.468,1013.1616666666667,194130.33333333334,,0,0,0,0,0
2025-09-16 10:34:38,P1,23.09,64.67,1013.08,195271,,13.34,2025-09-16,10,1,1,0,23.240666666666666,64.501,1013.1569999999999,194157.23333333334,,0,0,0,0,0
2025-09-16 10:35:09,P1,23.07,64.9,1013.08,195156,,13.38,2025-09-16,10,1,1,0,23.233999999999998,64.52933333333334,1013.1523333333333,194157.23333333334,,0,0,0,0,0
2025-09-16 10:35:39,P1,23.05,64.93,1013.08,196085,,13.36,2025-09-16,10,1,1,0,23.227333333333334,64.56099999999999,1013.1476666666666,194195.9,,0,0,0,0,0
2025-09-16 10:36:09,P1,23.03,64.46,1013.06,196788,,13.26,2025-09-16,10,1,1,0,23.220333333333333,64.57433333333333,1013.1423333333333,194211.53333333333,,0,0,0,0,0
2025-09-16 10:36:39,P1,23.03,64.37,1013.06,197141,,13.24,2025-09-16,10,1,1,0,23.21333333333333,64.58533333333334,1013.1370000000001,194285.4,,0,0,0,0,0
2025-09-16 10:37:09,P1,23.03,64.6,1013.05,197615,,13.28,2025-09-16,10,1,1,0,23.20633333333333,64.595,1013.131,194344.16666666666,,0,0,0,0,0
2025-09-16 10:37:40,P1,23.04,64.77,1013.05,196202,,13.33,2025-09-16,10,1,1,0,23.199333333333335,64.60666666666667,1013.125,194428.76666666666,,0,0,0,0,0
2025-09-16 10:38:10,P1,23.04,64.31,1013.05,196788,,13.23,2025-09-16,10,1,1,0,23.192,64.611,1013.119,194494.73333333334,,0,0,0,0,0
2025-09-16 10:38:40,P1,23.02,64.0,1013.04,197260,,13.15,2025-09-16,10,1,1,0,23.183666666666667,64.59566666666666,1013.1129999999999,194599.4,,0,0,0,0,0
2025-09-16 10:39:10,P1,23.0,63.92,1013.04,198448,,13.12,2025-09-16,10,1,1,0,23.174333333333333,64.567,1013.1070000000001,194815.33333333334,,0,0,0,0,0
2025-09-16 10:39:40,P1,23.0,65.47,1013.02,197141,,13.44,2025-09-16,10,1,1,0,23.165333333333333,64.59633333333333,1013.1006666666667,194916.03333333333,,0,0,0,0,0
2025-09-16 10:40:11,P1,23.05,67.45,1013.03,194349,,13.89,2025-09-16,10,1,1,0,23.15733333333333,64.69500000000001,1013.0946666666666,194946.46666666667,,0,0,0,0,0
2025-09-16 10:40:41,P1,23.13,67.91,1013.03,191747,,14.05,2025-09-16,10,1,1,0,23.151999999999997,64.81166666666667,1013.0893333333333,194905.26666666666,,0,0,0,0,0
2025-09-16 10:41:11,P1,23.24,68.45,1013.04,189213,,14.25,2025-09-16,10,1,1,0,23.15,64.94933333333333,1013.0849999999999,194805.86666666667,,0,0,0,0,0
2025-09-16 10:41:41,P1,23.35,68.39,1013.05,187277,,14.32,2025-09-16,10,1,1,0,23.151333333333334,65.08166666666666,1013.0813333333333,194604.33333333334,,0,0,0,0,0
2025-09-16 10:42:11,P1,23.45,68.61,1013.05,184963,,14.45,2025-09-16,10,1,1,0,23.156000000000002,65.215,1013.0776666666666,194325.66666666666,,0,0,0,0,0
2025-09-16 10:42:41,P1,23.54,68.4,1013.05,184675,,14.48,2025-09-16,10,1,1,0,23.163666666666664,65.34366666666668,1013.0743333333334,193984.0,,0,0,0,0,0
2025-09-16 10:43:12,P1,23.63,68.67,1013.05,184066,,14.61,2025-09-16,10,1,1,0,23.174666666666667,65.48533333333333,1013.0713333333333,193675.43333333332,,0,0,0,0,0
2025-09-16 10:43:42,P1,23.7,68.19,1013.05,182661,,14.57,2025-09-16,10,1,1,0,23.188333333333333,65.60866666666666,1013.0686666666667,193316.26666666666,,0,0,0,0,0
2025-09-16 10:44:12,P1,23.77,68.02,1013.04,181670,,14.59,2025-09-16,10,1,1,0,23.204666666666665,65.71266666666666,1013.0656666666667,192957.96666666667,,0,0,0,0,0
2025-09-16 10:44:42,P1,23.83,68.2,1013.04,183060,,14.68,2025-09-16,10,1,1,0,23.224,65.834,1013.063,192604.5,,0,0,0,0,0
2025-09-16 10:45:12,P1,23.89,67.77,1013.07,180886,,14.64,2025-09-16,10,1,1,0,23.246,65.945,1013.0613333333332,192186.16666666666,,0,0,0,0,0
2025-09-16 10:45:43,P1,23.95,67.9,1013.06,181473,,14.72,2025-09-16,10,1,1,0,23.270666666666667,66.051,1013.0596666666667,191753.13333333333,,0,0,0,0,0
2025-09-16 10:46:13,P1,24.01,68.27,1013.05,179528,,14.85,2025-09-16,10,1,1,0,23.297666666666665,66.16866666666667,1013.0583333333333,191262.9,,0,0,0,0,0
2025-09-16 10:46:43,P1,24.06,68.03,1013.03,180108,,14.84,2025-09-16,10,1,1,0,23.326333333333334,66.282,1013.056,190814.83333333334,,0,0,0,0,0
2025-09-16 10:47:13,P1,24.09,67.37,1013.02,179336,,14.71,2025-09-16,10,1,1,0,23.356333333333335,66.381,1013.0536666666666,190244.83333333334,,0,0,0,0,0
2025-09-16 10:47:43,P1,24.1,66.21,1013.06,180496,,14.47,2025-09-16,10,1,1,0,23.387,66.42066666666666,1013.0526666666666,189760.03333333333,,0,0,0,0,0
2025-09-16 10:48:14,P1,24.08,65.45,1013.03,181081,,14.29,2025-09-16,10,1,1,0,23.417666666666666,66.44366666666666,1013.0506666666665,189333.0,,0,0,0,0,0
2025-09-16 10:48:44,P1,24.04,65.24,1012.99,182661,,14.21,2025-09-16,10,1,1,0,23.447666666666667,66.46066666666667,1013.0476666666667,188912.66666666666,,0,0,0,0,0
2025-09-16 10:49:14,P1,23.99,65.11,1012.97,183864,,14.14,2025-09-16,10,1,1,0,23.476666666666667,66.468,1013.044,188566.96666666667,,0,0,0,0,0
2025-09-16 10:49:44,P1,23.92,64.94,1012.95,184963,,14.05,2025-09-16,10,1,1,0,23.50433333333333,66.477,1013.0396666666667,188223.36666666667,,0,0,0,0,0
2025-09-16 10:50:14,P1,23.85,64.77,1012.93,185275,,13.96,2025-09-16,10,1,1,0,23.53033333333333,66.47266666666665,1013.0346666666666,187894.0,,0,0,0,0,0
2025-09-16 10:50:45,P1,23.79,64.78,1012.91,187490,,13.91,2025-09-16,10,1,1,0,23.555,66.46766666666666,1013.029,187607.5,,0,0,0,0,0
2025-09-16 10:51:15,P1,23.73,64.77,1012.91,187383,,13.86,2025-09-16,10,1,1,0,23.578333333333333,66.478,1013.0239999999999,187294.0,,0,0,0,0,0
2025-09-16 10:51:45,P1,23.69,64.66,1012.9,188563,,13.8,2025-09-16,10,1,1,0,23.60033333333333,66.48766666666667,1013.0186666666666,187008.06666666668,,0,0,0,0,0
2025-09-16 10:52:15,P1,23.64,64.76,1012.88,188455,,13.79,2025-09-16,10,1,1,0,23.62066666666667,66.493,1013.013,186702.73333333334,,0,0,0,0,0
2025-09-16 10:52:45,P1,23.59,64.24,1012.86,189431,,13.64,2025-09-16,10,1,1,0,23.639,66.47533333333334,1013.0066666666667,186477.03333333333,,0,0,0,0,0
2025-09-16 10:53:16,P1,23.55,64.26,1012.85,190087,,13.61,2025-09-16,10,1,1,0,23.656,66.47366666666667,1013.0,186253.66666666666,,0,0,0,0,0
2025-09-16 10:53:46,P1,23.52,64.45,1012.83,191079,,13.63,2025-09-16,10,1,1,0,23.672666666666665,66.48866666666667,1012.993,186047.63333333333,,0,0,0,0,0
2025-09-16 10:54:16,P1,23.49,64.46,1012.82,191524,,13.61,2025-09-16,10,1,1,0,23.689,66.50666666666667,1012.9856666666667,185816.83333333334,,0,0,0,0,0
2025-09-16 10:54:46,P1,23.45,64.15,1012.8,191524,,13.51,2025-09-16,10,1,1,0,23.704,66.46266666666666,1012.9783333333332,185629.6,,0,0,0,0,0
2025-09-16 10:55:16,P1,23.41,64.24,1012.78,192082,,13.5,2025-09-16,10,1,1,0,23.716,66.35566666666666,1012.9699999999999,185554.03333333333,,0,0,0,0,0
2025-09-16 10:55:46,P1,23.37,63.97,1012.77,193096,,13.42,2025-09-16,10,1,1,0,23.723999999999997,66.22433333333333,1012.9613333333333,185599.0,,0,0,0,0,0
2025-09-16 10:56:17,P1,23.35,63.96,1012.75,194349,,13.39,2025-09-16,10,1,1,0,23.727666666666668,66.07466666666667,1012.9516666666666,185770.2,,0,0,0,0,0
2025-09-16 10:56:47,P1,23.32,63.95,1012.76,194349,,13.37,2025-09-16,10,1,1,0,23.72666666666667,65.92666666666666,1012.9419999999999,186005.93333333332,,0,0,0,0,0
2025-09-16 10:57:17,P1,23.3,64.32,1012.75,196085,,13.43,2025-09-16,10,1,1,0,23.721666666666668,65.78366666666666,1012.932,186376.66666666666,,0,0,0,0,0
2025-09-16 10:57:47,P1,23.27,63.97,1012.73,195271,,13.34,2025-09-16,10,1,1,0,23.712666666666667,65.636,1012.9213333333335,186729.86666666667,,0,0,0,0,0
2025-09-16 10:58:17,P1,23.25,63.94,1012.73,195387,,13.31,2025-09-16,10,1,1,0,23.7,65.47833333333334,1012.9106666666667,187107.23333333334,,0,0,0,0,0
2025-09-16 10:58:48,P1,23.22,63.63,1012.72,196436,,13.23,2025-09-16,10,1,1,0,23.684,65.32633333333334,1012.8996666666666,187566.4,,0,0,0,0,0
2025-09-16 10:59:18,P1,23.2,63.92,1012.72,197024,,13.27,2025-09-16,10,1,1,0,23.665000000000003,65.18966666666667,1012.8889999999999,188078.2,,0,0,0,0,0
2025-09-16 10:59:48,P1,23.18,63.99,1012.72,197496,,13.27,2025-09-16,10,1,1,0,23.64333333333333,65.04933333333334,1012.8783333333334,188559.4,,0,0,0,0,0
2025-09-16 11:00:18,P1,23.16,63.91,1012.71,197496,,13.24,2025-09-16,11,1,1,0,23.618999999999996,64.92066666666668,1012.8663333333334,189113.06666666668,,0,0,0,0,0
2025-09-16 11:00:48,P1,23.14,63.95,1012.71,199168,,13.23,2025-09-16,11,1,1,0,23.592,64.789,1012.8546666666666,189702.9,,0,0,0,0,0
2025-09-16 11:01:19,P1,23.12,63.81,1012.71,198568,,13.19,2025-09-16,11,1,1,0,23.562333333333335,64.64033333333333,1012.8433333333334,190337.56666666668,,0,0,0,0,0
2025-09-16 11:01:49,P1,23.11,64.02,1012.71,199168,,13.22,2025-09-16,11,1,1,0,23.530666666666665,64.50666666666667,1012.8326666666667,190972.9,,0,0,0,0,0
2025-09-16 11:02:19,P1,23.1,64.16,1012.71,198928,,13.25,2025-09-16,11,1,1,0,23.497666666666664,64.39966666666666,1012.8223333333334,191625.96666666667,,0,0,0,0,0
2025-09-16 11:02:49,P1,23.1,64.49,1012.71,199168,,13.31,2025-09-16,11,1,1,0,23.464333333333336,64.34233333333333,1012.8106666666666,192248.36666666667,,0,0,0,0,0
2025-09-16 11:03:19,P1,23.1,64.32,1012.71,198808,,13.28,2025-09-16,11,1,1,0,23.43166666666667,64.30466666666666,1012.8,192839.26666666666,,0,0,0,0,0
2025-09-16 11:03:50,P1,23.1,64.08,1012.72,198808,,13.23,2025-09-16,11,1,1,0,23.400333333333332,64.266,1012.7909999999999,193377.5,,0,0,0,0,0
2025-09-16 11:04:20,P1,23.09,64.24,1012.71,199168,,13.26,2025-09-16,11,1,1,0,23.370333333333335,64.23700000000001,1012.7823333333332,193887.63333333333,,0,0,0,0,0
2025-09-16 11:04:50,P1,23.09,64.23,1012.71,198209,,13.26,2025-09-16,11,1,1,0,23.342666666666666,64.21333333333334,1012.7743333333334,194329.16666666666,,0,0,0,0,0
2025-09-16 11:05:20,P1,23.1,64.83,1012.71,198090,,13.39,2025-09-16,11,1,1,0,23.31766666666667,64.21533333333333,1012.767,194756.33333333334,,0,0,0,0,0
2025-09-16 11:05:50,P1,23.11,65.0,1012.7,197496,,13.43,2025-09-16,11,1,1,0,23.295,64.22266666666667,1012.7600000000001,195089.86666666667,,0,0,0,0,0
2025-09-16 11:06:20,P1,23.12,64.96,1012.7,197971,,13.43,2025-09-16,11,1,1,0,23.27466666666667,64.229,1012.7530000000002,195442.8,,0,0,0,0,0
2025-09-16 11:06:51,P1,23.14,64.94,1012.69,197971,,13.44,2025-09-16,11,1,1,0,23.256333333333334,64.23833333333333,1012.746,195756.4,,0,0,0,0,0
2025-09-16 11:07:21,P1,23.16,64.29,1012.68,196906,,13.32,2025-09-16,11,1,1,0,23.240333333333336,64.22266666666667,1012.7393333333333,196038.1,,0,0,0,0,0
2025-09-16 11:07:51,P1,23.19,64.57,1012.68,196202,,13.4,2025-09-16,11,1,1,0,23.226999999999997,64.23366666666666,1012.7333333333333,196263.8,,0,0,0,0,0
2025-09-16 11:08:21,P1,23.2,64.47,1012.68,196436,,13.39,2025-09-16,11,1,1,0,23.215333333333334,64.24066666666667,1012.7276666666668,196475.43333333332,,0,0,0,0,0
2025-09-16 11:08:51,P1,23.22,64.59,1012.68,196436,,13.43,2025-09-16,11,1,1,0,23.205333333333336,64.24533333333333,1012.7226666666667,196654.0,,0,0,0,0,0
2025-09-16 11:09:22,P1,23.21,64.16,1012.67,197496,,13.33,2025-09-16,11,1,1,0,23.196000000000005,64.23533333333333,1012.7176666666667,196853.06666666668,,0,0,0,0,0
2025-09-16 11:09:52,P1,23.21,64.76,1012.65,197378,,13.45,2025-09-16,11,1,1,0,23.188,64.25566666666667,1012.7126666666667,197048.2,,0,0,0,0,0
2025-09-16 11:10:22,P1,23.21,64.43,1012.65,196553,,13.39,2025-09-16,11,1,1,0,23.181333333333335,64.262,1012.7083333333334,197197.23333333334,,0,0,0,0,0
2025-09-16 11:10:52,P1,23.22,63.95,1012.64,197971,,13.29,2025-09-16,11,1,1,0,23.176333333333336,64.26133333333334,1012.704,197359.73333333334,,0,0,0,0,0
2025-09-16 11:11:22,P1,23.21,64.02,1012.64,197024,,13.3,2025-09-16,11,1,1,0,23.171666666666667,64.26333333333334,1012.7003333333334,197448.9,,0,0,0,0,0
2025-09-16 11:11:53,P1,23.2,64.22,1012.64,196788,,13.33,2025-09-16,11,1,1,0,23.167666666666666,64.27233333333332,1012.6963333333334,197530.2,,0,0,0,0,0
2025-09-16 11:12:23,P1,23.17,63.98,1012.63,198928,,13.26,2025-09-16,11,1,1,0,23.163333333333334,64.261,1012.6923333333333,197624.96666666667,,0,0,0,0,0
2025-09-16 11:12:53,P1,23.13,64.06,1012.62,198928,,13.25,2025-09-16,11,1,1,0,23.158666666666665,64.264,1012.6886666666667,197746.86666666667,,0,0,0,0,0
2025-09-16 11:13:23,P1,23.1,64.12,1012.6,197971,,13.24,2025-09-16,11,1,1,0,23.153666666666666,64.27,1012.6843333333333,197833.0,,0,0,0,0,0
2025-09-16 11:13:53,P1,23.08,64.3,1012.6,198808,,13.26,2025-09-16,11,1,1,0,23.149,64.29233333333333,1012.6803333333334,197912.06666666668,,0,0,0,0,0
2025-09-16 11:14:24,P1,23.07,64.34,1012.59,198688,,13.26,2025-09-16,11,1,1,0,23.144666666666662,64.30633333333334,1012.6759999999999,197967.53333333333,,0,0,0,0,0
2025-09-16 11:14:54,P1,23.06,64.12,1012.58,199772,,13.21,2025-09-16,11,1,1,0,23.140666666666668,64.31066666666666,1012.6713333333333,198043.4,,0,0,0,0,0
2025-09-16 11:15:24,P1,23.04,63.89,1012.57,200136,,13.14,2025-09-16,11,1,1,0,23.136666666666667,64.31,1012.6666666666666,198131.4,,0,0,0,0,0
2025-09-16 11:15:54,P1,23.01,63.83,1012.56,200380,,13.11,2025-09-16,11,1,1,0,23.132333333333335,64.306,1012.6616666666667,198171.8,,0,0,0,0,0
2025-09-16 11:16:24,P1,23.0,64.18,1012.54,201360,,13.18,2025-09-16,11,1,1,0,23.128333333333334,64.31833333333333,1012.6560000000001,198264.86666666667,,0,0,0,0,0
2025-09-16 11:16:55,P1,23.0,64.31,1012.53,199772,,13.2,2025-09-16,11,1,1,0,23.124666666666666,64.328,1012.65,198285.0,,0,0,0,0,0
2025-09-16 11:17:25,P1,23.0,64.54,1012.52,201730,,13.25,2025-09-16,11,1,1,0,23.121333333333332,64.34066666666666,1012.6436666666667,198378.4,,0,0,0,0,0
2025-09-16 11:17:55,P1,22.99,64.31,1012.51,200015,,13.2,2025-09-16,11,1,1,0,23.117666666666665,64.33466666666666,1012.6370000000001,198406.63333333333,,0,0,0,0,0
2025-09-16 11:18:25,P1,22.99,64.65,1012.51,201730,,13.27,2025-09-16,11,1,1,0,23.113999999999997,64.34566666666666,1012.6303333333334,198504.03333333333,,0,0,0,0,0
2025-09-16 11:18:55,P1,22.98,63.98,1012.51,201730,,13.12,2025-09-16,11,1,1,0,23.110000000000003,64.34233333333333,1012.6233333333333,198601.43333333332,,0,0,0,0,0
2025-09-16 11:19:25,P1,22.97,64.24,1012.51,201483,,13.17,2025-09-16,11,1,1,0,23.106,64.34233333333333,1012.6166666666667,198678.6,,0,0,0,0,0
2025-09-16 11:19:56,P1,22.96,64.46,1012.51,202474,,13.2,2025-09-16,11,1,1,0,23.101666666666667,64.35,1012.61,198820.76666666666,,0,0,0,0,0
2025-09-16 11:20:26,P1,22.96,64.17,1012.5,201360,,13.14,2025-09-16,11,1,1,0,23.096999999999998,64.328,1012.603,198929.76666666666,,0,0,0,0,0
2025-09-16 11:20:56,P1,22.96,63.81,1012.5,201854,,13.07,2025-09-16,11,1,1,0,23.092,64.28833333333334,1012.5963333333333,199075.03333333333,,0,0,0,0,0
2025-09-16 11:21:26,P1,22.96,63.35,1012.48,203224,,12.98,2025-09-16,11,1,1,0,23.086666666666662,64.23466666666667,1012.5889999999999,199250.13333333333,,0,0,0,0,0
2025-09-16 11:21:56,P1,22.96,63.43,1012.47,202848,,12.99,2025-09-16,11,1,1,0,23.080666666666666,64.18433333333333,1012.5816666666667,199412.7,,0,0,0,0,0
2025-09-16 11:22:27,P1,22.96,63.59,1012.46,203727,,13.03,2025-09-16,11,1,1,0,23.074,64.161,1012.5743333333334,199640.06666666668,,0,0,0,0,0
2025-09-16 11:22:57,P1,22.96,63.62,1012.44,203475,,13.03,2025-09-16,11,1,1,0,23.066333333333333,64.12933333333334,1012.5663333333333,199882.5,,0,0,0,0,0
2025-09-16 11:23:27,P1,22.95,63.56,1012.43,204613,,13.01,2025-09-16,11,1,1,0,23.058,64.099,1012.5579999999999,200155.06666666668,,0,0,0,0,0
2025-09-16 11:23:57,P1,22.93,63.51,1012.43,205763,,12.99,2025-09-16,11,1,1,0,23.048333333333332,64.063,1012.5496666666666,200465.96666666667,,0,0,0,0,0
2025-09-16 11:24:27,P1,22.92,63.64,1012.42,205122,,13.01,2025-09-16,11,1,1,0,23.038666666666668,64.04566666666668,1012.5413333333333,200720.16666666666,,0,0,0,0,0
2025-09-16 11:24:58,P1,22.93,64.0,1012.42,205122,,13.09,2025-09-16,11,1,1,0,23.029333333333334,64.02033333333334,1012.5336666666666,200978.3,,0,0,0,0,0
2025-09-16 11:25:28,P1,22.93,63.73,1012.41,204995,,13.03,2025-09-16,11,1,1,0,23.02,63.99699999999999,1012.5256666666667,201259.7,,0,0,0,0,0
2025-09-16 11:25:58,P1,22.93,64.23,1012.4,204359,,13.13,2025-09-16,11,1,1,0,23.01033333333333,64.00633333333333,1012.5176666666667,201472.63333333333,,0,0,0,0,0
2025-09-16 11:26:28,P1,22.92,64.2,1012.39,204613,,13.12,2025-09-16,11,1,1,0,23.000666666666667,64.01233333333333,1012.5093333333333,201725.6,,0,0,0,0,0
2025-09-16 11:26:58,P1,22.92,63.77,1012.39,205635,,13.03,2025-09-16,11,1,1,0,22.991333333333333,63.99733333333334,1012.501,202020.5,,0,0,0,0,0
2025-09-16 11:27:29,P1,22.92,63.51,1012.39,205122,,12.98,2025-09-16,11,1,1,0,22.983,63.98166666666667,1012.493,202226.96666666667,,0,0,0,0,0
2025-09-16 11:27:59,P1,22.92,63.84,1012.39,205250,,13.05,2025-09-16,11,1,1,0,22.976000000000003,63.974333333333334,1012.4853333333333,202437.7,,0,0,0,0,0
2025-09-16 11:28:29,P1,22.92,64.02,1012.4,204867,,13.08,2025-09-16,11,1,1,0,22.970000000000002,63.971000000000004,1012.4786666666666,202667.56666666668,,0,0,0,0,0
2025-09-16 11:28:59,P1,22.91,64.34,1012.4,203224,,13.14,2025-09-16,11,1,1,0,22.964333333333332,63.97233333333334,1012.472,202814.76666666666,,0,0,0,0,0
2025-09-16 11:29:29,P1,22.9,64.97,1012.4,205122,,13.26,2025-09-16,11,1,1,0,22.958666666666666,63.99333333333333,1012.4656666666667,203029.23333333334,,0,0,0,0,0
2025-09-16 11:30:00,P1,22.9,64.97,1012.38,203601,,13.26,2025-09-16,11,1,1,0,22.953333333333333,64.02166666666668,1012.4590000000001,203156.86666666667,,0,0,0,0,0
2025-09-16 11:30:30,P1,22.92,64.67,1012.38,203099,,13.22,2025-09-16,11,1,1,0,22.949333333333335,64.04766666666667,1012.4526666666666,203255.63333333333,,0,0,0,0,0
2025-09-16 11:31:00,P1,22.94,65.05,1012.37,203727,,13.31,2025-09-16,11,1,1,0,22.947000000000003,64.08833333333334,1012.4463333333333,203367.2,,0,0,0,0,0
2025-09-16 11:31:30,P1,22.96,64.94,1012.36,203099,,13.3,2025-09-16,11,1,1,0,22.945666666666668,64.11366666666666,1012.4403333333335,203425.16666666666,,0,0,0,0,0
2025-09-16 11:32:00,P1,22.98,64.92,1012.35,201730,,13.31,2025-09-16,11,1,1,0,22.945,64.134,1012.4343333333333,203490.43333333332,,0,0,0,0,0
2025-09-16 11:32:30,P1,23.0,64.69,1012.34,202474,,13.28,2025-09-16,11,1,1,0,22.945,64.139,1012.4283333333333,203515.23333333334,,0,0,0,0,0
2025-09-16 11:33:01,P1,23.01,64.44,1012.32,202350,,13.24,2025-09-16,11,1,1,0,22.945666666666668,64.14333333333335,1012.422,203593.06666666668,,0,0,0,0,0
2025-09-16 11:33:31,P1,23.01,64.49,1012.31,201978,,13.25,2025-09-16,11,1,1,0,22.94633333333333,64.138,1012.4153333333335,203601.33333333334,,0,0,0,0,0
2025-09-16 11:34:01,P1,23.02,64.97,1012.3,201360,,13.35,2025-09-16,11,1,1,0,22.947666666666667,64.171,1012.4083333333333,203589.0,,0,0,0,0,0
2025-09-16 11:34:31,P1,23.02,64.84,1012.29,202350,,13.33,2025-09-16,11,1,1,0,22.949333333333335,64.191,1012.4010000000001,203617.9,,0,0,0,0,0
2025-09-16 11:35:01,P1,23.01,64.98,1012.28,201854,,13.35,2025-09-16,11,1,1,0,22.951000000000004,64.20833333333333,1012.3933333333333,203597.23333333334,,0,0,0,0,0
2025-09-16 11:35:32,P1,23.0,64.88,1012.28,201978,,13.32,2025-09-16,11,1,1,0,22.952333333333335,64.232,1012.386,203617.83333333334,,0,0,0,0,0
2025-09-16 11:36:02,P1,23.0,64.87,1012.28,201360,,13.32,2025-09-16,11,1,1,0,22.953666666666667,64.26733333333333,1012.3786666666667,203601.36666666667,,0,0,0,0,0
2025-09-16 11:36:32,P1,23.01,64.94,1012.27,203224,,13.34,2025-09-16,11,1,1,0,22.955333333333336,64.32033333333334,1012.3716666666666,203601.36666666667,,0,0,0,0,0
2025-09-16 11:37:02,P1,23.03,64.74,1012.25,200624,,13.31,2025-09-16,11,1,1,0,22.957666666666668,64.364,1012.3643333333332,203527.23333333334,,0,0,0,0,0
2025-09-16 11:37:32,P1,23.04,64.95,1012.24,201607,,13.36,2025-09-16,11,1,1,0,22.96033333333333,64.40933333333334,1012.357,203456.56666666668,,0,0,0,0,0
2025-09-16 11:38:03,P1,23.03,64.53,1012.22,200746,,13.27,2025-09-16,11,1,1,0,22.96266666666667,64.43966666666667,1012.3496666666667,203365.6,,0,0,0,0,0
2025-09-16 11:38:33,P1,23.03,64.76,1012.22,201483,,13.31,2025-09-16,11,1,1,0,22.965333333333334,64.47966666666666,1012.3426666666667,203261.26666666666,,0,0,0,0,0
2025-09-16 11:39:03,P1,23.02,64.72,1012.21,200136,,13.3,2025-09-16,11,1,1,0,22.968333333333337,64.52,1012.3353333333333,203073.7,,0,0,0,0,0
2025-09-16 11:39:33,P1,23.02,64.68,1012.2,200258,,13.29,2025-09-16,11,1,1,0,22.971666666666668,64.55466666666666,1012.3279999999999,202911.56666666668,,0,0,0,0,0
2025-09-16 11:40:03,P1,23.02,64.69,1012.19,201607,,13.3,2025-09-16,11,1,1,0,22.974666666666668,64.57766666666666,1012.3203333333333,202794.4,,0,0,0,0,0
2025-09-16 11:40:34,P1,23.01,64.72,1012.18,202101,,13.3,2025-09-16,11,1,1,0,22.97733333333333,64.61066666666667,1012.3126666666667,202697.93333333332,,0,0,0,0,0
2025-09-16 11:41:04,P1,23.0,64.52,1012.18,201483,,13.25,2025-09-16,11,1,1,0,22.979666666666667,64.62033333333333,1012.3053333333334,202602.06666666668,,0,0,0,0,0
2025-09-16 11:41:34,P1,22.98,64.4,1012.16,201854,,13.21,2025-09-16,11,1,1,0,22.98166666666667,64.627,1012.2976666666667,202510.1,,0,0,0,0,0
2025-09-16 11:42:04,P1,22.97,64.33,1012.16,200624,,13.18,2025-09-16,11,1,1,0,22.983333333333334,64.64566666666667,1012.2900000000001,202343.06666666668,,0,0,0,0,0
2025-09-16 11:42:34,P1,22.96,64.65,1012.15,200380,,13.24,2025-09-16,11,1,1,0,22.98466666666667,64.68366666666667,1012.2819999999999,202185.0,,0,0,0,0,0
2025-09-16 11:43:04,P1,22.95,64.61,1012.14,203099,,13.22,2025-09-16,11,1,1,0,22.985666666666663,64.70933333333333,1012.2736666666666,202113.3,,0,0,0,0,0
2025-09-16 11:43:35,P1,22.94,64.43,1012.13,202848,,13.18,2025-09-16,11,1,1,0,22.986333333333334,64.723,1012.2646666666666,202046.0,,0,0,0,0,0
2025-09-16 11:44:05,P1,22.92,64.11,1012.12,202973,,13.1,2025-09-16,11,1,1,0,22.986666666666668,64.71533333333333,1012.2553333333333,202037.63333333333,,0,0,0,0,0
2025-09-16 11:44:35,P1,22.92,64.75,1012.12,201730,,13.23,2025-09-16,11,1,1,0,22.987333333333336,64.708,1012.246,201924.56666666668,,0,0,0,0,0
2025-09-16 11:45:05,P1,22.92,64.5,1012.11,203349,,13.18,2025-09-16,11,1,1,0,22.988,64.69233333333334,1012.237,201916.16666666666,,0,0,0,0,0
2025-09-16 11:45:35,P1,22.92,64.7,1012.1,202848,,13.22,2025-09-16,11,1,1,0,22.988,64.69333333333333,1012.2276666666668,201907.8,,0,0,0,0,0
2025-09-16 11:46:06,P1,22.93,64.55,1012.09,203349,,13.2,2025-09-16,11,1,1,0,22.987666666666666,64.67666666666666,1012.2183333333334,201895.2,,0,0,0,0,0
2025-09-16 11:46:36,P1,22.94,64.69,1012.09,202350,,13.24,2025-09-16,11,1,1,0,22.987000000000002,64.66833333333334,1012.2093333333333,201870.23333333334,,0,0,0,0,0
2025-09-16 11:47:06,P1,22.96,64.49,1012.07,202848,,13.21,2025-09-16,11,1,1,0,22.986333333333334,64.65400000000001,1012.2,201907.5,,0,0,0,0,0
2025-09-16 11:47:36,P1,22.98,64.76,1012.06,202474,,13.28,2025-09-16,11,1,1,0,22.985666666666667,64.65633333333334,1012.1906666666667,201907.5,,0,0,0,0,0
2025-09-16 11:48:06,P1,23.0,64.67,1012.05,202474,,13.27,2025-09-16,11,1,1,0,22.985333333333337,64.664,1012.1816666666667,201911.63333333333,,0,0,0,0,0
2025-09-16 11:48:37,P1,23.0,63.99,1012.04,202973,,13.13,2025-09-16,11,1,1,0,22.985000000000003,64.64733333333332,1012.1726666666667,201944.8,,0,0,0,0,0
2025-09-16 11:49:07,P1,23.0,64.39,1012.04,202350,,13.22,2025-09-16,11,1,1,0,22.984333333333336,64.628,1012.164,201977.8,,0,0,0,0,0
2025-09-16 11:49:37,P1,22.99,64.08,1012.02,202848,,13.15,2025-09-16,11,1,1,0,22.983333333333334,64.60266666666666,1012.155,201994.4,,0,0,0,0,0
2025-09-16 11:50:07,P1,22.98,64.1,1012.02,203601,,13.14,2025-09-16,11,1,1,0,22.982333333333333,64.57333333333334,1012.1463333333334,202052.63333333333,,0,0,0,0,0
2025-09-16 11:50:37,P1,22.98,64.62,1012.01,203979,,13.25,2025-09-16,11,1,1,0,22.981666666666666,64.56466666666667,1012.1373333333335,202119.33333333334,,0,0,0,0,0
2025-09-16 11:51:08,P1,22.97,64.51,1011.99,201854,,13.22,2025-09-16,11,1,1,0,22.980666666666664,64.55266666666667,1012.1276666666666,202135.8,,0,0,0,0,0
2025-09-16 11:51:38,P1,22.96,64.52,1011.98,202848,,13.22,2025-09-16,11,1,1,0,22.979,64.53866666666666,1012.118,202123.26666666666,,0,0,0,0,0
2025-09-16 11:52:08,P1,22.93,63.93,1011.96,204995,,13.07,2025-09-16,11,1,1,0,22.975666666666665,64.51166666666667,1012.1083333333333,202268.96666666667,,0,0,0,0,0
2025-09-16 11:52:38,P1,22.9,64.48,1011.95,204232,,13.16,2025-09-16,11,1,1,0,22.971,64.49600000000001,1012.0986666666666,202356.46666666667,,0,0,0,0,0
2025-09-16 11:53:08,P1,22.88,64.54,1011.93,204613,,13.16,2025-09-16,11,1,1,0,22.966,64.49633333333334,1012.0889999999999,202485.36666666667,,0,0,0,0,0
2025-09-16 11:53:39,P1,22.86,64.25,1011.92,204740,,13.09,2025-09-16,11,1,1,0,22.96033333333333,64.47933333333334,1012.0790000000001,202593.93333333332,,0,0,0,0,0
2025-09-16 11:54:09,P1,22.85,64.98,1011.9,202848,,13.22,2025-09-16,11,1,1,0,22.954666666666665,64.488,1012.0686666666666,202684.33333333334,,0,0,0,0,0
2025-09-16 11:54:39,P1,22.84,64.99,1011.89,203349,,13.22,2025-09-16,11,1,1,0,22.948666666666668,64.49833333333333,1012.0583333333333,202787.36666666667,,0,0,0,0,0
2025-09-16 11:55:09,P1,22.82,64.87,1011.88,205122,,13.18,2025-09-16,11,1,1,0,22.942,64.50433333333334,1012.048,202904.53333333333,,0,0,0,0,0
2025-09-16 11:55:39,P1,22.81,64.57,1011.86,201978,,13.11,2025-09-16,11,1,1,0,22.935333333333336,64.49933333333334,1012.0373333333333,202900.43333333332,,0,0,0,0,0
2025-09-16 11:56:09,P1,22.81,64.43,1011.84,204105,,13.08,2025-09-16,11,1,1,0,22.929,64.49633333333334,1012.026,202987.83333333334,,0,0,0,0,0
2025-09-16 11:56:40,P1,22.8,64.6,1011.83,204613,,13.11,2025-09-16,11,1,1,0,22.923000000000002,64.503,1012.0149999999999,203079.8,,0,0,0,0,0
2025-09-16 11:57:10,P1,22.8,64.58,1011.82,204359,,13.1,2025-09-16,11,1,1,0,22.917333333333332,64.51133333333333,1012.0036666666667,203204.3,,0,0,0,0,0
2025-09-16 11:57:40,P1,22.8,64.43,1011.81,205122,,13.08,2025-09-16,11,1,1,0,22.912,64.504,1011.9923333333334,203362.36666666667,,0,0,0,0,0
2025-09-16 11:58:10,P1,22.81,64.27,1011.8,204613,,13.05,2025-09-16,11,1,1,0,22.907333333333334,64.49266666666666,1011.981,203412.83333333334,,0,0,0,0,0
2025-09-16 11:58:40,P1,22.83,64.34,1011.79,203224,,13.08,2025-09-16,11,1,1,0,22.903666666666666,64.48966666666666,1011.9696666666666,203425.36666666667,,0,0,0,0,0
2025-09-16 11:59:11,P1,22.85,64.43,1011.79,205763,,13.11,2025-09-16,11,1,1,0,22.901333333333337,64.50033333333333,1011.9586666666668,203518.36666666667,,0,0,0,0,0
2025-09-16 11:59:41,P1,22.87,64.26,1011.77,204613,,13.09,2025-09-16,11,1,1,0,22.89966666666667,64.484,1011.947,203614.46666666667,,0,0,0,0,0
2025-09-16 12:00:11,P1,22.87,64.55,1011.76,203601,,13.16,2025-09-16,12,1,1,0,22.898,64.48566666666666,1011.9353333333332,203622.86666666667,,0,0,0,0,0
2025-09-16 12:00:41,P1,22.87,63.8,1011.76,204359,,13.0,2025-09-16,12,1,1,0,22.896333333333335,64.45566666666667,1011.9240000000001,203673.23333333334,,0,0,0,0,0
2025-09-16 12:01:11,P1,22.86,63.92,1011.75,205635,,13.01,2025-09-16,12,1,1,0,22.894,64.43466666666667,1011.9126666666667,203749.43333333332,,0,0,0,0,0
2025-09-16 12:01:42,P1,22.85,63.77,1011.74,205122,,12.98,2025-09-16,12,1,1,0,22.891000000000002,64.404,1011.901,203841.83333333334,,0,0,0,0,0
2025-09-16 12:02:12,P1,22.84,63.91,1011.74,204613,,13.0,2025-09-16,12,1,1,0,22.887,64.38466666666666,1011.89,203900.66666666666,,0,0,0,0,0
2025-09-16 12:02:42,P1,22.83,64.09,1011.74,206408,,13.03,2025-09-16,12,1,1,0,22.881999999999998,64.36233333333332,1011.8793333333332,204031.8,,0,0,0,0,0
2025-09-16 12:03:12,P1,22.8,64.04,1011.73,206021,,13.0,2025-09-16,12,1,1,0,22.875333333333334,64.34133333333334,1011.8686666666666,204150.03333333333,,0,0,0,0,0
2025-09-16 12:03:42,P1,22.8,66.11,1011.72,203475,,13.42,2025-09-16,12,1,1,0,22.868666666666666,64.412,1011.858,204166.76666666666,,0,0,0,0,0
2025-09-16 12:04:13,P1,22.86,67.7,1011.72,201483,,13.78,2025-09-16,12,1,1,0,22.863999999999997,64.52233333333334,1011.8473333333334,204137.86666666667,,0,0,0,0,0
2025-09-16 12:04:43,P1,22.94,68.29,1011.72,197024,,13.97,2025-09-16,12,1,1,0,22.862333333333332,64.66266666666667,1011.8373333333333,203943.73333333334,,0,0,0,0,0
2025-09-16 12:05:13,P1,23.04,68.53,1011.72,194579,,14.1,2025-09-16,12,1,1,0,22.86433333333333,64.81033333333333,1011.8273333333333,203643.0,,0,0,0,0,0
2025-09-16 12:05:43,P1,23.15,68.26,1011.7,192644,,14.14,2025-09-16,12,1,1,0,22.87,64.93166666666667,1011.8169999999999,203265.16666666666,,0,0,0,0,0
2025-09-16 12:06:13,P1,23.26,68.57,1011.75,192307,,14.29,2025-09-16,12,1,1,0,22.879666666666665,65.067,1011.809,202946.93333333332,,0,0,0,0,0
2025-09-16 12:06:44,P1,23.35,68.68,1011.73,188779,,14.38,2025-09-16,12,1,1,0,22.892666666666667,65.20566666666667,1011.8006666666666,202477.96666666667,,0,0,0,0,0
2025-09-16 12:07:14,P1,23.43,68.8,1011.72,188240,,14.48,2025-09-16,12,1,1,0,22.909333333333336,65.368,1011.7926666666667,201919.46666666667,,0,0,0,0,0
2025-09-16 12:07:44,P1,23.5,68.29,1011.7,187383,,14.42,2025-09-16,12,1,1,0,22.929333333333336,65.495,1011.7843333333334,201357.83333333334,,0,0,0,0,0
2025-09-16 12:08:14,P1,23.56,68.54,1011.68,186318,,14.53,2025-09-16,12,1,1,0,22.951999999999998,65.62833333333334,1011.776,200748.0,,0,0,0,0,0
2025-09-16 12:08:44,P1,23.61,68.69,1011.66,185288,,14.6,2025-09-16,12,1,1,0,22.977,65.77633333333333,1011.7673333333333,200099.6,,0,0,0,0,0
2025-09-16 12:09:14,P1,23.65,68.17,1011.66,185493,,14.53,2025-09-16,12,1,1,0,23.003666666666668,65.88266666666667,1011.7593333333334,199521.1,,0,0,0,0,0
2025-09-16 12:09:45,P1,23.69,68.5,1011.64,185288,,14.63,2025-09-16,12,1,1,0,23.032,65.99966666666667,1011.7510000000001,198919.06666666668,,0,0,0,0,0
2025-09-16 12:10:15,P1,23.72,68.01,1011.61,185288,,14.55,2025-09-16,12,1,1,0,23.062,66.10433333333333,1011.7420000000001,198257.93333333332,,0,0,0,0,0
2025-09-16 12:10:45,P1,23.75,68.28,1011.6,185083,,14.63,2025-09-16,12,1,1,0,23.09333333333333,66.228,1011.7333333333333,197694.76666666666,,0,0,0,0,0
2025-09-16 12:11:15,P1,23.76,68.28,1011.59,183864,,14.64,2025-09-16,12,1,1,0,23.125,66.35633333333334,1011.725,197020.06666666668,,0,0,0,0,0
2025-09-16 12:11:45,P1,23.78,68.43,1011.58,184471,,14.68,2025-09-16,12,1,1,0,23.157666666666668,66.484,1011.7166666666667,196348.66666666666,,0,0,0,0,0
2025-09-16 12:12:16,P1,23.79,68.38,1011.56,184675,,14.68,2025-09-16,12,1,1,0,23.19066666666667,66.61066666666667,1011.708,195692.53333333333,,0,0,0,0,0
2025-09-16 12:12:46,P1,23.8,68.54,1011.55,182661,,14.73,2025-09-16,12,1,1,0,23.223999999999997,66.74766666666667,1011.6993333333334,194943.83333333334,,0,0,0,0,0
2025-09-16 12:13:16,P1,23.82,68.55,1011.53,182462,,14.75,2025-09-16,12,1,1,0,23.25766666666667,66.89033333333333,1011.6903333333335,194205.46666666667,,0,0,0,0,0
2025-09-16 12:13:46,P1,23.84,68.61,1011.53,182462,,14.77,2025-09-16,12,1,1,0,23.291333333333334,67.03266666666667,1011.6816666666667,193513.4,,0,0,0,0,0
2025-09-16 12:14:16,P1,23.86,68.76,1011.52,182263,,14.82,2025-09-16,12,1,1,0,23.325,67.177,1011.6726666666667,192730.06666666668,,0,0,0,0,0
2025-09-16 12:14:47,P1,23.88,67.85,1011.51,181670,,14.64,2025-09-16,12,1,1,0,23.35866666666667,67.29666666666667,1011.664,191965.3,,0,0,0,0,0
2025-09-16 12:15:17,P1,23.9,68.46,1011.5,180886,,14.79,2025-09-16,12,1,1,0,23.393000000000004,67.427,1011.6553333333334,191208.13333333333,,0,0,0,0,0
2025-09-16 12:15:47,P1,23.91,68.21,1011.5,180301,,14.75,2025-09-16,12,1,1,0,23.427666666666667,67.574,1011.6466666666666,190406.2,,0,0,0,0,0
2025-09-16 12:16:17,P1,23.92,68.07,1011.48,179914,,14.73,2025-09-16,12,1,1,0,23.463,67.71233333333333,1011.6376666666666,189548.83333333334,,0,0,0,0,0
2025-09-16 12:16:47,P1,23.93,67.95,1011.47,181081,,14.71,2025-09-16,12,1,1,0,23.499000000000002,67.85166666666667,1011.6286666666667,188747.46666666667,,0,0,0,0,0
2025-09-16 12:17:18,P1,23.94,68.32,1011.46,180301,,14.79,2025-09-16,12,1,1,0,23.535666666666664,67.99866666666667,1011.6193333333333,187937.06666666668,,0,0,0,0,0
2025-09-16 12:17:48,P1,23.94,67.99,1011.46,181277,,14.72,2025-09-16,12,1,1,0,23.57266666666667,68.12866666666667,1011.6100000000001,187099.36666666667,,0,0,0,0,0
2025-09-16 12:18:18,P1,23.94,68.25,1011.46,179528,,14.78,2025-09-16,12,1,1,0,23.610666666666663,68.26899999999999,1011.6010000000001,186216.26666666666,,0,0,0,0,0
2025-09-16 12:18:48,P1,23.93,68.16,1011.45,180690,,14.76,2025-09-16,12,1,1,0,23.648333333333333,68.33733333333333,1011.5920000000001,185456.76666666666,,0,0,0,0,0
2025-09-16 12:19:18,P1,23.94,67.9,1011.44,180301,,14.7,2025-09-16,12,1,1,0,23.68433333333333,68.34400000000001,1011.5826666666667,184750.7,,0,0,0,0,0
2025-09-16 12:19:48,P1,23.94,68.18,1011.43,180886,,14.76,2025-09-16,12,1,1,0,23.717666666666666,68.34033333333333,1011.5730000000001,184212.76666666666,,0,0,0,0,0
2025-09-16 12:20:19,P1,23.94,67.96,1011.42,179914,,14.72,2025-09-16,12,1,1,0,23.747666666666667,68.32133333333333,1011.563,183723.93333333332,,0,0,0,0,0
2025-09-16 12:20:49,P1,23.92,65.99,1011.42,182263,,14.27,2025-09-16,12,1,1,0,23.773333333333333,68.24566666666666,1011.5536666666667,183377.9,,0,0,0,0,0
2025-09-16 12:21:19,P1,23.86,65.47,1011.41,185288,,14.11,2025-09-16,12,1,1,0,23.793333333333337,68.14233333333333,1011.5423333333333,183143.93333333332,,0,0,0,0,0
2025-09-16 12:21:49,P1,23.79,65.57,1011.41,185698,,14.08,2025-09-16,12,1,1,0,23.808,68.03866666666667,1011.5316666666666,183041.23333333334,,0,0,0,0,0
2025-09-16 12:22:19,P1,23.71,65.99,1011.41,185275,,14.1,2025-09-16,12,1,1,0,23.817333333333334,67.94500000000001,1011.5213333333334,182942.4,,0,0,0,0,0
2025-09-16 12:22:50,P1,23.62,65.86,1011.41,188025,,14.01,2025-09-16,12,1,1,0,23.82133333333333,67.86399999999999,1011.5116666666667,182963.8,,0,0,0,0,0
2025-09-16 12:23:20,P1,23.52,65.83,1011.4,187811,,13.92,2025-09-16,12,1,1,0,23.82,67.77366666666666,1011.5023333333334,183013.56666666668,,0,0,0,0,0
2025-09-16 12:23:50,P1,23.41,66.21,1011.39,190417,,13.91,2025-09-16,12,1,1,0,23.813333333333333,67.691,1011.4933333333333,183184.53333333333,,0,0,0,0,0
2025-09-16 12:24:20,P1,23.3,65.92,1011.38,191301,,13.77,2025-09-16,12,1,1,0,23.80166666666667,67.616,1011.4839999999999,183378.13333333333,,0,0,0,0,0
2025-09-16 12:24:50,P1,23.2,66.32,1011.38,191859,,13.77,2025-09-16,12,1,1,0,23.78533333333333,67.54333333333334,1011.4753333333333,183597.16666666666,,0,0,0,0,0
2025-09-16 12:25:21,P1,23.12,66.08,1011.37,193096,,13.66,2025-09-16,12,1,1,0,23.765333333333334,67.479,1011.4673333333333,183857.43333333332,,0,0,0,0,0
2025-09-16 12:25:51,P1,23.06,66.01,1011.35,193436,,13.59,2025-09-16,12,1,1,0,23.742333333333338,67.40333333333334,1011.4590000000001,184135.86666666667,,0,0,0,0,0
2025-09-16 12:26:21,P1,22.98,65.83,1011.34,196436,,13.5,2025-09-16,12,1,1,0,23.716333333333335,67.32166666666667,1011.4506666666667,184554.93333333332,,0,0,0,0,0
2025-09-16 12:26:51,P1,22.91,65.58,1011.32,195387,,13.39,2025-09-16,12,1,1,0,23.687333333333335,67.22666666666666,1011.4420000000001,184918.8,,0,0,0,0,0
2025-09-16 12:27:21,P1,22.86,65.54,1011.31,197496,,13.35,2025-09-16,12,1,1,0,23.656333333333336,67.13199999999999,1011.4336666666667,185346.16666666666,,0,0,0,0,0
2025-09-16 12:27:52,P1,22.81,65.4,1011.29,197733,,13.28,2025-09-16,12,1,1,0,23.623333333333335,67.02733333333333,1011.425,185848.56666666668,,0,0,0,0,0
2025-09-16 12:28:22,P1,22.76,65.61,1011.27,198928,,13.28,2025-09-16,12,1,1,0,23.588,66.92933333333333,1011.4163333333332,186397.43333333332,,0,0,0,0,0
2025-09-16 12:28:52,P1,22.72,65.8,1011.27,199409,,13.29,2025-09-16,12,1,1,0,23.550666666666665,66.83566666666667,1011.4076666666666,186962.33333333334,,0,0,0,0,0
2025-09-16 12:29:22,P1,22.68,65.6,1011.27,199530,,13.22,2025-09-16,12,1,1,0,23.51133333333333,66.73033333333333,1011.3993333333333,187537.9,,0,0,0,0,0
2025-09-16 12:29:52,P1,22.65,65.35,1011.25,202350,,13.15,2025-09-16,12,1,1,0,23.470333333333333,66.64699999999999,1011.3906666666667,188227.23333333334,,0,0,0,0,0
2025-09-16 12:30:23,P1,22.63,65.74,1011.25,201114,,13.21,2025-09-16,12,1,1,0,23.428,66.55633333333333,1011.3823333333333,188901.5,,0,0,0,0,0
2025-09-16 12:30:53,P1,22.63,66.65,1011.24,201237,,13.39,2025-09-16,12,1,1,0,23.385333333333335,66.50433333333334,1011.3736666666666,189599.36666666667,,0,0,0,0,0
2025-09-16 12:31:23,P1,22.68,68.99,1011.25,198928,,13.91,2025-09-16,12,1,1,0,23.344,66.535,1011.366,190233.16666666666,,0,0,0,0,0
2025-09-16 12:31:53,P1,22.77,70.21,1011.25,195040,,14.22,2025-09-16,12,1,1,0,23.305333333333333,66.61033333333333,1011.3586666666666,190698.46666666667,,0,0,0,0,0
2025-09-16 12:32:23,P1,22.87,70.44,1011.25,191970,,14.35,2025-09-16,12,1,1,0,23.26966666666667,66.681,1011.3516666666667,191087.43333333332,,0,0,0,0,0
2025-09-16 12:32:53,P1,22.97,70.03,1011.24,191301,,14.35,2025-09-16,12,1,1,0,23.237333333333332,66.749,1011.3443333333332,191421.56666666668,,0,0,0,0,0
2025-09-16 12:33:24,P1,23.07,70.39,1011.23,187277,,14.51,2025-09-16,12,1,1,0,23.208333333333332,66.82033333333332,1011.3366666666666,191679.86666666667,,0,0,0,0,0
2025-09-16 12:33:54,P1,23.17,70.56,1011.24,186323,,14.63,2025-09-16,12,1,1,0,23.183,66.90033333333332,1011.3296666666666,191867.63333333333,,0,0,0,0,0
2025-09-16 12:34:24,P1,23.26,70.25,1011.24,185171,,14.64,2025-09-16,12,1,1,0,23.160333333333334,66.97866666666667,1011.323,192029.96666666667,,0,0,0,0,0
2025-09-16 12:34:54,P1,23.34,70.49,1011.25,184268,,14.75,2025-09-16,12,1,1,0,23.140333333333334,67.05566666666667,1011.3169999999999,192142.7,,0,0,0,0,0
2025-09-16 12:35:24,P1,23.41,70.41,1011.24,184066,,14.79,2025-09-16,12,1,1,0,23.122666666666664,67.13733333333333,1011.311,192281.1,,0,0,0,0,0
2025-09-16 12:35:55,P1,23.46,70.41,1011.23,182661,,14.84,2025-09-16,12,1,1,0,23.107333333333333,67.28466666666667,1011.3046666666667,192294.36666666667,,0,0,0,0,0
2025-09-16 12:36:25,P1,23.51,70.63,1011.23,181277,,14.92,2025-09-16,12,1,1,0,23.095666666666666,67.45666666666666,1011.2986666666667,192160.66666666666,,0,0,0,0,0
2025-09-16 12:36:55,P1,23.54,70.56,1011.22,180108,,14.94,2025-09-16,12,1,1,0,23.087333333333333,67.62299999999999,1011.2923333333333,191974.33333333334,,0,0,0,0,0
2025-09-16 12:37:25,P1,23.57,70.83,1011.2,180496,,15.02,2025-09-16,12,1,1,0,23.082666666666668,67.78433333333334,1011.2853333333334,191815.03333333333,,0,0,0,0,0
2025-09-16 12:37:55,P1,23.6,70.49,1011.19,179914,,14.98,2025-09-16,12,1,1,0,23.081999999999997,67.93866666666666,1011.278,191544.66666666666,,0,0,0,0,0
2025-09-16 12:38:26,P1,23.63,70.58,1011.18,178762,,15.02,2025-09-16,12,1,1,0,23.085666666666665,68.09700000000001,1011.2706666666667,191243.03333333333,,0,0,0,0,0
2025-09-16 12:38:56,P1,23.65,70.16,1011.17,178571,,14.95,2025-09-16,12,1,1,0,23.093666666666667,68.22866666666667,1011.2633333333332,190848.16666666666,,0,0,0,0,0
2025-09-16 12:39:26,P1,23.67,70.06,1011.17,179144,,14.94,2025-09-16,12,1,1,0,23.105999999999998,68.36666666666666,1011.2563333333334,190442.93333333332,,0,0,0,0,0
2025-09-16 12:39:56,P1,23.68,69.98,1011.17,178762,,14.94,2025-09-16,12,1,1,0,23.122,68.48866666666666,1011.2493333333333,190006.36666666667,,0,0,0,0,0
2025-09-16 12:40:26,P1,23.7,69.72,1011.17,179144,,14.89,2025-09-16,12,1,1,0,23.141333333333332,68.61,1011.2426666666668,189541.3,,0,0,0,0,0
2025-09-16 12:40:57,P1,23.71,69.92,1011.16,178381,,14.95,2025-09-16,12,1,1,0,23.163,68.74033333333334,1011.2363333333334,189039.46666666667,,0,0,0,0,0
2025-09-16 12:41:27,P1,23.72,70.05,1011.16,178002,,14.98,2025-09-16,12,1,1,0,23.187666666666665,68.881,1011.2303333333333,188425.0,,0,0,0,0,0
2025-09-16 12:41:57,P1,23.73,70.34,1011.16,178381,,15.05,2025-09-16,12,1,1,0,23.214999999999996,69.03966666666666,1011.225,187858.13333333333,,0,0,0,0,0
2025-09-16 12:42:27,P1,23.74,70.21,1011.16,178002,,15.04,2025-09-16,12,1,1,0,23.24433333333333,69.19533333333334,1011.22,187208.33333333334,,0,0,0,0,0
2025-09-16 12:42:57,P1,23.76,70.4,1011.15,177061,,15.09,2025-09-16,12,1,1,0,23.276,69.36200000000001,1011.2153333333333,186519.26666666666,,0,0,0,0,0
2025-09-16 12:43:28,P1,23.77,70.02,1011.15,176130,,15.02,2025-09-16,12,1,1,0,23.309666666666665,69.509,1011.2113333333333,185759.33333333334,,0,0,0,0,0
2025-09-16 12:43:58,P1,23.78,70.06,1011.14,177249,,15.04,2025-09-16,12,1,1,0,23.345000000000002,69.651,1011.207,185020.66666666666,,0,0,0,0,0
2025-09-16 12:44:28,P1,23.79,69.94,1011.14,177625,,15.02,2025-09-16,12,1,1,0,23.382,69.79566666666666,1011.2026666666666,184290.5,,0,0,0,0,0
2025-09-16 12:44:58,P1,23.79,68.72,1011.13,177813,,14.76,2025-09-16,12,1,1,0,23.419999999999998,69.908,1011.1986666666667,183472.6,,0,0,0,0,0
2025-09-16 12:45:28,P1,23.77,67.71,1011.12,179721,,14.52,2025-09-16,12,1,1,0,23.458000000000002,69.97366666666667,1011.1943333333332,182759.5,,0,0,0,0,0
2025-09-16 12:45:59,P1,23.73,67.43,1011.09,182065,,14.43,2025-09-16,12,1,1,0,23.494666666666664,69.99966666666666,1011.1893333333334,182120.43333333332,,0,0,0,0,0
2025-09-16 12:46:29,P1,23.66,66.9,1011.09,183060,,14.26,2025-09-16,12,1,1,0,23.527333333333335,69.93,1011.184,181591.5,,0,0,0,0,0
2025-09-16 12:46:59,P1,23.58,66.65,1011.08,184675,,14.14,2025-09-16,12,1,1,0,23.554333333333332,69.81133333333334,1011.1783333333334,181246.0,,0,0,0,0,0
2025-09-16 12:47:29,P1,23.5,66.39,1011.07,185171,,14.02,2025-09-16,12,1,1,0,23.575333333333333,69.67633333333333,1011.1723333333334,181019.36666666667,,0,0,0,0,0
2025-09-16 12:47:59,P1,23.4,66.24,1011.06,187277,,13.91,2025-09-16,12,1,1,0,23.589666666666666,69.55,1011.1663333333333,180885.23333333334,,0,0,0,0,0
2025-09-16 12:48:29,P1,23.31,66.32,1011.06,189105,,13.86,2025-09-16,12,1,1,0,23.59766666666667,69.41433333333333,1011.1606666666667,180946.16666666666,,0,0,0,0,0
2025-09-16 12:49:00,P1,23.21,65.64,1011.07,190307,,13.64,2025-09-16,12,1,1,0,23.599,69.25033333333334,1011.155,181078.96666666667,,0,0,0,0,0
2025-09-16 12:49:30,P1,23.1,65.34,1011.07,192870,,13.49,2025-09-16,12,1,1,0,23.593666666666664,69.08666666666666,1011.1493333333333,181335.6,,0,0,0,0,0
2025-09-16 12:50:00,P1,23.0,65.75,1011.06,193778,,13.5,2025-09-16,12,1,1,0,23.58233333333333,68.92866666666667,1011.143,181652.6,,0,0,0,0,0
2025-09-16 12:50:30,P1,22.92,66.03,1011.05,194235,,13.5,2025-09-16,12,1,1,0,23.566,68.78266666666667,1011.1366666666667,181991.56666666668,,0,0,0,0,0
2025-09-16 12:51:00,P1,22.86,66.04,1011.04,197260,,13.45,2025-09-16,12,1,1,0,23.546,68.63699999999999,1011.1303333333333,182478.2,,0,0,0,0,0
2025-09-16 12:51:31,P1,22.82,66.75,1011.03,196319,,13.56,2025-09-16,12,1,1,0,23.523,68.50766666666667,1011.1236666666666,182979.6,,0,0,0,0,0
2025-09-16 12:52:01,P1,22.78,66.22,1011.03,197260,,13.42,2025-09-16,12,1,1,0,23.497666666666664,68.363,1011.1173333333334,183551.33333333334,,0,0,0,0,0
2025-09-16 12:52:31,P1,22.75,66.37,1011.06,197971,,13.43,2025-09-16,12,1,1,0,23.47033333333333,68.21433333333333,1011.1126666666665,184133.83333333334,,0,0,0,0,0
2025-09-16 12:53:01,P1,22.74,65.83,1011.04,200136,,13.31,2025-09-16,12,1,1,0,23.441666666666666,68.059,1011.1076666666667,184807.9,,0,0,0,0,0
2025-09-16 12:53:31,P1,22.72,66.12,1011.03,198090,,13.36,2025-09-16,12,1,1,0,23.411333333333335,67.91033333333333,1011.1026666666666,185452.16666666666,,0,0,0,0,0
2025-09-16 12:54:02,P1,22.73,66.11,1011.03,198209,,13.36,2025-09-16,12,1,1,0,23.380666666666666,67.77533333333334,1011.0980000000001,186106.76666666666,,0,0,0,0,0
2025-09-16 12:54:32,P1,22.72,65.91,1011.02,199409,,13.32,2025-09-16,12,1,1,0,23.349,67.637,1011.093,186782.26666666666,,0,0,0,0,0
2025-09-16 12:55:02,P1,22.71,65.82,1011.01,201360,,13.29,2025-09-16,12,1,1,0,23.316666666666666,67.49833333333332,1011.0876666666667,187535.53333333333,,0,0,0,0,0
2025-09-16 12:55:32,P1,22.71,65.99,1011.0,200136,,13.32,2025-09-16,12,1,1,0,23.283666666666665,67.374,1011.082,188235.26666666666,,0,0,0,0,0
2025-09-16 12:56:02,P1,22.7,66.08,1011.01,201114,,13.33,2025-09-16,12,1,1,0,23.25,67.24600000000001,1011.0769999999999,188993.03333333333,,0,0,0,0,0
2025-09-16 12:56:33,P1,22.7,66.23,1011.0,200624,,13.36,2025-09-16,12,1,1,0,23.216,67.11866666666667,1011.0716666666666,189747.1,,0,0,0,0,0
2025-09-16 12:57:03,P1,22.7,66.26,1011.0,202848,,13.37,2025-09-16,12,1,1,0,23.18166666666667,66.98266666666667,1011.0663333333333,190562.66666666666,,0,0,0,0,0
2025-09-16 12:57:33,P1,22.7,66.27,1010.99,201607,,13.37,2025-09-16,12,1,1,0,23.147,66.85133333333333,1011.0606666666666,191349.5,,0,0,0,0,0
2025-09-16 12:58:03,P1,22.69,65.82,1010.99,201730,,13.27,2025-09-16,12,1,1,0,23.111333333333334,66.69866666666667,1011.0553333333334,192171.8,,0,0,0,0,0
2025-09-16 12:58:33,P1,22.67,65.73,1010.99,201607,,13.24,2025-09-16,12,1,1,0,23.074666666666666,66.55566666666667,1011.05,193021.03333333333,,0,0,0,0,0
2025-09-16 12:59:04,P1,22.66,65.94,1010.98,202848,,13.28,2025-09-16,12,1,1,0,23.037333333333333,66.41833333333334,1011.0446666666667,193874.33333333334,,0,0,0,0,0
2025-09-16 12:59:34,P1,22.65,66.34,1010.97,202848,,13.35,2025-09-16,12,1,1,0,22.999333333333333,66.29833333333333,1011.0390000000001,194715.1,,0,0,0,0,0
2025-09-16 13:00:04,P1,22.64,66.23,1010.96,203224,,13.32,2025-09-16,13,1,1,0,22.961000000000002,66.21533333333333,1011.0333333333333,195562.13333333333,,0,0,0,0,0
2025-09-16 13:00:34,P1,22.63,65.79,1010.94,204105,,13.22,2025-09-16,13,1,1,0,22.923,66.15133333333333,1011.0273333333333,196374.93333333332,,0,0,0,0,0
2025-09-16 13:01:04,P1,22.61,65.59,1010.94,204359,,13.17,2025-09-16,13,1,1,0,22.88566666666667,66.09,1011.0223333333334,197118.06666666668,,0,0,0,0,0
2025-09-16 13:01:34,P1,22.59,65.53,1010.94,204486,,13.14,2025-09-16,13,1,1,0,22.85,66.04433333333334,1011.0173333333333,197832.26666666666,,0,0,0,0,0
2025-09-16 13:02:05,P1,22.58,66.18,1010.93,203979,,13.26,2025-09-16,13,1,1,0,22.816666666666666,66.02866666666667,1011.0123333333333,198475.73333333334,,0,0,0,0,0
2025-09-16 13:02:35,P1,22.57,65.69,1010.92,205250,,13.16,2025-09-16,13,1,1,0,22.785666666666668,66.00533333333333,1011.0073333333333,199145.03333333333,,0,0,0,0,0
2025-09-16 13:03:05,P1,22.58,66.27,1010.92,205250,,13.28,2025-09-16,13,1,1,0,22.758333333333333,66.00633333333333,1011.0026666666666,199744.13333333333,,0,0,0,0,0
2025-09-16 13:03:35,P1,22.58,65.43,1010.92,206150,,13.11,2025-09-16,13,1,1,0,22.733999999999998,65.97666666666666,1010.9979999999999,200312.3,,0,0,0,0,0
2025-09-16 13:04:05,P1,22.59,65.76,1010.92,206667,,13.19,2025-09-16,13,1,1,0,22.71333333333333,65.98066666666666,1010.993,200857.63333333333,,0,0,0,0,0
2025-09-16 13:04:36,P1,22.6,66.47,1010.91,205122,,13.34,2025-09-16,13,1,1,0,22.69666666666667,66.01833333333333,1010.9876666666667,201266.03333333333,,0,0,0,0,0
2025-09-16 13:05:06,P1,22.62,66.74,1010.91,204486,,13.41,2025-09-16,13,1,1,0,22.684000000000005,66.05133333333333,1010.9826666666667,201622.96666666667,,0,0,0,0,0
2025-09-16 13:05:36,P1,22.64,66.85,1010.95,204613,,13.44,2025-09-16,13,1,1,0,22.674666666666667,66.07866666666666,1010.9793333333333,201968.9,,0,0,0,0,0
2025-09-16 13:06:06,P1,22.66,66.69,1010.93,203853,,13.43,2025-09-16,13,1,1,0,22.668,66.10033333333334,1010.9756666666667,202188.66666666666,,0,0,0,0,0
2025-09-16 13:06:36,P1,22.67,66.06,1010.92,204867,,13.31,2025-09-16,13,1,1,0,22.663,66.07733333333333,1010.972,202473.6,,0,0,0,0,0
2025-09-16 13:07:07,P1,22.69,66.11,1010.9,203601,,13.34,2025-09-16,13,1,1,0,22.660000000000004,66.07366666666667,1010.9676666666667,202684.96666666667,,0,0,0,0,0
2025-09-16 13:07:37,P1,22.7,66.39,1010.89,204232,,13.4,2025-09-16,13,1,1,0,22.658333333333335,66.07433333333333,1010.962,202893.66666666666,,0,0,0,0,0
2025-09-16 13:08:07,P1,22.72,66.5,1010.89,204359,,13.44,2025-09-16,13,1,1,0,22.657666666666668,66.09666666666666,1010.957,203034.43333333332,,0,0,0,0,0
2025-09-16 13:08:37,P1,22.72,66.25,1010.87,203349,,13.38,2025-09-16,13,1,1,0,22.657666666666668,66.101,1010.9516666666666,203209.73333333334,,0,0,0,0,0
2025-09-16 13:09:07,P1,22.72,66.09,1010.87,203475,,13.35,2025-09-16,13,1,1,0,22.657333333333334,66.10033333333334,1010.9463333333333,203385.26666666666,,0,0,0,0,0
2025-09-16 13:09:38,P1,22.71,66.21,1010.87,203099,,13.37,2025-09-16,13,1,1,0,22.656999999999996,66.11033333333333,1010.9413333333334,203508.26666666666,,0,0,0,0,0
2025-09-16 13:10:08,P1,22.7,66.05,1010.87,203349,,13.33,2025-09-16,13,1,1,0,22.65666666666667,66.118,1010.9366666666666,203574.56666666668,,0,0,0,0,0
2025-09-16 13:10:38,P1,22.68,66.1,1010.86,202474,,13.32,2025-09-16,13,1,1,0,22.655666666666665,66.12166666666667,1010.932,203652.5,,0,0,0,0,0
2025-09-16 13:11:08,P1,22.66,65.82,1010.85,204867,,13.25,2025-09-16,13,1,1,0,22.654333333333334,66.113,1010.9266666666666,203777.6,,0,0,0,0,0
2025-09-16 13:11:38,P1,22.64,65.98,1010.84,202848,,13.27,2025-09-16,13,1,1,0,22.652333333333335,66.10466666666666,1010.9213333333333,203851.73333333334,,0,0,0,0,0
2025-09-16 13:12:09,P1,22.63,66.11,1010.84,203475,,13.28,2025-09-16,13,1,1,0,22.65,66.09966666666666,1010.9159999999999,203872.63333333333,,0,0,0,0,0
2025-09-16 13:12:39,P1,22.61,66.0,1010.83,203099,,13.25,2025-09-16,13,1,1,0,22.647000000000002,66.09066666666666,1010.9106666666667,203922.36666666667,,0,0,0,0,0
2025-09-16 13:13:09,P1,22.59,65.84,1010.84,203475,,13.2,2025-09-16,13,1,1,0,22.643666666666665,66.09133333333334,1010.9056666666668,203980.53333333333,,0,0,0,0,0
2025-09-16 13:13:39,P1,22.57,66.25,1010.84,203224,,13.27,2025-09-16,13,1,1,0,22.640333333333334,66.10866666666666,1010.9006666666667,204034.43333333332,,0,0,0,0,0
2025-09-16 13:14:09,P1,22.57,66.51,1010.84,202848,,13.32,2025-09-16,13,1,1,0,22.637333333333334,66.12766666666667,1010.8960000000001,204034.43333333332,,0,0,0,0,0
2025-09-16 13:14:39,P1,22.56,66.19,1010.84,203475,,13.25,2025-09-16,13,1,1,0,22.634333333333334,66.12266666666667,1010.8916666666667,204055.33333333334,,0,0,0,0,0
2025-09-16 13:15:10,P1,22.55,66.23,1010.84,204359,,13.25,2025-09-16,13,1,1,0,22.63133333333333,66.12266666666667,1010.8876666666667,204093.16666666666,,0,0,0,0,0
2025-09-16 13:15:40,P1,22.55,66.18,1010.85,202101,,13.24,2025-09-16,13,1,1,0,22.628666666666668,66.13566666666667,1010.8846666666667,204026.36666666667,,0,0,0,0,0
2025-09-16 13:16:10,P1,22.56,66.81,1010.85,201607,,13.38,2025-09-16,13,1,1,0,22.627,66.17633333333333,1010.8816666666667,203934.63333333333,,0,0,0,0,0
2025-09-16 13:16:40,P1,22.57,66.15,1010.85,201978,,13.25,2025-09-16,13,1,1,0,22.62633333333333,66.19699999999999,1010.8786666666667,203851.03333333333,,0,0,0,0,0
2025-09-16 13:17:10,P1,22.57,66.05,1010.86,202848,,13.23,2025-09-16,13,1,1,0,22.625999999999998,66.19266666666667,1010.8763333333334,203813.33333333334,,0,0,0,0,0
2025-09-16 13:17:41,P1,22.56,65.72,1010.86,203099,,13.16,2025-09-16,13,1,1,0,22.625666666666667,66.19366666666666,1010.8743333333333,203741.63333333333,,0,0,0,0,0
2025-09-16 13:18:11,P1,22.55,65.69,1010.86,204232,,13.14,2025-09-16,13,1,1,0,22.624666666666666,66.17433333333334,1010.8723333333334,203707.7,,0,0,0,0,0
2025-09-16 13:18:41,P1,22.56,67.69,1010.85,202101,,13.55,2025-09-16,13,1,1,0,22.624000000000002,66.24966666666667,1010.8700000000001,203572.73333333334,,0,0,0,0,0
2025-09-16 13:19:11,P1,22.63,69.64,1010.85,199289,,13.99,2025-09-16,13,1,1,0,22.625333333333334,66.379,1010.8676666666667,203326.8,,0,0,0,0,0
2025-09-16 13:19:41,P1,22.72,69.92,1010.84,194349,,14.13,2025-09-16,13,1,1,0,22.62933333333333,66.494,1010.8653333333333,202967.7,,0,0,0,0,0
2025-09-16 13:20:12,P1,22.83,70.56,1010.84,192870,,14.35,2025-09-16,13,1,1,0,22.63633333333333,66.62133333333333,1010.8629999999999,202580.5,,0,0,0,0,0
2025-09-16 13:20:42,P1,22.95,70.51,1010.84,188455,,14.43,2025-09-16,13,1,1,0,22.646666666666665,66.74333333333334,1010.8593333333333,202041.9,,0,0,0,0,0
2025-09-16 13:21:12,P1,23.05,70.47,1010.85,187918,,14.51,2025-09-16,13,1,1,0,22.659666666666666,66.86933333333333,1010.8566666666667,201510.73333333334,,0,0,0,0,0
2025-09-16 13:21:42,P1,23.15,70.68,1010.83,185905,,14.63,2025-09-16,13,1,1,0,22.675666666666665,67.02333333333334,1010.8536666666666,200878.66666666666,,0,0,0,0,0
2025-09-16 13:22:12,P1,23.24,70.9,1010.83,183864,,14.75,2025-09-16,13,1,1,0,22.694,67.183,1010.8513333333334,200220.76666666666,,0,0,0,0,0
2025-09-16 13:22:43,P1,23.33,71.32,1010.83,182661,,14.92,2025-09-16,13,1,1,0,22.715,67.34733333333334,1010.8493333333333,199501.73333333334,,0,0,0,0,0
2025-09-16 13:23:13,P1,23.41,71.46,1010.83,180496,,15.01,2025-09-16,13,1,1,0,22.738,67.51266666666668,1010.8473333333334,198706.3,,0,0,0,0,0
2025-09-16 13:23:43,P1,23.48,71.44,1010.83,179144,,15.07,2025-09-16,13,1,1,0,22.763333333333332,67.68566666666668,1010.846,197899.46666666667,,0,0,0,0,0
2025-09-16 13:24:13,P1,23.53,71.0,1010.83,178762,,15.03,2025-09-16,13,1,1,0,22.79033333333333,67.84933333333333,1010.8446666666666,197075.7,,0,0,0,0,0
2025-09-16 13:24:43,P1,23.58,70.6,1010.82,178002,,14.98,2025-09-16,13,1,1,0,22.819333333333336,67.99566666666666,1010.8430000000001,196239.13333333333,,0,0,0,0,0
2025-09-16 13:25:14,P1,23.62,70.97,1010.82,176874,,15.09,2025-09-16,13,1,1,0,22.85,68.15966666666667,1010.8413333333334,195356.63333333333,,0,0,0,0,0
2025-09-16 13:25:44,P1,23.65,70.7,1010.82,176502,,15.06,2025-09-16,13,1,1,0,22.882333333333335,68.313,1010.84,194490.9,,0,0,0,0,0
2025-09-16 13:26:14,P1,23.68,70.43,1010.81,176874,,15.03,2025-09-16,13,1,1,0,22.916333333333334,68.46666666666667,1010.8386666666668,193557.8,,0,0,0,0,0
2025-09-16 13:26:44,P1,23.72,70.76,1010.79,176130,,15.13,2025-09-16,13,1,1,0,22.952333333333332,68.626,1010.837,192667.2,,0,0,0,0,0
2025-09-16 13:27:14,P1,23.75,70.59,1010.79,175209,,15.12,2025-09-16,13,1,1,0,22.989666666666665,68.77533333333332,1010.8353333333333,191725.0,,0,0,0,0,0
2025-09-16 13:27:44,P1,23.77,70.18,1010.78,175209,,15.05,2025-09-16,13,1,1,0,23.02833333333333,68.91466666666666,1010.8336666666668,190795.33333333334,,0,0,0,0,0
2025-09-16 13:28:15,P1,23.79,70.16,1010.78,175393,,15.06,2025-09-16,13,1,1,0,23.068333333333335,69.05866666666667,1010.8316666666667,189859.26666666666,,0,0,0,0,0
2025-09-16 13:28:45,P1,23.8,70.27,1010.78,173936,,15.1,2025-09-16,13,1,1,0,23.109333333333332,69.19266666666667,1010.8296666666666,188883.0,,0,0,0,0,0
2025-09-16 13:29:15,P1,23.81,70.02,1010.77,174843,,15.05,2025-09-16,13,1,1,0,23.150666666666666,69.30966666666667,1010.8273333333333,187949.5,,0,0,0,0,0
2025-09-16 13:29:45,P1,23.81,70.07,1010.77,175209,,15.06,2025-09-16,13,1,1,0,23.192333333333334,69.43900000000001,1010.825,187007.3,,0,0,0,0,0
2025-09-16 13:30:15,P1,23.8,69.94,1010.81,174661,,15.03,2025-09-16,13,1,1,0,23.233999999999998,69.56266666666667,1010.8240000000001,186017.36666666667,,0,0,0,0,0
2025-09-16 13:30:46,P1,23.8,69.76,1010.78,174843,,14.99,2025-09-16,13,1,1,0,23.275666666666666,69.682,1010.8216666666667,185108.76666666666,,0,0,0,0,0
2025-09-16 13:31:16,P1,23.8,70.06,1010.76,174661,,15.05,2025-09-16,13,1,1,0,23.317,69.79033333333334,1010.8186666666666,184210.56666666668,,0,0,0,0,0
2025-09-16 13:31:46,P1,23.79,70.33,1010.74,173936,,15.11,2025-09-16,13,1,1,0,23.357666666666667,69.92966666666668,1010.815,183275.83333333334,,0,0,0,0,0
2025-09-16 13:32:16,P1,23.8,70.04,1010.72,174479,,15.04,2025-09-16,13,1,1,0,23.398666666666667,70.06266666666667,1010.8103333333333,182330.2,,0,0,0,0,0
2025-09-16 13:32:46,P1,23.81,70.08,1010.71,173755,,15.06,2025-09-16,13,1,1,0,23.44033333333333,70.20800000000001,1010.8053333333334,181352.06666666668,,0,0,0,0,0
2025-09-16 13:33:17,P1,23.82,70.04,1010.71,173575,,15.07,2025-09-16,13,1,1,0,23.482666666666667,70.35300000000001,1010.8003333333332,180330.16666666666,,0,0,0,0,0
2025-09-16 13:33:47,P1,23.84,70.35,1010.7,173755,,15.15,2025-09-16,13,1,1,0,23.525333333333332,70.44166666666666,1010.7953333333334,179385.3,,0,0,0,0,0
2025-09-16 13:34:17,P1,23.85,69.45,1010.69,173755,,14.97,2025-09-16,13,1,1,0,23.566,70.43533333333333,1010.7900000000001,178534.16666666666,,0,0,0,0,0
2025-09-16 13:34:47,P1,23.84,68.71,1010.68,175761,,14.79,2025-09-16,13,1,1,0,23.60333333333333,70.395,1010.7846666666667,177914.56666666668,,0,0,0,0,0
2025-09-16 13:35:17,P1,23.8,68.22,1010.67,176502,,14.66,2025-09-16,13,1,1,0,23.63566666666667,70.31700000000001,1010.7790000000001,177368.96666666667,,0,0,0,0,0
2025-09-16 13:35:48,P1,23.74,67.56,1010.67,178381,,14.47,2025-09-16,13,1,1,0,23.662,70.21866666666666,1010.7733333333333,177033.16666666666,,0,0,0,0,0
2025-09-16 13:36:18,P1,23.67,66.86,1010.66,180301,,14.26,2025-09-16,13,1,1,0,23.682666666666666,70.09833333333334,1010.7669999999999,176779.26666666666,,0,0,0,0,0
2025-09-16 13:36:48,P1,23.6,67.0,1010.65,182263,,14.23,2025-09-16,13,1,1,0,23.69766666666667,69.97566666666667,1010.7610000000001,176657.86666666667,,0,0,0,0,0
2025-09-16 13:37:18,P1,23.52,67.38,1010.66,184879,,14.25,2025-09-16,13,1,1,0,23.707,69.85833333333333,1010.7553333333333,176691.7,,0,0,0,0,0
2025-09-16 13:37:48,P1,23.45,67.1,1010.65,184268,,14.13,2025-09-16,13,1,1,0,23.711000000000002,69.71766666666667,1010.7493333333333,176745.26666666666,,0,0,0,0,0
2025-09-16 13:38:18,P1,23.38,66.87,1010.64,185698,,14.03,2025-09-16,13,1,1,0,23.71,69.56466666666667,1010.743,176918.66666666666,,0,0,0,0,0
2025-09-16 13:38:49,P1,23.31,66.94,1010.65,185171,,13.99,2025-09-16,13,1,1,0,23.704333333333334,69.41466666666666,1010.737,177119.56666666668,,0,0,0,0,0
2025-09-16 13:39:19,P1,23.25,66.7,1010.65,186007,,13.89,2025-09-16,13,1,1,0,23.695,69.27133333333333,1010.731,177361.06666666668,,0,0,0,0,0
2025-09-16 13:39:49,P1,23.21,66.47,1010.65,186852,,13.81,2025-09-16,13,1,1,0,23.682666666666666,69.13366666666667,1010.7253333333333,177656.06666666668,,0,0,0,0,0
2025-09-16 13:40:19,P1,23.15,66.37,1010.64,188025,,13.74,2025-09-16,13,1,1,0,23.666999999999998,68.98033333333333,1010.7193333333332,178027.76666666666,,0,0,0,0,0
2025-09-16 13:40:49,P1,23.1,66.85,1010.64,188671,,13.8,2025-09-16,13,1,1,0,23.648666666666667,68.852,1010.7133333333334,178433.4,,0,0,0,0,0
2025-09-16 13:41:20,P1,23.06,66.78,1010.64,188996,,13.75,2025-09-16,13,1,1,0,23.627999999999997,68.73033333333335,1010.7076666666667,178837.46666666667,,0,0,0,0,0
2025-09-16 13:41:50,P1,22.99,66.1,1010.63,191301,,13.56,2025-09-16,13,1,1,0,23.603666666666665,68.575,1010.7023333333333,179343.16666666666,,0,0,0,0,0
2025-09-16 13:42:20,P1,22.94,66.76,1010.63,192082,,13.66,2025-09-16,13,1,1,0,23.576666666666668,68.44733333333333,1010.697,179905.6,,0,0,0,0,0
2025-09-16 13:42:50,P1,22.89,65.67,1010.67,192870,,13.4,2025-09-16,13,1,1,0,23.547333333333334,68.297,1010.6933333333333,180494.3,,0,0,0,0,0
2025-09-16 13:43:20,P1,22.85,66.08,1010.65,192870,,13.45,2025-09-16,13,1,1,0,23.516000000000002,68.161,1010.689,181076.86666666667,,0,0,0,0,0
2025-09-16 13:43:51,P1,22.81,66.33,1010.64,193323,,13.47,2025-09-16,13,1,1,0,23.483,68.02966666666667,1010.6843333333333,181723.1,,0,0,0,0,0
2025-09-16 13:44:21,P1,22.77,66.3,1010.63,194579,,13.43,2025-09-16,13,1,1,0,23.44833333333333,67.90566666666668,1010.6796666666667,182380.96666666667,,0,0,0,0,0
2025-09-16 13:44:51,P1,22.74,65.83,1010.63,194006,,13.31,2025-09-16,13,1,1,0,23.412666666666667,67.76433333333333,1010.675,183007.53333333333,,0,0,0,0,0
2025-09-16 13:45:21,P1,22.71,65.88,1010.6,196436,,13.31,2025-09-16,13,1,1,0,23.376333333333335,67.629,1010.6679999999999,183733.36666666667,,0,0,0,0,0
2025-09-16 13:45:51,P1,22.71,66.52,1010.59,195040,,13.43,2025-09-16,13,1,1,0,23.339999999999996,67.521,1010.6616666666666,184406.6,,0,0,0,0,0
2025-09-16 13:46:22,P1,22.7,66.09,1010.63,196202,,13.33,2025-09-16,13,1,1,0,23.303333333333335,67.38866666666667,1010.6573333333333,185124.63333333333,,0,0,0,0,0
2025-09-16 13:46:52,P1,22.68,65.87,1010.61,197260,,13.28,2025-09-16,13,1,1,0,23.266333333333332,67.24,1010.653,185902.1,,0,0,0,0,0
2025-09-16 13:47:22,P1,22.66,65.79,1010.6,197141,,13.25,2025-09-16,13,1,1,0,23.228333333333335,67.09833333333333,1010.6489999999999,186657.5,,0,0,0,0,0
2025-09-16 13:47:52,P1,22.64,65.46,1010.58,197024,,13.16,2025-09-16,13,1,1,0,23.189333333333334,66.94433333333333,1010.6446666666667,187433.13333333333,,0,0,0,0,0
2025-09-16 13:48:22,P1,22.61,65.52,1010.57,197615,,13.16,2025-09-16,13,1,1,0,23.149,66.79366666666667,1010.64,188234.46666666667,,0,0,0,0,0
2025-09-16 13:48:53,P1,22.59,65.97,1010.56,198808,,13.23,2025-09-16,13,1,1,0,23.107333333333333,66.64766666666667,1010.6353333333333,189069.56666666668,,0,0,0,0,0
2025-09-16 13:49:23,P1,22.57,66.05,1010.55,198808,,13.23,2025-09-16,13,1,1,0,23.064666666666664,66.53433333333334,1010.6306666666667,189904.66666666666,,0,0,0,0,0
2025-09-16 13:49:53,P1,22.57,66.05,1010.53,198928,,13.23,2025-09-16,13,1,1,0,23.022333333333336,66.44566666666667,1010.6256666666667,190676.9,,0,0,0,0,0
2025-09-16 13:50:23,P1,22.59,66.55,1010.53,199894,,13.34,2025-09-16,13,1,1,0,22.981999999999996,66.39,1010.6209999999999,191456.63333333333,,0,0,0,0,0
2025-09-16 13:50:53,P1,22.6,66.32,1010.52,199409,,13.31,2025-09-16,13,1,1,0,22.944,66.34866666666667,1010.616,192157.56666666668,,0,0,0,0,0
2025-09-16 13:51:23,P1,22.62,66.08,1010.54,199409,,13.27,2025-09-16,13,1,1,0,22.909,66.32266666666666,1010.612,192794.5,,0,0,0,0,0
2025-09-16 13:51:54,P1,22.63,66.09,1010.52,197496,,13.28,2025-09-16,13,1,1,0,22.876666666666665,66.29233333333333,1010.6076666666667,193302.26666666666,,0,0,0,0,0
2025-09-16 13:52:24,P1,22.64,65.68,1010.52,198688,,13.21,2025-09-16,13,1,1,0,22.84733333333333,66.23566666666666,1010.603,193762.56666666668,,0,0,0,0,0
2025-09-16 13:52:54,P1,22.63,65.96,1010.51,197733,,13.26,2025-09-16,13,1,1,0,22.819999999999997,66.19766666666666,1010.5983333333334,194211.4,,0,0,0,0,0
2025-09-16 13:53:24,P1,22.61,66.15,1010.51,198568,,13.28,2025-09-16,13,1,1,0,22.79433333333333,66.17366666666666,1010.5939999999999,194640.4,,0,0,0,0,0
2025-09-16 13:53:54,P1,22.6,66.53,1010.51,198448,,13.35,2025-09-16,13,1,1,0,22.770666666666667,66.16000000000001,1010.5893333333333,195082.96666666667,,0,0,0,0,0
2025-09-16 13:54:25,P1,22.62,67.27,1010.5,198568,,13.51,2025-09-16,13,1,1,0,22.749666666666666,66.179,1010.5843333333333,195501.66666666666,,0,0,0,0,0
2025-09-16 13:54:55,P1,22.62,66.88,1010.51,197971,,13.44,2025-09-16,13,1,1,0,22.73,66.19266666666667,1010.5796666666666,195872.3,,0,0,0,0,0
2025-09-16 13:55:25,P1,22.63,67.02,1010.5,197615,,13.47,2025-09-16,13,1,1,0,22.712666666666667,66.21433333333333,1010.575,196191.96666666667,,0,0,0,0,0
2025-09-16 13:55:55,P1,22.62,66.68,1010.5,198209,,13.39,2025-09-16,13,1,1,0,22.696666666666665,66.20866666666667,1010.5703333333332,196509.9,,0,0,0,0,0
2025-09-16 13:56:25,P1,22.62,66.37,1010.51,199651,,13.33,2025-09-16,13,1,1,0,22.682000000000002,66.195,1010.566,196865.06666666668,,0,0,0,0,0
2025-09-16 13:56:56,P1,22.6,66.32,1010.51,198448,,13.31,2025-09-16,13,1,1,0,22.669,66.20233333333334,1010.562,197103.3,,0,0,0,0,0
2025-09-16 13:57:26,P1,22.59,66.7,1010.51,200258,,13.37,2025-09-16,13,1,1,0,22.65733333333333,66.20033333333332,1010.5580000000001,197375.83333333334,,0,0,0,0,0
2025-09-16 13:57:56,P1,22.57,66.71,1010.51,199409,,13.36,2025-09-16,13,1,1,0,22.646666666666665,66.235,1010.5526666666666,197593.8,,0,0,0,0,0
2025-09-16 13:58:26,P1,22.56,66.33,1010.5,199289,,13.28,2025-09-16,13,1,1,0,22.636999999999997,66.24333333333333,1010.5476666666667,197807.76666666666,,0,0,0,0,0
2025-09-16 13:58:56,P1,22.53,66.46,1010.5,199530,,13.29,2025-09-16,13,1,1,0,22.627666666666666,66.24766666666666,1010.543,198014.66666666666,,0,0,0,0,0
2025-09-16 13:59:27,P1,22.56,69.58,1010.5,197141,,13.93,2025-09-16,13,1,1,0,22.62066666666667,66.357,1010.5386666666667,198100.06666666668,,0,0,0,0,0
2025-09-16 13:59:57,P1,22.65,70.73,1010.49,192419,,14.23,2025-09-16,13,1,1,0,22.617666666666665,66.52033333333334,1010.534,198047.16666666666,,0,0,0,0,0
2025-09-16 14:00:27,P1,22.77,70.89,1010.5,188671,,14.36,2025-09-16,14,1,1,0,22.619666666666667,66.68733333333333,1010.5306666666668,197788.33333333334,,0,0,0,0,0
2025-09-16 14:00:57,P1,22.9,70.62,1010.5,187277,,14.41,2025-09-16,14,1,1,0,22.626,66.824,1010.5276666666667,197529.56666666668,,0,0,0,0,0
2025-09-16 14:01:27,P1,23.03,71.17,1010.5,185493,,14.63,2025-09-16,14,1,1,0,22.637,66.99333333333333,1010.5233333333333,197172.6,,0,0,0,0,0
2025-09-16 14:01:58,P1,23.14,70.59,1010.5,183662,,14.61,2025-09-16,14,1,1,0,22.652333333333335,67.15066666666667,1010.5196666666667,196719.33333333334,,0,0,0,0,0
2025-09-16 14:02:28,P1,23.25,70.49,1010.51,182263,,14.68,2025-09-16,14,1,1,0,22.672,67.30733333333333,1010.5166666666667,196223.4,,0,0,0,0,0
2025-09-16 14:02:58,P1,23.34,70.28,1010.51,181081,,14.71,2025-09-16,14,1,1,0,22.695333333333334,67.468,1010.5143333333333,195691.96666666667,,0,0,0,0,0
2025-09-16 14:03:28,P1,23.42,70.33,1010.51,179721,,14.79,2025-09-16,14,1,1,0,22.72233333333333,67.62833333333333,1010.5123333333333,195095.5,,0,0,0,0,0
2025-09-16 14:03:58,P1,23.49,70.59,1010.51,179144,,14.9,2025-09-16,14,1,1,0,22.752333333333333,67.78233333333333,1010.5106666666667,194440.03333333333,,0,0,0,0,0
2025-09-16 14:04:28,P1,23.54,70.25,1010.5,178762,,14.87,2025-09-16,14,1,1,0,22.784666666666666,67.92233333333334,1010.5089999999999,193771.83333333334,,0,0,0,0,0
2025-09-16 14:04:59,P1,23.58,70.48,1010.5,177813,,14.95,2025-09-16,14,1,1,0,22.81833333333333,68.07,1010.5079999999999,193068.0,,0,0,0,0,0
2025-09-16 14:05:29,P1,23.61,69.97,1010.49,177436,,14.87,2025-09-16,14,1,1,0,22.852333333333334,68.184,1010.5066666666667,192319.4,,0,0,0,0,0
2025-09-16 14:05:59,P1,23.64,70.11,1010.49,177249,,14.92,2025-09-16,14,1,1,0,22.887,68.31033333333333,1010.5056666666667,191580.73333333334,,0,0,0,0,0
2025-09-16 14:06:29,P1,23.66,69.91,1010.49,176502,,14.9,2025-09-16,14,1,1,0,22.921666666666667,68.438,1010.504,190817.16666666666,,0,0,0,0,0
2025-09-16 14:06:59,P1,23.68,70.15,1010.49,176316,,14.97,2025-09-16,14,1,1,0,22.956666666666667,68.57333333333332,1010.503,190111.16666666666,,0,0,0,0,0
2025-09-16 14:07:30,P1,23.7,69.73,1010.48,175393,,14.9,2025-09-16,14,1,1,0,22.992,68.70833333333333,1010.5016666666667,189334.66666666666,,0,0,0,0,0
2025-09-16 14:08:00,P1,23.71,69.41,1010.46,176688,,14.84,2025-09-16,14,1,1,0,23.028000000000002,68.82333333333332,1010.5,188633.16666666666,,0,0,0,0,0
2025-09-16 14:08:30,P1,23.71,69.61,1010.46,176874,,14.88,2025-09-16,14,1,1,0,23.064666666666668,68.93866666666666,1010.4983333333332,187910.03333333333,,0,0,0,0,0
2025-09-16 14:09:00,P1,23.72,69.79,1010.46,176130,,14.92,2025-09-16,14,1,1,0,23.101999999999997,69.04733333333334,1010.4966666666667,187166.1,,0,0,0,0,0
2025-09-16 14:09:30,P1,23.72,69.74,1010.47,175209,,14.92,2025-09-16,14,1,1,0,23.138666666666666,69.12966666666667,1010.4956666666666,186387.46666666667,,0,0,0,0,0
2025-09-16 14:10:01,P1,23.73,69.83,1010.46,175026,,14.94,2025-09-16,14,1,1,0,23.175666666666665,69.22800000000001,1010.494,185622.63333333333,,0,0,0,0,0
2025-09-16 14:10:31,P1,23.73,69.76,1010.45,174479,,14.93,2025-09-16,14,1,1,0,23.212333333333333,69.31933333333333,1010.4923333333334,184851.43333333332,,0,0,0,0,0
2025-09-16 14:11:01,P1,23.74,69.88,1010.43,173936,,14.97,2025-09-16,14,1,1,0,23.249666666666666,69.42599999999999,1010.49,184042.33333333334,,0,0,0,0,0
2025-09-16 14:11:31,P1,23.76,70.01,1010.41,173936,,15.01,2025-09-16,14,1,1,0,23.287666666666667,69.54733333333334,1010.4866666666666,183185.16666666666,,0,0,0,0,0
2025-09-16 14:12:01,P1,23.77,69.87,1010.39,173395,,14.99,2025-09-16,14,1,1,0,23.326666666666664,69.66566666666667,1010.4826666666667,182350.06666666668,,0,0,0,0,0
2025-09-16 14:12:32,P1,23.79,70.04,1010.38,173755,,15.04,2025-09-16,14,1,1,0,23.366666666666667,69.777,1010.4783333333332,181466.63333333333,,0,0,0,0,0
2025-09-16 14:13:02,P1,23.8,69.75,1010.37,174116,,14.99,2025-09-16,14,1,1,0,23.407666666666668,69.87833333333333,1010.4736666666666,180623.53333333333,,0,0,0,0,0
2025-09-16 14:13:32,P1,23.82,70.07,1010.36,173216,,15.07,2025-09-16,14,1,1,0,23.449666666666666,70.003,1010.4689999999999,179754.43333333332,,0,0,0,0,0
2025-09-16 14:14:02,P1,23.83,69.92,1010.35,175209,,15.05,2025-09-16,14,1,1,0,23.493,70.11833333333334,1010.464,178943.73333333334,,0,0,0,0,0
2025-09-16 14:14:32,P1,23.85,70.03,1010.35,172859,,15.09,2025-09-16,14,1,1,0,23.536,70.13333333333334,1010.4590000000001,178134.33333333334,,0,0,0,0,0
2025-09-16 14:15:03,P1,23.86,69.56,1010.33,173216,,15.0,2025-09-16,14,1,1,0,23.576333333333334,70.09433333333332,1010.4536666666667,177494.23333333334,,0,0,0,0,0
2025-09-16 14:15:33,P1,23.87,69.69,1010.33,174298,,15.03,2025-09-16,14,1,1,0,23.613,70.05433333333333,1010.448,177015.13333333333,,0,0,0,0,0
2025-09-16 14:16:03,P1,23.88,69.43,1010.31,173575,,14.99,2025-09-16,14,1,1,0,23.645666666666667,70.01466666666667,1010.4416666666667,176558.4,,0,0,0,0,0
2025-09-16 14:16:33,P1,23.87,68.22,1010.3,176502,,14.72,2025-09-16,14,1,1,0,23.67366666666667,69.91633333333334,1010.435,176258.7,,0,0,0,0,0
2025-09-16 14:17:03,P1,23.83,66.79,1010.29,177625,,14.38,2025-09-16,14,1,1,0,23.696666666666665,69.78966666666666,1010.428,176057.46666666667,,0,0,0,0,0
2025-09-16 14:17:33,P1,23.77,66.8,1010.28,180496,,14.33,2025-09-16,14,1,1,0,23.714,69.66666666666667,1010.4203333333334,175998.56666666668,,0,0,0,0,0
2025-09-16 14:18:04,P1,23.69,66.47,1010.28,181081,,14.19,2025-09-16,14,1,1,0,23.725666666666665,69.53966666666666,1010.4126666666666,175998.56666666668,,0,0,0,0,0
2025-09-16 14:18:34,P1,23.6,67.03,1010.26,184471,,14.24,2025-09-16,14,1,1,0,23.73166666666667,69.42966666666666,1010.4043333333334,176156.9,,0,0,0,0,0
2025-09-16 14:19:04,P1,23.52,66.83,1010.26,184675,,14.13,2025-09-16,14,1,1,0,23.732666666666667,69.30433333333333,1010.3960000000001,176341.26666666666,,0,0,0,0,0
2025-09-16 14:19:34,P1,23.43,67.0,1010.25,186318,,14.1,2025-09-16,14,1,1,0,23.729,69.196,1010.3876666666667,176593.13333333333,,0,0,0,0,0
2025-09-16 14:20:04,P1,23.36,66.99,1010.3,185693,,14.04,2025-09-16,14,1,1,0,23.721666666666668,69.07966666666668,1010.381,176855.8,,0,0,0,0,0
2025-09-16 14:20:35,P1,23.29,67.1,1010.3,186112,,14.01,2025-09-16,14,1,1,0,23.711000000000002,68.984,1010.3746666666667,177145.0,,0,0,0,0,0
2025-09-16 14:21:05,P1,23.24,66.82,1010.29,187170,,13.91,2025-09-16,14,1,1,0,23.697666666666667,68.87433333333334,1010.3679999999999,177475.7,,0,0,0,0,0
2025-09-16 14:21:35,P1,23.19,66.66,1010.28,188671,,13.83,2025-09-16,14,1,1,0,23.682000000000002,68.766,1010.3610000000001,177881.33333333334,,0,0,0,0,0
2025-09-16 14:22:05,P1,23.14,66.73,1010.28,190307,,13.81,2025-09-16,14,1,1,0,23.663999999999998,68.652,1010.3539999999999,178347.7,,0,0,0,0,0
2025-09-16 14:22:35,P1,23.1,66.34,1010.27,190307,,13.69,2025-09-16,14,1,1,0,23.644000000000002,68.539,1010.347,178844.83333333334,,0,0,0,0,0
2025-09-16 14:23:06,P1,23.06,66.32,1010.26,191859,,13.66,2025-09-16,14,1,1,0,23.622333333333334,68.43599999999999,1010.3403333333333,179350.53333333333,,0,0,0,0,0
2025-09-16 14:23:36,P1,23.03,65.99,1010.26,193550,,13.57,2025-09-16,14,1,1,0,23.599666666666668,68.31533333333333,1010.3336666666668,179906.4,,0,0,0,0,0
2025-09-16 14:24:06,P1,22.98,65.57,1010.26,194235,,13.44,2025-09-16,14,1,1,0,23.575,68.17466666666667,1010.3269999999999,180509.9,,0,0,0,0,0
2025-09-16 14:24:36,P1,22.93,65.43,1010.25,195040,,13.38,2025-09-16,14,1,1,0,23.54866666666667,68.031,1010.3196666666666,181170.93333333332,,0,0,0,0,0
2025-09-16 14:25:06,P1,22.89,65.4,1010.25,194809,,13.34,2025-09-16,14,1,1,0,23.520666666666667,67.88333333333334,1010.3126666666666,181830.36666666667,,0,0,0,0,0
2025-09-16 14:25:37,P1,22.86,65.66,1010.24,195852,,13.37,2025-09-16,14,1,1,0,23.491666666666667,67.74666666666666,1010.3056666666668,182542.8,,0,0,0,0,0
2025-09-16 14:26:07,P1,22.82,65.47,1010.25,198209,,13.3,2025-09-16,14,1,1,0,23.461,67.59966666666666,1010.2996666666667,183351.9,,0,0,0,0,0
2025-09-16 14:26:37,P1,22.77,65.15,1010.25,198568,,13.2,2025-09-16,14,1,1,0,23.428,67.43766666666667,1010.2943333333334,184172.96666666667,,0,0,0,0,0
2025-09-16 14:27:07,P1,22.74,65.03,1010.24,198688,,13.15,2025-09-16,14,1,1,0,23.393666666666668,67.27633333333333,1010.2893333333334,185016.06666666668,,0,0,0,0,0
2025-09-16 14:27:37,P1,22.69,64.85,1010.24,199530,,13.08,2025-09-16,14,1,1,0,23.357000000000003,67.10333333333332,1010.2846666666667,185875.23333333334,,0,0,0,0,0
2025-09-16 14:28:07,P1,22.65,65.08,1010.23,199894,,13.1,2025-09-16,14,1,1,0,23.318666666666665,66.94766666666666,1010.2800000000001,186734.5,,0,0,0,0,0
2025-09-16 14:28:38,P1,22.62,65.65,1010.23,200258,,13.19,2025-09-16,14,1,1,0,23.278666666666666,66.80033333333333,1010.2756666666667,187635.9,,0,0,0,0,0
2025-09-16 14:29:08,P1,22.62,65.75,1010.23,199409,,13.21,2025-09-16,14,1,1,0,23.238333333333333,66.66133333333333,1010.2716666666666,188442.56666666668,,0,0,0,0,0
2025-09-16 14:29:38,P1,22.61,65.8,1010.24,199651,,13.21,2025-09-16,14,1,1,0,23.197,66.52033333333333,1010.268,189335.63333333333,,0,0,0,0,0
2025-09-16 14:30:08,P1,22.62,66.0,1010.24,199409,,13.26,2025-09-16,14,1,1,0,23.155666666666665,66.40166666666667,1010.2649999999999,190208.73333333334,,0,0,0,0,0
2025-09-16 14:30:38,P1,22.64,65.91,1010.23,200380,,13.26,2025-09-16,14,1,1,0,23.114666666666665,66.27566666666667,1010.2616666666667,191078.13333333333,,0,0,0,0,0
2025-09-16 14:31:09,P1,22.65,65.73,1010.24,199772,,13.23,2025-09-16,14,1,1,0,23.073666666666664,66.15233333333333,1010.2593333333333,191951.36666666667,,0,0,0,0,0
2025-09-16 14:31:39,P1,22.66,66.01,1010.24,198928,,13.29,2025-09-16,14,1,1,0,23.033333333333335,66.07866666666668,1010.2573333333333,192698.9,,0,0,0,0,0
2025-09-16 14:32:09,P1,22.68,66.3,1010.24,198329,,13.37,2025-09-16,14,1,1,0,22.995,66.06233333333333,1010.2556666666666,193389.03333333333,,0,0,0,0,0
2025-09-16 14:32:39,P1,22.7,66.01,1010.24,200136,,13.32,2025-09-16,14,1,1,0,22.959333333333337,66.036,1010.2543333333334,194043.7,,0,0,0,0,0
2025-09-16 14:33:09,P1,22.71,65.59,1010.23,198928,,13.24,2025-09-16,14,1,1,0,22.926666666666666,66.00666666666666,1010.2526666666668,194638.6,,0,0,0,0,0
2025-09-16 14:33:40,P1,22.71,65.78,1010.23,198928,,13.28,2025-09-16,14,1,1,0,22.897,65.965,1010.2516666666667,195120.5,,0,0,0,0,0
2025-09-16 14:34:10,P1,22.71,66.05,1010.23,199651,,13.34,2025-09-16,14,1,1,0,22.87,65.93900000000001,1010.2506666666667,195619.7,,0,0,0,0,0
2025-09-16 14:34:40,P1,22.71,66.27,1010.24,199530,,13.38,2025-09-16,14,1,1,0,22.846,65.91466666666666,1010.2503333333334,196060.1,,0,0,0,0,0
2025-09-16 14:35:10,P1,22.71,65.93,1010.29,199289,,13.32,2025-09-16,14,1,1,0,22.824333333333335,65.87933333333334,1010.25,196513.3,,0,0,0,0,0
2025-09-16 14:35:40,P1,22.71,65.8,1010.28,199289,,13.29,2025-09-16,14,1,1,0,22.805,65.836,1010.2493333333333,196952.53333333333,,0,0,0,0,0
2025-09-16 14:36:11,P1,22.71,65.92,1010.26,200380,,13.31,2025-09-16,14,1,1,0,22.787333333333333,65.806,1010.2483333333333,197392.86666666667,,0,0,0,0,0
2025-09-16 14:36:41,P1,22.7,65.9,1010.25,199048,,13.3,2025-09-16,14,1,1,0,22.771,65.78066666666668,1010.2473333333332,197738.76666666666,,0,0,0,0,0
2025-09-16 14:37:11,P1,22.67,65.68,1010.24,200624,,13.23,2025-09-16,14,1,1,0,22.755333333333333,65.74566666666666,1010.246,198082.66666666666,,0,0,0,0,0
2025-09-16 14:37:41,P1,22.65,65.74,1010.23,200746,,13.22,2025-09-16,14,1,1,0,22.740333333333336,65.72566666666667,1010.2446666666667,198430.63333333333,,0,0,0,0,0
2025-09-16 14:38:11,P1,22.62,65.7,1010.28,201114,,13.2,2025-09-16,14,1,1,0,22.72566666666667,65.705,1010.2453333333334,198739.13333333333,,0,0,0,0,0
2025-09-16 14:38:42,P1,22.61,65.77,1010.27,200380,,13.2,2025-09-16,14,1,1,0,22.711666666666662,65.69766666666666,1010.2456666666666,198966.8,,0,0,0,0,0
2025-09-16 14:39:12,P1,22.61,65.75,1010.25,201360,,13.2,2025-09-16,14,1,1,0,22.699333333333335,65.70366666666668,1010.2453333333334,199204.3,,0,0,0,0,0
2025-09-16 14:39:42,P1,22.61,65.98,1010.23,198448,,13.24,2025-09-16,14,1,1,0,22.688666666666666,65.72200000000001,1010.2446666666667,199317.9,,0,0,0,0,0
2025-09-16 14:40:12,P1,22.61,65.58,1010.23,200136,,13.16,2025-09-16,14,1,1,0,22.679333333333332,65.72800000000001,1010.244,199495.46666666667,,0,0,0,0,0
2025-09-16 14:40:42,P1,22.61,65.45,1010.22,201114,,13.14,2025-09-16,14,1,1,0,22.671,65.721,1010.2433333333333,199670.86666666667,,0,0,0,0,0
2025-09-16 14:41:13,P1,22.61,65.39,1010.21,201730,,13.13,2025-09-16,14,1,1,0,22.664,65.71833333333333,1010.242,199788.23333333334,,0,0,0,0,0
2025-09-16 14:41:43,P1,22.6,65.56,1010.2,201607,,13.15,2025-09-16,14,1,1,0,22.658333333333335,65.732,1010.2403333333333,199889.53333333333,,0,0,0,0,0
2025-09-16 14:42:13,P1,22.6,65.89,1010.18,201114,,13.22,2025-09-16,14,1,1,0,22.653666666666663,65.76066666666667,1010.2383333333333,199970.4,,0,0,0,0,0
2025-09-16 14:42:43,P1,22.61,66.34,1010.18,200624,,13.32,2025-09-16,14,1,1,0,22.651,65.81033333333333,1010.2363333333334,200006.86666666667,,0,0,0,0,0
2025-09-16 14:43:13,P1,22.62,66.14,1010.18,201360,,13.29,2025-09-16,14,1,1,0,22.65,65.84566666666667,1010.2346666666667,200055.73333333334,,0,0,0,0,0
2025-09-16 14:43:44,P1,22.64,66.42,1010.16,199772,,13.36,2025-09-16,14,1,1,0,22.650666666666666,65.87133333333334,1010.2323333333334,200039.53333333333,,0,0,0,0,0
2025-09-16 14:44:14,P1,22.65,65.96,1010.15,199048,,13.28,2025-09-16,14,1,1,0,22.651666666666667,65.87833333333333,1010.2296666666666,200027.5,,0,0,0,0,0
2025-09-16 14:44:44,P1,22.66,65.8,1010.14,199894,,13.25,2025-09-16,14,1,1,0,22.653333333333332,65.87833333333334,1010.2263333333334,200035.6,,0,0,0,0,0
2025-09-16 14:45:14,P1,22.66,65.57,1010.13,200380,,13.2,2025-09-16,14,1,1,0,22.654666666666667,65.864,1010.2226666666667,200067.96666666667,,0,0,0,0,0
2025-09-16 14:45:44,P1,22.65,65.61,1010.12,200380,,13.21,2025-09-16,14,1,1,0,22.654999999999998,65.854,1010.2189999999999,200067.96666666667,,0,0,0,0,0
2025-09-16 14:46:14,P1,22.64,65.99,1010.12,200624,,13.27,2025-09-16,14,1,1,0,22.65466666666667,65.86266666666667,1010.215,200096.36666666667,,0,0,0,0,0
2025-09-16 14:46:45,P1,22.6,65.93,1010.12,201607,,13.23,2025-09-16,14,1,1,0,22.652666666666665,65.86,1010.2109999999999,200185.66666666666,,0,0,0,0,0
2025-09-16 14:47:15,P1,22.58,65.87,1010.13,201114,,13.2,2025-09-16,14,1,1,0,22.649333333333335,65.84566666666667,1010.2073333333334,200278.5,,0,0,0,0,0
2025-09-16 14:47:45,P1,22.59,68.41,1010.13,198928,,13.72,2025-09-16,14,1,1,0,22.645666666666667,65.92566666666667,1010.2036666666667,200238.23333333334,,0,0,0,0,0
2025-09-16 14:48:15,P1,22.65,69.27,1010.13,196436,,13.94,2025-09-16,14,1,1,0,22.643666666666668,66.04833333333333,1010.2003333333333,200155.16666666666,,0,0,0,0,0
2025-09-16 14:48:45,P1,22.75,69.78,1010.14,193209,,14.12,2025-09-16,14,1,1,0,22.645,66.18166666666666,1010.1973333333333,199964.53333333333,,0,0,0,0,0
2025-09-16 14:49:16,P1,22.86,70.14,1010.14,189105,,14.28,2025-09-16,14,1,1,0,22.65,66.318,1010.1943333333334,199613.0,,0,0,0,0,0
2025-09-16 14:49:46,P1,22.97,70.32,1010.15,185379,,14.41,2025-09-16,14,1,1,0,22.658666666666665,66.453,1010.1913333333333,199141.3,,0,0,0,0,0
2025-09-16 14:50:16,P1,23.07,69.41,1010.18,185484,,14.3,2025-09-16,14,1,1,0,22.670666666666666,66.569,1010.1876666666667,198681.13333333333,,0,0,0,0,0
2025-09-16 14:50:46,P1,23.16,69.41,1010.19,185905,,14.37,2025-09-16,14,1,1,0,22.685666666666666,66.68933333333332,1010.1846666666665,198235.0,,0,0,0,0,0
2025-09-16 14:51:16,P1,23.23,69.11,1010.19,185493,,14.38,2025-09-16,14,1,1,0,22.703,66.79566666666668,1010.1823333333334,197738.76666666666,,0,0,0,0,0
2025-09-16 14:51:47,P1,23.31,69.61,1010.19,182860,,14.54,2025-09-16,14,1,1,0,22.723333333333336,66.91933333333333,1010.1803333333334,197199.16666666666,,0,0,0,0,0
2025-09-16 14:52:17,P1,23.38,69.57,1010.2,182263,,14.59,2025-09-16,14,1,1,0,22.747000000000003,67.049,1010.179,196587.13333333333,,0,0,0,0,0
2025-09-16 14:52:47,P1,23.44,70.19,1010.2,180496,,14.78,2025-09-16,14,1,1,0,22.77333333333333,67.19733333333333,1010.178,195912.13333333333,,0,0,0,0,0
2025-09-16 14:53:17,P1,23.51,70.0,1010.2,178381,,14.79,2025-09-16,14,1,1,0,22.802999999999997,67.34066666666666,1010.1753333333334,195154.36666666667,,0,0,0,0,0
2025-09-16 14:53:47,P1,23.57,71.08,1010.2,175945,,15.07,2025-09-16,14,1,1,0,22.835,67.51766666666667,1010.173,194339.86666666667,,0,0,0,0,0
2025-09-16 14:54:18,P1,23.63,70.78,1010.21,175945,,15.06,2025-09-16,14,1,1,0,22.869000000000003,67.68533333333333,1010.1716666666667,193492.7,,0,0,0,0,0
2025-09-16 14:54:48,P1,23.68,70.27,1010.22,173216,,15.0,2025-09-16,14,1,1,0,22.904666666666667,67.82833333333333,1010.1713333333333,192651.63333333333,,0,0,0,0,0
2025-09-16 14:55:18,P1,23.7,68.72,1010.22,173936,,14.68,2025-09-16,14,1,1,0,22.941,67.933,1010.171,191778.3,,0,0,0,0,0
2025-09-16 14:55:48,P1,23.69,67.86,1010.22,175026,,14.49,2025-09-16,14,1,1,0,22.976999999999997,68.01333333333334,1010.171,190908.7,,0,0,0,0,0
2025-09-16 14:56:18,P1,23.66,67.07,1010.27,177249,,14.29,2025-09-16,14,1,1,0,23.012,68.06933333333333,1010.1730000000001,190092.66666666666,,0,0,0,0,0
2025-09-16 14:56:49,P1,23.62,67.7,1010.25,177061,,14.4,2025-09-16,14,1,1,0,23.046,68.14066666666666,1010.1746666666667,189274.46666666667,,0,0,0,0,0
2025-09-16 14:57:19,P1,23.58,67.09,1010.24,179721,,14.23,2025-09-16,14,1,1,0,23.078666666666667,68.18066666666667,1010.1766666666666,188561.36666666667,,0,0,0,0,0
2025-09-16 14:57:49,P1,23.51,66.63,1010.24,181473,,14.09,2025-09-16,14,1,1,0,23.108666666666668,68.19033333333333,1010.1786666666667,187923.0,,0,0,0,0,0
2025-09-16 14:58:19,P1,23.45,66.09,1010.22,182661,,13.92,2025-09-16,14,1,1,0,23.136333333333333,68.18866666666666,1010.18,187299.7,,0,0,0,0,0
2025-09-16 14:58:49,P1,23.38,65.68,1010.2,184675,,13.78,2025-09-16,14,1,1,0,23.161,68.164,1010.1813333333333,186796.46666666667,,0,0,0,0,0
2025-09-16 14:59:19,P1,23.3,66.0,1010.19,185493,,13.78,2025-09-16,14,1,1,0,23.182666666666663,68.16533333333334,1010.1826666666668,186344.63333333333,,0,0,0,0,0
2025-09-16 14:59:50,P1,23.22,66.28,1010.19,185171,,13.78,2025-09-16,14,1,1,0,23.20133333333333,68.18133333333333,1010.1843333333334,185853.86666666667,,0,0,0,0,0
2025-09-16 15:00:20,P1,23.15,66.62,1010.19,187064,,13.79,2025-09-16,15,1,1,0,23.217666666666666,68.21633333333334,1010.1863333333333,185410.0,,0,0,0,0,0
2025-09-16 15:00:50,P1,23.07,65.87,1010.19,187490,,13.58,2025-09-16,15,1,1,0,23.23166666666667,68.225,1010.1886666666668,184980.33333333334,,0,0,0,0,0
2025-09-16 15:01:20,P1,23.03,68.33,1010.18,186534,,14.05,2025-09-16,15,1,1,0,23.244666666666664,68.30300000000001,1010.1906666666667,184510.66666666666,,0,0,0,0,0
2025-09-16 15:01:50,P1,23.05,69.96,1010.17,186318,,14.41,2025-09-16,15,1,1,0,23.259666666666668,68.43733333333333,1010.1923333333333,184001.03333333333,,0,0,0,0,0
2025-09-16 15:02:21,P1,23.11,70.27,1010.16,182860,,14.52,2025-09-16,15,1,1,0,23.27733333333333,68.584,1010.1933333333333,183392.56666666668,,0,0,0,0,0
2025-09-16 15:02:51,P1,23.19,70.71,1010.16,181277,,14.68,2025-09-16,15,1,1,0,23.29733333333333,68.66066666666667,1010.1943333333332,182804.2,,0,0,0,0,0
2025-09-16 15:03:21,P1,23.28,70.89,1010.16,178381,,14.79,2025-09-16,15,1,1,0,23.31833333333333,68.71466666666667,1010.1953333333333,182202.36666666667,,0,0,0,0,0
2025-09-16 15:03:51,P1,23.37,71.14,1010.16,177061,,14.92,2025-09-16,15,1,1,0,23.339,68.76,1010.196,181664.1,,0,0,0,0,0
2025-09-16 15:04:21,P1,23.46,70.76,1010.16,175393,,14.91,2025-09-16,15,1,1,0,23.358999999999998,68.78066666666668,1010.1966666666666,181207.03333333333,,0,0,0,0,0
2025-09-16 15:04:52,P1,23.54,70.41,1010.15,175026,,14.9,2025-09-16,15,1,1,0,23.378,68.78366666666668,1010.1966666666667,180861.93333333332,,0,0,0,0,0
2025-09-16 15:05:22,P1,23.61,70.73,1010.15,174298,,15.03,2025-09-16,15,1,1,0,23.396,68.82766666666666,1010.1956666666666,180489.06666666668,,0,0,0,0,0
2025-09-16 15:05:52,P1,23.68,70.76,1010.15,173395,,15.1,2025-09-16,15,1,1,0,23.413333333333338,68.87266666666667,1010.1943333333334,180072.06666666668,,0,0,0,0,0
2025-09-16 15:06:22,P1,23.74,70.97,1010.16,172503,,15.2,2025-09-16,15,1,1,0,23.430333333333333,68.93466666666667,1010.1933333333333,179639.06666666668,,0,0,0,0,0
2025-09-16 15:06:52,P1,23.79,70.87,1010.15,171795,,15.22,2025-09-16,15,1,1,0,23.44633333333333,68.97666666666667,1010.1920000000001,179270.23333333334,,0,0,0,0,0
2025-09-16 15:07:23,P1,23.83,70.65,1010.17,170397,,15.2,2025-09-16,15,1,1,0,23.461333333333332,69.01266666666668,1010.191,178874.7,,0,0,0,0,0
2025-09-16 15:07:53,P1,23.86,69.4,1010.17,172503,,14.96,2025-09-16,15,1,1,0,23.47533333333333,68.98633333333333,1010.19,178608.26666666666,,0,0,0,0,0
2025-09-16 15:08:23,P1,23.86,68.91,1010.18,172859,,14.86,2025-09-16,15,1,1,0,23.487000000000002,68.95,1010.1893333333334,178424.2,,0,0,0,0,0
2025-09-16 15:08:53,P1,23.85,68.02,1010.17,173936,,14.65,2025-09-16,15,1,1,0,23.496333333333332,68.848,1010.1883333333334,178357.23333333334,,0,0,0,0,0
2025-09-16 15:09:23,P1,23.82,67.66,1010.16,175945,,14.55,2025-09-16,15,1,1,0,23.502666666666663,68.744,1010.1866666666666,178357.23333333334,,0,0,0,0,0
2025-09-16 15:09:53,P1,23.77,67.21,1010.16,176502,,14.42,2025-09-16,15,1,1,0,23.50566666666667,68.642,1010.1846666666667,178466.76666666666,,0,0,0,0,0
2025-09-16 15:10:24,P1,23.73,67.02,1010.16,178381,,14.35,2025-09-16,15,1,1,0,23.506666666666668,68.58533333333334,1010.1826666666667,178614.93333333332,,0,0,0,0,0
2025-09-16 15:10:54,P1,23.68,66.73,1010.16,179336,,14.24,2025-09-16,15,1,1,0,23.506333333333334,68.54766666666666,1010.1806666666666,178758.6,,0,0,0,0,0
2025-09-16 15:11:24,P1,23.62,66.86,1010.15,181081,,14.22,2025-09-16,15,1,1,0,23.505,68.54066666666668,1010.1766666666666,178886.33333333334,,0,0,0,0,0
2025-09-16 15:11:54,P1,23.55,66.69,1010.15,181868,,14.13,2025-09-16,15,1,1,0,23.502666666666663,68.507,1010.1733333333333,179046.56666666668,,0,0,0,0,0
2025-09-16 15:12:24,P1,23.48,66.94,1010.15,183864,,14.13,2025-09-16,15,1,1,0,23.499333333333333,68.502,1010.1703333333334,179184.66666666666,,0,0,0,0,0
2025-09-16 15:12:55,P1,23.42,66.43,1010.14,184675,,13.97,2025-09-16,15,1,1,0,23.496333333333336,68.49533333333333,1010.1669999999999,179291.4,,0,0,0,0,0
2025-09-16 15:13:25,P1,23.36,66.36,1010.12,184675,,13.9,2025-09-16,15,1,1,0,23.493333333333332,68.50433333333334,1010.1636666666667,179358.53333333333,,0,0,0,0,0
2025-09-16 15:13:55,P1,23.3,66.73,1010.11,185288,,13.93,2025-09-16,15,1,1,0,23.490666666666666,68.53933333333333,1010.1606666666667,179378.96666666667,,0,0,0,0,0
2025-09-16 15:14:25,P1,23.24,66.36,1010.11,185171,,13.81,2025-09-16,15,1,1,0,23.48866666666667,68.55133333333333,1010.1579999999999,179368.23333333334,,0,0,0,0,0
2025-09-16 15:14:55,P1,23.18,66.35,1010.1,187277,,13.76,2025-09-16,15,1,1,0,23.487333333333332,68.55366666666667,1010.155,179438.43333333332,,0,0,0,0,0
2025-09-16 15:15:26,P1,23.11,66.01,1010.1,188025,,13.63,2025-09-16,15,1,1,0,23.486,68.53333333333333,1010.152,179470.46666666667,,0,0,0,0,0
2025-09-16 15:15:56,P1,23.05,66.06,1010.1,189649,,13.6,2025-09-16,15,1,1,0,23.485333333333333,68.53966666666666,1010.1489999999999,179542.43333333332,,0,0,0,0,0
2025-09-16 15:16:26,P1,23.01,66.6,1010.1,189213,,13.68,2025-09-16,15,1,1,0,23.48466666666667,68.482,1010.1463333333334,179631.73333333334,,0,0,0,0,0
